============================================================
  Generated by:           Genus(TM) Synthesis Solution 22.14-s059_1
  Generated on:           Jul 23 2026  12:06:53 am
  Module:                 ariscv
  Operating conditions:   PVT_0P9V_125C 
  Interconnect mode:      global
  Area mode:              physical library
============================================================


Path 1: MET (694 ps) Setup Check with Pin uu_dtpath/uu_fetch/pc_ff_reg[31]/clk->d
          Group: clk
     Startpoint: (R) uu_dtpath/uu_dec/o_aluSrc_reg/clk
          Clock: (R) clk
       Endpoint: (R) uu_dtpath/uu_fetch/pc_ff_reg[31]/d
          Clock: (R) clk

                     Capture       Launch     
        Clock Edge:+    4400            0     
       Src Latency:+       0            0     
       Net Latency:+       0 (I)        0 (I) 
           Arrival:=    4400            0     
                                              
             Setup:-     119                  
       Uncertainty:-     100                  
     Required Time:=    4181                  
      Launch Clock:-       0                  
         Data Path:-    3487                  
             Slack:=     694                  

#-----------------------------------------------------------------------------------------------------------------------------------------
#                     Timing Point                       Flags    Arc    Edge       Cell         Fanout Load Trans Delay Arrival Instance 
#                                                                                                       (fF)  (ps)  (ps)   (ps)  Location 
#-----------------------------------------------------------------------------------------------------------------------------------------
  uu_dtpath/uu_dec/o_aluSrc_reg/clk                      -       -       R     (arrival)            581    -    50     0       0    (-,-) 
  uu_dtpath/uu_dec/o_aluSrc_reg/q                        (u)     clk->q  R     unmapped_d_flop      128 12.0     0   448     448    (-,-) 
  uu_dtpath/uu_exec/g149/z                               (u)     in_1->z F     unmapped_nand2         1  1.0     0    71     518    (-,-) 
  uu_dtpath/uu_exec/g138/z                               (u)     in_1->z R     unmapped_nand2       198  6.0     0   196     714    (-,-) 
  uu_dtpath/uu_exec/uu_alu/sub_16_37_Y_add_15_37/g1114/z (u)     in_0->z F     unmapped_complex2      1  1.0     0    71     785    (-,-) 
  uu_dtpath/uu_exec/uu_alu/sub_16_37_Y_add_15_37/g1115/z (u)     in_1->z R     unmapped_nand2         4  4.0     0   101     886    (-,-) 
  uu_dtpath/uu_exec/uu_alu/sub_16_37_Y_add_15_37/g38/z   (u)     in_1->z F     unmapped_nand2         1  1.0     0    71     957    (-,-) 
  uu_dtpath/uu_exec/uu_alu/sub_16_37_Y_add_15_37/g985/z  (u)     in_1->z R     unmapped_nand2         1  1.0     0    71    1028    (-,-) 
  uu_dtpath/uu_exec/uu_alu/sub_16_37_Y_add_15_37/g922/z  (u)     in_1->z R     unmapped_complex2      3  3.0     0    91    1119    (-,-) 
  uu_dtpath/uu_exec/uu_alu/sub_16_37_Y_add_15_37/g894/z  (u)     in_1->z F     unmapped_nand2         1  1.0     0    71    1190    (-,-) 
  uu_dtpath/uu_exec/uu_alu/sub_16_37_Y_add_15_37/g106/z  (u)     in_1->z R     unmapped_nand2         4  4.0     0   101    1291    (-,-) 
  uu_dtpath/uu_exec/uu_alu/sub_16_37_Y_add_15_37/g844/z  (u)     in_0->z F     unmapped_complex2      1  1.0     0    71    1362    (-,-) 
  uu_dtpath/uu_exec/uu_alu/sub_16_37_Y_add_15_37/g825/z  (u)     in_0->z R     unmapped_complex2      5  5.0     0   109    1471    (-,-) 
  uu_dtpath/uu_exec/uu_alu/sub_16_37_Y_add_15_37/g819/z  (u)     in_0->z F     unmapped_complex2      2  2.0     0    82    1553    (-,-) 
  uu_dtpath/uu_exec/uu_alu/sub_16_37_Y_add_15_37/g801/z  (u)     in_1->z F     unmapped_or2           1  1.0     0    71    1624    (-,-) 
  uu_dtpath/uu_exec/uu_alu/sub_16_37_Y_add_15_37/g788/z  (u)     in_0->z R     unmapped_complex2     10 10.0     0   135    1759    (-,-) 
  uu_dtpath/uu_exec/uu_alu/sub_16_37_Y_add_15_37/g776/z  (u)     in_0->z F     unmapped_complex2      1  1.0     0    71    1830    (-,-) 
  uu_dtpath/uu_exec/uu_alu/sub_16_37_Y_add_15_37/g774/z  (u)     in_0->z R     unmapped_complex2     17 17.0     0   162    1992    (-,-) 
  uu_dtpath/uu_exec/uu_alu/sub_16_37_Y_add_15_37/g746/z  (u)     in_0->z F     unmapped_complex2      1  1.0     0    71    2063    (-,-) 
  uu_dtpath/uu_exec/uu_alu/sub_16_37_Y_add_15_37/g725/z  (u)     in_0->z R     unmapped_complex2      2  2.0     0    82    2145    (-,-) 
  uu_dtpath/uu_exec/uu_alu/sub_16_37_Y_add_15_37/g711/z  (u)     in_0->z R     unmapped_or2           1  1.0     0    71    2216    (-,-) 
  uu_dtpath/uu_exec/uu_alu/sub_16_37_Y_add_15_37/g712/z  (u)     in_1->z F     unmapped_nand2         1  1.0     0    71    2287    (-,-) 
  uu_dtpath/uu_exec/uu_alu/g2122/z                       (u)     in_0->z R     unmapped_complex2      1  1.0     0    71    2358    (-,-) 
  uu_dtpath/uu_exec/uu_alu/g1657/z                       (u)     in_1->z F     unmapped_complex2      2  2.0     0    82    2440    (-,-) 
  uu_dtpath/uu_exec/uu_alu/g1641/z                       (u)     in_1->z F     unmapped_or2           1  1.0     0    71    2510    (-,-) 
  uu_dtpath/uu_exec/uu_alu/g1626/z                       (u)     in_1->z F     unmapped_or2           1  1.0     0    71    2581    (-,-) 
  uu_dtpath/uu_exec/uu_alu/g1620/z                       (u)     in_1->z F     unmapped_or2           1  1.0     0    71    2652    (-,-) 
  uu_dtpath/uu_exec/uu_alu/g1619/z                       (u)     in_1->z F     unmapped_or2           1  1.0     0    71    2723    (-,-) 
  uu_dtpath/uu_exec/uu_alu/g2278/z                       (u)     in_1->z R     unmapped_nor2          2  2.0     0    82    2805    (-,-) 
  uu_dtpath/uu_exec/g136/z                               (u)     in_0->z R     unmapped_complex2      1  1.0     0    71    2876    (-,-) 
  uu_dtpath/uu_exec/g372/z                               (u)     in_1->z F     unmapped_nand2         2  2.0     0    82    2958    (-,-) 
  uu_dtpath/uu_exec/g133/z                               (u)     in_0->z F     unmapped_complex2      1  1.0     0    71    3029    (-,-) 
  uu_dtpath/uu_exec/g134/z                               (u)     in_1->z R     unmapped_nand2         1  1.0     0    71    3100    (-,-) 
  uu_dtpath/uu_exec/g131/z                               (u)     in_0->z F     unmapped_nand2         1  1.0     0    71    3171    (-,-) 
  uu_dtpath/uu_exec/g130/z                               (u)     in_0->z R     unmapped_complex2     64  8.0     0   175    3346    (-,-) 
  uu_dtpath/uu_fetch/g477/z                              (u)     in_0->z F     unmapped_nand2         1  1.0     0    71    3416    (-,-) 
  uu_dtpath/uu_fetch/g383/z                              (u)     in_1->z R     unmapped_nand2         1  1.0     0    71    3487    (-,-) 
  uu_dtpath/uu_fetch/pc_ff_reg[31]/d                     -       -       R     unmapped_d_flop        1    -     -     0    3487    (-,-) 
#-----------------------------------------------------------------------------------------------------------------------------------------

(u) : Net has unmapped pin(s).



Path 2: MET (694 ps) Setup Check with Pin uu_dtpath/uu_fetch/pc_ff_reg[30]/clk->d
          Group: clk
     Startpoint: (R) uu_dtpath/uu_dec/o_aluSrc_reg/clk
          Clock: (R) clk
       Endpoint: (R) uu_dtpath/uu_fetch/pc_ff_reg[30]/d
          Clock: (R) clk

                     Capture       Launch     
        Clock Edge:+    4400            0     
       Src Latency:+       0            0     
       Net Latency:+       0 (I)        0 (I) 
           Arrival:=    4400            0     
                                              
             Setup:-     119                  
       Uncertainty:-     100                  
     Required Time:=    4181                  
      Launch Clock:-       0                  
         Data Path:-    3487                  
             Slack:=     694                  

#-----------------------------------------------------------------------------------------------------------------------------------------
#                     Timing Point                       Flags    Arc    Edge       Cell         Fanout Load Trans Delay Arrival Instance 
#                                                                                                       (fF)  (ps)  (ps)   (ps)  Location 
#-----------------------------------------------------------------------------------------------------------------------------------------
  uu_dtpath/uu_dec/o_aluSrc_reg/clk                      -       -       R     (arrival)            581    -    50     0       0    (-,-) 
  uu_dtpath/uu_dec/o_aluSrc_reg/q                        (u)     clk->q  R     unmapped_d_flop      128 12.0     0   448     448    (-,-) 
  uu_dtpath/uu_exec/g149/z                               (u)     in_1->z F     unmapped_nand2         1  1.0     0    71     518    (-,-) 
  uu_dtpath/uu_exec/g138/z                               (u)     in_1->z R     unmapped_nand2       198  6.0     0   196     714    (-,-) 
  uu_dtpath/uu_exec/uu_alu/sub_16_37_Y_add_15_37/g1114/z (u)     in_0->z F     unmapped_complex2      1  1.0     0    71     785    (-,-) 
  uu_dtpath/uu_exec/uu_alu/sub_16_37_Y_add_15_37/g1115/z (u)     in_1->z R     unmapped_nand2         4  4.0     0   101     886    (-,-) 
  uu_dtpath/uu_exec/uu_alu/sub_16_37_Y_add_15_37/g38/z   (u)     in_1->z F     unmapped_nand2         1  1.0     0    71     957    (-,-) 
  uu_dtpath/uu_exec/uu_alu/sub_16_37_Y_add_15_37/g985/z  (u)     in_1->z R     unmapped_nand2         1  1.0     0    71    1028    (-,-) 
  uu_dtpath/uu_exec/uu_alu/sub_16_37_Y_add_15_37/g922/z  (u)     in_1->z R     unmapped_complex2      3  3.0     0    91    1119    (-,-) 
  uu_dtpath/uu_exec/uu_alu/sub_16_37_Y_add_15_37/g894/z  (u)     in_1->z F     unmapped_nand2         1  1.0     0    71    1190    (-,-) 
  uu_dtpath/uu_exec/uu_alu/sub_16_37_Y_add_15_37/g106/z  (u)     in_1->z R     unmapped_nand2         4  4.0     0   101    1291    (-,-) 
  uu_dtpath/uu_exec/uu_alu/sub_16_37_Y_add_15_37/g844/z  (u)     in_0->z F     unmapped_complex2      1  1.0     0    71    1362    (-,-) 
  uu_dtpath/uu_exec/uu_alu/sub_16_37_Y_add_15_37/g825/z  (u)     in_0->z R     unmapped_complex2      5  5.0     0   109    1471    (-,-) 
  uu_dtpath/uu_exec/uu_alu/sub_16_37_Y_add_15_37/g819/z  (u)     in_0->z F     unmapped_complex2      2  2.0     0    82    1553    (-,-) 
  uu_dtpath/uu_exec/uu_alu/sub_16_37_Y_add_15_37/g801/z  (u)     in_1->z F     unmapped_or2           1  1.0     0    71    1624    (-,-) 
  uu_dtpath/uu_exec/uu_alu/sub_16_37_Y_add_15_37/g788/z  (u)     in_0->z R     unmapped_complex2     10 10.0     0   135    1759    (-,-) 
  uu_dtpath/uu_exec/uu_alu/sub_16_37_Y_add_15_37/g776/z  (u)     in_0->z F     unmapped_complex2      1  1.0     0    71    1830    (-,-) 
  uu_dtpath/uu_exec/uu_alu/sub_16_37_Y_add_15_37/g774/z  (u)     in_0->z R     unmapped_complex2     17 17.0     0   162    1992    (-,-) 
  uu_dtpath/uu_exec/uu_alu/sub_16_37_Y_add_15_37/g746/z  (u)     in_0->z F     unmapped_complex2      1  1.0     0    71    2063    (-,-) 
  uu_dtpath/uu_exec/uu_alu/sub_16_37_Y_add_15_37/g725/z  (u)     in_0->z R     unmapped_complex2      2  2.0     0    82    2145    (-,-) 
  uu_dtpath/uu_exec/uu_alu/sub_16_37_Y_add_15_37/g711/z  (u)     in_0->z R     unmapped_or2           1  1.0     0    71    2216    (-,-) 
  uu_dtpath/uu_exec/uu_alu/sub_16_37_Y_add_15_37/g712/z  (u)     in_1->z F     unmapped_nand2         1  1.0     0    71    2287    (-,-) 
  uu_dtpath/uu_exec/uu_alu/g2122/z                       (u)     in_0->z R     unmapped_complex2      1  1.0     0    71    2358    (-,-) 
  uu_dtpath/uu_exec/uu_alu/g1657/z                       (u)     in_1->z F     unmapped_complex2      2  2.0     0    82    2440    (-,-) 
  uu_dtpath/uu_exec/uu_alu/g1641/z                       (u)     in_1->z F     unmapped_or2           1  1.0     0    71    2510    (-,-) 
  uu_dtpath/uu_exec/uu_alu/g1626/z                       (u)     in_1->z F     unmapped_or2           1  1.0     0    71    2581    (-,-) 
  uu_dtpath/uu_exec/uu_alu/g1620/z                       (u)     in_1->z F     unmapped_or2           1  1.0     0    71    2652    (-,-) 
  uu_dtpath/uu_exec/uu_alu/g1619/z                       (u)     in_1->z F     unmapped_or2           1  1.0     0    71    2723    (-,-) 
  uu_dtpath/uu_exec/uu_alu/g2278/z                       (u)     in_1->z R     unmapped_nor2          2  2.0     0    82    2805    (-,-) 
  uu_dtpath/uu_exec/g136/z                               (u)     in_0->z R     unmapped_complex2      1  1.0     0    71    2876    (-,-) 
  uu_dtpath/uu_exec/g372/z                               (u)     in_1->z F     unmapped_nand2         2  2.0     0    82    2958    (-,-) 
  uu_dtpath/uu_exec/g133/z                               (u)     in_0->z F     unmapped_complex2      1  1.0     0    71    3029    (-,-) 
  uu_dtpath/uu_exec/g134/z                               (u)     in_1->z R     unmapped_nand2         1  1.0     0    71    3100    (-,-) 
  uu_dtpath/uu_exec/g131/z                               (u)     in_0->z F     unmapped_nand2         1  1.0     0    71    3171    (-,-) 
  uu_dtpath/uu_exec/g130/z                               (u)     in_0->z R     unmapped_complex2     64  8.0     0   175    3346    (-,-) 
  uu_dtpath/uu_fetch/g474/z                              (u)     in_0->z F     unmapped_nand2         1  1.0     0    71    3416    (-,-) 
  uu_dtpath/uu_fetch/g385/z                              (u)     in_1->z R     unmapped_nand2         1  1.0     0    71    3487    (-,-) 
  uu_dtpath/uu_fetch/pc_ff_reg[30]/d                     -       -       R     unmapped_d_flop        1    -     -     0    3487    (-,-) 
#-----------------------------------------------------------------------------------------------------------------------------------------

(u) : Net has unmapped pin(s).



Path 3: MET (694 ps) Setup Check with Pin uu_dtpath/uu_fetch/pc_ff_reg[29]/clk->d
          Group: clk
     Startpoint: (R) uu_dtpath/uu_dec/o_aluSrc_reg/clk
          Clock: (R) clk
       Endpoint: (R) uu_dtpath/uu_fetch/pc_ff_reg[29]/d
          Clock: (R) clk

                     Capture       Launch     
        Clock Edge:+    4400            0     
       Src Latency:+       0            0     
       Net Latency:+       0 (I)        0 (I) 
           Arrival:=    4400            0     
                                              
             Setup:-     119                  
       Uncertainty:-     100                  
     Required Time:=    4181                  
      Launch Clock:-       0                  
         Data Path:-    3487                  
             Slack:=     694                  

#-----------------------------------------------------------------------------------------------------------------------------------------
#                     Timing Point                       Flags    Arc    Edge       Cell         Fanout Load Trans Delay Arrival Instance 
#                                                                                                       (fF)  (ps)  (ps)   (ps)  Location 
#-----------------------------------------------------------------------------------------------------------------------------------------
  uu_dtpath/uu_dec/o_aluSrc_reg/clk                      -       -       R     (arrival)            581    -    50     0       0    (-,-) 
  uu_dtpath/uu_dec/o_aluSrc_reg/q                        (u)     clk->q  R     unmapped_d_flop      128 12.0     0   448     448    (-,-) 
  uu_dtpath/uu_exec/g149/z                               (u)     in_1->z F     unmapped_nand2         1  1.0     0    71     518    (-,-) 
  uu_dtpath/uu_exec/g138/z                               (u)     in_1->z R     unmapped_nand2       198  6.0     0   196     714    (-,-) 
  uu_dtpath/uu_exec/uu_alu/sub_16_37_Y_add_15_37/g1114/z (u)     in_0->z F     unmapped_complex2      1  1.0     0    71     785    (-,-) 
  uu_dtpath/uu_exec/uu_alu/sub_16_37_Y_add_15_37/g1115/z (u)     in_1->z R     unmapped_nand2         4  4.0     0   101     886    (-,-) 
  uu_dtpath/uu_exec/uu_alu/sub_16_37_Y_add_15_37/g38/z   (u)     in_1->z F     unmapped_nand2         1  1.0     0    71     957    (-,-) 
  uu_dtpath/uu_exec/uu_alu/sub_16_37_Y_add_15_37/g985/z  (u)     in_1->z R     unmapped_nand2         1  1.0     0    71    1028    (-,-) 
  uu_dtpath/uu_exec/uu_alu/sub_16_37_Y_add_15_37/g922/z  (u)     in_1->z R     unmapped_complex2      3  3.0     0    91    1119    (-,-) 
  uu_dtpath/uu_exec/uu_alu/sub_16_37_Y_add_15_37/g894/z  (u)     in_1->z F     unmapped_nand2         1  1.0     0    71    1190    (-,-) 
  uu_dtpath/uu_exec/uu_alu/sub_16_37_Y_add_15_37/g106/z  (u)     in_1->z R     unmapped_nand2         4  4.0     0   101    1291    (-,-) 
  uu_dtpath/uu_exec/uu_alu/sub_16_37_Y_add_15_37/g844/z  (u)     in_0->z F     unmapped_complex2      1  1.0     0    71    1362    (-,-) 
  uu_dtpath/uu_exec/uu_alu/sub_16_37_Y_add_15_37/g825/z  (u)     in_0->z R     unmapped_complex2      5  5.0     0   109    1471    (-,-) 
  uu_dtpath/uu_exec/uu_alu/sub_16_37_Y_add_15_37/g819/z  (u)     in_0->z F     unmapped_complex2      2  2.0     0    82    1553    (-,-) 
  uu_dtpath/uu_exec/uu_alu/sub_16_37_Y_add_15_37/g801/z  (u)     in_1->z F     unmapped_or2           1  1.0     0    71    1624    (-,-) 
  uu_dtpath/uu_exec/uu_alu/sub_16_37_Y_add_15_37/g788/z  (u)     in_0->z R     unmapped_complex2     10 10.0     0   135    1759    (-,-) 
  uu_dtpath/uu_exec/uu_alu/sub_16_37_Y_add_15_37/g776/z  (u)     in_0->z F     unmapped_complex2      1  1.0     0    71    1830    (-,-) 
  uu_dtpath/uu_exec/uu_alu/sub_16_37_Y_add_15_37/g774/z  (u)     in_0->z R     unmapped_complex2     17 17.0     0   162    1992    (-,-) 
  uu_dtpath/uu_exec/uu_alu/sub_16_37_Y_add_15_37/g746/z  (u)     in_0->z F     unmapped_complex2      1  1.0     0    71    2063    (-,-) 
  uu_dtpath/uu_exec/uu_alu/sub_16_37_Y_add_15_37/g725/z  (u)     in_0->z R     unmapped_complex2      2  2.0     0    82    2145    (-,-) 
  uu_dtpath/uu_exec/uu_alu/sub_16_37_Y_add_15_37/g711/z  (u)     in_0->z R     unmapped_or2           1  1.0     0    71    2216    (-,-) 
  uu_dtpath/uu_exec/uu_alu/sub_16_37_Y_add_15_37/g712/z  (u)     in_1->z F     unmapped_nand2         1  1.0     0    71    2287    (-,-) 
  uu_dtpath/uu_exec/uu_alu/g2122/z                       (u)     in_0->z R     unmapped_complex2      1  1.0     0    71    2358    (-,-) 
  uu_dtpath/uu_exec/uu_alu/g1657/z                       (u)     in_1->z F     unmapped_complex2      2  2.0     0    82    2440    (-,-) 
  uu_dtpath/uu_exec/uu_alu/g1641/z                       (u)     in_1->z F     unmapped_or2           1  1.0     0    71    2510    (-,-) 
  uu_dtpath/uu_exec/uu_alu/g1626/z                       (u)     in_1->z F     unmapped_or2           1  1.0     0    71    2581    (-,-) 
  uu_dtpath/uu_exec/uu_alu/g1620/z                       (u)     in_1->z F     unmapped_or2           1  1.0     0    71    2652    (-,-) 
  uu_dtpath/uu_exec/uu_alu/g1619/z                       (u)     in_1->z F     unmapped_or2           1  1.0     0    71    2723    (-,-) 
  uu_dtpath/uu_exec/uu_alu/g2278/z                       (u)     in_1->z R     unmapped_nor2          2  2.0     0    82    2805    (-,-) 
  uu_dtpath/uu_exec/g136/z                               (u)     in_0->z R     unmapped_complex2      1  1.0     0    71    2876    (-,-) 
  uu_dtpath/uu_exec/g372/z                               (u)     in_1->z F     unmapped_nand2         2  2.0     0    82    2958    (-,-) 
  uu_dtpath/uu_exec/g133/z                               (u)     in_0->z F     unmapped_complex2      1  1.0     0    71    3029    (-,-) 
  uu_dtpath/uu_exec/g134/z                               (u)     in_1->z R     unmapped_nand2         1  1.0     0    71    3100    (-,-) 
  uu_dtpath/uu_exec/g131/z                               (u)     in_0->z F     unmapped_nand2         1  1.0     0    71    3171    (-,-) 
  uu_dtpath/uu_exec/g130/z                               (u)     in_0->z R     unmapped_complex2     64  8.0     0   175    3346    (-,-) 
  uu_dtpath/uu_fetch/g471/z                              (u)     in_0->z F     unmapped_nand2         1  1.0     0    71    3416    (-,-) 
  uu_dtpath/uu_fetch/g386/z                              (u)     in_1->z R     unmapped_nand2         1  1.0     0    71    3487    (-,-) 
  uu_dtpath/uu_fetch/pc_ff_reg[29]/d                     -       -       R     unmapped_d_flop        1    -     -     0    3487    (-,-) 
#-----------------------------------------------------------------------------------------------------------------------------------------

(u) : Net has unmapped pin(s).



Path 4: MET (694 ps) Setup Check with Pin uu_dtpath/uu_fetch/pc_ff_reg[28]/clk->d
          Group: clk
     Startpoint: (R) uu_dtpath/uu_dec/o_aluSrc_reg/clk
          Clock: (R) clk
       Endpoint: (R) uu_dtpath/uu_fetch/pc_ff_reg[28]/d
          Clock: (R) clk

                     Capture       Launch     
        Clock Edge:+    4400            0     
       Src Latency:+       0            0     
       Net Latency:+       0 (I)        0 (I) 
           Arrival:=    4400            0     
                                              
             Setup:-     119                  
       Uncertainty:-     100                  
     Required Time:=    4181                  
      Launch Clock:-       0                  
         Data Path:-    3487                  
             Slack:=     694                  

#-----------------------------------------------------------------------------------------------------------------------------------------
#                     Timing Point                       Flags    Arc    Edge       Cell         Fanout Load Trans Delay Arrival Instance 
#                                                                                                       (fF)  (ps)  (ps)   (ps)  Location 
#-----------------------------------------------------------------------------------------------------------------------------------------
  uu_dtpath/uu_dec/o_aluSrc_reg/clk                      -       -       R     (arrival)            581    -    50     0       0    (-,-) 
  uu_dtpath/uu_dec/o_aluSrc_reg/q                        (u)     clk->q  R     unmapped_d_flop      128 12.0     0   448     448    (-,-) 
  uu_dtpath/uu_exec/g149/z                               (u)     in_1->z F     unmapped_nand2         1  1.0     0    71     518    (-,-) 
  uu_dtpath/uu_exec/g138/z                               (u)     in_1->z R     unmapped_nand2       198  6.0     0   196     714    (-,-) 
  uu_dtpath/uu_exec/uu_alu/sub_16_37_Y_add_15_37/g1114/z (u)     in_0->z F     unmapped_complex2      1  1.0     0    71     785    (-,-) 
  uu_dtpath/uu_exec/uu_alu/sub_16_37_Y_add_15_37/g1115/z (u)     in_1->z R     unmapped_nand2         4  4.0     0   101     886    (-,-) 
  uu_dtpath/uu_exec/uu_alu/sub_16_37_Y_add_15_37/g38/z   (u)     in_1->z F     unmapped_nand2         1  1.0     0    71     957    (-,-) 
  uu_dtpath/uu_exec/uu_alu/sub_16_37_Y_add_15_37/g985/z  (u)     in_1->z R     unmapped_nand2         1  1.0     0    71    1028    (-,-) 
  uu_dtpath/uu_exec/uu_alu/sub_16_37_Y_add_15_37/g922/z  (u)     in_1->z R     unmapped_complex2      3  3.0     0    91    1119    (-,-) 
  uu_dtpath/uu_exec/uu_alu/sub_16_37_Y_add_15_37/g894/z  (u)     in_1->z F     unmapped_nand2         1  1.0     0    71    1190    (-,-) 
  uu_dtpath/uu_exec/uu_alu/sub_16_37_Y_add_15_37/g106/z  (u)     in_1->z R     unmapped_nand2         4  4.0     0   101    1291    (-,-) 
  uu_dtpath/uu_exec/uu_alu/sub_16_37_Y_add_15_37/g844/z  (u)     in_0->z F     unmapped_complex2      1  1.0     0    71    1362    (-,-) 
  uu_dtpath/uu_exec/uu_alu/sub_16_37_Y_add_15_37/g825/z  (u)     in_0->z R     unmapped_complex2      5  5.0     0   109    1471    (-,-) 
  uu_dtpath/uu_exec/uu_alu/sub_16_37_Y_add_15_37/g819/z  (u)     in_0->z F     unmapped_complex2      2  2.0     0    82    1553    (-,-) 
  uu_dtpath/uu_exec/uu_alu/sub_16_37_Y_add_15_37/g801/z  (u)     in_1->z F     unmapped_or2           1  1.0     0    71    1624    (-,-) 
  uu_dtpath/uu_exec/uu_alu/sub_16_37_Y_add_15_37/g788/z  (u)     in_0->z R     unmapped_complex2     10 10.0     0   135    1759    (-,-) 
  uu_dtpath/uu_exec/uu_alu/sub_16_37_Y_add_15_37/g776/z  (u)     in_0->z F     unmapped_complex2      1  1.0     0    71    1830    (-,-) 
  uu_dtpath/uu_exec/uu_alu/sub_16_37_Y_add_15_37/g774/z  (u)     in_0->z R     unmapped_complex2     17 17.0     0   162    1992    (-,-) 
  uu_dtpath/uu_exec/uu_alu/sub_16_37_Y_add_15_37/g746/z  (u)     in_0->z F     unmapped_complex2      1  1.0     0    71    2063    (-,-) 
  uu_dtpath/uu_exec/uu_alu/sub_16_37_Y_add_15_37/g725/z  (u)     in_0->z R     unmapped_complex2      2  2.0     0    82    2145    (-,-) 
  uu_dtpath/uu_exec/uu_alu/sub_16_37_Y_add_15_37/g711/z  (u)     in_0->z R     unmapped_or2           1  1.0     0    71    2216    (-,-) 
  uu_dtpath/uu_exec/uu_alu/sub_16_37_Y_add_15_37/g712/z  (u)     in_1->z F     unmapped_nand2         1  1.0     0    71    2287    (-,-) 
  uu_dtpath/uu_exec/uu_alu/g2122/z                       (u)     in_0->z R     unmapped_complex2      1  1.0     0    71    2358    (-,-) 
  uu_dtpath/uu_exec/uu_alu/g1657/z                       (u)     in_1->z F     unmapped_complex2      2  2.0     0    82    2440    (-,-) 
  uu_dtpath/uu_exec/uu_alu/g1641/z                       (u)     in_1->z F     unmapped_or2           1  1.0     0    71    2510    (-,-) 
  uu_dtpath/uu_exec/uu_alu/g1626/z                       (u)     in_1->z F     unmapped_or2           1  1.0     0    71    2581    (-,-) 
  uu_dtpath/uu_exec/uu_alu/g1620/z                       (u)     in_1->z F     unmapped_or2           1  1.0     0    71    2652    (-,-) 
  uu_dtpath/uu_exec/uu_alu/g1619/z                       (u)     in_1->z F     unmapped_or2           1  1.0     0    71    2723    (-,-) 
  uu_dtpath/uu_exec/uu_alu/g2278/z                       (u)     in_1->z R     unmapped_nor2          2  2.0     0    82    2805    (-,-) 
  uu_dtpath/uu_exec/g136/z                               (u)     in_0->z R     unmapped_complex2      1  1.0     0    71    2876    (-,-) 
  uu_dtpath/uu_exec/g372/z                               (u)     in_1->z F     unmapped_nand2         2  2.0     0    82    2958    (-,-) 
  uu_dtpath/uu_exec/g133/z                               (u)     in_0->z F     unmapped_complex2      1  1.0     0    71    3029    (-,-) 
  uu_dtpath/uu_exec/g134/z                               (u)     in_1->z R     unmapped_nand2         1  1.0     0    71    3100    (-,-) 
  uu_dtpath/uu_exec/g131/z                               (u)     in_0->z F     unmapped_nand2         1  1.0     0    71    3171    (-,-) 
  uu_dtpath/uu_exec/g130/z                               (u)     in_0->z R     unmapped_complex2     64  8.0     0   175    3346    (-,-) 
  uu_dtpath/uu_fetch/g468/z                              (u)     in_0->z F     unmapped_nand2         1  1.0     0    71    3416    (-,-) 
  uu_dtpath/uu_fetch/g388/z                              (u)     in_1->z R     unmapped_nand2         1  1.0     0    71    3487    (-,-) 
  uu_dtpath/uu_fetch/pc_ff_reg[28]/d                     -       -       R     unmapped_d_flop        1    -     -     0    3487    (-,-) 
#-----------------------------------------------------------------------------------------------------------------------------------------

(u) : Net has unmapped pin(s).



Path 5: MET (694 ps) Setup Check with Pin uu_dtpath/uu_fetch/pc_ff_reg[27]/clk->d
          Group: clk
     Startpoint: (R) uu_dtpath/uu_dec/o_aluSrc_reg/clk
          Clock: (R) clk
       Endpoint: (R) uu_dtpath/uu_fetch/pc_ff_reg[27]/d
          Clock: (R) clk

                     Capture       Launch     
        Clock Edge:+    4400            0     
       Src Latency:+       0            0     
       Net Latency:+       0 (I)        0 (I) 
           Arrival:=    4400            0     
                                              
             Setup:-     119                  
       Uncertainty:-     100                  
     Required Time:=    4181                  
      Launch Clock:-       0                  
         Data Path:-    3487                  
             Slack:=     694                  

#-----------------------------------------------------------------------------------------------------------------------------------------
#                     Timing Point                       Flags    Arc    Edge       Cell         Fanout Load Trans Delay Arrival Instance 
#                                                                                                       (fF)  (ps)  (ps)   (ps)  Location 
#-----------------------------------------------------------------------------------------------------------------------------------------
  uu_dtpath/uu_dec/o_aluSrc_reg/clk                      -       -       R     (arrival)            581    -    50     0       0    (-,-) 
  uu_dtpath/uu_dec/o_aluSrc_reg/q                        (u)     clk->q  R     unmapped_d_flop      128 12.0     0   448     448    (-,-) 
  uu_dtpath/uu_exec/g149/z                               (u)     in_1->z F     unmapped_nand2         1  1.0     0    71     518    (-,-) 
  uu_dtpath/uu_exec/g138/z                               (u)     in_1->z R     unmapped_nand2       198  6.0     0   196     714    (-,-) 
  uu_dtpath/uu_exec/uu_alu/sub_16_37_Y_add_15_37/g1114/z (u)     in_0->z F     unmapped_complex2      1  1.0     0    71     785    (-,-) 
  uu_dtpath/uu_exec/uu_alu/sub_16_37_Y_add_15_37/g1115/z (u)     in_1->z R     unmapped_nand2         4  4.0     0   101     886    (-,-) 
  uu_dtpath/uu_exec/uu_alu/sub_16_37_Y_add_15_37/g38/z   (u)     in_1->z F     unmapped_nand2         1  1.0     0    71     957    (-,-) 
  uu_dtpath/uu_exec/uu_alu/sub_16_37_Y_add_15_37/g985/z  (u)     in_1->z R     unmapped_nand2         1  1.0     0    71    1028    (-,-) 
  uu_dtpath/uu_exec/uu_alu/sub_16_37_Y_add_15_37/g922/z  (u)     in_1->z R     unmapped_complex2      3  3.0     0    91    1119    (-,-) 
  uu_dtpath/uu_exec/uu_alu/sub_16_37_Y_add_15_37/g894/z  (u)     in_1->z F     unmapped_nand2         1  1.0     0    71    1190    (-,-) 
  uu_dtpath/uu_exec/uu_alu/sub_16_37_Y_add_15_37/g106/z  (u)     in_1->z R     unmapped_nand2         4  4.0     0   101    1291    (-,-) 
  uu_dtpath/uu_exec/uu_alu/sub_16_37_Y_add_15_37/g844/z  (u)     in_0->z F     unmapped_complex2      1  1.0     0    71    1362    (-,-) 
  uu_dtpath/uu_exec/uu_alu/sub_16_37_Y_add_15_37/g825/z  (u)     in_0->z R     unmapped_complex2      5  5.0     0   109    1471    (-,-) 
  uu_dtpath/uu_exec/uu_alu/sub_16_37_Y_add_15_37/g819/z  (u)     in_0->z F     unmapped_complex2      2  2.0     0    82    1553    (-,-) 
  uu_dtpath/uu_exec/uu_alu/sub_16_37_Y_add_15_37/g801/z  (u)     in_1->z F     unmapped_or2           1  1.0     0    71    1624    (-,-) 
  uu_dtpath/uu_exec/uu_alu/sub_16_37_Y_add_15_37/g788/z  (u)     in_0->z R     unmapped_complex2     10 10.0     0   135    1759    (-,-) 
  uu_dtpath/uu_exec/uu_alu/sub_16_37_Y_add_15_37/g776/z  (u)     in_0->z F     unmapped_complex2      1  1.0     0    71    1830    (-,-) 
  uu_dtpath/uu_exec/uu_alu/sub_16_37_Y_add_15_37/g774/z  (u)     in_0->z R     unmapped_complex2     17 17.0     0   162    1992    (-,-) 
  uu_dtpath/uu_exec/uu_alu/sub_16_37_Y_add_15_37/g746/z  (u)     in_0->z F     unmapped_complex2      1  1.0     0    71    2063    (-,-) 
  uu_dtpath/uu_exec/uu_alu/sub_16_37_Y_add_15_37/g725/z  (u)     in_0->z R     unmapped_complex2      2  2.0     0    82    2145    (-,-) 
  uu_dtpath/uu_exec/uu_alu/sub_16_37_Y_add_15_37/g711/z  (u)     in_0->z R     unmapped_or2           1  1.0     0    71    2216    (-,-) 
  uu_dtpath/uu_exec/uu_alu/sub_16_37_Y_add_15_37/g712/z  (u)     in_1->z F     unmapped_nand2         1  1.0     0    71    2287    (-,-) 
  uu_dtpath/uu_exec/uu_alu/g2122/z                       (u)     in_0->z R     unmapped_complex2      1  1.0     0    71    2358    (-,-) 
  uu_dtpath/uu_exec/uu_alu/g1657/z                       (u)     in_1->z F     unmapped_complex2      2  2.0     0    82    2440    (-,-) 
  uu_dtpath/uu_exec/uu_alu/g1641/z                       (u)     in_1->z F     unmapped_or2           1  1.0     0    71    2510    (-,-) 
  uu_dtpath/uu_exec/uu_alu/g1626/z                       (u)     in_1->z F     unmapped_or2           1  1.0     0    71    2581    (-,-) 
  uu_dtpath/uu_exec/uu_alu/g1620/z                       (u)     in_1->z F     unmapped_or2           1  1.0     0    71    2652    (-,-) 
  uu_dtpath/uu_exec/uu_alu/g1619/z                       (u)     in_1->z F     unmapped_or2           1  1.0     0    71    2723    (-,-) 
  uu_dtpath/uu_exec/uu_alu/g2278/z                       (u)     in_1->z R     unmapped_nor2          2  2.0     0    82    2805    (-,-) 
  uu_dtpath/uu_exec/g136/z                               (u)     in_0->z R     unmapped_complex2      1  1.0     0    71    2876    (-,-) 
  uu_dtpath/uu_exec/g372/z                               (u)     in_1->z F     unmapped_nand2         2  2.0     0    82    2958    (-,-) 
  uu_dtpath/uu_exec/g133/z                               (u)     in_0->z F     unmapped_complex2      1  1.0     0    71    3029    (-,-) 
  uu_dtpath/uu_exec/g134/z                               (u)     in_1->z R     unmapped_nand2         1  1.0     0    71    3100    (-,-) 
  uu_dtpath/uu_exec/g131/z                               (u)     in_0->z F     unmapped_nand2         1  1.0     0    71    3171    (-,-) 
  uu_dtpath/uu_exec/g130/z                               (u)     in_0->z R     unmapped_complex2     64  8.0     0   175    3346    (-,-) 
  uu_dtpath/uu_fetch/g465/z                              (u)     in_0->z F     unmapped_nand2         1  1.0     0    71    3416    (-,-) 
  uu_dtpath/uu_fetch/g389/z                              (u)     in_1->z R     unmapped_nand2         1  1.0     0    71    3487    (-,-) 
  uu_dtpath/uu_fetch/pc_ff_reg[27]/d                     -       -       R     unmapped_d_flop        1    -     -     0    3487    (-,-) 
#-----------------------------------------------------------------------------------------------------------------------------------------

(u) : Net has unmapped pin(s).



Path 6: MET (694 ps) Setup Check with Pin uu_dtpath/uu_fetch/pc_ff_reg[26]/clk->d
          Group: clk
     Startpoint: (R) uu_dtpath/uu_dec/o_aluSrc_reg/clk
          Clock: (R) clk
       Endpoint: (R) uu_dtpath/uu_fetch/pc_ff_reg[26]/d
          Clock: (R) clk

                     Capture       Launch     
        Clock Edge:+    4400            0     
       Src Latency:+       0            0     
       Net Latency:+       0 (I)        0 (I) 
           Arrival:=    4400            0     
                                              
             Setup:-     119                  
       Uncertainty:-     100                  
     Required Time:=    4181                  
      Launch Clock:-       0                  
         Data Path:-    3487                  
             Slack:=     694                  

#-----------------------------------------------------------------------------------------------------------------------------------------
#                     Timing Point                       Flags    Arc    Edge       Cell         Fanout Load Trans Delay Arrival Instance 
#                                                                                                       (fF)  (ps)  (ps)   (ps)  Location 
#-----------------------------------------------------------------------------------------------------------------------------------------
  uu_dtpath/uu_dec/o_aluSrc_reg/clk                      -       -       R     (arrival)            581    -    50     0       0    (-,-) 
  uu_dtpath/uu_dec/o_aluSrc_reg/q                        (u)     clk->q  R     unmapped_d_flop      128 12.0     0   448     448    (-,-) 
  uu_dtpath/uu_exec/g149/z                               (u)     in_1->z F     unmapped_nand2         1  1.0     0    71     518    (-,-) 
  uu_dtpath/uu_exec/g138/z                               (u)     in_1->z R     unmapped_nand2       198  6.0     0   196     714    (-,-) 
  uu_dtpath/uu_exec/uu_alu/sub_16_37_Y_add_15_37/g1114/z (u)     in_0->z F     unmapped_complex2      1  1.0     0    71     785    (-,-) 
  uu_dtpath/uu_exec/uu_alu/sub_16_37_Y_add_15_37/g1115/z (u)     in_1->z R     unmapped_nand2         4  4.0     0   101     886    (-,-) 
  uu_dtpath/uu_exec/uu_alu/sub_16_37_Y_add_15_37/g38/z   (u)     in_1->z F     unmapped_nand2         1  1.0     0    71     957    (-,-) 
  uu_dtpath/uu_exec/uu_alu/sub_16_37_Y_add_15_37/g985/z  (u)     in_1->z R     unmapped_nand2         1  1.0     0    71    1028    (-,-) 
  uu_dtpath/uu_exec/uu_alu/sub_16_37_Y_add_15_37/g922/z  (u)     in_1->z R     unmapped_complex2      3  3.0     0    91    1119    (-,-) 
  uu_dtpath/uu_exec/uu_alu/sub_16_37_Y_add_15_37/g894/z  (u)     in_1->z F     unmapped_nand2         1  1.0     0    71    1190    (-,-) 
  uu_dtpath/uu_exec/uu_alu/sub_16_37_Y_add_15_37/g106/z  (u)     in_1->z R     unmapped_nand2         4  4.0     0   101    1291    (-,-) 
  uu_dtpath/uu_exec/uu_alu/sub_16_37_Y_add_15_37/g844/z  (u)     in_0->z F     unmapped_complex2      1  1.0     0    71    1362    (-,-) 
  uu_dtpath/uu_exec/uu_alu/sub_16_37_Y_add_15_37/g825/z  (u)     in_0->z R     unmapped_complex2      5  5.0     0   109    1471    (-,-) 
  uu_dtpath/uu_exec/uu_alu/sub_16_37_Y_add_15_37/g819/z  (u)     in_0->z F     unmapped_complex2      2  2.0     0    82    1553    (-,-) 
  uu_dtpath/uu_exec/uu_alu/sub_16_37_Y_add_15_37/g801/z  (u)     in_1->z F     unmapped_or2           1  1.0     0    71    1624    (-,-) 
  uu_dtpath/uu_exec/uu_alu/sub_16_37_Y_add_15_37/g788/z  (u)     in_0->z R     unmapped_complex2     10 10.0     0   135    1759    (-,-) 
  uu_dtpath/uu_exec/uu_alu/sub_16_37_Y_add_15_37/g776/z  (u)     in_0->z F     unmapped_complex2      1  1.0     0    71    1830    (-,-) 
  uu_dtpath/uu_exec/uu_alu/sub_16_37_Y_add_15_37/g774/z  (u)     in_0->z R     unmapped_complex2     17 17.0     0   162    1992    (-,-) 
  uu_dtpath/uu_exec/uu_alu/sub_16_37_Y_add_15_37/g746/z  (u)     in_0->z F     unmapped_complex2      1  1.0     0    71    2063    (-,-) 
  uu_dtpath/uu_exec/uu_alu/sub_16_37_Y_add_15_37/g725/z  (u)     in_0->z R     unmapped_complex2      2  2.0     0    82    2145    (-,-) 
  uu_dtpath/uu_exec/uu_alu/sub_16_37_Y_add_15_37/g711/z  (u)     in_0->z R     unmapped_or2           1  1.0     0    71    2216    (-,-) 
  uu_dtpath/uu_exec/uu_alu/sub_16_37_Y_add_15_37/g712/z  (u)     in_1->z F     unmapped_nand2         1  1.0     0    71    2287    (-,-) 
  uu_dtpath/uu_exec/uu_alu/g2122/z                       (u)     in_0->z R     unmapped_complex2      1  1.0     0    71    2358    (-,-) 
  uu_dtpath/uu_exec/uu_alu/g1657/z                       (u)     in_1->z F     unmapped_complex2      2  2.0     0    82    2440    (-,-) 
  uu_dtpath/uu_exec/uu_alu/g1641/z                       (u)     in_1->z F     unmapped_or2           1  1.0     0    71    2510    (-,-) 
  uu_dtpath/uu_exec/uu_alu/g1626/z                       (u)     in_1->z F     unmapped_or2           1  1.0     0    71    2581    (-,-) 
  uu_dtpath/uu_exec/uu_alu/g1620/z                       (u)     in_1->z F     unmapped_or2           1  1.0     0    71    2652    (-,-) 
  uu_dtpath/uu_exec/uu_alu/g1619/z                       (u)     in_1->z F     unmapped_or2           1  1.0     0    71    2723    (-,-) 
  uu_dtpath/uu_exec/uu_alu/g2278/z                       (u)     in_1->z R     unmapped_nor2          2  2.0     0    82    2805    (-,-) 
  uu_dtpath/uu_exec/g136/z                               (u)     in_0->z R     unmapped_complex2      1  1.0     0    71    2876    (-,-) 
  uu_dtpath/uu_exec/g372/z                               (u)     in_1->z F     unmapped_nand2         2  2.0     0    82    2958    (-,-) 
  uu_dtpath/uu_exec/g133/z                               (u)     in_0->z F     unmapped_complex2      1  1.0     0    71    3029    (-,-) 
  uu_dtpath/uu_exec/g134/z                               (u)     in_1->z R     unmapped_nand2         1  1.0     0    71    3100    (-,-) 
  uu_dtpath/uu_exec/g131/z                               (u)     in_0->z F     unmapped_nand2         1  1.0     0    71    3171    (-,-) 
  uu_dtpath/uu_exec/g130/z                               (u)     in_0->z R     unmapped_complex2     64  8.0     0   175    3346    (-,-) 
  uu_dtpath/uu_fetch/g462/z                              (u)     in_0->z F     unmapped_nand2         1  1.0     0    71    3416    (-,-) 
  uu_dtpath/uu_fetch/g391/z                              (u)     in_1->z R     unmapped_nand2         1  1.0     0    71    3487    (-,-) 
  uu_dtpath/uu_fetch/pc_ff_reg[26]/d                     -       -       R     unmapped_d_flop        1    -     -     0    3487    (-,-) 
#-----------------------------------------------------------------------------------------------------------------------------------------

(u) : Net has unmapped pin(s).



Path 7: MET (694 ps) Setup Check with Pin uu_dtpath/uu_fetch/pc_ff_reg[25]/clk->d
          Group: clk
     Startpoint: (R) uu_dtpath/uu_dec/o_aluSrc_reg/clk
          Clock: (R) clk
       Endpoint: (R) uu_dtpath/uu_fetch/pc_ff_reg[25]/d
          Clock: (R) clk

                     Capture       Launch     
        Clock Edge:+    4400            0     
       Src Latency:+       0            0     
       Net Latency:+       0 (I)        0 (I) 
           Arrival:=    4400            0     
                                              
             Setup:-     119                  
       Uncertainty:-     100                  
     Required Time:=    4181                  
      Launch Clock:-       0                  
         Data Path:-    3487                  
             Slack:=     694                  

#-----------------------------------------------------------------------------------------------------------------------------------------
#                     Timing Point                       Flags    Arc    Edge       Cell         Fanout Load Trans Delay Arrival Instance 
#                                                                                                       (fF)  (ps)  (ps)   (ps)  Location 
#-----------------------------------------------------------------------------------------------------------------------------------------
  uu_dtpath/uu_dec/o_aluSrc_reg/clk                      -       -       R     (arrival)            581    -    50     0       0    (-,-) 
  uu_dtpath/uu_dec/o_aluSrc_reg/q                        (u)     clk->q  R     unmapped_d_flop      128 12.0     0   448     448    (-,-) 
  uu_dtpath/uu_exec/g149/z                               (u)     in_1->z F     unmapped_nand2         1  1.0     0    71     518    (-,-) 
  uu_dtpath/uu_exec/g138/z                               (u)     in_1->z R     unmapped_nand2       198  6.0     0   196     714    (-,-) 
  uu_dtpath/uu_exec/uu_alu/sub_16_37_Y_add_15_37/g1114/z (u)     in_0->z F     unmapped_complex2      1  1.0     0    71     785    (-,-) 
  uu_dtpath/uu_exec/uu_alu/sub_16_37_Y_add_15_37/g1115/z (u)     in_1->z R     unmapped_nand2         4  4.0     0   101     886    (-,-) 
  uu_dtpath/uu_exec/uu_alu/sub_16_37_Y_add_15_37/g38/z   (u)     in_1->z F     unmapped_nand2         1  1.0     0    71     957    (-,-) 
  uu_dtpath/uu_exec/uu_alu/sub_16_37_Y_add_15_37/g985/z  (u)     in_1->z R     unmapped_nand2         1  1.0     0    71    1028    (-,-) 
  uu_dtpath/uu_exec/uu_alu/sub_16_37_Y_add_15_37/g922/z  (u)     in_1->z R     unmapped_complex2      3  3.0     0    91    1119    (-,-) 
  uu_dtpath/uu_exec/uu_alu/sub_16_37_Y_add_15_37/g894/z  (u)     in_1->z F     unmapped_nand2         1  1.0     0    71    1190    (-,-) 
  uu_dtpath/uu_exec/uu_alu/sub_16_37_Y_add_15_37/g106/z  (u)     in_1->z R     unmapped_nand2         4  4.0     0   101    1291    (-,-) 
  uu_dtpath/uu_exec/uu_alu/sub_16_37_Y_add_15_37/g844/z  (u)     in_0->z F     unmapped_complex2      1  1.0     0    71    1362    (-,-) 
  uu_dtpath/uu_exec/uu_alu/sub_16_37_Y_add_15_37/g825/z  (u)     in_0->z R     unmapped_complex2      5  5.0     0   109    1471    (-,-) 
  uu_dtpath/uu_exec/uu_alu/sub_16_37_Y_add_15_37/g819/z  (u)     in_0->z F     unmapped_complex2      2  2.0     0    82    1553    (-,-) 
  uu_dtpath/uu_exec/uu_alu/sub_16_37_Y_add_15_37/g801/z  (u)     in_1->z F     unmapped_or2           1  1.0     0    71    1624    (-,-) 
  uu_dtpath/uu_exec/uu_alu/sub_16_37_Y_add_15_37/g788/z  (u)     in_0->z R     unmapped_complex2     10 10.0     0   135    1759    (-,-) 
  uu_dtpath/uu_exec/uu_alu/sub_16_37_Y_add_15_37/g776/z  (u)     in_0->z F     unmapped_complex2      1  1.0     0    71    1830    (-,-) 
  uu_dtpath/uu_exec/uu_alu/sub_16_37_Y_add_15_37/g774/z  (u)     in_0->z R     unmapped_complex2     17 17.0     0   162    1992    (-,-) 
  uu_dtpath/uu_exec/uu_alu/sub_16_37_Y_add_15_37/g746/z  (u)     in_0->z F     unmapped_complex2      1  1.0     0    71    2063    (-,-) 
  uu_dtpath/uu_exec/uu_alu/sub_16_37_Y_add_15_37/g725/z  (u)     in_0->z R     unmapped_complex2      2  2.0     0    82    2145    (-,-) 
  uu_dtpath/uu_exec/uu_alu/sub_16_37_Y_add_15_37/g711/z  (u)     in_0->z R     unmapped_or2           1  1.0     0    71    2216    (-,-) 
  uu_dtpath/uu_exec/uu_alu/sub_16_37_Y_add_15_37/g712/z  (u)     in_1->z F     unmapped_nand2         1  1.0     0    71    2287    (-,-) 
  uu_dtpath/uu_exec/uu_alu/g2122/z                       (u)     in_0->z R     unmapped_complex2      1  1.0     0    71    2358    (-,-) 
  uu_dtpath/uu_exec/uu_alu/g1657/z                       (u)     in_1->z F     unmapped_complex2      2  2.0     0    82    2440    (-,-) 
  uu_dtpath/uu_exec/uu_alu/g1641/z                       (u)     in_1->z F     unmapped_or2           1  1.0     0    71    2510    (-,-) 
  uu_dtpath/uu_exec/uu_alu/g1626/z                       (u)     in_1->z F     unmapped_or2           1  1.0     0    71    2581    (-,-) 
  uu_dtpath/uu_exec/uu_alu/g1620/z                       (u)     in_1->z F     unmapped_or2           1  1.0     0    71    2652    (-,-) 
  uu_dtpath/uu_exec/uu_alu/g1619/z                       (u)     in_1->z F     unmapped_or2           1  1.0     0    71    2723    (-,-) 
  uu_dtpath/uu_exec/uu_alu/g2278/z                       (u)     in_1->z R     unmapped_nor2          2  2.0     0    82    2805    (-,-) 
  uu_dtpath/uu_exec/g136/z                               (u)     in_0->z R     unmapped_complex2      1  1.0     0    71    2876    (-,-) 
  uu_dtpath/uu_exec/g372/z                               (u)     in_1->z F     unmapped_nand2         2  2.0     0    82    2958    (-,-) 
  uu_dtpath/uu_exec/g133/z                               (u)     in_0->z F     unmapped_complex2      1  1.0     0    71    3029    (-,-) 
  uu_dtpath/uu_exec/g134/z                               (u)     in_1->z R     unmapped_nand2         1  1.0     0    71    3100    (-,-) 
  uu_dtpath/uu_exec/g131/z                               (u)     in_0->z F     unmapped_nand2         1  1.0     0    71    3171    (-,-) 
  uu_dtpath/uu_exec/g130/z                               (u)     in_0->z R     unmapped_complex2     64  8.0     0   175    3346    (-,-) 
  uu_dtpath/uu_fetch/g459/z                              (u)     in_0->z F     unmapped_nand2         1  1.0     0    71    3416    (-,-) 
  uu_dtpath/uu_fetch/g392/z                              (u)     in_1->z R     unmapped_nand2         1  1.0     0    71    3487    (-,-) 
  uu_dtpath/uu_fetch/pc_ff_reg[25]/d                     -       -       R     unmapped_d_flop        1    -     -     0    3487    (-,-) 
#-----------------------------------------------------------------------------------------------------------------------------------------

(u) : Net has unmapped pin(s).



Path 8: MET (694 ps) Setup Check with Pin uu_dtpath/uu_fetch/pc_ff_reg[24]/clk->d
          Group: clk
     Startpoint: (R) uu_dtpath/uu_dec/o_aluSrc_reg/clk
          Clock: (R) clk
       Endpoint: (R) uu_dtpath/uu_fetch/pc_ff_reg[24]/d
          Clock: (R) clk

                     Capture       Launch     
        Clock Edge:+    4400            0     
       Src Latency:+       0            0     
       Net Latency:+       0 (I)        0 (I) 
           Arrival:=    4400            0     
                                              
             Setup:-     119                  
       Uncertainty:-     100                  
     Required Time:=    4181                  
      Launch Clock:-       0                  
         Data Path:-    3487                  
             Slack:=     694                  

#-----------------------------------------------------------------------------------------------------------------------------------------
#                     Timing Point                       Flags    Arc    Edge       Cell         Fanout Load Trans Delay Arrival Instance 
#                                                                                                       (fF)  (ps)  (ps)   (ps)  Location 
#-----------------------------------------------------------------------------------------------------------------------------------------
  uu_dtpath/uu_dec/o_aluSrc_reg/clk                      -       -       R     (arrival)            581    -    50     0       0    (-,-) 
  uu_dtpath/uu_dec/o_aluSrc_reg/q                        (u)     clk->q  R     unmapped_d_flop      128 12.0     0   448     448    (-,-) 
  uu_dtpath/uu_exec/g149/z                               (u)     in_1->z F     unmapped_nand2         1  1.0     0    71     518    (-,-) 
  uu_dtpath/uu_exec/g138/z                               (u)     in_1->z R     unmapped_nand2       198  6.0     0   196     714    (-,-) 
  uu_dtpath/uu_exec/uu_alu/sub_16_37_Y_add_15_37/g1114/z (u)     in_0->z F     unmapped_complex2      1  1.0     0    71     785    (-,-) 
  uu_dtpath/uu_exec/uu_alu/sub_16_37_Y_add_15_37/g1115/z (u)     in_1->z R     unmapped_nand2         4  4.0     0   101     886    (-,-) 
  uu_dtpath/uu_exec/uu_alu/sub_16_37_Y_add_15_37/g38/z   (u)     in_1->z F     unmapped_nand2         1  1.0     0    71     957    (-,-) 
  uu_dtpath/uu_exec/uu_alu/sub_16_37_Y_add_15_37/g985/z  (u)     in_1->z R     unmapped_nand2         1  1.0     0    71    1028    (-,-) 
  uu_dtpath/uu_exec/uu_alu/sub_16_37_Y_add_15_37/g922/z  (u)     in_1->z R     unmapped_complex2      3  3.0     0    91    1119    (-,-) 
  uu_dtpath/uu_exec/uu_alu/sub_16_37_Y_add_15_37/g894/z  (u)     in_1->z F     unmapped_nand2         1  1.0     0    71    1190    (-,-) 
  uu_dtpath/uu_exec/uu_alu/sub_16_37_Y_add_15_37/g106/z  (u)     in_1->z R     unmapped_nand2         4  4.0     0   101    1291    (-,-) 
  uu_dtpath/uu_exec/uu_alu/sub_16_37_Y_add_15_37/g844/z  (u)     in_0->z F     unmapped_complex2      1  1.0     0    71    1362    (-,-) 
  uu_dtpath/uu_exec/uu_alu/sub_16_37_Y_add_15_37/g825/z  (u)     in_0->z R     unmapped_complex2      5  5.0     0   109    1471    (-,-) 
  uu_dtpath/uu_exec/uu_alu/sub_16_37_Y_add_15_37/g819/z  (u)     in_0->z F     unmapped_complex2      2  2.0     0    82    1553    (-,-) 
  uu_dtpath/uu_exec/uu_alu/sub_16_37_Y_add_15_37/g801/z  (u)     in_1->z F     unmapped_or2           1  1.0     0    71    1624    (-,-) 
  uu_dtpath/uu_exec/uu_alu/sub_16_37_Y_add_15_37/g788/z  (u)     in_0->z R     unmapped_complex2     10 10.0     0   135    1759    (-,-) 
  uu_dtpath/uu_exec/uu_alu/sub_16_37_Y_add_15_37/g776/z  (u)     in_0->z F     unmapped_complex2      1  1.0     0    71    1830    (-,-) 
  uu_dtpath/uu_exec/uu_alu/sub_16_37_Y_add_15_37/g774/z  (u)     in_0->z R     unmapped_complex2     17 17.0     0   162    1992    (-,-) 
  uu_dtpath/uu_exec/uu_alu/sub_16_37_Y_add_15_37/g746/z  (u)     in_0->z F     unmapped_complex2      1  1.0     0    71    2063    (-,-) 
  uu_dtpath/uu_exec/uu_alu/sub_16_37_Y_add_15_37/g725/z  (u)     in_0->z R     unmapped_complex2      2  2.0     0    82    2145    (-,-) 
  uu_dtpath/uu_exec/uu_alu/sub_16_37_Y_add_15_37/g711/z  (u)     in_0->z R     unmapped_or2           1  1.0     0    71    2216    (-,-) 
  uu_dtpath/uu_exec/uu_alu/sub_16_37_Y_add_15_37/g712/z  (u)     in_1->z F     unmapped_nand2         1  1.0     0    71    2287    (-,-) 
  uu_dtpath/uu_exec/uu_alu/g2122/z                       (u)     in_0->z R     unmapped_complex2      1  1.0     0    71    2358    (-,-) 
  uu_dtpath/uu_exec/uu_alu/g1657/z                       (u)     in_1->z F     unmapped_complex2      2  2.0     0    82    2440    (-,-) 
  uu_dtpath/uu_exec/uu_alu/g1641/z                       (u)     in_1->z F     unmapped_or2           1  1.0     0    71    2510    (-,-) 
  uu_dtpath/uu_exec/uu_alu/g1626/z                       (u)     in_1->z F     unmapped_or2           1  1.0     0    71    2581    (-,-) 
  uu_dtpath/uu_exec/uu_alu/g1620/z                       (u)     in_1->z F     unmapped_or2           1  1.0     0    71    2652    (-,-) 
  uu_dtpath/uu_exec/uu_alu/g1619/z                       (u)     in_1->z F     unmapped_or2           1  1.0     0    71    2723    (-,-) 
  uu_dtpath/uu_exec/uu_alu/g2278/z                       (u)     in_1->z R     unmapped_nor2          2  2.0     0    82    2805    (-,-) 
  uu_dtpath/uu_exec/g136/z                               (u)     in_0->z R     unmapped_complex2      1  1.0     0    71    2876    (-,-) 
  uu_dtpath/uu_exec/g372/z                               (u)     in_1->z F     unmapped_nand2         2  2.0     0    82    2958    (-,-) 
  uu_dtpath/uu_exec/g133/z                               (u)     in_0->z F     unmapped_complex2      1  1.0     0    71    3029    (-,-) 
  uu_dtpath/uu_exec/g134/z                               (u)     in_1->z R     unmapped_nand2         1  1.0     0    71    3100    (-,-) 
  uu_dtpath/uu_exec/g131/z                               (u)     in_0->z F     unmapped_nand2         1  1.0     0    71    3171    (-,-) 
  uu_dtpath/uu_exec/g130/z                               (u)     in_0->z R     unmapped_complex2     64  8.0     0   175    3346    (-,-) 
  uu_dtpath/uu_fetch/g456/z                              (u)     in_0->z F     unmapped_nand2         1  1.0     0    71    3416    (-,-) 
  uu_dtpath/uu_fetch/g394/z                              (u)     in_1->z R     unmapped_nand2         1  1.0     0    71    3487    (-,-) 
  uu_dtpath/uu_fetch/pc_ff_reg[24]/d                     -       -       R     unmapped_d_flop        1    -     -     0    3487    (-,-) 
#-----------------------------------------------------------------------------------------------------------------------------------------

(u) : Net has unmapped pin(s).



Path 9: MET (694 ps) Setup Check with Pin uu_dtpath/uu_fetch/pc_ff_reg[23]/clk->d
          Group: clk
     Startpoint: (R) uu_dtpath/uu_dec/o_aluSrc_reg/clk
          Clock: (R) clk
       Endpoint: (R) uu_dtpath/uu_fetch/pc_ff_reg[23]/d
          Clock: (R) clk

                     Capture       Launch     
        Clock Edge:+    4400            0     
       Src Latency:+       0            0     
       Net Latency:+       0 (I)        0 (I) 
           Arrival:=    4400            0     
                                              
             Setup:-     119                  
       Uncertainty:-     100                  
     Required Time:=    4181                  
      Launch Clock:-       0                  
         Data Path:-    3487                  
             Slack:=     694                  

#-----------------------------------------------------------------------------------------------------------------------------------------
#                     Timing Point                       Flags    Arc    Edge       Cell         Fanout Load Trans Delay Arrival Instance 
#                                                                                                       (fF)  (ps)  (ps)   (ps)  Location 
#-----------------------------------------------------------------------------------------------------------------------------------------
  uu_dtpath/uu_dec/o_aluSrc_reg/clk                      -       -       R     (arrival)            581    -    50     0       0    (-,-) 
  uu_dtpath/uu_dec/o_aluSrc_reg/q                        (u)     clk->q  R     unmapped_d_flop      128 12.0     0   448     448    (-,-) 
  uu_dtpath/uu_exec/g149/z                               (u)     in_1->z F     unmapped_nand2         1  1.0     0    71     518    (-,-) 
  uu_dtpath/uu_exec/g138/z                               (u)     in_1->z R     unmapped_nand2       198  6.0     0   196     714    (-,-) 
  uu_dtpath/uu_exec/uu_alu/sub_16_37_Y_add_15_37/g1114/z (u)     in_0->z F     unmapped_complex2      1  1.0     0    71     785    (-,-) 
  uu_dtpath/uu_exec/uu_alu/sub_16_37_Y_add_15_37/g1115/z (u)     in_1->z R     unmapped_nand2         4  4.0     0   101     886    (-,-) 
  uu_dtpath/uu_exec/uu_alu/sub_16_37_Y_add_15_37/g38/z   (u)     in_1->z F     unmapped_nand2         1  1.0     0    71     957    (-,-) 
  uu_dtpath/uu_exec/uu_alu/sub_16_37_Y_add_15_37/g985/z  (u)     in_1->z R     unmapped_nand2         1  1.0     0    71    1028    (-,-) 
  uu_dtpath/uu_exec/uu_alu/sub_16_37_Y_add_15_37/g922/z  (u)     in_1->z R     unmapped_complex2      3  3.0     0    91    1119    (-,-) 
  uu_dtpath/uu_exec/uu_alu/sub_16_37_Y_add_15_37/g894/z  (u)     in_1->z F     unmapped_nand2         1  1.0     0    71    1190    (-,-) 
  uu_dtpath/uu_exec/uu_alu/sub_16_37_Y_add_15_37/g106/z  (u)     in_1->z R     unmapped_nand2         4  4.0     0   101    1291    (-,-) 
  uu_dtpath/uu_exec/uu_alu/sub_16_37_Y_add_15_37/g844/z  (u)     in_0->z F     unmapped_complex2      1  1.0     0    71    1362    (-,-) 
  uu_dtpath/uu_exec/uu_alu/sub_16_37_Y_add_15_37/g825/z  (u)     in_0->z R     unmapped_complex2      5  5.0     0   109    1471    (-,-) 
  uu_dtpath/uu_exec/uu_alu/sub_16_37_Y_add_15_37/g819/z  (u)     in_0->z F     unmapped_complex2      2  2.0     0    82    1553    (-,-) 
  uu_dtpath/uu_exec/uu_alu/sub_16_37_Y_add_15_37/g801/z  (u)     in_1->z F     unmapped_or2           1  1.0     0    71    1624    (-,-) 
  uu_dtpath/uu_exec/uu_alu/sub_16_37_Y_add_15_37/g788/z  (u)     in_0->z R     unmapped_complex2     10 10.0     0   135    1759    (-,-) 
  uu_dtpath/uu_exec/uu_alu/sub_16_37_Y_add_15_37/g776/z  (u)     in_0->z F     unmapped_complex2      1  1.0     0    71    1830    (-,-) 
  uu_dtpath/uu_exec/uu_alu/sub_16_37_Y_add_15_37/g774/z  (u)     in_0->z R     unmapped_complex2     17 17.0     0   162    1992    (-,-) 
  uu_dtpath/uu_exec/uu_alu/sub_16_37_Y_add_15_37/g746/z  (u)     in_0->z F     unmapped_complex2      1  1.0     0    71    2063    (-,-) 
  uu_dtpath/uu_exec/uu_alu/sub_16_37_Y_add_15_37/g725/z  (u)     in_0->z R     unmapped_complex2      2  2.0     0    82    2145    (-,-) 
  uu_dtpath/uu_exec/uu_alu/sub_16_37_Y_add_15_37/g711/z  (u)     in_0->z R     unmapped_or2           1  1.0     0    71    2216    (-,-) 
  uu_dtpath/uu_exec/uu_alu/sub_16_37_Y_add_15_37/g712/z  (u)     in_1->z F     unmapped_nand2         1  1.0     0    71    2287    (-,-) 
  uu_dtpath/uu_exec/uu_alu/g2122/z                       (u)     in_0->z R     unmapped_complex2      1  1.0     0    71    2358    (-,-) 
  uu_dtpath/uu_exec/uu_alu/g1657/z                       (u)     in_1->z F     unmapped_complex2      2  2.0     0    82    2440    (-,-) 
  uu_dtpath/uu_exec/uu_alu/g1641/z                       (u)     in_1->z F     unmapped_or2           1  1.0     0    71    2510    (-,-) 
  uu_dtpath/uu_exec/uu_alu/g1626/z                       (u)     in_1->z F     unmapped_or2           1  1.0     0    71    2581    (-,-) 
  uu_dtpath/uu_exec/uu_alu/g1620/z                       (u)     in_1->z F     unmapped_or2           1  1.0     0    71    2652    (-,-) 
  uu_dtpath/uu_exec/uu_alu/g1619/z                       (u)     in_1->z F     unmapped_or2           1  1.0     0    71    2723    (-,-) 
  uu_dtpath/uu_exec/uu_alu/g2278/z                       (u)     in_1->z R     unmapped_nor2          2  2.0     0    82    2805    (-,-) 
  uu_dtpath/uu_exec/g136/z                               (u)     in_0->z R     unmapped_complex2      1  1.0     0    71    2876    (-,-) 
  uu_dtpath/uu_exec/g372/z                               (u)     in_1->z F     unmapped_nand2         2  2.0     0    82    2958    (-,-) 
  uu_dtpath/uu_exec/g133/z                               (u)     in_0->z F     unmapped_complex2      1  1.0     0    71    3029    (-,-) 
  uu_dtpath/uu_exec/g134/z                               (u)     in_1->z R     unmapped_nand2         1  1.0     0    71    3100    (-,-) 
  uu_dtpath/uu_exec/g131/z                               (u)     in_0->z F     unmapped_nand2         1  1.0     0    71    3171    (-,-) 
  uu_dtpath/uu_exec/g130/z                               (u)     in_0->z R     unmapped_complex2     64  8.0     0   175    3346    (-,-) 
  uu_dtpath/uu_fetch/g453/z                              (u)     in_0->z F     unmapped_nand2         1  1.0     0    71    3416    (-,-) 
  uu_dtpath/uu_fetch/g395/z                              (u)     in_1->z R     unmapped_nand2         1  1.0     0    71    3487    (-,-) 
  uu_dtpath/uu_fetch/pc_ff_reg[23]/d                     -       -       R     unmapped_d_flop        1    -     -     0    3487    (-,-) 
#-----------------------------------------------------------------------------------------------------------------------------------------

(u) : Net has unmapped pin(s).



Path 10: MET (694 ps) Setup Check with Pin uu_dtpath/uu_fetch/pc_ff_reg[22]/clk->d
          Group: clk
     Startpoint: (R) uu_dtpath/uu_dec/o_aluSrc_reg/clk
          Clock: (R) clk
       Endpoint: (R) uu_dtpath/uu_fetch/pc_ff_reg[22]/d
          Clock: (R) clk

                     Capture       Launch     
        Clock Edge:+    4400            0     
       Src Latency:+       0            0     
       Net Latency:+       0 (I)        0 (I) 
           Arrival:=    4400            0     
                                              
             Setup:-     119                  
       Uncertainty:-     100                  
     Required Time:=    4181                  
      Launch Clock:-       0                  
         Data Path:-    3487                  
             Slack:=     694                  

#-----------------------------------------------------------------------------------------------------------------------------------------
#                     Timing Point                       Flags    Arc    Edge       Cell         Fanout Load Trans Delay Arrival Instance 
#                                                                                                       (fF)  (ps)  (ps)   (ps)  Location 
#-----------------------------------------------------------------------------------------------------------------------------------------
  uu_dtpath/uu_dec/o_aluSrc_reg/clk                      -       -       R     (arrival)            581    -    50     0       0    (-,-) 
  uu_dtpath/uu_dec/o_aluSrc_reg/q                        (u)     clk->q  R     unmapped_d_flop      128 12.0     0   448     448    (-,-) 
  uu_dtpath/uu_exec/g149/z                               (u)     in_1->z F     unmapped_nand2         1  1.0     0    71     518    (-,-) 
  uu_dtpath/uu_exec/g138/z                               (u)     in_1->z R     unmapped_nand2       198  6.0     0   196     714    (-,-) 
  uu_dtpath/uu_exec/uu_alu/sub_16_37_Y_add_15_37/g1114/z (u)     in_0->z F     unmapped_complex2      1  1.0     0    71     785    (-,-) 
  uu_dtpath/uu_exec/uu_alu/sub_16_37_Y_add_15_37/g1115/z (u)     in_1->z R     unmapped_nand2         4  4.0     0   101     886    (-,-) 
  uu_dtpath/uu_exec/uu_alu/sub_16_37_Y_add_15_37/g38/z   (u)     in_1->z F     unmapped_nand2         1  1.0     0    71     957    (-,-) 
  uu_dtpath/uu_exec/uu_alu/sub_16_37_Y_add_15_37/g985/z  (u)     in_1->z R     unmapped_nand2         1  1.0     0    71    1028    (-,-) 
  uu_dtpath/uu_exec/uu_alu/sub_16_37_Y_add_15_37/g922/z  (u)     in_1->z R     unmapped_complex2      3  3.0     0    91    1119    (-,-) 
  uu_dtpath/uu_exec/uu_alu/sub_16_37_Y_add_15_37/g894/z  (u)     in_1->z F     unmapped_nand2         1  1.0     0    71    1190    (-,-) 
  uu_dtpath/uu_exec/uu_alu/sub_16_37_Y_add_15_37/g106/z  (u)     in_1->z R     unmapped_nand2         4  4.0     0   101    1291    (-,-) 
  uu_dtpath/uu_exec/uu_alu/sub_16_37_Y_add_15_37/g844/z  (u)     in_0->z F     unmapped_complex2      1  1.0     0    71    1362    (-,-) 
  uu_dtpath/uu_exec/uu_alu/sub_16_37_Y_add_15_37/g825/z  (u)     in_0->z R     unmapped_complex2      5  5.0     0   109    1471    (-,-) 
  uu_dtpath/uu_exec/uu_alu/sub_16_37_Y_add_15_37/g819/z  (u)     in_0->z F     unmapped_complex2      2  2.0     0    82    1553    (-,-) 
  uu_dtpath/uu_exec/uu_alu/sub_16_37_Y_add_15_37/g801/z  (u)     in_1->z F     unmapped_or2           1  1.0     0    71    1624    (-,-) 
  uu_dtpath/uu_exec/uu_alu/sub_16_37_Y_add_15_37/g788/z  (u)     in_0->z R     unmapped_complex2     10 10.0     0   135    1759    (-,-) 
  uu_dtpath/uu_exec/uu_alu/sub_16_37_Y_add_15_37/g776/z  (u)     in_0->z F     unmapped_complex2      1  1.0     0    71    1830    (-,-) 
  uu_dtpath/uu_exec/uu_alu/sub_16_37_Y_add_15_37/g774/z  (u)     in_0->z R     unmapped_complex2     17 17.0     0   162    1992    (-,-) 
  uu_dtpath/uu_exec/uu_alu/sub_16_37_Y_add_15_37/g746/z  (u)     in_0->z F     unmapped_complex2      1  1.0     0    71    2063    (-,-) 
  uu_dtpath/uu_exec/uu_alu/sub_16_37_Y_add_15_37/g725/z  (u)     in_0->z R     unmapped_complex2      2  2.0     0    82    2145    (-,-) 
  uu_dtpath/uu_exec/uu_alu/sub_16_37_Y_add_15_37/g711/z  (u)     in_0->z R     unmapped_or2           1  1.0     0    71    2216    (-,-) 
  uu_dtpath/uu_exec/uu_alu/sub_16_37_Y_add_15_37/g712/z  (u)     in_1->z F     unmapped_nand2         1  1.0     0    71    2287    (-,-) 
  uu_dtpath/uu_exec/uu_alu/g2122/z                       (u)     in_0->z R     unmapped_complex2      1  1.0     0    71    2358    (-,-) 
  uu_dtpath/uu_exec/uu_alu/g1657/z                       (u)     in_1->z F     unmapped_complex2      2  2.0     0    82    2440    (-,-) 
  uu_dtpath/uu_exec/uu_alu/g1641/z                       (u)     in_1->z F     unmapped_or2           1  1.0     0    71    2510    (-,-) 
  uu_dtpath/uu_exec/uu_alu/g1626/z                       (u)     in_1->z F     unmapped_or2           1  1.0     0    71    2581    (-,-) 
  uu_dtpath/uu_exec/uu_alu/g1620/z                       (u)     in_1->z F     unmapped_or2           1  1.0     0    71    2652    (-,-) 
  uu_dtpath/uu_exec/uu_alu/g1619/z                       (u)     in_1->z F     unmapped_or2           1  1.0     0    71    2723    (-,-) 
  uu_dtpath/uu_exec/uu_alu/g2278/z                       (u)     in_1->z R     unmapped_nor2          2  2.0     0    82    2805    (-,-) 
  uu_dtpath/uu_exec/g136/z                               (u)     in_0->z R     unmapped_complex2      1  1.0     0    71    2876    (-,-) 
  uu_dtpath/uu_exec/g372/z                               (u)     in_1->z F     unmapped_nand2         2  2.0     0    82    2958    (-,-) 
  uu_dtpath/uu_exec/g133/z                               (u)     in_0->z F     unmapped_complex2      1  1.0     0    71    3029    (-,-) 
  uu_dtpath/uu_exec/g134/z                               (u)     in_1->z R     unmapped_nand2         1  1.0     0    71    3100    (-,-) 
  uu_dtpath/uu_exec/g131/z                               (u)     in_0->z F     unmapped_nand2         1  1.0     0    71    3171    (-,-) 
  uu_dtpath/uu_exec/g130/z                               (u)     in_0->z R     unmapped_complex2     64  8.0     0   175    3346    (-,-) 
  uu_dtpath/uu_fetch/g450/z                              (u)     in_0->z F     unmapped_nand2         1  1.0     0    71    3416    (-,-) 
  uu_dtpath/uu_fetch/g397/z                              (u)     in_1->z R     unmapped_nand2         1  1.0     0    71    3487    (-,-) 
  uu_dtpath/uu_fetch/pc_ff_reg[22]/d                     -       -       R     unmapped_d_flop        1    -     -     0    3487    (-,-) 
#-----------------------------------------------------------------------------------------------------------------------------------------

(u) : Net has unmapped pin(s).



Path 11: MET (694 ps) Setup Check with Pin uu_dtpath/uu_fetch/pc_ff_reg[21]/clk->d
          Group: clk
     Startpoint: (R) uu_dtpath/uu_dec/o_aluSrc_reg/clk
          Clock: (R) clk
       Endpoint: (R) uu_dtpath/uu_fetch/pc_ff_reg[21]/d
          Clock: (R) clk

                     Capture       Launch     
        Clock Edge:+    4400            0     
       Src Latency:+       0            0     
       Net Latency:+       0 (I)        0 (I) 
           Arrival:=    4400            0     
                                              
             Setup:-     119                  
       Uncertainty:-     100                  
     Required Time:=    4181                  
      Launch Clock:-       0                  
         Data Path:-    3487                  
             Slack:=     694                  

#-----------------------------------------------------------------------------------------------------------------------------------------
#                     Timing Point                       Flags    Arc    Edge       Cell         Fanout Load Trans Delay Arrival Instance 
#                                                                                                       (fF)  (ps)  (ps)   (ps)  Location 
#-----------------------------------------------------------------------------------------------------------------------------------------
  uu_dtpath/uu_dec/o_aluSrc_reg/clk                      -       -       R     (arrival)            581    -    50     0       0    (-,-) 
  uu_dtpath/uu_dec/o_aluSrc_reg/q                        (u)     clk->q  R     unmapped_d_flop      128 12.0     0   448     448    (-,-) 
  uu_dtpath/uu_exec/g149/z                               (u)     in_1->z F     unmapped_nand2         1  1.0     0    71     518    (-,-) 
  uu_dtpath/uu_exec/g138/z                               (u)     in_1->z R     unmapped_nand2       198  6.0     0   196     714    (-,-) 
  uu_dtpath/uu_exec/uu_alu/sub_16_37_Y_add_15_37/g1114/z (u)     in_0->z F     unmapped_complex2      1  1.0     0    71     785    (-,-) 
  uu_dtpath/uu_exec/uu_alu/sub_16_37_Y_add_15_37/g1115/z (u)     in_1->z R     unmapped_nand2         4  4.0     0   101     886    (-,-) 
  uu_dtpath/uu_exec/uu_alu/sub_16_37_Y_add_15_37/g38/z   (u)     in_1->z F     unmapped_nand2         1  1.0     0    71     957    (-,-) 
  uu_dtpath/uu_exec/uu_alu/sub_16_37_Y_add_15_37/g985/z  (u)     in_1->z R     unmapped_nand2         1  1.0     0    71    1028    (-,-) 
  uu_dtpath/uu_exec/uu_alu/sub_16_37_Y_add_15_37/g922/z  (u)     in_1->z R     unmapped_complex2      3  3.0     0    91    1119    (-,-) 
  uu_dtpath/uu_exec/uu_alu/sub_16_37_Y_add_15_37/g894/z  (u)     in_1->z F     unmapped_nand2         1  1.0     0    71    1190    (-,-) 
  uu_dtpath/uu_exec/uu_alu/sub_16_37_Y_add_15_37/g106/z  (u)     in_1->z R     unmapped_nand2         4  4.0     0   101    1291    (-,-) 
  uu_dtpath/uu_exec/uu_alu/sub_16_37_Y_add_15_37/g844/z  (u)     in_0->z F     unmapped_complex2      1  1.0     0    71    1362    (-,-) 
  uu_dtpath/uu_exec/uu_alu/sub_16_37_Y_add_15_37/g825/z  (u)     in_0->z R     unmapped_complex2      5  5.0     0   109    1471    (-,-) 
  uu_dtpath/uu_exec/uu_alu/sub_16_37_Y_add_15_37/g819/z  (u)     in_0->z F     unmapped_complex2      2  2.0     0    82    1553    (-,-) 
  uu_dtpath/uu_exec/uu_alu/sub_16_37_Y_add_15_37/g801/z  (u)     in_1->z F     unmapped_or2           1  1.0     0    71    1624    (-,-) 
  uu_dtpath/uu_exec/uu_alu/sub_16_37_Y_add_15_37/g788/z  (u)     in_0->z R     unmapped_complex2     10 10.0     0   135    1759    (-,-) 
  uu_dtpath/uu_exec/uu_alu/sub_16_37_Y_add_15_37/g776/z  (u)     in_0->z F     unmapped_complex2      1  1.0     0    71    1830    (-,-) 
  uu_dtpath/uu_exec/uu_alu/sub_16_37_Y_add_15_37/g774/z  (u)     in_0->z R     unmapped_complex2     17 17.0     0   162    1992    (-,-) 
  uu_dtpath/uu_exec/uu_alu/sub_16_37_Y_add_15_37/g746/z  (u)     in_0->z F     unmapped_complex2      1  1.0     0    71    2063    (-,-) 
  uu_dtpath/uu_exec/uu_alu/sub_16_37_Y_add_15_37/g725/z  (u)     in_0->z R     unmapped_complex2      2  2.0     0    82    2145    (-,-) 
  uu_dtpath/uu_exec/uu_alu/sub_16_37_Y_add_15_37/g711/z  (u)     in_0->z R     unmapped_or2           1  1.0     0    71    2216    (-,-) 
  uu_dtpath/uu_exec/uu_alu/sub_16_37_Y_add_15_37/g712/z  (u)     in_1->z F     unmapped_nand2         1  1.0     0    71    2287    (-,-) 
  uu_dtpath/uu_exec/uu_alu/g2122/z                       (u)     in_0->z R     unmapped_complex2      1  1.0     0    71    2358    (-,-) 
  uu_dtpath/uu_exec/uu_alu/g1657/z                       (u)     in_1->z F     unmapped_complex2      2  2.0     0    82    2440    (-,-) 
  uu_dtpath/uu_exec/uu_alu/g1641/z                       (u)     in_1->z F     unmapped_or2           1  1.0     0    71    2510    (-,-) 
  uu_dtpath/uu_exec/uu_alu/g1626/z                       (u)     in_1->z F     unmapped_or2           1  1.0     0    71    2581    (-,-) 
  uu_dtpath/uu_exec/uu_alu/g1620/z                       (u)     in_1->z F     unmapped_or2           1  1.0     0    71    2652    (-,-) 
  uu_dtpath/uu_exec/uu_alu/g1619/z                       (u)     in_1->z F     unmapped_or2           1  1.0     0    71    2723    (-,-) 
  uu_dtpath/uu_exec/uu_alu/g2278/z                       (u)     in_1->z R     unmapped_nor2          2  2.0     0    82    2805    (-,-) 
  uu_dtpath/uu_exec/g136/z                               (u)     in_0->z R     unmapped_complex2      1  1.0     0    71    2876    (-,-) 
  uu_dtpath/uu_exec/g372/z                               (u)     in_1->z F     unmapped_nand2         2  2.0     0    82    2958    (-,-) 
  uu_dtpath/uu_exec/g133/z                               (u)     in_0->z F     unmapped_complex2      1  1.0     0    71    3029    (-,-) 
  uu_dtpath/uu_exec/g134/z                               (u)     in_1->z R     unmapped_nand2         1  1.0     0    71    3100    (-,-) 
  uu_dtpath/uu_exec/g131/z                               (u)     in_0->z F     unmapped_nand2         1  1.0     0    71    3171    (-,-) 
  uu_dtpath/uu_exec/g130/z                               (u)     in_0->z R     unmapped_complex2     64  8.0     0   175    3346    (-,-) 
  uu_dtpath/uu_fetch/g447/z                              (u)     in_0->z F     unmapped_nand2         1  1.0     0    71    3416    (-,-) 
  uu_dtpath/uu_fetch/g414/z                              (u)     in_1->z R     unmapped_nand2         1  1.0     0    71    3487    (-,-) 
  uu_dtpath/uu_fetch/pc_ff_reg[21]/d                     -       -       R     unmapped_d_flop        1    -     -     0    3487    (-,-) 
#-----------------------------------------------------------------------------------------------------------------------------------------

(u) : Net has unmapped pin(s).



Path 12: MET (694 ps) Setup Check with Pin uu_dtpath/uu_fetch/pc_ff_reg[20]/clk->d
          Group: clk
     Startpoint: (R) uu_dtpath/uu_dec/o_aluSrc_reg/clk
          Clock: (R) clk
       Endpoint: (R) uu_dtpath/uu_fetch/pc_ff_reg[20]/d
          Clock: (R) clk

                     Capture       Launch     
        Clock Edge:+    4400            0     
       Src Latency:+       0            0     
       Net Latency:+       0 (I)        0 (I) 
           Arrival:=    4400            0     
                                              
             Setup:-     119                  
       Uncertainty:-     100                  
     Required Time:=    4181                  
      Launch Clock:-       0                  
         Data Path:-    3487                  
             Slack:=     694                  

#-----------------------------------------------------------------------------------------------------------------------------------------
#                     Timing Point                       Flags    Arc    Edge       Cell         Fanout Load Trans Delay Arrival Instance 
#                                                                                                       (fF)  (ps)  (ps)   (ps)  Location 
#-----------------------------------------------------------------------------------------------------------------------------------------
  uu_dtpath/uu_dec/o_aluSrc_reg/clk                      -       -       R     (arrival)            581    -    50     0       0    (-,-) 
  uu_dtpath/uu_dec/o_aluSrc_reg/q                        (u)     clk->q  R     unmapped_d_flop      128 12.0     0   448     448    (-,-) 
  uu_dtpath/uu_exec/g149/z                               (u)     in_1->z F     unmapped_nand2         1  1.0     0    71     518    (-,-) 
  uu_dtpath/uu_exec/g138/z                               (u)     in_1->z R     unmapped_nand2       198  6.0     0   196     714    (-,-) 
  uu_dtpath/uu_exec/uu_alu/sub_16_37_Y_add_15_37/g1114/z (u)     in_0->z F     unmapped_complex2      1  1.0     0    71     785    (-,-) 
  uu_dtpath/uu_exec/uu_alu/sub_16_37_Y_add_15_37/g1115/z (u)     in_1->z R     unmapped_nand2         4  4.0     0   101     886    (-,-) 
  uu_dtpath/uu_exec/uu_alu/sub_16_37_Y_add_15_37/g38/z   (u)     in_1->z F     unmapped_nand2         1  1.0     0    71     957    (-,-) 
  uu_dtpath/uu_exec/uu_alu/sub_16_37_Y_add_15_37/g985/z  (u)     in_1->z R     unmapped_nand2         1  1.0     0    71    1028    (-,-) 
  uu_dtpath/uu_exec/uu_alu/sub_16_37_Y_add_15_37/g922/z  (u)     in_1->z R     unmapped_complex2      3  3.0     0    91    1119    (-,-) 
  uu_dtpath/uu_exec/uu_alu/sub_16_37_Y_add_15_37/g894/z  (u)     in_1->z F     unmapped_nand2         1  1.0     0    71    1190    (-,-) 
  uu_dtpath/uu_exec/uu_alu/sub_16_37_Y_add_15_37/g106/z  (u)     in_1->z R     unmapped_nand2         4  4.0     0   101    1291    (-,-) 
  uu_dtpath/uu_exec/uu_alu/sub_16_37_Y_add_15_37/g844/z  (u)     in_0->z F     unmapped_complex2      1  1.0     0    71    1362    (-,-) 
  uu_dtpath/uu_exec/uu_alu/sub_16_37_Y_add_15_37/g825/z  (u)     in_0->z R     unmapped_complex2      5  5.0     0   109    1471    (-,-) 
  uu_dtpath/uu_exec/uu_alu/sub_16_37_Y_add_15_37/g819/z  (u)     in_0->z F     unmapped_complex2      2  2.0     0    82    1553    (-,-) 
  uu_dtpath/uu_exec/uu_alu/sub_16_37_Y_add_15_37/g801/z  (u)     in_1->z F     unmapped_or2           1  1.0     0    71    1624    (-,-) 
  uu_dtpath/uu_exec/uu_alu/sub_16_37_Y_add_15_37/g788/z  (u)     in_0->z R     unmapped_complex2     10 10.0     0   135    1759    (-,-) 
  uu_dtpath/uu_exec/uu_alu/sub_16_37_Y_add_15_37/g776/z  (u)     in_0->z F     unmapped_complex2      1  1.0     0    71    1830    (-,-) 
  uu_dtpath/uu_exec/uu_alu/sub_16_37_Y_add_15_37/g774/z  (u)     in_0->z R     unmapped_complex2     17 17.0     0   162    1992    (-,-) 
  uu_dtpath/uu_exec/uu_alu/sub_16_37_Y_add_15_37/g746/z  (u)     in_0->z F     unmapped_complex2      1  1.0     0    71    2063    (-,-) 
  uu_dtpath/uu_exec/uu_alu/sub_16_37_Y_add_15_37/g725/z  (u)     in_0->z R     unmapped_complex2      2  2.0     0    82    2145    (-,-) 
  uu_dtpath/uu_exec/uu_alu/sub_16_37_Y_add_15_37/g711/z  (u)     in_0->z R     unmapped_or2           1  1.0     0    71    2216    (-,-) 
  uu_dtpath/uu_exec/uu_alu/sub_16_37_Y_add_15_37/g712/z  (u)     in_1->z F     unmapped_nand2         1  1.0     0    71    2287    (-,-) 
  uu_dtpath/uu_exec/uu_alu/g2122/z                       (u)     in_0->z R     unmapped_complex2      1  1.0     0    71    2358    (-,-) 
  uu_dtpath/uu_exec/uu_alu/g1657/z                       (u)     in_1->z F     unmapped_complex2      2  2.0     0    82    2440    (-,-) 
  uu_dtpath/uu_exec/uu_alu/g1641/z                       (u)     in_1->z F     unmapped_or2           1  1.0     0    71    2510    (-,-) 
  uu_dtpath/uu_exec/uu_alu/g1626/z                       (u)     in_1->z F     unmapped_or2           1  1.0     0    71    2581    (-,-) 
  uu_dtpath/uu_exec/uu_alu/g1620/z                       (u)     in_1->z F     unmapped_or2           1  1.0     0    71    2652    (-,-) 
  uu_dtpath/uu_exec/uu_alu/g1619/z                       (u)     in_1->z F     unmapped_or2           1  1.0     0    71    2723    (-,-) 
  uu_dtpath/uu_exec/uu_alu/g2278/z                       (u)     in_1->z R     unmapped_nor2          2  2.0     0    82    2805    (-,-) 
  uu_dtpath/uu_exec/g136/z                               (u)     in_0->z R     unmapped_complex2      1  1.0     0    71    2876    (-,-) 
  uu_dtpath/uu_exec/g372/z                               (u)     in_1->z F     unmapped_nand2         2  2.0     0    82    2958    (-,-) 
  uu_dtpath/uu_exec/g133/z                               (u)     in_0->z F     unmapped_complex2      1  1.0     0    71    3029    (-,-) 
  uu_dtpath/uu_exec/g134/z                               (u)     in_1->z R     unmapped_nand2         1  1.0     0    71    3100    (-,-) 
  uu_dtpath/uu_exec/g131/z                               (u)     in_0->z F     unmapped_nand2         1  1.0     0    71    3171    (-,-) 
  uu_dtpath/uu_exec/g130/z                               (u)     in_0->z R     unmapped_complex2     64  8.0     0   175    3346    (-,-) 
  uu_dtpath/uu_fetch/g444/z                              (u)     in_0->z F     unmapped_nand2         1  1.0     0    71    3416    (-,-) 
  uu_dtpath/uu_fetch/g400/z                              (u)     in_1->z R     unmapped_nand2         1  1.0     0    71    3487    (-,-) 
  uu_dtpath/uu_fetch/pc_ff_reg[20]/d                     -       -       R     unmapped_d_flop        1    -     -     0    3487    (-,-) 
#-----------------------------------------------------------------------------------------------------------------------------------------

(u) : Net has unmapped pin(s).



Path 13: MET (694 ps) Setup Check with Pin uu_dtpath/uu_fetch/pc_ff_reg[19]/clk->d
          Group: clk
     Startpoint: (R) uu_dtpath/uu_dec/o_aluSrc_reg/clk
          Clock: (R) clk
       Endpoint: (R) uu_dtpath/uu_fetch/pc_ff_reg[19]/d
          Clock: (R) clk

                     Capture       Launch     
        Clock Edge:+    4400            0     
       Src Latency:+       0            0     
       Net Latency:+       0 (I)        0 (I) 
           Arrival:=    4400            0     
                                              
             Setup:-     119                  
       Uncertainty:-     100                  
     Required Time:=    4181                  
      Launch Clock:-       0                  
         Data Path:-    3487                  
             Slack:=     694                  

#-----------------------------------------------------------------------------------------------------------------------------------------
#                     Timing Point                       Flags    Arc    Edge       Cell         Fanout Load Trans Delay Arrival Instance 
#                                                                                                       (fF)  (ps)  (ps)   (ps)  Location 
#-----------------------------------------------------------------------------------------------------------------------------------------
  uu_dtpath/uu_dec/o_aluSrc_reg/clk                      -       -       R     (arrival)            581    -    50     0       0    (-,-) 
  uu_dtpath/uu_dec/o_aluSrc_reg/q                        (u)     clk->q  R     unmapped_d_flop      128 12.0     0   448     448    (-,-) 
  uu_dtpath/uu_exec/g149/z                               (u)     in_1->z F     unmapped_nand2         1  1.0     0    71     518    (-,-) 
  uu_dtpath/uu_exec/g138/z                               (u)     in_1->z R     unmapped_nand2       198  6.0     0   196     714    (-,-) 
  uu_dtpath/uu_exec/uu_alu/sub_16_37_Y_add_15_37/g1114/z (u)     in_0->z F     unmapped_complex2      1  1.0     0    71     785    (-,-) 
  uu_dtpath/uu_exec/uu_alu/sub_16_37_Y_add_15_37/g1115/z (u)     in_1->z R     unmapped_nand2         4  4.0     0   101     886    (-,-) 
  uu_dtpath/uu_exec/uu_alu/sub_16_37_Y_add_15_37/g38/z   (u)     in_1->z F     unmapped_nand2         1  1.0     0    71     957    (-,-) 
  uu_dtpath/uu_exec/uu_alu/sub_16_37_Y_add_15_37/g985/z  (u)     in_1->z R     unmapped_nand2         1  1.0     0    71    1028    (-,-) 
  uu_dtpath/uu_exec/uu_alu/sub_16_37_Y_add_15_37/g922/z  (u)     in_1->z R     unmapped_complex2      3  3.0     0    91    1119    (-,-) 
  uu_dtpath/uu_exec/uu_alu/sub_16_37_Y_add_15_37/g894/z  (u)     in_1->z F     unmapped_nand2         1  1.0     0    71    1190    (-,-) 
  uu_dtpath/uu_exec/uu_alu/sub_16_37_Y_add_15_37/g106/z  (u)     in_1->z R     unmapped_nand2         4  4.0     0   101    1291    (-,-) 
  uu_dtpath/uu_exec/uu_alu/sub_16_37_Y_add_15_37/g844/z  (u)     in_0->z F     unmapped_complex2      1  1.0     0    71    1362    (-,-) 
  uu_dtpath/uu_exec/uu_alu/sub_16_37_Y_add_15_37/g825/z  (u)     in_0->z R     unmapped_complex2      5  5.0     0   109    1471    (-,-) 
  uu_dtpath/uu_exec/uu_alu/sub_16_37_Y_add_15_37/g819/z  (u)     in_0->z F     unmapped_complex2      2  2.0     0    82    1553    (-,-) 
  uu_dtpath/uu_exec/uu_alu/sub_16_37_Y_add_15_37/g801/z  (u)     in_1->z F     unmapped_or2           1  1.0     0    71    1624    (-,-) 
  uu_dtpath/uu_exec/uu_alu/sub_16_37_Y_add_15_37/g788/z  (u)     in_0->z R     unmapped_complex2     10 10.0     0   135    1759    (-,-) 
  uu_dtpath/uu_exec/uu_alu/sub_16_37_Y_add_15_37/g776/z  (u)     in_0->z F     unmapped_complex2      1  1.0     0    71    1830    (-,-) 
  uu_dtpath/uu_exec/uu_alu/sub_16_37_Y_add_15_37/g774/z  (u)     in_0->z R     unmapped_complex2     17 17.0     0   162    1992    (-,-) 
  uu_dtpath/uu_exec/uu_alu/sub_16_37_Y_add_15_37/g746/z  (u)     in_0->z F     unmapped_complex2      1  1.0     0    71    2063    (-,-) 
  uu_dtpath/uu_exec/uu_alu/sub_16_37_Y_add_15_37/g725/z  (u)     in_0->z R     unmapped_complex2      2  2.0     0    82    2145    (-,-) 
  uu_dtpath/uu_exec/uu_alu/sub_16_37_Y_add_15_37/g711/z  (u)     in_0->z R     unmapped_or2           1  1.0     0    71    2216    (-,-) 
  uu_dtpath/uu_exec/uu_alu/sub_16_37_Y_add_15_37/g712/z  (u)     in_1->z F     unmapped_nand2         1  1.0     0    71    2287    (-,-) 
  uu_dtpath/uu_exec/uu_alu/g2122/z                       (u)     in_0->z R     unmapped_complex2      1  1.0     0    71    2358    (-,-) 
  uu_dtpath/uu_exec/uu_alu/g1657/z                       (u)     in_1->z F     unmapped_complex2      2  2.0     0    82    2440    (-,-) 
  uu_dtpath/uu_exec/uu_alu/g1641/z                       (u)     in_1->z F     unmapped_or2           1  1.0     0    71    2510    (-,-) 
  uu_dtpath/uu_exec/uu_alu/g1626/z                       (u)     in_1->z F     unmapped_or2           1  1.0     0    71    2581    (-,-) 
  uu_dtpath/uu_exec/uu_alu/g1620/z                       (u)     in_1->z F     unmapped_or2           1  1.0     0    71    2652    (-,-) 
  uu_dtpath/uu_exec/uu_alu/g1619/z                       (u)     in_1->z F     unmapped_or2           1  1.0     0    71    2723    (-,-) 
  uu_dtpath/uu_exec/uu_alu/g2278/z                       (u)     in_1->z R     unmapped_nor2          2  2.0     0    82    2805    (-,-) 
  uu_dtpath/uu_exec/g136/z                               (u)     in_0->z R     unmapped_complex2      1  1.0     0    71    2876    (-,-) 
  uu_dtpath/uu_exec/g372/z                               (u)     in_1->z F     unmapped_nand2         2  2.0     0    82    2958    (-,-) 
  uu_dtpath/uu_exec/g133/z                               (u)     in_0->z F     unmapped_complex2      1  1.0     0    71    3029    (-,-) 
  uu_dtpath/uu_exec/g134/z                               (u)     in_1->z R     unmapped_nand2         1  1.0     0    71    3100    (-,-) 
  uu_dtpath/uu_exec/g131/z                               (u)     in_0->z F     unmapped_nand2         1  1.0     0    71    3171    (-,-) 
  uu_dtpath/uu_exec/g130/z                               (u)     in_0->z R     unmapped_complex2     64  8.0     0   175    3346    (-,-) 
  uu_dtpath/uu_fetch/g441/z                              (u)     in_0->z F     unmapped_nand2         1  1.0     0    71    3416    (-,-) 
  uu_dtpath/uu_fetch/g401/z                              (u)     in_1->z R     unmapped_nand2         1  1.0     0    71    3487    (-,-) 
  uu_dtpath/uu_fetch/pc_ff_reg[19]/d                     -       -       R     unmapped_d_flop        1    -     -     0    3487    (-,-) 
#-----------------------------------------------------------------------------------------------------------------------------------------

(u) : Net has unmapped pin(s).



Path 14: MET (694 ps) Setup Check with Pin uu_dtpath/uu_fetch/pc_ff_reg[18]/clk->d
          Group: clk
     Startpoint: (R) uu_dtpath/uu_dec/o_aluSrc_reg/clk
          Clock: (R) clk
       Endpoint: (R) uu_dtpath/uu_fetch/pc_ff_reg[18]/d
          Clock: (R) clk

                     Capture       Launch     
        Clock Edge:+    4400            0     
       Src Latency:+       0            0     
       Net Latency:+       0 (I)        0 (I) 
           Arrival:=    4400            0     
                                              
             Setup:-     119                  
       Uncertainty:-     100                  
     Required Time:=    4181                  
      Launch Clock:-       0                  
         Data Path:-    3487                  
             Slack:=     694                  

#-----------------------------------------------------------------------------------------------------------------------------------------
#                     Timing Point                       Flags    Arc    Edge       Cell         Fanout Load Trans Delay Arrival Instance 
#                                                                                                       (fF)  (ps)  (ps)   (ps)  Location 
#-----------------------------------------------------------------------------------------------------------------------------------------
  uu_dtpath/uu_dec/o_aluSrc_reg/clk                      -       -       R     (arrival)            581    -    50     0       0    (-,-) 
  uu_dtpath/uu_dec/o_aluSrc_reg/q                        (u)     clk->q  R     unmapped_d_flop      128 12.0     0   448     448    (-,-) 
  uu_dtpath/uu_exec/g149/z                               (u)     in_1->z F     unmapped_nand2         1  1.0     0    71     518    (-,-) 
  uu_dtpath/uu_exec/g138/z                               (u)     in_1->z R     unmapped_nand2       198  6.0     0   196     714    (-,-) 
  uu_dtpath/uu_exec/uu_alu/sub_16_37_Y_add_15_37/g1114/z (u)     in_0->z F     unmapped_complex2      1  1.0     0    71     785    (-,-) 
  uu_dtpath/uu_exec/uu_alu/sub_16_37_Y_add_15_37/g1115/z (u)     in_1->z R     unmapped_nand2         4  4.0     0   101     886    (-,-) 
  uu_dtpath/uu_exec/uu_alu/sub_16_37_Y_add_15_37/g38/z   (u)     in_1->z F     unmapped_nand2         1  1.0     0    71     957    (-,-) 
  uu_dtpath/uu_exec/uu_alu/sub_16_37_Y_add_15_37/g985/z  (u)     in_1->z R     unmapped_nand2         1  1.0     0    71    1028    (-,-) 
  uu_dtpath/uu_exec/uu_alu/sub_16_37_Y_add_15_37/g922/z  (u)     in_1->z R     unmapped_complex2      3  3.0     0    91    1119    (-,-) 
  uu_dtpath/uu_exec/uu_alu/sub_16_37_Y_add_15_37/g894/z  (u)     in_1->z F     unmapped_nand2         1  1.0     0    71    1190    (-,-) 
  uu_dtpath/uu_exec/uu_alu/sub_16_37_Y_add_15_37/g106/z  (u)     in_1->z R     unmapped_nand2         4  4.0     0   101    1291    (-,-) 
  uu_dtpath/uu_exec/uu_alu/sub_16_37_Y_add_15_37/g844/z  (u)     in_0->z F     unmapped_complex2      1  1.0     0    71    1362    (-,-) 
  uu_dtpath/uu_exec/uu_alu/sub_16_37_Y_add_15_37/g825/z  (u)     in_0->z R     unmapped_complex2      5  5.0     0   109    1471    (-,-) 
  uu_dtpath/uu_exec/uu_alu/sub_16_37_Y_add_15_37/g819/z  (u)     in_0->z F     unmapped_complex2      2  2.0     0    82    1553    (-,-) 
  uu_dtpath/uu_exec/uu_alu/sub_16_37_Y_add_15_37/g801/z  (u)     in_1->z F     unmapped_or2           1  1.0     0    71    1624    (-,-) 
  uu_dtpath/uu_exec/uu_alu/sub_16_37_Y_add_15_37/g788/z  (u)     in_0->z R     unmapped_complex2     10 10.0     0   135    1759    (-,-) 
  uu_dtpath/uu_exec/uu_alu/sub_16_37_Y_add_15_37/g776/z  (u)     in_0->z F     unmapped_complex2      1  1.0     0    71    1830    (-,-) 
  uu_dtpath/uu_exec/uu_alu/sub_16_37_Y_add_15_37/g774/z  (u)     in_0->z R     unmapped_complex2     17 17.0     0   162    1992    (-,-) 
  uu_dtpath/uu_exec/uu_alu/sub_16_37_Y_add_15_37/g746/z  (u)     in_0->z F     unmapped_complex2      1  1.0     0    71    2063    (-,-) 
  uu_dtpath/uu_exec/uu_alu/sub_16_37_Y_add_15_37/g725/z  (u)     in_0->z R     unmapped_complex2      2  2.0     0    82    2145    (-,-) 
  uu_dtpath/uu_exec/uu_alu/sub_16_37_Y_add_15_37/g711/z  (u)     in_0->z R     unmapped_or2           1  1.0     0    71    2216    (-,-) 
  uu_dtpath/uu_exec/uu_alu/sub_16_37_Y_add_15_37/g712/z  (u)     in_1->z F     unmapped_nand2         1  1.0     0    71    2287    (-,-) 
  uu_dtpath/uu_exec/uu_alu/g2122/z                       (u)     in_0->z R     unmapped_complex2      1  1.0     0    71    2358    (-,-) 
  uu_dtpath/uu_exec/uu_alu/g1657/z                       (u)     in_1->z F     unmapped_complex2      2  2.0     0    82    2440    (-,-) 
  uu_dtpath/uu_exec/uu_alu/g1641/z                       (u)     in_1->z F     unmapped_or2           1  1.0     0    71    2510    (-,-) 
  uu_dtpath/uu_exec/uu_alu/g1626/z                       (u)     in_1->z F     unmapped_or2           1  1.0     0    71    2581    (-,-) 
  uu_dtpath/uu_exec/uu_alu/g1620/z                       (u)     in_1->z F     unmapped_or2           1  1.0     0    71    2652    (-,-) 
  uu_dtpath/uu_exec/uu_alu/g1619/z                       (u)     in_1->z F     unmapped_or2           1  1.0     0    71    2723    (-,-) 
  uu_dtpath/uu_exec/uu_alu/g2278/z                       (u)     in_1->z R     unmapped_nor2          2  2.0     0    82    2805    (-,-) 
  uu_dtpath/uu_exec/g136/z                               (u)     in_0->z R     unmapped_complex2      1  1.0     0    71    2876    (-,-) 
  uu_dtpath/uu_exec/g372/z                               (u)     in_1->z F     unmapped_nand2         2  2.0     0    82    2958    (-,-) 
  uu_dtpath/uu_exec/g133/z                               (u)     in_0->z F     unmapped_complex2      1  1.0     0    71    3029    (-,-) 
  uu_dtpath/uu_exec/g134/z                               (u)     in_1->z R     unmapped_nand2         1  1.0     0    71    3100    (-,-) 
  uu_dtpath/uu_exec/g131/z                               (u)     in_0->z F     unmapped_nand2         1  1.0     0    71    3171    (-,-) 
  uu_dtpath/uu_exec/g130/z                               (u)     in_0->z R     unmapped_complex2     64  8.0     0   175    3346    (-,-) 
  uu_dtpath/uu_fetch/g438/z                              (u)     in_0->z F     unmapped_nand2         1  1.0     0    71    3416    (-,-) 
  uu_dtpath/uu_fetch/g403/z                              (u)     in_1->z R     unmapped_nand2         1  1.0     0    71    3487    (-,-) 
  uu_dtpath/uu_fetch/pc_ff_reg[18]/d                     -       -       R     unmapped_d_flop        1    -     -     0    3487    (-,-) 
#-----------------------------------------------------------------------------------------------------------------------------------------

(u) : Net has unmapped pin(s).



Path 15: MET (694 ps) Setup Check with Pin uu_dtpath/uu_fetch/pc_ff_reg[17]/clk->d
          Group: clk
     Startpoint: (R) uu_dtpath/uu_dec/o_aluSrc_reg/clk
          Clock: (R) clk
       Endpoint: (R) uu_dtpath/uu_fetch/pc_ff_reg[17]/d
          Clock: (R) clk

                     Capture       Launch     
        Clock Edge:+    4400            0     
       Src Latency:+       0            0     
       Net Latency:+       0 (I)        0 (I) 
           Arrival:=    4400            0     
                                              
             Setup:-     119                  
       Uncertainty:-     100                  
     Required Time:=    4181                  
      Launch Clock:-       0                  
         Data Path:-    3487                  
             Slack:=     694                  

#-----------------------------------------------------------------------------------------------------------------------------------------
#                     Timing Point                       Flags    Arc    Edge       Cell         Fanout Load Trans Delay Arrival Instance 
#                                                                                                       (fF)  (ps)  (ps)   (ps)  Location 
#-----------------------------------------------------------------------------------------------------------------------------------------
  uu_dtpath/uu_dec/o_aluSrc_reg/clk                      -       -       R     (arrival)            581    -    50     0       0    (-,-) 
  uu_dtpath/uu_dec/o_aluSrc_reg/q                        (u)     clk->q  R     unmapped_d_flop      128 12.0     0   448     448    (-,-) 
  uu_dtpath/uu_exec/g149/z                               (u)     in_1->z F     unmapped_nand2         1  1.0     0    71     518    (-,-) 
  uu_dtpath/uu_exec/g138/z                               (u)     in_1->z R     unmapped_nand2       198  6.0     0   196     714    (-,-) 
  uu_dtpath/uu_exec/uu_alu/sub_16_37_Y_add_15_37/g1114/z (u)     in_0->z F     unmapped_complex2      1  1.0     0    71     785    (-,-) 
  uu_dtpath/uu_exec/uu_alu/sub_16_37_Y_add_15_37/g1115/z (u)     in_1->z R     unmapped_nand2         4  4.0     0   101     886    (-,-) 
  uu_dtpath/uu_exec/uu_alu/sub_16_37_Y_add_15_37/g38/z   (u)     in_1->z F     unmapped_nand2         1  1.0     0    71     957    (-,-) 
  uu_dtpath/uu_exec/uu_alu/sub_16_37_Y_add_15_37/g985/z  (u)     in_1->z R     unmapped_nand2         1  1.0     0    71    1028    (-,-) 
  uu_dtpath/uu_exec/uu_alu/sub_16_37_Y_add_15_37/g922/z  (u)     in_1->z R     unmapped_complex2      3  3.0     0    91    1119    (-,-) 
  uu_dtpath/uu_exec/uu_alu/sub_16_37_Y_add_15_37/g894/z  (u)     in_1->z F     unmapped_nand2         1  1.0     0    71    1190    (-,-) 
  uu_dtpath/uu_exec/uu_alu/sub_16_37_Y_add_15_37/g106/z  (u)     in_1->z R     unmapped_nand2         4  4.0     0   101    1291    (-,-) 
  uu_dtpath/uu_exec/uu_alu/sub_16_37_Y_add_15_37/g844/z  (u)     in_0->z F     unmapped_complex2      1  1.0     0    71    1362    (-,-) 
  uu_dtpath/uu_exec/uu_alu/sub_16_37_Y_add_15_37/g825/z  (u)     in_0->z R     unmapped_complex2      5  5.0     0   109    1471    (-,-) 
  uu_dtpath/uu_exec/uu_alu/sub_16_37_Y_add_15_37/g819/z  (u)     in_0->z F     unmapped_complex2      2  2.0     0    82    1553    (-,-) 
  uu_dtpath/uu_exec/uu_alu/sub_16_37_Y_add_15_37/g801/z  (u)     in_1->z F     unmapped_or2           1  1.0     0    71    1624    (-,-) 
  uu_dtpath/uu_exec/uu_alu/sub_16_37_Y_add_15_37/g788/z  (u)     in_0->z R     unmapped_complex2     10 10.0     0   135    1759    (-,-) 
  uu_dtpath/uu_exec/uu_alu/sub_16_37_Y_add_15_37/g776/z  (u)     in_0->z F     unmapped_complex2      1  1.0     0    71    1830    (-,-) 
  uu_dtpath/uu_exec/uu_alu/sub_16_37_Y_add_15_37/g774/z  (u)     in_0->z R     unmapped_complex2     17 17.0     0   162    1992    (-,-) 
  uu_dtpath/uu_exec/uu_alu/sub_16_37_Y_add_15_37/g746/z  (u)     in_0->z F     unmapped_complex2      1  1.0     0    71    2063    (-,-) 
  uu_dtpath/uu_exec/uu_alu/sub_16_37_Y_add_15_37/g725/z  (u)     in_0->z R     unmapped_complex2      2  2.0     0    82    2145    (-,-) 
  uu_dtpath/uu_exec/uu_alu/sub_16_37_Y_add_15_37/g711/z  (u)     in_0->z R     unmapped_or2           1  1.0     0    71    2216    (-,-) 
  uu_dtpath/uu_exec/uu_alu/sub_16_37_Y_add_15_37/g712/z  (u)     in_1->z F     unmapped_nand2         1  1.0     0    71    2287    (-,-) 
  uu_dtpath/uu_exec/uu_alu/g2122/z                       (u)     in_0->z R     unmapped_complex2      1  1.0     0    71    2358    (-,-) 
  uu_dtpath/uu_exec/uu_alu/g1657/z                       (u)     in_1->z F     unmapped_complex2      2  2.0     0    82    2440    (-,-) 
  uu_dtpath/uu_exec/uu_alu/g1641/z                       (u)     in_1->z F     unmapped_or2           1  1.0     0    71    2510    (-,-) 
  uu_dtpath/uu_exec/uu_alu/g1626/z                       (u)     in_1->z F     unmapped_or2           1  1.0     0    71    2581    (-,-) 
  uu_dtpath/uu_exec/uu_alu/g1620/z                       (u)     in_1->z F     unmapped_or2           1  1.0     0    71    2652    (-,-) 
  uu_dtpath/uu_exec/uu_alu/g1619/z                       (u)     in_1->z F     unmapped_or2           1  1.0     0    71    2723    (-,-) 
  uu_dtpath/uu_exec/uu_alu/g2278/z                       (u)     in_1->z R     unmapped_nor2          2  2.0     0    82    2805    (-,-) 
  uu_dtpath/uu_exec/g136/z                               (u)     in_0->z R     unmapped_complex2      1  1.0     0    71    2876    (-,-) 
  uu_dtpath/uu_exec/g372/z                               (u)     in_1->z F     unmapped_nand2         2  2.0     0    82    2958    (-,-) 
  uu_dtpath/uu_exec/g133/z                               (u)     in_0->z F     unmapped_complex2      1  1.0     0    71    3029    (-,-) 
  uu_dtpath/uu_exec/g134/z                               (u)     in_1->z R     unmapped_nand2         1  1.0     0    71    3100    (-,-) 
  uu_dtpath/uu_exec/g131/z                               (u)     in_0->z F     unmapped_nand2         1  1.0     0    71    3171    (-,-) 
  uu_dtpath/uu_exec/g130/z                               (u)     in_0->z R     unmapped_complex2     64  8.0     0   175    3346    (-,-) 
  uu_dtpath/uu_fetch/g435/z                              (u)     in_0->z F     unmapped_nand2         1  1.0     0    71    3416    (-,-) 
  uu_dtpath/uu_fetch/g404/z                              (u)     in_1->z R     unmapped_nand2         1  1.0     0    71    3487    (-,-) 
  uu_dtpath/uu_fetch/pc_ff_reg[17]/d                     -       -       R     unmapped_d_flop        1    -     -     0    3487    (-,-) 
#-----------------------------------------------------------------------------------------------------------------------------------------

(u) : Net has unmapped pin(s).



Path 16: MET (694 ps) Setup Check with Pin uu_dtpath/uu_fetch/pc_ff_reg[16]/clk->d
          Group: clk
     Startpoint: (R) uu_dtpath/uu_dec/o_aluSrc_reg/clk
          Clock: (R) clk
       Endpoint: (R) uu_dtpath/uu_fetch/pc_ff_reg[16]/d
          Clock: (R) clk

                     Capture       Launch     
        Clock Edge:+    4400            0     
       Src Latency:+       0            0     
       Net Latency:+       0 (I)        0 (I) 
           Arrival:=    4400            0     
                                              
             Setup:-     119                  
       Uncertainty:-     100                  
     Required Time:=    4181                  
      Launch Clock:-       0                  
         Data Path:-    3487                  
             Slack:=     694                  

#-----------------------------------------------------------------------------------------------------------------------------------------
#                     Timing Point                       Flags    Arc    Edge       Cell         Fanout Load Trans Delay Arrival Instance 
#                                                                                                       (fF)  (ps)  (ps)   (ps)  Location 
#-----------------------------------------------------------------------------------------------------------------------------------------
  uu_dtpath/uu_dec/o_aluSrc_reg/clk                      -       -       R     (arrival)            581    -    50     0       0    (-,-) 
  uu_dtpath/uu_dec/o_aluSrc_reg/q                        (u)     clk->q  R     unmapped_d_flop      128 12.0     0   448     448    (-,-) 
  uu_dtpath/uu_exec/g149/z                               (u)     in_1->z F     unmapped_nand2         1  1.0     0    71     518    (-,-) 
  uu_dtpath/uu_exec/g138/z                               (u)     in_1->z R     unmapped_nand2       198  6.0     0   196     714    (-,-) 
  uu_dtpath/uu_exec/uu_alu/sub_16_37_Y_add_15_37/g1114/z (u)     in_0->z F     unmapped_complex2      1  1.0     0    71     785    (-,-) 
  uu_dtpath/uu_exec/uu_alu/sub_16_37_Y_add_15_37/g1115/z (u)     in_1->z R     unmapped_nand2         4  4.0     0   101     886    (-,-) 
  uu_dtpath/uu_exec/uu_alu/sub_16_37_Y_add_15_37/g38/z   (u)     in_1->z F     unmapped_nand2         1  1.0     0    71     957    (-,-) 
  uu_dtpath/uu_exec/uu_alu/sub_16_37_Y_add_15_37/g985/z  (u)     in_1->z R     unmapped_nand2         1  1.0     0    71    1028    (-,-) 
  uu_dtpath/uu_exec/uu_alu/sub_16_37_Y_add_15_37/g922/z  (u)     in_1->z R     unmapped_complex2      3  3.0     0    91    1119    (-,-) 
  uu_dtpath/uu_exec/uu_alu/sub_16_37_Y_add_15_37/g894/z  (u)     in_1->z F     unmapped_nand2         1  1.0     0    71    1190    (-,-) 
  uu_dtpath/uu_exec/uu_alu/sub_16_37_Y_add_15_37/g106/z  (u)     in_1->z R     unmapped_nand2         4  4.0     0   101    1291    (-,-) 
  uu_dtpath/uu_exec/uu_alu/sub_16_37_Y_add_15_37/g844/z  (u)     in_0->z F     unmapped_complex2      1  1.0     0    71    1362    (-,-) 
  uu_dtpath/uu_exec/uu_alu/sub_16_37_Y_add_15_37/g825/z  (u)     in_0->z R     unmapped_complex2      5  5.0     0   109    1471    (-,-) 
  uu_dtpath/uu_exec/uu_alu/sub_16_37_Y_add_15_37/g819/z  (u)     in_0->z F     unmapped_complex2      2  2.0     0    82    1553    (-,-) 
  uu_dtpath/uu_exec/uu_alu/sub_16_37_Y_add_15_37/g801/z  (u)     in_1->z F     unmapped_or2           1  1.0     0    71    1624    (-,-) 
  uu_dtpath/uu_exec/uu_alu/sub_16_37_Y_add_15_37/g788/z  (u)     in_0->z R     unmapped_complex2     10 10.0     0   135    1759    (-,-) 
  uu_dtpath/uu_exec/uu_alu/sub_16_37_Y_add_15_37/g776/z  (u)     in_0->z F     unmapped_complex2      1  1.0     0    71    1830    (-,-) 
  uu_dtpath/uu_exec/uu_alu/sub_16_37_Y_add_15_37/g774/z  (u)     in_0->z R     unmapped_complex2     17 17.0     0   162    1992    (-,-) 
  uu_dtpath/uu_exec/uu_alu/sub_16_37_Y_add_15_37/g746/z  (u)     in_0->z F     unmapped_complex2      1  1.0     0    71    2063    (-,-) 
  uu_dtpath/uu_exec/uu_alu/sub_16_37_Y_add_15_37/g725/z  (u)     in_0->z R     unmapped_complex2      2  2.0     0    82    2145    (-,-) 
  uu_dtpath/uu_exec/uu_alu/sub_16_37_Y_add_15_37/g711/z  (u)     in_0->z R     unmapped_or2           1  1.0     0    71    2216    (-,-) 
  uu_dtpath/uu_exec/uu_alu/sub_16_37_Y_add_15_37/g712/z  (u)     in_1->z F     unmapped_nand2         1  1.0     0    71    2287    (-,-) 
  uu_dtpath/uu_exec/uu_alu/g2122/z                       (u)     in_0->z R     unmapped_complex2      1  1.0     0    71    2358    (-,-) 
  uu_dtpath/uu_exec/uu_alu/g1657/z                       (u)     in_1->z F     unmapped_complex2      2  2.0     0    82    2440    (-,-) 
  uu_dtpath/uu_exec/uu_alu/g1641/z                       (u)     in_1->z F     unmapped_or2           1  1.0     0    71    2510    (-,-) 
  uu_dtpath/uu_exec/uu_alu/g1626/z                       (u)     in_1->z F     unmapped_or2           1  1.0     0    71    2581    (-,-) 
  uu_dtpath/uu_exec/uu_alu/g1620/z                       (u)     in_1->z F     unmapped_or2           1  1.0     0    71    2652    (-,-) 
  uu_dtpath/uu_exec/uu_alu/g1619/z                       (u)     in_1->z F     unmapped_or2           1  1.0     0    71    2723    (-,-) 
  uu_dtpath/uu_exec/uu_alu/g2278/z                       (u)     in_1->z R     unmapped_nor2          2  2.0     0    82    2805    (-,-) 
  uu_dtpath/uu_exec/g136/z                               (u)     in_0->z R     unmapped_complex2      1  1.0     0    71    2876    (-,-) 
  uu_dtpath/uu_exec/g372/z                               (u)     in_1->z F     unmapped_nand2         2  2.0     0    82    2958    (-,-) 
  uu_dtpath/uu_exec/g133/z                               (u)     in_0->z F     unmapped_complex2      1  1.0     0    71    3029    (-,-) 
  uu_dtpath/uu_exec/g134/z                               (u)     in_1->z R     unmapped_nand2         1  1.0     0    71    3100    (-,-) 
  uu_dtpath/uu_exec/g131/z                               (u)     in_0->z F     unmapped_nand2         1  1.0     0    71    3171    (-,-) 
  uu_dtpath/uu_exec/g130/z                               (u)     in_0->z R     unmapped_complex2     64  8.0     0   175    3346    (-,-) 
  uu_dtpath/uu_fetch/g432/z                              (u)     in_0->z F     unmapped_nand2         1  1.0     0    71    3416    (-,-) 
  uu_dtpath/uu_fetch/g406/z                              (u)     in_1->z R     unmapped_nand2         1  1.0     0    71    3487    (-,-) 
  uu_dtpath/uu_fetch/pc_ff_reg[16]/d                     -       -       R     unmapped_d_flop        1    -     -     0    3487    (-,-) 
#-----------------------------------------------------------------------------------------------------------------------------------------

(u) : Net has unmapped pin(s).



Path 17: MET (694 ps) Setup Check with Pin uu_dtpath/uu_fetch/pc_ff_reg[15]/clk->d
          Group: clk
     Startpoint: (R) uu_dtpath/uu_dec/o_aluSrc_reg/clk
          Clock: (R) clk
       Endpoint: (R) uu_dtpath/uu_fetch/pc_ff_reg[15]/d
          Clock: (R) clk

                     Capture       Launch     
        Clock Edge:+    4400            0     
       Src Latency:+       0            0     
       Net Latency:+       0 (I)        0 (I) 
           Arrival:=    4400            0     
                                              
             Setup:-     119                  
       Uncertainty:-     100                  
     Required Time:=    4181                  
      Launch Clock:-       0                  
         Data Path:-    3487                  
             Slack:=     694                  

#-----------------------------------------------------------------------------------------------------------------------------------------
#                     Timing Point                       Flags    Arc    Edge       Cell         Fanout Load Trans Delay Arrival Instance 
#                                                                                                       (fF)  (ps)  (ps)   (ps)  Location 
#-----------------------------------------------------------------------------------------------------------------------------------------
  uu_dtpath/uu_dec/o_aluSrc_reg/clk                      -       -       R     (arrival)            581    -    50     0       0    (-,-) 
  uu_dtpath/uu_dec/o_aluSrc_reg/q                        (u)     clk->q  R     unmapped_d_flop      128 12.0     0   448     448    (-,-) 
  uu_dtpath/uu_exec/g149/z                               (u)     in_1->z F     unmapped_nand2         1  1.0     0    71     518    (-,-) 
  uu_dtpath/uu_exec/g138/z                               (u)     in_1->z R     unmapped_nand2       198  6.0     0   196     714    (-,-) 
  uu_dtpath/uu_exec/uu_alu/sub_16_37_Y_add_15_37/g1114/z (u)     in_0->z F     unmapped_complex2      1  1.0     0    71     785    (-,-) 
  uu_dtpath/uu_exec/uu_alu/sub_16_37_Y_add_15_37/g1115/z (u)     in_1->z R     unmapped_nand2         4  4.0     0   101     886    (-,-) 
  uu_dtpath/uu_exec/uu_alu/sub_16_37_Y_add_15_37/g38/z   (u)     in_1->z F     unmapped_nand2         1  1.0     0    71     957    (-,-) 
  uu_dtpath/uu_exec/uu_alu/sub_16_37_Y_add_15_37/g985/z  (u)     in_1->z R     unmapped_nand2         1  1.0     0    71    1028    (-,-) 
  uu_dtpath/uu_exec/uu_alu/sub_16_37_Y_add_15_37/g922/z  (u)     in_1->z R     unmapped_complex2      3  3.0     0    91    1119    (-,-) 
  uu_dtpath/uu_exec/uu_alu/sub_16_37_Y_add_15_37/g894/z  (u)     in_1->z F     unmapped_nand2         1  1.0     0    71    1190    (-,-) 
  uu_dtpath/uu_exec/uu_alu/sub_16_37_Y_add_15_37/g106/z  (u)     in_1->z R     unmapped_nand2         4  4.0     0   101    1291    (-,-) 
  uu_dtpath/uu_exec/uu_alu/sub_16_37_Y_add_15_37/g844/z  (u)     in_0->z F     unmapped_complex2      1  1.0     0    71    1362    (-,-) 
  uu_dtpath/uu_exec/uu_alu/sub_16_37_Y_add_15_37/g825/z  (u)     in_0->z R     unmapped_complex2      5  5.0     0   109    1471    (-,-) 
  uu_dtpath/uu_exec/uu_alu/sub_16_37_Y_add_15_37/g819/z  (u)     in_0->z F     unmapped_complex2      2  2.0     0    82    1553    (-,-) 
  uu_dtpath/uu_exec/uu_alu/sub_16_37_Y_add_15_37/g801/z  (u)     in_1->z F     unmapped_or2           1  1.0     0    71    1624    (-,-) 
  uu_dtpath/uu_exec/uu_alu/sub_16_37_Y_add_15_37/g788/z  (u)     in_0->z R     unmapped_complex2     10 10.0     0   135    1759    (-,-) 
  uu_dtpath/uu_exec/uu_alu/sub_16_37_Y_add_15_37/g776/z  (u)     in_0->z F     unmapped_complex2      1  1.0     0    71    1830    (-,-) 
  uu_dtpath/uu_exec/uu_alu/sub_16_37_Y_add_15_37/g774/z  (u)     in_0->z R     unmapped_complex2     17 17.0     0   162    1992    (-,-) 
  uu_dtpath/uu_exec/uu_alu/sub_16_37_Y_add_15_37/g746/z  (u)     in_0->z F     unmapped_complex2      1  1.0     0    71    2063    (-,-) 
  uu_dtpath/uu_exec/uu_alu/sub_16_37_Y_add_15_37/g725/z  (u)     in_0->z R     unmapped_complex2      2  2.0     0    82    2145    (-,-) 
  uu_dtpath/uu_exec/uu_alu/sub_16_37_Y_add_15_37/g711/z  (u)     in_0->z R     unmapped_or2           1  1.0     0    71    2216    (-,-) 
  uu_dtpath/uu_exec/uu_alu/sub_16_37_Y_add_15_37/g712/z  (u)     in_1->z F     unmapped_nand2         1  1.0     0    71    2287    (-,-) 
  uu_dtpath/uu_exec/uu_alu/g2122/z                       (u)     in_0->z R     unmapped_complex2      1  1.0     0    71    2358    (-,-) 
  uu_dtpath/uu_exec/uu_alu/g1657/z                       (u)     in_1->z F     unmapped_complex2      2  2.0     0    82    2440    (-,-) 
  uu_dtpath/uu_exec/uu_alu/g1641/z                       (u)     in_1->z F     unmapped_or2           1  1.0     0    71    2510    (-,-) 
  uu_dtpath/uu_exec/uu_alu/g1626/z                       (u)     in_1->z F     unmapped_or2           1  1.0     0    71    2581    (-,-) 
  uu_dtpath/uu_exec/uu_alu/g1620/z                       (u)     in_1->z F     unmapped_or2           1  1.0     0    71    2652    (-,-) 
  uu_dtpath/uu_exec/uu_alu/g1619/z                       (u)     in_1->z F     unmapped_or2           1  1.0     0    71    2723    (-,-) 
  uu_dtpath/uu_exec/uu_alu/g2278/z                       (u)     in_1->z R     unmapped_nor2          2  2.0     0    82    2805    (-,-) 
  uu_dtpath/uu_exec/g136/z                               (u)     in_0->z R     unmapped_complex2      1  1.0     0    71    2876    (-,-) 
  uu_dtpath/uu_exec/g372/z                               (u)     in_1->z F     unmapped_nand2         2  2.0     0    82    2958    (-,-) 
  uu_dtpath/uu_exec/g133/z                               (u)     in_0->z F     unmapped_complex2      1  1.0     0    71    3029    (-,-) 
  uu_dtpath/uu_exec/g134/z                               (u)     in_1->z R     unmapped_nand2         1  1.0     0    71    3100    (-,-) 
  uu_dtpath/uu_exec/g131/z                               (u)     in_0->z F     unmapped_nand2         1  1.0     0    71    3171    (-,-) 
  uu_dtpath/uu_exec/g130/z                               (u)     in_0->z R     unmapped_complex2     64  8.0     0   175    3346    (-,-) 
  uu_dtpath/uu_fetch/g429/z                              (u)     in_0->z F     unmapped_nand2         1  1.0     0    71    3416    (-,-) 
  uu_dtpath/uu_fetch/g407/z                              (u)     in_1->z R     unmapped_nand2         1  1.0     0    71    3487    (-,-) 
  uu_dtpath/uu_fetch/pc_ff_reg[15]/d                     -       -       R     unmapped_d_flop        1    -     -     0    3487    (-,-) 
#-----------------------------------------------------------------------------------------------------------------------------------------

(u) : Net has unmapped pin(s).



Path 18: MET (694 ps) Setup Check with Pin uu_dtpath/uu_fetch/pc_ff_reg[14]/clk->d
          Group: clk
     Startpoint: (R) uu_dtpath/uu_dec/o_aluSrc_reg/clk
          Clock: (R) clk
       Endpoint: (R) uu_dtpath/uu_fetch/pc_ff_reg[14]/d
          Clock: (R) clk

                     Capture       Launch     
        Clock Edge:+    4400            0     
       Src Latency:+       0            0     
       Net Latency:+       0 (I)        0 (I) 
           Arrival:=    4400            0     
                                              
             Setup:-     119                  
       Uncertainty:-     100                  
     Required Time:=    4181                  
      Launch Clock:-       0                  
         Data Path:-    3487                  
             Slack:=     694                  

#-----------------------------------------------------------------------------------------------------------------------------------------
#                     Timing Point                       Flags    Arc    Edge       Cell         Fanout Load Trans Delay Arrival Instance 
#                                                                                                       (fF)  (ps)  (ps)   (ps)  Location 
#-----------------------------------------------------------------------------------------------------------------------------------------
  uu_dtpath/uu_dec/o_aluSrc_reg/clk                      -       -       R     (arrival)            581    -    50     0       0    (-,-) 
  uu_dtpath/uu_dec/o_aluSrc_reg/q                        (u)     clk->q  R     unmapped_d_flop      128 12.0     0   448     448    (-,-) 
  uu_dtpath/uu_exec/g149/z                               (u)     in_1->z F     unmapped_nand2         1  1.0     0    71     518    (-,-) 
  uu_dtpath/uu_exec/g138/z                               (u)     in_1->z R     unmapped_nand2       198  6.0     0   196     714    (-,-) 
  uu_dtpath/uu_exec/uu_alu/sub_16_37_Y_add_15_37/g1114/z (u)     in_0->z F     unmapped_complex2      1  1.0     0    71     785    (-,-) 
  uu_dtpath/uu_exec/uu_alu/sub_16_37_Y_add_15_37/g1115/z (u)     in_1->z R     unmapped_nand2         4  4.0     0   101     886    (-,-) 
  uu_dtpath/uu_exec/uu_alu/sub_16_37_Y_add_15_37/g38/z   (u)     in_1->z F     unmapped_nand2         1  1.0     0    71     957    (-,-) 
  uu_dtpath/uu_exec/uu_alu/sub_16_37_Y_add_15_37/g985/z  (u)     in_1->z R     unmapped_nand2         1  1.0     0    71    1028    (-,-) 
  uu_dtpath/uu_exec/uu_alu/sub_16_37_Y_add_15_37/g922/z  (u)     in_1->z R     unmapped_complex2      3  3.0     0    91    1119    (-,-) 
  uu_dtpath/uu_exec/uu_alu/sub_16_37_Y_add_15_37/g894/z  (u)     in_1->z F     unmapped_nand2         1  1.0     0    71    1190    (-,-) 
  uu_dtpath/uu_exec/uu_alu/sub_16_37_Y_add_15_37/g106/z  (u)     in_1->z R     unmapped_nand2         4  4.0     0   101    1291    (-,-) 
  uu_dtpath/uu_exec/uu_alu/sub_16_37_Y_add_15_37/g844/z  (u)     in_0->z F     unmapped_complex2      1  1.0     0    71    1362    (-,-) 
  uu_dtpath/uu_exec/uu_alu/sub_16_37_Y_add_15_37/g825/z  (u)     in_0->z R     unmapped_complex2      5  5.0     0   109    1471    (-,-) 
  uu_dtpath/uu_exec/uu_alu/sub_16_37_Y_add_15_37/g819/z  (u)     in_0->z F     unmapped_complex2      2  2.0     0    82    1553    (-,-) 
  uu_dtpath/uu_exec/uu_alu/sub_16_37_Y_add_15_37/g801/z  (u)     in_1->z F     unmapped_or2           1  1.0     0    71    1624    (-,-) 
  uu_dtpath/uu_exec/uu_alu/sub_16_37_Y_add_15_37/g788/z  (u)     in_0->z R     unmapped_complex2     10 10.0     0   135    1759    (-,-) 
  uu_dtpath/uu_exec/uu_alu/sub_16_37_Y_add_15_37/g776/z  (u)     in_0->z F     unmapped_complex2      1  1.0     0    71    1830    (-,-) 
  uu_dtpath/uu_exec/uu_alu/sub_16_37_Y_add_15_37/g774/z  (u)     in_0->z R     unmapped_complex2     17 17.0     0   162    1992    (-,-) 
  uu_dtpath/uu_exec/uu_alu/sub_16_37_Y_add_15_37/g746/z  (u)     in_0->z F     unmapped_complex2      1  1.0     0    71    2063    (-,-) 
  uu_dtpath/uu_exec/uu_alu/sub_16_37_Y_add_15_37/g725/z  (u)     in_0->z R     unmapped_complex2      2  2.0     0    82    2145    (-,-) 
  uu_dtpath/uu_exec/uu_alu/sub_16_37_Y_add_15_37/g711/z  (u)     in_0->z R     unmapped_or2           1  1.0     0    71    2216    (-,-) 
  uu_dtpath/uu_exec/uu_alu/sub_16_37_Y_add_15_37/g712/z  (u)     in_1->z F     unmapped_nand2         1  1.0     0    71    2287    (-,-) 
  uu_dtpath/uu_exec/uu_alu/g2122/z                       (u)     in_0->z R     unmapped_complex2      1  1.0     0    71    2358    (-,-) 
  uu_dtpath/uu_exec/uu_alu/g1657/z                       (u)     in_1->z F     unmapped_complex2      2  2.0     0    82    2440    (-,-) 
  uu_dtpath/uu_exec/uu_alu/g1641/z                       (u)     in_1->z F     unmapped_or2           1  1.0     0    71    2510    (-,-) 
  uu_dtpath/uu_exec/uu_alu/g1626/z                       (u)     in_1->z F     unmapped_or2           1  1.0     0    71    2581    (-,-) 
  uu_dtpath/uu_exec/uu_alu/g1620/z                       (u)     in_1->z F     unmapped_or2           1  1.0     0    71    2652    (-,-) 
  uu_dtpath/uu_exec/uu_alu/g1619/z                       (u)     in_1->z F     unmapped_or2           1  1.0     0    71    2723    (-,-) 
  uu_dtpath/uu_exec/uu_alu/g2278/z                       (u)     in_1->z R     unmapped_nor2          2  2.0     0    82    2805    (-,-) 
  uu_dtpath/uu_exec/g136/z                               (u)     in_0->z R     unmapped_complex2      1  1.0     0    71    2876    (-,-) 
  uu_dtpath/uu_exec/g372/z                               (u)     in_1->z F     unmapped_nand2         2  2.0     0    82    2958    (-,-) 
  uu_dtpath/uu_exec/g133/z                               (u)     in_0->z F     unmapped_complex2      1  1.0     0    71    3029    (-,-) 
  uu_dtpath/uu_exec/g134/z                               (u)     in_1->z R     unmapped_nand2         1  1.0     0    71    3100    (-,-) 
  uu_dtpath/uu_exec/g131/z                               (u)     in_0->z F     unmapped_nand2         1  1.0     0    71    3171    (-,-) 
  uu_dtpath/uu_exec/g130/z                               (u)     in_0->z R     unmapped_complex2     64  8.0     0   175    3346    (-,-) 
  uu_dtpath/uu_fetch/g426/z                              (u)     in_0->z F     unmapped_nand2         1  1.0     0    71    3416    (-,-) 
  uu_dtpath/uu_fetch/g409/z                              (u)     in_1->z R     unmapped_nand2         1  1.0     0    71    3487    (-,-) 
  uu_dtpath/uu_fetch/pc_ff_reg[14]/d                     -       -       R     unmapped_d_flop        1    -     -     0    3487    (-,-) 
#-----------------------------------------------------------------------------------------------------------------------------------------

(u) : Net has unmapped pin(s).



Path 19: MET (694 ps) Setup Check with Pin uu_dtpath/uu_fetch/pc_ff_reg[13]/clk->d
          Group: clk
     Startpoint: (R) uu_dtpath/uu_dec/o_aluSrc_reg/clk
          Clock: (R) clk
       Endpoint: (R) uu_dtpath/uu_fetch/pc_ff_reg[13]/d
          Clock: (R) clk

                     Capture       Launch     
        Clock Edge:+    4400            0     
       Src Latency:+       0            0     
       Net Latency:+       0 (I)        0 (I) 
           Arrival:=    4400            0     
                                              
             Setup:-     119                  
       Uncertainty:-     100                  
     Required Time:=    4181                  
      Launch Clock:-       0                  
         Data Path:-    3487                  
             Slack:=     694                  

#-----------------------------------------------------------------------------------------------------------------------------------------
#                     Timing Point                       Flags    Arc    Edge       Cell         Fanout Load Trans Delay Arrival Instance 
#                                                                                                       (fF)  (ps)  (ps)   (ps)  Location 
#-----------------------------------------------------------------------------------------------------------------------------------------
  uu_dtpath/uu_dec/o_aluSrc_reg/clk                      -       -       R     (arrival)            581    -    50     0       0    (-,-) 
  uu_dtpath/uu_dec/o_aluSrc_reg/q                        (u)     clk->q  R     unmapped_d_flop      128 12.0     0   448     448    (-,-) 
  uu_dtpath/uu_exec/g149/z                               (u)     in_1->z F     unmapped_nand2         1  1.0     0    71     518    (-,-) 
  uu_dtpath/uu_exec/g138/z                               (u)     in_1->z R     unmapped_nand2       198  6.0     0   196     714    (-,-) 
  uu_dtpath/uu_exec/uu_alu/sub_16_37_Y_add_15_37/g1114/z (u)     in_0->z F     unmapped_complex2      1  1.0     0    71     785    (-,-) 
  uu_dtpath/uu_exec/uu_alu/sub_16_37_Y_add_15_37/g1115/z (u)     in_1->z R     unmapped_nand2         4  4.0     0   101     886    (-,-) 
  uu_dtpath/uu_exec/uu_alu/sub_16_37_Y_add_15_37/g38/z   (u)     in_1->z F     unmapped_nand2         1  1.0     0    71     957    (-,-) 
  uu_dtpath/uu_exec/uu_alu/sub_16_37_Y_add_15_37/g985/z  (u)     in_1->z R     unmapped_nand2         1  1.0     0    71    1028    (-,-) 
  uu_dtpath/uu_exec/uu_alu/sub_16_37_Y_add_15_37/g922/z  (u)     in_1->z R     unmapped_complex2      3  3.0     0    91    1119    (-,-) 
  uu_dtpath/uu_exec/uu_alu/sub_16_37_Y_add_15_37/g894/z  (u)     in_1->z F     unmapped_nand2         1  1.0     0    71    1190    (-,-) 
  uu_dtpath/uu_exec/uu_alu/sub_16_37_Y_add_15_37/g106/z  (u)     in_1->z R     unmapped_nand2         4  4.0     0   101    1291    (-,-) 
  uu_dtpath/uu_exec/uu_alu/sub_16_37_Y_add_15_37/g844/z  (u)     in_0->z F     unmapped_complex2      1  1.0     0    71    1362    (-,-) 
  uu_dtpath/uu_exec/uu_alu/sub_16_37_Y_add_15_37/g825/z  (u)     in_0->z R     unmapped_complex2      5  5.0     0   109    1471    (-,-) 
  uu_dtpath/uu_exec/uu_alu/sub_16_37_Y_add_15_37/g819/z  (u)     in_0->z F     unmapped_complex2      2  2.0     0    82    1553    (-,-) 
  uu_dtpath/uu_exec/uu_alu/sub_16_37_Y_add_15_37/g801/z  (u)     in_1->z F     unmapped_or2           1  1.0     0    71    1624    (-,-) 
  uu_dtpath/uu_exec/uu_alu/sub_16_37_Y_add_15_37/g788/z  (u)     in_0->z R     unmapped_complex2     10 10.0     0   135    1759    (-,-) 
  uu_dtpath/uu_exec/uu_alu/sub_16_37_Y_add_15_37/g776/z  (u)     in_0->z F     unmapped_complex2      1  1.0     0    71    1830    (-,-) 
  uu_dtpath/uu_exec/uu_alu/sub_16_37_Y_add_15_37/g774/z  (u)     in_0->z R     unmapped_complex2     17 17.0     0   162    1992    (-,-) 
  uu_dtpath/uu_exec/uu_alu/sub_16_37_Y_add_15_37/g746/z  (u)     in_0->z F     unmapped_complex2      1  1.0     0    71    2063    (-,-) 
  uu_dtpath/uu_exec/uu_alu/sub_16_37_Y_add_15_37/g725/z  (u)     in_0->z R     unmapped_complex2      2  2.0     0    82    2145    (-,-) 
  uu_dtpath/uu_exec/uu_alu/sub_16_37_Y_add_15_37/g711/z  (u)     in_0->z R     unmapped_or2           1  1.0     0    71    2216    (-,-) 
  uu_dtpath/uu_exec/uu_alu/sub_16_37_Y_add_15_37/g712/z  (u)     in_1->z F     unmapped_nand2         1  1.0     0    71    2287    (-,-) 
  uu_dtpath/uu_exec/uu_alu/g2122/z                       (u)     in_0->z R     unmapped_complex2      1  1.0     0    71    2358    (-,-) 
  uu_dtpath/uu_exec/uu_alu/g1657/z                       (u)     in_1->z F     unmapped_complex2      2  2.0     0    82    2440    (-,-) 
  uu_dtpath/uu_exec/uu_alu/g1641/z                       (u)     in_1->z F     unmapped_or2           1  1.0     0    71    2510    (-,-) 
  uu_dtpath/uu_exec/uu_alu/g1626/z                       (u)     in_1->z F     unmapped_or2           1  1.0     0    71    2581    (-,-) 
  uu_dtpath/uu_exec/uu_alu/g1620/z                       (u)     in_1->z F     unmapped_or2           1  1.0     0    71    2652    (-,-) 
  uu_dtpath/uu_exec/uu_alu/g1619/z                       (u)     in_1->z F     unmapped_or2           1  1.0     0    71    2723    (-,-) 
  uu_dtpath/uu_exec/uu_alu/g2278/z                       (u)     in_1->z R     unmapped_nor2          2  2.0     0    82    2805    (-,-) 
  uu_dtpath/uu_exec/g136/z                               (u)     in_0->z R     unmapped_complex2      1  1.0     0    71    2876    (-,-) 
  uu_dtpath/uu_exec/g372/z                               (u)     in_1->z F     unmapped_nand2         2  2.0     0    82    2958    (-,-) 
  uu_dtpath/uu_exec/g133/z                               (u)     in_0->z F     unmapped_complex2      1  1.0     0    71    3029    (-,-) 
  uu_dtpath/uu_exec/g134/z                               (u)     in_1->z R     unmapped_nand2         1  1.0     0    71    3100    (-,-) 
  uu_dtpath/uu_exec/g131/z                               (u)     in_0->z F     unmapped_nand2         1  1.0     0    71    3171    (-,-) 
  uu_dtpath/uu_exec/g130/z                               (u)     in_0->z R     unmapped_complex2     64  8.0     0   175    3346    (-,-) 
  uu_dtpath/uu_fetch/g423/z                              (u)     in_0->z F     unmapped_nand2         1  1.0     0    71    3416    (-,-) 
  uu_dtpath/uu_fetch/g410/z                              (u)     in_1->z R     unmapped_nand2         1  1.0     0    71    3487    (-,-) 
  uu_dtpath/uu_fetch/pc_ff_reg[13]/d                     -       -       R     unmapped_d_flop        1    -     -     0    3487    (-,-) 
#-----------------------------------------------------------------------------------------------------------------------------------------

(u) : Net has unmapped pin(s).



Path 20: MET (694 ps) Setup Check with Pin uu_dtpath/uu_fetch/pc_ff_reg[12]/clk->d
          Group: clk
     Startpoint: (R) uu_dtpath/uu_dec/o_aluSrc_reg/clk
          Clock: (R) clk
       Endpoint: (R) uu_dtpath/uu_fetch/pc_ff_reg[12]/d
          Clock: (R) clk

                     Capture       Launch     
        Clock Edge:+    4400            0     
       Src Latency:+       0            0     
       Net Latency:+       0 (I)        0 (I) 
           Arrival:=    4400            0     
                                              
             Setup:-     119                  
       Uncertainty:-     100                  
     Required Time:=    4181                  
      Launch Clock:-       0                  
         Data Path:-    3487                  
             Slack:=     694                  

#-----------------------------------------------------------------------------------------------------------------------------------------
#                     Timing Point                       Flags    Arc    Edge       Cell         Fanout Load Trans Delay Arrival Instance 
#                                                                                                       (fF)  (ps)  (ps)   (ps)  Location 
#-----------------------------------------------------------------------------------------------------------------------------------------
  uu_dtpath/uu_dec/o_aluSrc_reg/clk                      -       -       R     (arrival)            581    -    50     0       0    (-,-) 
  uu_dtpath/uu_dec/o_aluSrc_reg/q                        (u)     clk->q  R     unmapped_d_flop      128 12.0     0   448     448    (-,-) 
  uu_dtpath/uu_exec/g149/z                               (u)     in_1->z F     unmapped_nand2         1  1.0     0    71     518    (-,-) 
  uu_dtpath/uu_exec/g138/z                               (u)     in_1->z R     unmapped_nand2       198  6.0     0   196     714    (-,-) 
  uu_dtpath/uu_exec/uu_alu/sub_16_37_Y_add_15_37/g1114/z (u)     in_0->z F     unmapped_complex2      1  1.0     0    71     785    (-,-) 
  uu_dtpath/uu_exec/uu_alu/sub_16_37_Y_add_15_37/g1115/z (u)     in_1->z R     unmapped_nand2         4  4.0     0   101     886    (-,-) 
  uu_dtpath/uu_exec/uu_alu/sub_16_37_Y_add_15_37/g38/z   (u)     in_1->z F     unmapped_nand2         1  1.0     0    71     957    (-,-) 
  uu_dtpath/uu_exec/uu_alu/sub_16_37_Y_add_15_37/g985/z  (u)     in_1->z R     unmapped_nand2         1  1.0     0    71    1028    (-,-) 
  uu_dtpath/uu_exec/uu_alu/sub_16_37_Y_add_15_37/g922/z  (u)     in_1->z R     unmapped_complex2      3  3.0     0    91    1119    (-,-) 
  uu_dtpath/uu_exec/uu_alu/sub_16_37_Y_add_15_37/g894/z  (u)     in_1->z F     unmapped_nand2         1  1.0     0    71    1190    (-,-) 
  uu_dtpath/uu_exec/uu_alu/sub_16_37_Y_add_15_37/g106/z  (u)     in_1->z R     unmapped_nand2         4  4.0     0   101    1291    (-,-) 
  uu_dtpath/uu_exec/uu_alu/sub_16_37_Y_add_15_37/g844/z  (u)     in_0->z F     unmapped_complex2      1  1.0     0    71    1362    (-,-) 
  uu_dtpath/uu_exec/uu_alu/sub_16_37_Y_add_15_37/g825/z  (u)     in_0->z R     unmapped_complex2      5  5.0     0   109    1471    (-,-) 
  uu_dtpath/uu_exec/uu_alu/sub_16_37_Y_add_15_37/g819/z  (u)     in_0->z F     unmapped_complex2      2  2.0     0    82    1553    (-,-) 
  uu_dtpath/uu_exec/uu_alu/sub_16_37_Y_add_15_37/g801/z  (u)     in_1->z F     unmapped_or2           1  1.0     0    71    1624    (-,-) 
  uu_dtpath/uu_exec/uu_alu/sub_16_37_Y_add_15_37/g788/z  (u)     in_0->z R     unmapped_complex2     10 10.0     0   135    1759    (-,-) 
  uu_dtpath/uu_exec/uu_alu/sub_16_37_Y_add_15_37/g776/z  (u)     in_0->z F     unmapped_complex2      1  1.0     0    71    1830    (-,-) 
  uu_dtpath/uu_exec/uu_alu/sub_16_37_Y_add_15_37/g774/z  (u)     in_0->z R     unmapped_complex2     17 17.0     0   162    1992    (-,-) 
  uu_dtpath/uu_exec/uu_alu/sub_16_37_Y_add_15_37/g746/z  (u)     in_0->z F     unmapped_complex2      1  1.0     0    71    2063    (-,-) 
  uu_dtpath/uu_exec/uu_alu/sub_16_37_Y_add_15_37/g725/z  (u)     in_0->z R     unmapped_complex2      2  2.0     0    82    2145    (-,-) 
  uu_dtpath/uu_exec/uu_alu/sub_16_37_Y_add_15_37/g711/z  (u)     in_0->z R     unmapped_or2           1  1.0     0    71    2216    (-,-) 
  uu_dtpath/uu_exec/uu_alu/sub_16_37_Y_add_15_37/g712/z  (u)     in_1->z F     unmapped_nand2         1  1.0     0    71    2287    (-,-) 
  uu_dtpath/uu_exec/uu_alu/g2122/z                       (u)     in_0->z R     unmapped_complex2      1  1.0     0    71    2358    (-,-) 
  uu_dtpath/uu_exec/uu_alu/g1657/z                       (u)     in_1->z F     unmapped_complex2      2  2.0     0    82    2440    (-,-) 
  uu_dtpath/uu_exec/uu_alu/g1641/z                       (u)     in_1->z F     unmapped_or2           1  1.0     0    71    2510    (-,-) 
  uu_dtpath/uu_exec/uu_alu/g1626/z                       (u)     in_1->z F     unmapped_or2           1  1.0     0    71    2581    (-,-) 
  uu_dtpath/uu_exec/uu_alu/g1620/z                       (u)     in_1->z F     unmapped_or2           1  1.0     0    71    2652    (-,-) 
  uu_dtpath/uu_exec/uu_alu/g1619/z                       (u)     in_1->z F     unmapped_or2           1  1.0     0    71    2723    (-,-) 
  uu_dtpath/uu_exec/uu_alu/g2278/z                       (u)     in_1->z R     unmapped_nor2          2  2.0     0    82    2805    (-,-) 
  uu_dtpath/uu_exec/g136/z                               (u)     in_0->z R     unmapped_complex2      1  1.0     0    71    2876    (-,-) 
  uu_dtpath/uu_exec/g372/z                               (u)     in_1->z F     unmapped_nand2         2  2.0     0    82    2958    (-,-) 
  uu_dtpath/uu_exec/g133/z                               (u)     in_0->z F     unmapped_complex2      1  1.0     0    71    3029    (-,-) 
  uu_dtpath/uu_exec/g134/z                               (u)     in_1->z R     unmapped_nand2         1  1.0     0    71    3100    (-,-) 
  uu_dtpath/uu_exec/g131/z                               (u)     in_0->z F     unmapped_nand2         1  1.0     0    71    3171    (-,-) 
  uu_dtpath/uu_exec/g130/z                               (u)     in_0->z R     unmapped_complex2     64  8.0     0   175    3346    (-,-) 
  uu_dtpath/uu_fetch/g420/z                              (u)     in_0->z F     unmapped_nand2         1  1.0     0    71    3416    (-,-) 
  uu_dtpath/uu_fetch/g412/z                              (u)     in_1->z R     unmapped_nand2         1  1.0     0    71    3487    (-,-) 
  uu_dtpath/uu_fetch/pc_ff_reg[12]/d                     -       -       R     unmapped_d_flop        1    -     -     0    3487    (-,-) 
#-----------------------------------------------------------------------------------------------------------------------------------------

(u) : Net has unmapped pin(s).



Path 21: MET (694 ps) Setup Check with Pin uu_dtpath/uu_fetch/pc_ff_reg[11]/clk->d
          Group: clk
     Startpoint: (R) uu_dtpath/uu_dec/o_aluSrc_reg/clk
          Clock: (R) clk
       Endpoint: (R) uu_dtpath/uu_fetch/pc_ff_reg[11]/d
          Clock: (R) clk

                     Capture       Launch     
        Clock Edge:+    4400            0     
       Src Latency:+       0            0     
       Net Latency:+       0 (I)        0 (I) 
           Arrival:=    4400            0     
                                              
             Setup:-     119                  
       Uncertainty:-     100                  
     Required Time:=    4181                  
      Launch Clock:-       0                  
         Data Path:-    3487                  
             Slack:=     694                  

#-----------------------------------------------------------------------------------------------------------------------------------------
#                     Timing Point                       Flags    Arc    Edge       Cell         Fanout Load Trans Delay Arrival Instance 
#                                                                                                       (fF)  (ps)  (ps)   (ps)  Location 
#-----------------------------------------------------------------------------------------------------------------------------------------
  uu_dtpath/uu_dec/o_aluSrc_reg/clk                      -       -       R     (arrival)            581    -    50     0       0    (-,-) 
  uu_dtpath/uu_dec/o_aluSrc_reg/q                        (u)     clk->q  R     unmapped_d_flop      128 12.0     0   448     448    (-,-) 
  uu_dtpath/uu_exec/g149/z                               (u)     in_1->z F     unmapped_nand2         1  1.0     0    71     518    (-,-) 
  uu_dtpath/uu_exec/g138/z                               (u)     in_1->z R     unmapped_nand2       198  6.0     0   196     714    (-,-) 
  uu_dtpath/uu_exec/uu_alu/sub_16_37_Y_add_15_37/g1114/z (u)     in_0->z F     unmapped_complex2      1  1.0     0    71     785    (-,-) 
  uu_dtpath/uu_exec/uu_alu/sub_16_37_Y_add_15_37/g1115/z (u)     in_1->z R     unmapped_nand2         4  4.0     0   101     886    (-,-) 
  uu_dtpath/uu_exec/uu_alu/sub_16_37_Y_add_15_37/g38/z   (u)     in_1->z F     unmapped_nand2         1  1.0     0    71     957    (-,-) 
  uu_dtpath/uu_exec/uu_alu/sub_16_37_Y_add_15_37/g985/z  (u)     in_1->z R     unmapped_nand2         1  1.0     0    71    1028    (-,-) 
  uu_dtpath/uu_exec/uu_alu/sub_16_37_Y_add_15_37/g922/z  (u)     in_1->z R     unmapped_complex2      3  3.0     0    91    1119    (-,-) 
  uu_dtpath/uu_exec/uu_alu/sub_16_37_Y_add_15_37/g894/z  (u)     in_1->z F     unmapped_nand2         1  1.0     0    71    1190    (-,-) 
  uu_dtpath/uu_exec/uu_alu/sub_16_37_Y_add_15_37/g106/z  (u)     in_1->z R     unmapped_nand2         4  4.0     0   101    1291    (-,-) 
  uu_dtpath/uu_exec/uu_alu/sub_16_37_Y_add_15_37/g844/z  (u)     in_0->z F     unmapped_complex2      1  1.0     0    71    1362    (-,-) 
  uu_dtpath/uu_exec/uu_alu/sub_16_37_Y_add_15_37/g825/z  (u)     in_0->z R     unmapped_complex2      5  5.0     0   109    1471    (-,-) 
  uu_dtpath/uu_exec/uu_alu/sub_16_37_Y_add_15_37/g819/z  (u)     in_0->z F     unmapped_complex2      2  2.0     0    82    1553    (-,-) 
  uu_dtpath/uu_exec/uu_alu/sub_16_37_Y_add_15_37/g801/z  (u)     in_1->z F     unmapped_or2           1  1.0     0    71    1624    (-,-) 
  uu_dtpath/uu_exec/uu_alu/sub_16_37_Y_add_15_37/g788/z  (u)     in_0->z R     unmapped_complex2     10 10.0     0   135    1759    (-,-) 
  uu_dtpath/uu_exec/uu_alu/sub_16_37_Y_add_15_37/g776/z  (u)     in_0->z F     unmapped_complex2      1  1.0     0    71    1830    (-,-) 
  uu_dtpath/uu_exec/uu_alu/sub_16_37_Y_add_15_37/g774/z  (u)     in_0->z R     unmapped_complex2     17 17.0     0   162    1992    (-,-) 
  uu_dtpath/uu_exec/uu_alu/sub_16_37_Y_add_15_37/g746/z  (u)     in_0->z F     unmapped_complex2      1  1.0     0    71    2063    (-,-) 
  uu_dtpath/uu_exec/uu_alu/sub_16_37_Y_add_15_37/g725/z  (u)     in_0->z R     unmapped_complex2      2  2.0     0    82    2145    (-,-) 
  uu_dtpath/uu_exec/uu_alu/sub_16_37_Y_add_15_37/g711/z  (u)     in_0->z R     unmapped_or2           1  1.0     0    71    2216    (-,-) 
  uu_dtpath/uu_exec/uu_alu/sub_16_37_Y_add_15_37/g712/z  (u)     in_1->z F     unmapped_nand2         1  1.0     0    71    2287    (-,-) 
  uu_dtpath/uu_exec/uu_alu/g2122/z                       (u)     in_0->z R     unmapped_complex2      1  1.0     0    71    2358    (-,-) 
  uu_dtpath/uu_exec/uu_alu/g1657/z                       (u)     in_1->z F     unmapped_complex2      2  2.0     0    82    2440    (-,-) 
  uu_dtpath/uu_exec/uu_alu/g1641/z                       (u)     in_1->z F     unmapped_or2           1  1.0     0    71    2510    (-,-) 
  uu_dtpath/uu_exec/uu_alu/g1626/z                       (u)     in_1->z F     unmapped_or2           1  1.0     0    71    2581    (-,-) 
  uu_dtpath/uu_exec/uu_alu/g1620/z                       (u)     in_1->z F     unmapped_or2           1  1.0     0    71    2652    (-,-) 
  uu_dtpath/uu_exec/uu_alu/g1619/z                       (u)     in_1->z F     unmapped_or2           1  1.0     0    71    2723    (-,-) 
  uu_dtpath/uu_exec/uu_alu/g2278/z                       (u)     in_1->z R     unmapped_nor2          2  2.0     0    82    2805    (-,-) 
  uu_dtpath/uu_exec/g136/z                               (u)     in_0->z R     unmapped_complex2      1  1.0     0    71    2876    (-,-) 
  uu_dtpath/uu_exec/g372/z                               (u)     in_1->z F     unmapped_nand2         2  2.0     0    82    2958    (-,-) 
  uu_dtpath/uu_exec/g133/z                               (u)     in_0->z F     unmapped_complex2      1  1.0     0    71    3029    (-,-) 
  uu_dtpath/uu_exec/g134/z                               (u)     in_1->z R     unmapped_nand2         1  1.0     0    71    3100    (-,-) 
  uu_dtpath/uu_exec/g131/z                               (u)     in_0->z F     unmapped_nand2         1  1.0     0    71    3171    (-,-) 
  uu_dtpath/uu_exec/g130/z                               (u)     in_0->z R     unmapped_complex2     64  8.0     0   175    3346    (-,-) 
  uu_dtpath/uu_fetch/g417/z                              (u)     in_0->z F     unmapped_nand2         1  1.0     0    71    3416    (-,-) 
  uu_dtpath/uu_fetch/g413/z                              (u)     in_1->z R     unmapped_nand2         1  1.0     0    71    3487    (-,-) 
  uu_dtpath/uu_fetch/pc_ff_reg[11]/d                     -       -       R     unmapped_d_flop        1    -     -     0    3487    (-,-) 
#-----------------------------------------------------------------------------------------------------------------------------------------

(u) : Net has unmapped pin(s).



Path 22: MET (694 ps) Setup Check with Pin uu_dtpath/uu_fetch/pc_ff_reg[10]/clk->d
          Group: clk
     Startpoint: (R) uu_dtpath/uu_dec/o_aluSrc_reg/clk
          Clock: (R) clk
       Endpoint: (R) uu_dtpath/uu_fetch/pc_ff_reg[10]/d
          Clock: (R) clk

                     Capture       Launch     
        Clock Edge:+    4400            0     
       Src Latency:+       0            0     
       Net Latency:+       0 (I)        0 (I) 
           Arrival:=    4400            0     
                                              
             Setup:-     119                  
       Uncertainty:-     100                  
     Required Time:=    4181                  
      Launch Clock:-       0                  
         Data Path:-    3487                  
             Slack:=     694                  

#-----------------------------------------------------------------------------------------------------------------------------------------
#                     Timing Point                       Flags    Arc    Edge       Cell         Fanout Load Trans Delay Arrival Instance 
#                                                                                                       (fF)  (ps)  (ps)   (ps)  Location 
#-----------------------------------------------------------------------------------------------------------------------------------------
  uu_dtpath/uu_dec/o_aluSrc_reg/clk                      -       -       R     (arrival)            581    -    50     0       0    (-,-) 
  uu_dtpath/uu_dec/o_aluSrc_reg/q                        (u)     clk->q  R     unmapped_d_flop      128 12.0     0   448     448    (-,-) 
  uu_dtpath/uu_exec/g149/z                               (u)     in_1->z F     unmapped_nand2         1  1.0     0    71     518    (-,-) 
  uu_dtpath/uu_exec/g138/z                               (u)     in_1->z R     unmapped_nand2       198  6.0     0   196     714    (-,-) 
  uu_dtpath/uu_exec/uu_alu/sub_16_37_Y_add_15_37/g1114/z (u)     in_0->z F     unmapped_complex2      1  1.0     0    71     785    (-,-) 
  uu_dtpath/uu_exec/uu_alu/sub_16_37_Y_add_15_37/g1115/z (u)     in_1->z R     unmapped_nand2         4  4.0     0   101     886    (-,-) 
  uu_dtpath/uu_exec/uu_alu/sub_16_37_Y_add_15_37/g38/z   (u)     in_1->z F     unmapped_nand2         1  1.0     0    71     957    (-,-) 
  uu_dtpath/uu_exec/uu_alu/sub_16_37_Y_add_15_37/g985/z  (u)     in_1->z R     unmapped_nand2         1  1.0     0    71    1028    (-,-) 
  uu_dtpath/uu_exec/uu_alu/sub_16_37_Y_add_15_37/g922/z  (u)     in_1->z R     unmapped_complex2      3  3.0     0    91    1119    (-,-) 
  uu_dtpath/uu_exec/uu_alu/sub_16_37_Y_add_15_37/g894/z  (u)     in_1->z F     unmapped_nand2         1  1.0     0    71    1190    (-,-) 
  uu_dtpath/uu_exec/uu_alu/sub_16_37_Y_add_15_37/g106/z  (u)     in_1->z R     unmapped_nand2         4  4.0     0   101    1291    (-,-) 
  uu_dtpath/uu_exec/uu_alu/sub_16_37_Y_add_15_37/g844/z  (u)     in_0->z F     unmapped_complex2      1  1.0     0    71    1362    (-,-) 
  uu_dtpath/uu_exec/uu_alu/sub_16_37_Y_add_15_37/g825/z  (u)     in_0->z R     unmapped_complex2      5  5.0     0   109    1471    (-,-) 
  uu_dtpath/uu_exec/uu_alu/sub_16_37_Y_add_15_37/g819/z  (u)     in_0->z F     unmapped_complex2      2  2.0     0    82    1553    (-,-) 
  uu_dtpath/uu_exec/uu_alu/sub_16_37_Y_add_15_37/g801/z  (u)     in_1->z F     unmapped_or2           1  1.0     0    71    1624    (-,-) 
  uu_dtpath/uu_exec/uu_alu/sub_16_37_Y_add_15_37/g788/z  (u)     in_0->z R     unmapped_complex2     10 10.0     0   135    1759    (-,-) 
  uu_dtpath/uu_exec/uu_alu/sub_16_37_Y_add_15_37/g776/z  (u)     in_0->z F     unmapped_complex2      1  1.0     0    71    1830    (-,-) 
  uu_dtpath/uu_exec/uu_alu/sub_16_37_Y_add_15_37/g774/z  (u)     in_0->z R     unmapped_complex2     17 17.0     0   162    1992    (-,-) 
  uu_dtpath/uu_exec/uu_alu/sub_16_37_Y_add_15_37/g746/z  (u)     in_0->z F     unmapped_complex2      1  1.0     0    71    2063    (-,-) 
  uu_dtpath/uu_exec/uu_alu/sub_16_37_Y_add_15_37/g725/z  (u)     in_0->z R     unmapped_complex2      2  2.0     0    82    2145    (-,-) 
  uu_dtpath/uu_exec/uu_alu/sub_16_37_Y_add_15_37/g711/z  (u)     in_0->z R     unmapped_or2           1  1.0     0    71    2216    (-,-) 
  uu_dtpath/uu_exec/uu_alu/sub_16_37_Y_add_15_37/g712/z  (u)     in_1->z F     unmapped_nand2         1  1.0     0    71    2287    (-,-) 
  uu_dtpath/uu_exec/uu_alu/g2122/z                       (u)     in_0->z R     unmapped_complex2      1  1.0     0    71    2358    (-,-) 
  uu_dtpath/uu_exec/uu_alu/g1657/z                       (u)     in_1->z F     unmapped_complex2      2  2.0     0    82    2440    (-,-) 
  uu_dtpath/uu_exec/uu_alu/g1641/z                       (u)     in_1->z F     unmapped_or2           1  1.0     0    71    2510    (-,-) 
  uu_dtpath/uu_exec/uu_alu/g1626/z                       (u)     in_1->z F     unmapped_or2           1  1.0     0    71    2581    (-,-) 
  uu_dtpath/uu_exec/uu_alu/g1620/z                       (u)     in_1->z F     unmapped_or2           1  1.0     0    71    2652    (-,-) 
  uu_dtpath/uu_exec/uu_alu/g1619/z                       (u)     in_1->z F     unmapped_or2           1  1.0     0    71    2723    (-,-) 
  uu_dtpath/uu_exec/uu_alu/g2278/z                       (u)     in_1->z R     unmapped_nor2          2  2.0     0    82    2805    (-,-) 
  uu_dtpath/uu_exec/g136/z                               (u)     in_0->z R     unmapped_complex2      1  1.0     0    71    2876    (-,-) 
  uu_dtpath/uu_exec/g372/z                               (u)     in_1->z F     unmapped_nand2         2  2.0     0    82    2958    (-,-) 
  uu_dtpath/uu_exec/g133/z                               (u)     in_0->z F     unmapped_complex2      1  1.0     0    71    3029    (-,-) 
  uu_dtpath/uu_exec/g134/z                               (u)     in_1->z R     unmapped_nand2         1  1.0     0    71    3100    (-,-) 
  uu_dtpath/uu_exec/g131/z                               (u)     in_0->z F     unmapped_nand2         1  1.0     0    71    3171    (-,-) 
  uu_dtpath/uu_exec/g130/z                               (u)     in_0->z R     unmapped_complex2     64  8.0     0   175    3346    (-,-) 
  uu_dtpath/uu_fetch/g416/z                              (u)     in_0->z F     unmapped_nand2         1  1.0     0    71    3416    (-,-) 
  uu_dtpath/uu_fetch/g398/z                              (u)     in_1->z R     unmapped_nand2         1  1.0     0    71    3487    (-,-) 
  uu_dtpath/uu_fetch/pc_ff_reg[10]/d                     -       -       R     unmapped_d_flop        1    -     -     0    3487    (-,-) 
#-----------------------------------------------------------------------------------------------------------------------------------------

(u) : Net has unmapped pin(s).



Path 23: MET (694 ps) Setup Check with Pin uu_dtpath/uu_fetch/pc_ff_reg[9]/clk->d
          Group: clk
     Startpoint: (R) uu_dtpath/uu_dec/o_aluSrc_reg/clk
          Clock: (R) clk
       Endpoint: (R) uu_dtpath/uu_fetch/pc_ff_reg[9]/d
          Clock: (R) clk

                     Capture       Launch     
        Clock Edge:+    4400            0     
       Src Latency:+       0            0     
       Net Latency:+       0 (I)        0 (I) 
           Arrival:=    4400            0     
                                              
             Setup:-     119                  
       Uncertainty:-     100                  
     Required Time:=    4181                  
      Launch Clock:-       0                  
         Data Path:-    3487                  
             Slack:=     694                  

#-----------------------------------------------------------------------------------------------------------------------------------------
#                     Timing Point                       Flags    Arc    Edge       Cell         Fanout Load Trans Delay Arrival Instance 
#                                                                                                       (fF)  (ps)  (ps)   (ps)  Location 
#-----------------------------------------------------------------------------------------------------------------------------------------
  uu_dtpath/uu_dec/o_aluSrc_reg/clk                      -       -       R     (arrival)            581    -    50     0       0    (-,-) 
  uu_dtpath/uu_dec/o_aluSrc_reg/q                        (u)     clk->q  R     unmapped_d_flop      128 12.0     0   448     448    (-,-) 
  uu_dtpath/uu_exec/g149/z                               (u)     in_1->z F     unmapped_nand2         1  1.0     0    71     518    (-,-) 
  uu_dtpath/uu_exec/g138/z                               (u)     in_1->z R     unmapped_nand2       198  6.0     0   196     714    (-,-) 
  uu_dtpath/uu_exec/uu_alu/sub_16_37_Y_add_15_37/g1114/z (u)     in_0->z F     unmapped_complex2      1  1.0     0    71     785    (-,-) 
  uu_dtpath/uu_exec/uu_alu/sub_16_37_Y_add_15_37/g1115/z (u)     in_1->z R     unmapped_nand2         4  4.0     0   101     886    (-,-) 
  uu_dtpath/uu_exec/uu_alu/sub_16_37_Y_add_15_37/g38/z   (u)     in_1->z F     unmapped_nand2         1  1.0     0    71     957    (-,-) 
  uu_dtpath/uu_exec/uu_alu/sub_16_37_Y_add_15_37/g985/z  (u)     in_1->z R     unmapped_nand2         1  1.0     0    71    1028    (-,-) 
  uu_dtpath/uu_exec/uu_alu/sub_16_37_Y_add_15_37/g922/z  (u)     in_1->z R     unmapped_complex2      3  3.0     0    91    1119    (-,-) 
  uu_dtpath/uu_exec/uu_alu/sub_16_37_Y_add_15_37/g894/z  (u)     in_1->z F     unmapped_nand2         1  1.0     0    71    1190    (-,-) 
  uu_dtpath/uu_exec/uu_alu/sub_16_37_Y_add_15_37/g106/z  (u)     in_1->z R     unmapped_nand2         4  4.0     0   101    1291    (-,-) 
  uu_dtpath/uu_exec/uu_alu/sub_16_37_Y_add_15_37/g844/z  (u)     in_0->z F     unmapped_complex2      1  1.0     0    71    1362    (-,-) 
  uu_dtpath/uu_exec/uu_alu/sub_16_37_Y_add_15_37/g825/z  (u)     in_0->z R     unmapped_complex2      5  5.0     0   109    1471    (-,-) 
  uu_dtpath/uu_exec/uu_alu/sub_16_37_Y_add_15_37/g819/z  (u)     in_0->z F     unmapped_complex2      2  2.0     0    82    1553    (-,-) 
  uu_dtpath/uu_exec/uu_alu/sub_16_37_Y_add_15_37/g801/z  (u)     in_1->z F     unmapped_or2           1  1.0     0    71    1624    (-,-) 
  uu_dtpath/uu_exec/uu_alu/sub_16_37_Y_add_15_37/g788/z  (u)     in_0->z R     unmapped_complex2     10 10.0     0   135    1759    (-,-) 
  uu_dtpath/uu_exec/uu_alu/sub_16_37_Y_add_15_37/g776/z  (u)     in_0->z F     unmapped_complex2      1  1.0     0    71    1830    (-,-) 
  uu_dtpath/uu_exec/uu_alu/sub_16_37_Y_add_15_37/g774/z  (u)     in_0->z R     unmapped_complex2     17 17.0     0   162    1992    (-,-) 
  uu_dtpath/uu_exec/uu_alu/sub_16_37_Y_add_15_37/g746/z  (u)     in_0->z F     unmapped_complex2      1  1.0     0    71    2063    (-,-) 
  uu_dtpath/uu_exec/uu_alu/sub_16_37_Y_add_15_37/g725/z  (u)     in_0->z R     unmapped_complex2      2  2.0     0    82    2145    (-,-) 
  uu_dtpath/uu_exec/uu_alu/sub_16_37_Y_add_15_37/g711/z  (u)     in_0->z R     unmapped_or2           1  1.0     0    71    2216    (-,-) 
  uu_dtpath/uu_exec/uu_alu/sub_16_37_Y_add_15_37/g712/z  (u)     in_1->z F     unmapped_nand2         1  1.0     0    71    2287    (-,-) 
  uu_dtpath/uu_exec/uu_alu/g2122/z                       (u)     in_0->z R     unmapped_complex2      1  1.0     0    71    2358    (-,-) 
  uu_dtpath/uu_exec/uu_alu/g1657/z                       (u)     in_1->z F     unmapped_complex2      2  2.0     0    82    2440    (-,-) 
  uu_dtpath/uu_exec/uu_alu/g1641/z                       (u)     in_1->z F     unmapped_or2           1  1.0     0    71    2510    (-,-) 
  uu_dtpath/uu_exec/uu_alu/g1626/z                       (u)     in_1->z F     unmapped_or2           1  1.0     0    71    2581    (-,-) 
  uu_dtpath/uu_exec/uu_alu/g1620/z                       (u)     in_1->z F     unmapped_or2           1  1.0     0    71    2652    (-,-) 
  uu_dtpath/uu_exec/uu_alu/g1619/z                       (u)     in_1->z F     unmapped_or2           1  1.0     0    71    2723    (-,-) 
  uu_dtpath/uu_exec/uu_alu/g2278/z                       (u)     in_1->z R     unmapped_nor2          2  2.0     0    82    2805    (-,-) 
  uu_dtpath/uu_exec/g136/z                               (u)     in_0->z R     unmapped_complex2      1  1.0     0    71    2876    (-,-) 
  uu_dtpath/uu_exec/g372/z                               (u)     in_1->z F     unmapped_nand2         2  2.0     0    82    2958    (-,-) 
  uu_dtpath/uu_exec/g133/z                               (u)     in_0->z F     unmapped_complex2      1  1.0     0    71    3029    (-,-) 
  uu_dtpath/uu_exec/g134/z                               (u)     in_1->z R     unmapped_nand2         1  1.0     0    71    3100    (-,-) 
  uu_dtpath/uu_exec/g131/z                               (u)     in_0->z F     unmapped_nand2         1  1.0     0    71    3171    (-,-) 
  uu_dtpath/uu_exec/g130/z                               (u)     in_0->z R     unmapped_complex2     64  8.0     0   175    3346    (-,-) 
  uu_dtpath/uu_fetch/g422/z                              (u)     in_0->z F     unmapped_nand2         1  1.0     0    71    3416    (-,-) 
  uu_dtpath/uu_fetch/g411/z                              (u)     in_1->z R     unmapped_nand2         1  1.0     0    71    3487    (-,-) 
  uu_dtpath/uu_fetch/pc_ff_reg[9]/d                      -       -       R     unmapped_d_flop        1    -     -     0    3487    (-,-) 
#-----------------------------------------------------------------------------------------------------------------------------------------

(u) : Net has unmapped pin(s).



Path 24: MET (694 ps) Setup Check with Pin uu_dtpath/uu_fetch/pc_ff_reg[8]/clk->d
          Group: clk
     Startpoint: (R) uu_dtpath/uu_dec/o_aluSrc_reg/clk
          Clock: (R) clk
       Endpoint: (R) uu_dtpath/uu_fetch/pc_ff_reg[8]/d
          Clock: (R) clk

                     Capture       Launch     
        Clock Edge:+    4400            0     
       Src Latency:+       0            0     
       Net Latency:+       0 (I)        0 (I) 
           Arrival:=    4400            0     
                                              
             Setup:-     119                  
       Uncertainty:-     100                  
     Required Time:=    4181                  
      Launch Clock:-       0                  
         Data Path:-    3487                  
             Slack:=     694                  

#-----------------------------------------------------------------------------------------------------------------------------------------
#                     Timing Point                       Flags    Arc    Edge       Cell         Fanout Load Trans Delay Arrival Instance 
#                                                                                                       (fF)  (ps)  (ps)   (ps)  Location 
#-----------------------------------------------------------------------------------------------------------------------------------------
  uu_dtpath/uu_dec/o_aluSrc_reg/clk                      -       -       R     (arrival)            581    -    50     0       0    (-,-) 
  uu_dtpath/uu_dec/o_aluSrc_reg/q                        (u)     clk->q  R     unmapped_d_flop      128 12.0     0   448     448    (-,-) 
  uu_dtpath/uu_exec/g149/z                               (u)     in_1->z F     unmapped_nand2         1  1.0     0    71     518    (-,-) 
  uu_dtpath/uu_exec/g138/z                               (u)     in_1->z R     unmapped_nand2       198  6.0     0   196     714    (-,-) 
  uu_dtpath/uu_exec/uu_alu/sub_16_37_Y_add_15_37/g1114/z (u)     in_0->z F     unmapped_complex2      1  1.0     0    71     785    (-,-) 
  uu_dtpath/uu_exec/uu_alu/sub_16_37_Y_add_15_37/g1115/z (u)     in_1->z R     unmapped_nand2         4  4.0     0   101     886    (-,-) 
  uu_dtpath/uu_exec/uu_alu/sub_16_37_Y_add_15_37/g38/z   (u)     in_1->z F     unmapped_nand2         1  1.0     0    71     957    (-,-) 
  uu_dtpath/uu_exec/uu_alu/sub_16_37_Y_add_15_37/g985/z  (u)     in_1->z R     unmapped_nand2         1  1.0     0    71    1028    (-,-) 
  uu_dtpath/uu_exec/uu_alu/sub_16_37_Y_add_15_37/g922/z  (u)     in_1->z R     unmapped_complex2      3  3.0     0    91    1119    (-,-) 
  uu_dtpath/uu_exec/uu_alu/sub_16_37_Y_add_15_37/g894/z  (u)     in_1->z F     unmapped_nand2         1  1.0     0    71    1190    (-,-) 
  uu_dtpath/uu_exec/uu_alu/sub_16_37_Y_add_15_37/g106/z  (u)     in_1->z R     unmapped_nand2         4  4.0     0   101    1291    (-,-) 
  uu_dtpath/uu_exec/uu_alu/sub_16_37_Y_add_15_37/g844/z  (u)     in_0->z F     unmapped_complex2      1  1.0     0    71    1362    (-,-) 
  uu_dtpath/uu_exec/uu_alu/sub_16_37_Y_add_15_37/g825/z  (u)     in_0->z R     unmapped_complex2      5  5.0     0   109    1471    (-,-) 
  uu_dtpath/uu_exec/uu_alu/sub_16_37_Y_add_15_37/g819/z  (u)     in_0->z F     unmapped_complex2      2  2.0     0    82    1553    (-,-) 
  uu_dtpath/uu_exec/uu_alu/sub_16_37_Y_add_15_37/g801/z  (u)     in_1->z F     unmapped_or2           1  1.0     0    71    1624    (-,-) 
  uu_dtpath/uu_exec/uu_alu/sub_16_37_Y_add_15_37/g788/z  (u)     in_0->z R     unmapped_complex2     10 10.0     0   135    1759    (-,-) 
  uu_dtpath/uu_exec/uu_alu/sub_16_37_Y_add_15_37/g776/z  (u)     in_0->z F     unmapped_complex2      1  1.0     0    71    1830    (-,-) 
  uu_dtpath/uu_exec/uu_alu/sub_16_37_Y_add_15_37/g774/z  (u)     in_0->z R     unmapped_complex2     17 17.0     0   162    1992    (-,-) 
  uu_dtpath/uu_exec/uu_alu/sub_16_37_Y_add_15_37/g746/z  (u)     in_0->z F     unmapped_complex2      1  1.0     0    71    2063    (-,-) 
  uu_dtpath/uu_exec/uu_alu/sub_16_37_Y_add_15_37/g725/z  (u)     in_0->z R     unmapped_complex2      2  2.0     0    82    2145    (-,-) 
  uu_dtpath/uu_exec/uu_alu/sub_16_37_Y_add_15_37/g711/z  (u)     in_0->z R     unmapped_or2           1  1.0     0    71    2216    (-,-) 
  uu_dtpath/uu_exec/uu_alu/sub_16_37_Y_add_15_37/g712/z  (u)     in_1->z F     unmapped_nand2         1  1.0     0    71    2287    (-,-) 
  uu_dtpath/uu_exec/uu_alu/g2122/z                       (u)     in_0->z R     unmapped_complex2      1  1.0     0    71    2358    (-,-) 
  uu_dtpath/uu_exec/uu_alu/g1657/z                       (u)     in_1->z F     unmapped_complex2      2  2.0     0    82    2440    (-,-) 
  uu_dtpath/uu_exec/uu_alu/g1641/z                       (u)     in_1->z F     unmapped_or2           1  1.0     0    71    2510    (-,-) 
  uu_dtpath/uu_exec/uu_alu/g1626/z                       (u)     in_1->z F     unmapped_or2           1  1.0     0    71    2581    (-,-) 
  uu_dtpath/uu_exec/uu_alu/g1620/z                       (u)     in_1->z F     unmapped_or2           1  1.0     0    71    2652    (-,-) 
  uu_dtpath/uu_exec/uu_alu/g1619/z                       (u)     in_1->z F     unmapped_or2           1  1.0     0    71    2723    (-,-) 
  uu_dtpath/uu_exec/uu_alu/g2278/z                       (u)     in_1->z R     unmapped_nor2          2  2.0     0    82    2805    (-,-) 
  uu_dtpath/uu_exec/g136/z                               (u)     in_0->z R     unmapped_complex2      1  1.0     0    71    2876    (-,-) 
  uu_dtpath/uu_exec/g372/z                               (u)     in_1->z F     unmapped_nand2         2  2.0     0    82    2958    (-,-) 
  uu_dtpath/uu_exec/g133/z                               (u)     in_0->z F     unmapped_complex2      1  1.0     0    71    3029    (-,-) 
  uu_dtpath/uu_exec/g134/z                               (u)     in_1->z R     unmapped_nand2         1  1.0     0    71    3100    (-,-) 
  uu_dtpath/uu_exec/g131/z                               (u)     in_0->z F     unmapped_nand2         1  1.0     0    71    3171    (-,-) 
  uu_dtpath/uu_exec/g130/z                               (u)     in_0->z R     unmapped_complex2     64  8.0     0   175    3346    (-,-) 
  uu_dtpath/uu_fetch/g428/z                              (u)     in_0->z F     unmapped_nand2         1  1.0     0    71    3416    (-,-) 
  uu_dtpath/uu_fetch/g408/z                              (u)     in_1->z R     unmapped_nand2         1  1.0     0    71    3487    (-,-) 
  uu_dtpath/uu_fetch/pc_ff_reg[8]/d                      -       -       R     unmapped_d_flop        1    -     -     0    3487    (-,-) 
#-----------------------------------------------------------------------------------------------------------------------------------------

(u) : Net has unmapped pin(s).



Path 25: MET (694 ps) Setup Check with Pin uu_dtpath/uu_fetch/pc_ff_reg[7]/clk->d
          Group: clk
     Startpoint: (R) uu_dtpath/uu_dec/o_aluSrc_reg/clk
          Clock: (R) clk
       Endpoint: (R) uu_dtpath/uu_fetch/pc_ff_reg[7]/d
          Clock: (R) clk

                     Capture       Launch     
        Clock Edge:+    4400            0     
       Src Latency:+       0            0     
       Net Latency:+       0 (I)        0 (I) 
           Arrival:=    4400            0     
                                              
             Setup:-     119                  
       Uncertainty:-     100                  
     Required Time:=    4181                  
      Launch Clock:-       0                  
         Data Path:-    3487                  
             Slack:=     694                  

#-----------------------------------------------------------------------------------------------------------------------------------------
#                     Timing Point                       Flags    Arc    Edge       Cell         Fanout Load Trans Delay Arrival Instance 
#                                                                                                       (fF)  (ps)  (ps)   (ps)  Location 
#-----------------------------------------------------------------------------------------------------------------------------------------
  uu_dtpath/uu_dec/o_aluSrc_reg/clk                      -       -       R     (arrival)            581    -    50     0       0    (-,-) 
  uu_dtpath/uu_dec/o_aluSrc_reg/q                        (u)     clk->q  R     unmapped_d_flop      128 12.0     0   448     448    (-,-) 
  uu_dtpath/uu_exec/g149/z                               (u)     in_1->z F     unmapped_nand2         1  1.0     0    71     518    (-,-) 
  uu_dtpath/uu_exec/g138/z                               (u)     in_1->z R     unmapped_nand2       198  6.0     0   196     714    (-,-) 
  uu_dtpath/uu_exec/uu_alu/sub_16_37_Y_add_15_37/g1114/z (u)     in_0->z F     unmapped_complex2      1  1.0     0    71     785    (-,-) 
  uu_dtpath/uu_exec/uu_alu/sub_16_37_Y_add_15_37/g1115/z (u)     in_1->z R     unmapped_nand2         4  4.0     0   101     886    (-,-) 
  uu_dtpath/uu_exec/uu_alu/sub_16_37_Y_add_15_37/g38/z   (u)     in_1->z F     unmapped_nand2         1  1.0     0    71     957    (-,-) 
  uu_dtpath/uu_exec/uu_alu/sub_16_37_Y_add_15_37/g985/z  (u)     in_1->z R     unmapped_nand2         1  1.0     0    71    1028    (-,-) 
  uu_dtpath/uu_exec/uu_alu/sub_16_37_Y_add_15_37/g922/z  (u)     in_1->z R     unmapped_complex2      3  3.0     0    91    1119    (-,-) 
  uu_dtpath/uu_exec/uu_alu/sub_16_37_Y_add_15_37/g894/z  (u)     in_1->z F     unmapped_nand2         1  1.0     0    71    1190    (-,-) 
  uu_dtpath/uu_exec/uu_alu/sub_16_37_Y_add_15_37/g106/z  (u)     in_1->z R     unmapped_nand2         4  4.0     0   101    1291    (-,-) 
  uu_dtpath/uu_exec/uu_alu/sub_16_37_Y_add_15_37/g844/z  (u)     in_0->z F     unmapped_complex2      1  1.0     0    71    1362    (-,-) 
  uu_dtpath/uu_exec/uu_alu/sub_16_37_Y_add_15_37/g825/z  (u)     in_0->z R     unmapped_complex2      5  5.0     0   109    1471    (-,-) 
  uu_dtpath/uu_exec/uu_alu/sub_16_37_Y_add_15_37/g819/z  (u)     in_0->z F     unmapped_complex2      2  2.0     0    82    1553    (-,-) 
  uu_dtpath/uu_exec/uu_alu/sub_16_37_Y_add_15_37/g801/z  (u)     in_1->z F     unmapped_or2           1  1.0     0    71    1624    (-,-) 
  uu_dtpath/uu_exec/uu_alu/sub_16_37_Y_add_15_37/g788/z  (u)     in_0->z R     unmapped_complex2     10 10.0     0   135    1759    (-,-) 
  uu_dtpath/uu_exec/uu_alu/sub_16_37_Y_add_15_37/g776/z  (u)     in_0->z F     unmapped_complex2      1  1.0     0    71    1830    (-,-) 
  uu_dtpath/uu_exec/uu_alu/sub_16_37_Y_add_15_37/g774/z  (u)     in_0->z R     unmapped_complex2     17 17.0     0   162    1992    (-,-) 
  uu_dtpath/uu_exec/uu_alu/sub_16_37_Y_add_15_37/g746/z  (u)     in_0->z F     unmapped_complex2      1  1.0     0    71    2063    (-,-) 
  uu_dtpath/uu_exec/uu_alu/sub_16_37_Y_add_15_37/g725/z  (u)     in_0->z R     unmapped_complex2      2  2.0     0    82    2145    (-,-) 
  uu_dtpath/uu_exec/uu_alu/sub_16_37_Y_add_15_37/g711/z  (u)     in_0->z R     unmapped_or2           1  1.0     0    71    2216    (-,-) 
  uu_dtpath/uu_exec/uu_alu/sub_16_37_Y_add_15_37/g712/z  (u)     in_1->z F     unmapped_nand2         1  1.0     0    71    2287    (-,-) 
  uu_dtpath/uu_exec/uu_alu/g2122/z                       (u)     in_0->z R     unmapped_complex2      1  1.0     0    71    2358    (-,-) 
  uu_dtpath/uu_exec/uu_alu/g1657/z                       (u)     in_1->z F     unmapped_complex2      2  2.0     0    82    2440    (-,-) 
  uu_dtpath/uu_exec/uu_alu/g1641/z                       (u)     in_1->z F     unmapped_or2           1  1.0     0    71    2510    (-,-) 
  uu_dtpath/uu_exec/uu_alu/g1626/z                       (u)     in_1->z F     unmapped_or2           1  1.0     0    71    2581    (-,-) 
  uu_dtpath/uu_exec/uu_alu/g1620/z                       (u)     in_1->z F     unmapped_or2           1  1.0     0    71    2652    (-,-) 
  uu_dtpath/uu_exec/uu_alu/g1619/z                       (u)     in_1->z F     unmapped_or2           1  1.0     0    71    2723    (-,-) 
  uu_dtpath/uu_exec/uu_alu/g2278/z                       (u)     in_1->z R     unmapped_nor2          2  2.0     0    82    2805    (-,-) 
  uu_dtpath/uu_exec/g136/z                               (u)     in_0->z R     unmapped_complex2      1  1.0     0    71    2876    (-,-) 
  uu_dtpath/uu_exec/g372/z                               (u)     in_1->z F     unmapped_nand2         2  2.0     0    82    2958    (-,-) 
  uu_dtpath/uu_exec/g133/z                               (u)     in_0->z F     unmapped_complex2      1  1.0     0    71    3029    (-,-) 
  uu_dtpath/uu_exec/g134/z                               (u)     in_1->z R     unmapped_nand2         1  1.0     0    71    3100    (-,-) 
  uu_dtpath/uu_exec/g131/z                               (u)     in_0->z F     unmapped_nand2         1  1.0     0    71    3171    (-,-) 
  uu_dtpath/uu_exec/g130/z                               (u)     in_0->z R     unmapped_complex2     64  8.0     0   175    3346    (-,-) 
  uu_dtpath/uu_fetch/g434/z                              (u)     in_0->z F     unmapped_nand2         1  1.0     0    71    3416    (-,-) 
  uu_dtpath/uu_fetch/g405/z                              (u)     in_1->z R     unmapped_nand2         1  1.0     0    71    3487    (-,-) 
  uu_dtpath/uu_fetch/pc_ff_reg[7]/d                      -       -       R     unmapped_d_flop        1    -     -     0    3487    (-,-) 
#-----------------------------------------------------------------------------------------------------------------------------------------

(u) : Net has unmapped pin(s).



Path 26: MET (694 ps) Setup Check with Pin uu_dtpath/uu_fetch/pc_ff_reg[6]/clk->d
          Group: clk
     Startpoint: (R) uu_dtpath/uu_dec/o_aluSrc_reg/clk
          Clock: (R) clk
       Endpoint: (R) uu_dtpath/uu_fetch/pc_ff_reg[6]/d
          Clock: (R) clk

                     Capture       Launch     
        Clock Edge:+    4400            0     
       Src Latency:+       0            0     
       Net Latency:+       0 (I)        0 (I) 
           Arrival:=    4400            0     
                                              
             Setup:-     119                  
       Uncertainty:-     100                  
     Required Time:=    4181                  
      Launch Clock:-       0                  
         Data Path:-    3487                  
             Slack:=     694                  

#-----------------------------------------------------------------------------------------------------------------------------------------
#                     Timing Point                       Flags    Arc    Edge       Cell         Fanout Load Trans Delay Arrival Instance 
#                                                                                                       (fF)  (ps)  (ps)   (ps)  Location 
#-----------------------------------------------------------------------------------------------------------------------------------------
  uu_dtpath/uu_dec/o_aluSrc_reg/clk                      -       -       R     (arrival)            581    -    50     0       0    (-,-) 
  uu_dtpath/uu_dec/o_aluSrc_reg/q                        (u)     clk->q  R     unmapped_d_flop      128 12.0     0   448     448    (-,-) 
  uu_dtpath/uu_exec/g149/z                               (u)     in_1->z F     unmapped_nand2         1  1.0     0    71     518    (-,-) 
  uu_dtpath/uu_exec/g138/z                               (u)     in_1->z R     unmapped_nand2       198  6.0     0   196     714    (-,-) 
  uu_dtpath/uu_exec/uu_alu/sub_16_37_Y_add_15_37/g1114/z (u)     in_0->z F     unmapped_complex2      1  1.0     0    71     785    (-,-) 
  uu_dtpath/uu_exec/uu_alu/sub_16_37_Y_add_15_37/g1115/z (u)     in_1->z R     unmapped_nand2         4  4.0     0   101     886    (-,-) 
  uu_dtpath/uu_exec/uu_alu/sub_16_37_Y_add_15_37/g38/z   (u)     in_1->z F     unmapped_nand2         1  1.0     0    71     957    (-,-) 
  uu_dtpath/uu_exec/uu_alu/sub_16_37_Y_add_15_37/g985/z  (u)     in_1->z R     unmapped_nand2         1  1.0     0    71    1028    (-,-) 
  uu_dtpath/uu_exec/uu_alu/sub_16_37_Y_add_15_37/g922/z  (u)     in_1->z R     unmapped_complex2      3  3.0     0    91    1119    (-,-) 
  uu_dtpath/uu_exec/uu_alu/sub_16_37_Y_add_15_37/g894/z  (u)     in_1->z F     unmapped_nand2         1  1.0     0    71    1190    (-,-) 
  uu_dtpath/uu_exec/uu_alu/sub_16_37_Y_add_15_37/g106/z  (u)     in_1->z R     unmapped_nand2         4  4.0     0   101    1291    (-,-) 
  uu_dtpath/uu_exec/uu_alu/sub_16_37_Y_add_15_37/g844/z  (u)     in_0->z F     unmapped_complex2      1  1.0     0    71    1362    (-,-) 
  uu_dtpath/uu_exec/uu_alu/sub_16_37_Y_add_15_37/g825/z  (u)     in_0->z R     unmapped_complex2      5  5.0     0   109    1471    (-,-) 
  uu_dtpath/uu_exec/uu_alu/sub_16_37_Y_add_15_37/g819/z  (u)     in_0->z F     unmapped_complex2      2  2.0     0    82    1553    (-,-) 
  uu_dtpath/uu_exec/uu_alu/sub_16_37_Y_add_15_37/g801/z  (u)     in_1->z F     unmapped_or2           1  1.0     0    71    1624    (-,-) 
  uu_dtpath/uu_exec/uu_alu/sub_16_37_Y_add_15_37/g788/z  (u)     in_0->z R     unmapped_complex2     10 10.0     0   135    1759    (-,-) 
  uu_dtpath/uu_exec/uu_alu/sub_16_37_Y_add_15_37/g776/z  (u)     in_0->z F     unmapped_complex2      1  1.0     0    71    1830    (-,-) 
  uu_dtpath/uu_exec/uu_alu/sub_16_37_Y_add_15_37/g774/z  (u)     in_0->z R     unmapped_complex2     17 17.0     0   162    1992    (-,-) 
  uu_dtpath/uu_exec/uu_alu/sub_16_37_Y_add_15_37/g746/z  (u)     in_0->z F     unmapped_complex2      1  1.0     0    71    2063    (-,-) 
  uu_dtpath/uu_exec/uu_alu/sub_16_37_Y_add_15_37/g725/z  (u)     in_0->z R     unmapped_complex2      2  2.0     0    82    2145    (-,-) 
  uu_dtpath/uu_exec/uu_alu/sub_16_37_Y_add_15_37/g711/z  (u)     in_0->z R     unmapped_or2           1  1.0     0    71    2216    (-,-) 
  uu_dtpath/uu_exec/uu_alu/sub_16_37_Y_add_15_37/g712/z  (u)     in_1->z F     unmapped_nand2         1  1.0     0    71    2287    (-,-) 
  uu_dtpath/uu_exec/uu_alu/g2122/z                       (u)     in_0->z R     unmapped_complex2      1  1.0     0    71    2358    (-,-) 
  uu_dtpath/uu_exec/uu_alu/g1657/z                       (u)     in_1->z F     unmapped_complex2      2  2.0     0    82    2440    (-,-) 
  uu_dtpath/uu_exec/uu_alu/g1641/z                       (u)     in_1->z F     unmapped_or2           1  1.0     0    71    2510    (-,-) 
  uu_dtpath/uu_exec/uu_alu/g1626/z                       (u)     in_1->z F     unmapped_or2           1  1.0     0    71    2581    (-,-) 
  uu_dtpath/uu_exec/uu_alu/g1620/z                       (u)     in_1->z F     unmapped_or2           1  1.0     0    71    2652    (-,-) 
  uu_dtpath/uu_exec/uu_alu/g1619/z                       (u)     in_1->z F     unmapped_or2           1  1.0     0    71    2723    (-,-) 
  uu_dtpath/uu_exec/uu_alu/g2278/z                       (u)     in_1->z R     unmapped_nor2          2  2.0     0    82    2805    (-,-) 
  uu_dtpath/uu_exec/g136/z                               (u)     in_0->z R     unmapped_complex2      1  1.0     0    71    2876    (-,-) 
  uu_dtpath/uu_exec/g372/z                               (u)     in_1->z F     unmapped_nand2         2  2.0     0    82    2958    (-,-) 
  uu_dtpath/uu_exec/g133/z                               (u)     in_0->z F     unmapped_complex2      1  1.0     0    71    3029    (-,-) 
  uu_dtpath/uu_exec/g134/z                               (u)     in_1->z R     unmapped_nand2         1  1.0     0    71    3100    (-,-) 
  uu_dtpath/uu_exec/g131/z                               (u)     in_0->z F     unmapped_nand2         1  1.0     0    71    3171    (-,-) 
  uu_dtpath/uu_exec/g130/z                               (u)     in_0->z R     unmapped_complex2     64  8.0     0   175    3346    (-,-) 
  uu_dtpath/uu_fetch/g440/z                              (u)     in_0->z F     unmapped_nand2         1  1.0     0    71    3416    (-,-) 
  uu_dtpath/uu_fetch/g402/z                              (u)     in_1->z R     unmapped_nand2         1  1.0     0    71    3487    (-,-) 
  uu_dtpath/uu_fetch/pc_ff_reg[6]/d                      -       -       R     unmapped_d_flop        1    -     -     0    3487    (-,-) 
#-----------------------------------------------------------------------------------------------------------------------------------------

(u) : Net has unmapped pin(s).



Path 27: MET (694 ps) Setup Check with Pin uu_dtpath/uu_fetch/pc_ff_reg[5]/clk->d
          Group: clk
     Startpoint: (R) uu_dtpath/uu_dec/o_aluSrc_reg/clk
          Clock: (R) clk
       Endpoint: (R) uu_dtpath/uu_fetch/pc_ff_reg[5]/d
          Clock: (R) clk

                     Capture       Launch     
        Clock Edge:+    4400            0     
       Src Latency:+       0            0     
       Net Latency:+       0 (I)        0 (I) 
           Arrival:=    4400            0     
                                              
             Setup:-     119                  
       Uncertainty:-     100                  
     Required Time:=    4181                  
      Launch Clock:-       0                  
         Data Path:-    3487                  
             Slack:=     694                  

#-----------------------------------------------------------------------------------------------------------------------------------------
#                     Timing Point                       Flags    Arc    Edge       Cell         Fanout Load Trans Delay Arrival Instance 
#                                                                                                       (fF)  (ps)  (ps)   (ps)  Location 
#-----------------------------------------------------------------------------------------------------------------------------------------
  uu_dtpath/uu_dec/o_aluSrc_reg/clk                      -       -       R     (arrival)            581    -    50     0       0    (-,-) 
  uu_dtpath/uu_dec/o_aluSrc_reg/q                        (u)     clk->q  R     unmapped_d_flop      128 12.0     0   448     448    (-,-) 
  uu_dtpath/uu_exec/g149/z                               (u)     in_1->z F     unmapped_nand2         1  1.0     0    71     518    (-,-) 
  uu_dtpath/uu_exec/g138/z                               (u)     in_1->z R     unmapped_nand2       198  6.0     0   196     714    (-,-) 
  uu_dtpath/uu_exec/uu_alu/sub_16_37_Y_add_15_37/g1114/z (u)     in_0->z F     unmapped_complex2      1  1.0     0    71     785    (-,-) 
  uu_dtpath/uu_exec/uu_alu/sub_16_37_Y_add_15_37/g1115/z (u)     in_1->z R     unmapped_nand2         4  4.0     0   101     886    (-,-) 
  uu_dtpath/uu_exec/uu_alu/sub_16_37_Y_add_15_37/g38/z   (u)     in_1->z F     unmapped_nand2         1  1.0     0    71     957    (-,-) 
  uu_dtpath/uu_exec/uu_alu/sub_16_37_Y_add_15_37/g985/z  (u)     in_1->z R     unmapped_nand2         1  1.0     0    71    1028    (-,-) 
  uu_dtpath/uu_exec/uu_alu/sub_16_37_Y_add_15_37/g922/z  (u)     in_1->z R     unmapped_complex2      3  3.0     0    91    1119    (-,-) 
  uu_dtpath/uu_exec/uu_alu/sub_16_37_Y_add_15_37/g894/z  (u)     in_1->z F     unmapped_nand2         1  1.0     0    71    1190    (-,-) 
  uu_dtpath/uu_exec/uu_alu/sub_16_37_Y_add_15_37/g106/z  (u)     in_1->z R     unmapped_nand2         4  4.0     0   101    1291    (-,-) 
  uu_dtpath/uu_exec/uu_alu/sub_16_37_Y_add_15_37/g844/z  (u)     in_0->z F     unmapped_complex2      1  1.0     0    71    1362    (-,-) 
  uu_dtpath/uu_exec/uu_alu/sub_16_37_Y_add_15_37/g825/z  (u)     in_0->z R     unmapped_complex2      5  5.0     0   109    1471    (-,-) 
  uu_dtpath/uu_exec/uu_alu/sub_16_37_Y_add_15_37/g819/z  (u)     in_0->z F     unmapped_complex2      2  2.0     0    82    1553    (-,-) 
  uu_dtpath/uu_exec/uu_alu/sub_16_37_Y_add_15_37/g801/z  (u)     in_1->z F     unmapped_or2           1  1.0     0    71    1624    (-,-) 
  uu_dtpath/uu_exec/uu_alu/sub_16_37_Y_add_15_37/g788/z  (u)     in_0->z R     unmapped_complex2     10 10.0     0   135    1759    (-,-) 
  uu_dtpath/uu_exec/uu_alu/sub_16_37_Y_add_15_37/g776/z  (u)     in_0->z F     unmapped_complex2      1  1.0     0    71    1830    (-,-) 
  uu_dtpath/uu_exec/uu_alu/sub_16_37_Y_add_15_37/g774/z  (u)     in_0->z R     unmapped_complex2     17 17.0     0   162    1992    (-,-) 
  uu_dtpath/uu_exec/uu_alu/sub_16_37_Y_add_15_37/g746/z  (u)     in_0->z F     unmapped_complex2      1  1.0     0    71    2063    (-,-) 
  uu_dtpath/uu_exec/uu_alu/sub_16_37_Y_add_15_37/g725/z  (u)     in_0->z R     unmapped_complex2      2  2.0     0    82    2145    (-,-) 
  uu_dtpath/uu_exec/uu_alu/sub_16_37_Y_add_15_37/g711/z  (u)     in_0->z R     unmapped_or2           1  1.0     0    71    2216    (-,-) 
  uu_dtpath/uu_exec/uu_alu/sub_16_37_Y_add_15_37/g712/z  (u)     in_1->z F     unmapped_nand2         1  1.0     0    71    2287    (-,-) 
  uu_dtpath/uu_exec/uu_alu/g2122/z                       (u)     in_0->z R     unmapped_complex2      1  1.0     0    71    2358    (-,-) 
  uu_dtpath/uu_exec/uu_alu/g1657/z                       (u)     in_1->z F     unmapped_complex2      2  2.0     0    82    2440    (-,-) 
  uu_dtpath/uu_exec/uu_alu/g1641/z                       (u)     in_1->z F     unmapped_or2           1  1.0     0    71    2510    (-,-) 
  uu_dtpath/uu_exec/uu_alu/g1626/z                       (u)     in_1->z F     unmapped_or2           1  1.0     0    71    2581    (-,-) 
  uu_dtpath/uu_exec/uu_alu/g1620/z                       (u)     in_1->z F     unmapped_or2           1  1.0     0    71    2652    (-,-) 
  uu_dtpath/uu_exec/uu_alu/g1619/z                       (u)     in_1->z F     unmapped_or2           1  1.0     0    71    2723    (-,-) 
  uu_dtpath/uu_exec/uu_alu/g2278/z                       (u)     in_1->z R     unmapped_nor2          2  2.0     0    82    2805    (-,-) 
  uu_dtpath/uu_exec/g136/z                               (u)     in_0->z R     unmapped_complex2      1  1.0     0    71    2876    (-,-) 
  uu_dtpath/uu_exec/g372/z                               (u)     in_1->z F     unmapped_nand2         2  2.0     0    82    2958    (-,-) 
  uu_dtpath/uu_exec/g133/z                               (u)     in_0->z F     unmapped_complex2      1  1.0     0    71    3029    (-,-) 
  uu_dtpath/uu_exec/g134/z                               (u)     in_1->z R     unmapped_nand2         1  1.0     0    71    3100    (-,-) 
  uu_dtpath/uu_exec/g131/z                               (u)     in_0->z F     unmapped_nand2         1  1.0     0    71    3171    (-,-) 
  uu_dtpath/uu_exec/g130/z                               (u)     in_0->z R     unmapped_complex2     64  8.0     0   175    3346    (-,-) 
  uu_dtpath/uu_fetch/g446/z                              (u)     in_0->z F     unmapped_nand2         1  1.0     0    71    3416    (-,-) 
  uu_dtpath/uu_fetch/g399/z                              (u)     in_1->z R     unmapped_nand2         1  1.0     0    71    3487    (-,-) 
  uu_dtpath/uu_fetch/pc_ff_reg[5]/d                      -       -       R     unmapped_d_flop        1    -     -     0    3487    (-,-) 
#-----------------------------------------------------------------------------------------------------------------------------------------

(u) : Net has unmapped pin(s).



Path 28: MET (694 ps) Setup Check with Pin uu_dtpath/uu_fetch/pc_ff_reg[4]/clk->d
          Group: clk
     Startpoint: (R) uu_dtpath/uu_dec/o_aluSrc_reg/clk
          Clock: (R) clk
       Endpoint: (R) uu_dtpath/uu_fetch/pc_ff_reg[4]/d
          Clock: (R) clk

                     Capture       Launch     
        Clock Edge:+    4400            0     
       Src Latency:+       0            0     
       Net Latency:+       0 (I)        0 (I) 
           Arrival:=    4400            0     
                                              
             Setup:-     119                  
       Uncertainty:-     100                  
     Required Time:=    4181                  
      Launch Clock:-       0                  
         Data Path:-    3487                  
             Slack:=     694                  

#-----------------------------------------------------------------------------------------------------------------------------------------
#                     Timing Point                       Flags    Arc    Edge       Cell         Fanout Load Trans Delay Arrival Instance 
#                                                                                                       (fF)  (ps)  (ps)   (ps)  Location 
#-----------------------------------------------------------------------------------------------------------------------------------------
  uu_dtpath/uu_dec/o_aluSrc_reg/clk                      -       -       R     (arrival)            581    -    50     0       0    (-,-) 
  uu_dtpath/uu_dec/o_aluSrc_reg/q                        (u)     clk->q  R     unmapped_d_flop      128 12.0     0   448     448    (-,-) 
  uu_dtpath/uu_exec/g149/z                               (u)     in_1->z F     unmapped_nand2         1  1.0     0    71     518    (-,-) 
  uu_dtpath/uu_exec/g138/z                               (u)     in_1->z R     unmapped_nand2       198  6.0     0   196     714    (-,-) 
  uu_dtpath/uu_exec/uu_alu/sub_16_37_Y_add_15_37/g1114/z (u)     in_0->z F     unmapped_complex2      1  1.0     0    71     785    (-,-) 
  uu_dtpath/uu_exec/uu_alu/sub_16_37_Y_add_15_37/g1115/z (u)     in_1->z R     unmapped_nand2         4  4.0     0   101     886    (-,-) 
  uu_dtpath/uu_exec/uu_alu/sub_16_37_Y_add_15_37/g38/z   (u)     in_1->z F     unmapped_nand2         1  1.0     0    71     957    (-,-) 
  uu_dtpath/uu_exec/uu_alu/sub_16_37_Y_add_15_37/g985/z  (u)     in_1->z R     unmapped_nand2         1  1.0     0    71    1028    (-,-) 
  uu_dtpath/uu_exec/uu_alu/sub_16_37_Y_add_15_37/g922/z  (u)     in_1->z R     unmapped_complex2      3  3.0     0    91    1119    (-,-) 
  uu_dtpath/uu_exec/uu_alu/sub_16_37_Y_add_15_37/g894/z  (u)     in_1->z F     unmapped_nand2         1  1.0     0    71    1190    (-,-) 
  uu_dtpath/uu_exec/uu_alu/sub_16_37_Y_add_15_37/g106/z  (u)     in_1->z R     unmapped_nand2         4  4.0     0   101    1291    (-,-) 
  uu_dtpath/uu_exec/uu_alu/sub_16_37_Y_add_15_37/g844/z  (u)     in_0->z F     unmapped_complex2      1  1.0     0    71    1362    (-,-) 
  uu_dtpath/uu_exec/uu_alu/sub_16_37_Y_add_15_37/g825/z  (u)     in_0->z R     unmapped_complex2      5  5.0     0   109    1471    (-,-) 
  uu_dtpath/uu_exec/uu_alu/sub_16_37_Y_add_15_37/g819/z  (u)     in_0->z F     unmapped_complex2      2  2.0     0    82    1553    (-,-) 
  uu_dtpath/uu_exec/uu_alu/sub_16_37_Y_add_15_37/g801/z  (u)     in_1->z F     unmapped_or2           1  1.0     0    71    1624    (-,-) 
  uu_dtpath/uu_exec/uu_alu/sub_16_37_Y_add_15_37/g788/z  (u)     in_0->z R     unmapped_complex2     10 10.0     0   135    1759    (-,-) 
  uu_dtpath/uu_exec/uu_alu/sub_16_37_Y_add_15_37/g776/z  (u)     in_0->z F     unmapped_complex2      1  1.0     0    71    1830    (-,-) 
  uu_dtpath/uu_exec/uu_alu/sub_16_37_Y_add_15_37/g774/z  (u)     in_0->z R     unmapped_complex2     17 17.0     0   162    1992    (-,-) 
  uu_dtpath/uu_exec/uu_alu/sub_16_37_Y_add_15_37/g746/z  (u)     in_0->z F     unmapped_complex2      1  1.0     0    71    2063    (-,-) 
  uu_dtpath/uu_exec/uu_alu/sub_16_37_Y_add_15_37/g725/z  (u)     in_0->z R     unmapped_complex2      2  2.0     0    82    2145    (-,-) 
  uu_dtpath/uu_exec/uu_alu/sub_16_37_Y_add_15_37/g711/z  (u)     in_0->z R     unmapped_or2           1  1.0     0    71    2216    (-,-) 
  uu_dtpath/uu_exec/uu_alu/sub_16_37_Y_add_15_37/g712/z  (u)     in_1->z F     unmapped_nand2         1  1.0     0    71    2287    (-,-) 
  uu_dtpath/uu_exec/uu_alu/g2122/z                       (u)     in_0->z R     unmapped_complex2      1  1.0     0    71    2358    (-,-) 
  uu_dtpath/uu_exec/uu_alu/g1657/z                       (u)     in_1->z F     unmapped_complex2      2  2.0     0    82    2440    (-,-) 
  uu_dtpath/uu_exec/uu_alu/g1641/z                       (u)     in_1->z F     unmapped_or2           1  1.0     0    71    2510    (-,-) 
  uu_dtpath/uu_exec/uu_alu/g1626/z                       (u)     in_1->z F     unmapped_or2           1  1.0     0    71    2581    (-,-) 
  uu_dtpath/uu_exec/uu_alu/g1620/z                       (u)     in_1->z F     unmapped_or2           1  1.0     0    71    2652    (-,-) 
  uu_dtpath/uu_exec/uu_alu/g1619/z                       (u)     in_1->z F     unmapped_or2           1  1.0     0    71    2723    (-,-) 
  uu_dtpath/uu_exec/uu_alu/g2278/z                       (u)     in_1->z R     unmapped_nor2          2  2.0     0    82    2805    (-,-) 
  uu_dtpath/uu_exec/g136/z                               (u)     in_0->z R     unmapped_complex2      1  1.0     0    71    2876    (-,-) 
  uu_dtpath/uu_exec/g372/z                               (u)     in_1->z F     unmapped_nand2         2  2.0     0    82    2958    (-,-) 
  uu_dtpath/uu_exec/g133/z                               (u)     in_0->z F     unmapped_complex2      1  1.0     0    71    3029    (-,-) 
  uu_dtpath/uu_exec/g134/z                               (u)     in_1->z R     unmapped_nand2         1  1.0     0    71    3100    (-,-) 
  uu_dtpath/uu_exec/g131/z                               (u)     in_0->z F     unmapped_nand2         1  1.0     0    71    3171    (-,-) 
  uu_dtpath/uu_exec/g130/z                               (u)     in_0->z R     unmapped_complex2     64  8.0     0   175    3346    (-,-) 
  uu_dtpath/uu_fetch/g452/z                              (u)     in_0->z F     unmapped_nand2         1  1.0     0    71    3416    (-,-) 
  uu_dtpath/uu_fetch/g396/z                              (u)     in_1->z R     unmapped_nand2         1  1.0     0    71    3487    (-,-) 
  uu_dtpath/uu_fetch/pc_ff_reg[4]/d                      -       -       R     unmapped_d_flop        1    -     -     0    3487    (-,-) 
#-----------------------------------------------------------------------------------------------------------------------------------------

(u) : Net has unmapped pin(s).



Path 29: MET (694 ps) Setup Check with Pin uu_dtpath/uu_fetch/pc_ff_reg[3]/clk->d
          Group: clk
     Startpoint: (R) uu_dtpath/uu_dec/o_aluSrc_reg/clk
          Clock: (R) clk
       Endpoint: (R) uu_dtpath/uu_fetch/pc_ff_reg[3]/d
          Clock: (R) clk

                     Capture       Launch     
        Clock Edge:+    4400            0     
       Src Latency:+       0            0     
       Net Latency:+       0 (I)        0 (I) 
           Arrival:=    4400            0     
                                              
             Setup:-     119                  
       Uncertainty:-     100                  
     Required Time:=    4181                  
      Launch Clock:-       0                  
         Data Path:-    3487                  
             Slack:=     694                  

#-----------------------------------------------------------------------------------------------------------------------------------------
#                     Timing Point                       Flags    Arc    Edge       Cell         Fanout Load Trans Delay Arrival Instance 
#                                                                                                       (fF)  (ps)  (ps)   (ps)  Location 
#-----------------------------------------------------------------------------------------------------------------------------------------
  uu_dtpath/uu_dec/o_aluSrc_reg/clk                      -       -       R     (arrival)            581    -    50     0       0    (-,-) 
  uu_dtpath/uu_dec/o_aluSrc_reg/q                        (u)     clk->q  R     unmapped_d_flop      128 12.0     0   448     448    (-,-) 
  uu_dtpath/uu_exec/g149/z                               (u)     in_1->z F     unmapped_nand2         1  1.0     0    71     518    (-,-) 
  uu_dtpath/uu_exec/g138/z                               (u)     in_1->z R     unmapped_nand2       198  6.0     0   196     714    (-,-) 
  uu_dtpath/uu_exec/uu_alu/sub_16_37_Y_add_15_37/g1114/z (u)     in_0->z F     unmapped_complex2      1  1.0     0    71     785    (-,-) 
  uu_dtpath/uu_exec/uu_alu/sub_16_37_Y_add_15_37/g1115/z (u)     in_1->z R     unmapped_nand2         4  4.0     0   101     886    (-,-) 
  uu_dtpath/uu_exec/uu_alu/sub_16_37_Y_add_15_37/g38/z   (u)     in_1->z F     unmapped_nand2         1  1.0     0    71     957    (-,-) 
  uu_dtpath/uu_exec/uu_alu/sub_16_37_Y_add_15_37/g985/z  (u)     in_1->z R     unmapped_nand2         1  1.0     0    71    1028    (-,-) 
  uu_dtpath/uu_exec/uu_alu/sub_16_37_Y_add_15_37/g922/z  (u)     in_1->z R     unmapped_complex2      3  3.0     0    91    1119    (-,-) 
  uu_dtpath/uu_exec/uu_alu/sub_16_37_Y_add_15_37/g894/z  (u)     in_1->z F     unmapped_nand2         1  1.0     0    71    1190    (-,-) 
  uu_dtpath/uu_exec/uu_alu/sub_16_37_Y_add_15_37/g106/z  (u)     in_1->z R     unmapped_nand2         4  4.0     0   101    1291    (-,-) 
  uu_dtpath/uu_exec/uu_alu/sub_16_37_Y_add_15_37/g844/z  (u)     in_0->z F     unmapped_complex2      1  1.0     0    71    1362    (-,-) 
  uu_dtpath/uu_exec/uu_alu/sub_16_37_Y_add_15_37/g825/z  (u)     in_0->z R     unmapped_complex2      5  5.0     0   109    1471    (-,-) 
  uu_dtpath/uu_exec/uu_alu/sub_16_37_Y_add_15_37/g819/z  (u)     in_0->z F     unmapped_complex2      2  2.0     0    82    1553    (-,-) 
  uu_dtpath/uu_exec/uu_alu/sub_16_37_Y_add_15_37/g801/z  (u)     in_1->z F     unmapped_or2           1  1.0     0    71    1624    (-,-) 
  uu_dtpath/uu_exec/uu_alu/sub_16_37_Y_add_15_37/g788/z  (u)     in_0->z R     unmapped_complex2     10 10.0     0   135    1759    (-,-) 
  uu_dtpath/uu_exec/uu_alu/sub_16_37_Y_add_15_37/g776/z  (u)     in_0->z F     unmapped_complex2      1  1.0     0    71    1830    (-,-) 
  uu_dtpath/uu_exec/uu_alu/sub_16_37_Y_add_15_37/g774/z  (u)     in_0->z R     unmapped_complex2     17 17.0     0   162    1992    (-,-) 
  uu_dtpath/uu_exec/uu_alu/sub_16_37_Y_add_15_37/g746/z  (u)     in_0->z F     unmapped_complex2      1  1.0     0    71    2063    (-,-) 
  uu_dtpath/uu_exec/uu_alu/sub_16_37_Y_add_15_37/g725/z  (u)     in_0->z R     unmapped_complex2      2  2.0     0    82    2145    (-,-) 
  uu_dtpath/uu_exec/uu_alu/sub_16_37_Y_add_15_37/g711/z  (u)     in_0->z R     unmapped_or2           1  1.0     0    71    2216    (-,-) 
  uu_dtpath/uu_exec/uu_alu/sub_16_37_Y_add_15_37/g712/z  (u)     in_1->z F     unmapped_nand2         1  1.0     0    71    2287    (-,-) 
  uu_dtpath/uu_exec/uu_alu/g2122/z                       (u)     in_0->z R     unmapped_complex2      1  1.0     0    71    2358    (-,-) 
  uu_dtpath/uu_exec/uu_alu/g1657/z                       (u)     in_1->z F     unmapped_complex2      2  2.0     0    82    2440    (-,-) 
  uu_dtpath/uu_exec/uu_alu/g1641/z                       (u)     in_1->z F     unmapped_or2           1  1.0     0    71    2510    (-,-) 
  uu_dtpath/uu_exec/uu_alu/g1626/z                       (u)     in_1->z F     unmapped_or2           1  1.0     0    71    2581    (-,-) 
  uu_dtpath/uu_exec/uu_alu/g1620/z                       (u)     in_1->z F     unmapped_or2           1  1.0     0    71    2652    (-,-) 
  uu_dtpath/uu_exec/uu_alu/g1619/z                       (u)     in_1->z F     unmapped_or2           1  1.0     0    71    2723    (-,-) 
  uu_dtpath/uu_exec/uu_alu/g2278/z                       (u)     in_1->z R     unmapped_nor2          2  2.0     0    82    2805    (-,-) 
  uu_dtpath/uu_exec/g136/z                               (u)     in_0->z R     unmapped_complex2      1  1.0     0    71    2876    (-,-) 
  uu_dtpath/uu_exec/g372/z                               (u)     in_1->z F     unmapped_nand2         2  2.0     0    82    2958    (-,-) 
  uu_dtpath/uu_exec/g133/z                               (u)     in_0->z F     unmapped_complex2      1  1.0     0    71    3029    (-,-) 
  uu_dtpath/uu_exec/g134/z                               (u)     in_1->z R     unmapped_nand2         1  1.0     0    71    3100    (-,-) 
  uu_dtpath/uu_exec/g131/z                               (u)     in_0->z F     unmapped_nand2         1  1.0     0    71    3171    (-,-) 
  uu_dtpath/uu_exec/g130/z                               (u)     in_0->z R     unmapped_complex2     64  8.0     0   175    3346    (-,-) 
  uu_dtpath/uu_fetch/g458/z                              (u)     in_0->z F     unmapped_nand2         1  1.0     0    71    3416    (-,-) 
  uu_dtpath/uu_fetch/g393/z                              (u)     in_1->z R     unmapped_nand2         1  1.0     0    71    3487    (-,-) 
  uu_dtpath/uu_fetch/pc_ff_reg[3]/d                      -       -       R     unmapped_d_flop        1    -     -     0    3487    (-,-) 
#-----------------------------------------------------------------------------------------------------------------------------------------

(u) : Net has unmapped pin(s).



Path 30: MET (694 ps) Setup Check with Pin uu_dtpath/uu_fetch/pc_ff_reg[2]/clk->d
          Group: clk
     Startpoint: (R) uu_dtpath/uu_dec/o_aluSrc_reg/clk
          Clock: (R) clk
       Endpoint: (R) uu_dtpath/uu_fetch/pc_ff_reg[2]/d
          Clock: (R) clk

                     Capture       Launch     
        Clock Edge:+    4400            0     
       Src Latency:+       0            0     
       Net Latency:+       0 (I)        0 (I) 
           Arrival:=    4400            0     
                                              
             Setup:-     119                  
       Uncertainty:-     100                  
     Required Time:=    4181                  
      Launch Clock:-       0                  
         Data Path:-    3487                  
             Slack:=     694                  

#-----------------------------------------------------------------------------------------------------------------------------------------
#                     Timing Point                       Flags    Arc    Edge       Cell         Fanout Load Trans Delay Arrival Instance 
#                                                                                                       (fF)  (ps)  (ps)   (ps)  Location 
#-----------------------------------------------------------------------------------------------------------------------------------------
  uu_dtpath/uu_dec/o_aluSrc_reg/clk                      -       -       R     (arrival)            581    -    50     0       0    (-,-) 
  uu_dtpath/uu_dec/o_aluSrc_reg/q                        (u)     clk->q  R     unmapped_d_flop      128 12.0     0   448     448    (-,-) 
  uu_dtpath/uu_exec/g149/z                               (u)     in_1->z F     unmapped_nand2         1  1.0     0    71     518    (-,-) 
  uu_dtpath/uu_exec/g138/z                               (u)     in_1->z R     unmapped_nand2       198  6.0     0   196     714    (-,-) 
  uu_dtpath/uu_exec/uu_alu/sub_16_37_Y_add_15_37/g1114/z (u)     in_0->z F     unmapped_complex2      1  1.0     0    71     785    (-,-) 
  uu_dtpath/uu_exec/uu_alu/sub_16_37_Y_add_15_37/g1115/z (u)     in_1->z R     unmapped_nand2         4  4.0     0   101     886    (-,-) 
  uu_dtpath/uu_exec/uu_alu/sub_16_37_Y_add_15_37/g38/z   (u)     in_1->z F     unmapped_nand2         1  1.0     0    71     957    (-,-) 
  uu_dtpath/uu_exec/uu_alu/sub_16_37_Y_add_15_37/g985/z  (u)     in_1->z R     unmapped_nand2         1  1.0     0    71    1028    (-,-) 
  uu_dtpath/uu_exec/uu_alu/sub_16_37_Y_add_15_37/g922/z  (u)     in_1->z R     unmapped_complex2      3  3.0     0    91    1119    (-,-) 
  uu_dtpath/uu_exec/uu_alu/sub_16_37_Y_add_15_37/g894/z  (u)     in_1->z F     unmapped_nand2         1  1.0     0    71    1190    (-,-) 
  uu_dtpath/uu_exec/uu_alu/sub_16_37_Y_add_15_37/g106/z  (u)     in_1->z R     unmapped_nand2         4  4.0     0   101    1291    (-,-) 
  uu_dtpath/uu_exec/uu_alu/sub_16_37_Y_add_15_37/g844/z  (u)     in_0->z F     unmapped_complex2      1  1.0     0    71    1362    (-,-) 
  uu_dtpath/uu_exec/uu_alu/sub_16_37_Y_add_15_37/g825/z  (u)     in_0->z R     unmapped_complex2      5  5.0     0   109    1471    (-,-) 
  uu_dtpath/uu_exec/uu_alu/sub_16_37_Y_add_15_37/g819/z  (u)     in_0->z F     unmapped_complex2      2  2.0     0    82    1553    (-,-) 
  uu_dtpath/uu_exec/uu_alu/sub_16_37_Y_add_15_37/g801/z  (u)     in_1->z F     unmapped_or2           1  1.0     0    71    1624    (-,-) 
  uu_dtpath/uu_exec/uu_alu/sub_16_37_Y_add_15_37/g788/z  (u)     in_0->z R     unmapped_complex2     10 10.0     0   135    1759    (-,-) 
  uu_dtpath/uu_exec/uu_alu/sub_16_37_Y_add_15_37/g776/z  (u)     in_0->z F     unmapped_complex2      1  1.0     0    71    1830    (-,-) 
  uu_dtpath/uu_exec/uu_alu/sub_16_37_Y_add_15_37/g774/z  (u)     in_0->z R     unmapped_complex2     17 17.0     0   162    1992    (-,-) 
  uu_dtpath/uu_exec/uu_alu/sub_16_37_Y_add_15_37/g746/z  (u)     in_0->z F     unmapped_complex2      1  1.0     0    71    2063    (-,-) 
  uu_dtpath/uu_exec/uu_alu/sub_16_37_Y_add_15_37/g725/z  (u)     in_0->z R     unmapped_complex2      2  2.0     0    82    2145    (-,-) 
  uu_dtpath/uu_exec/uu_alu/sub_16_37_Y_add_15_37/g711/z  (u)     in_0->z R     unmapped_or2           1  1.0     0    71    2216    (-,-) 
  uu_dtpath/uu_exec/uu_alu/sub_16_37_Y_add_15_37/g712/z  (u)     in_1->z F     unmapped_nand2         1  1.0     0    71    2287    (-,-) 
  uu_dtpath/uu_exec/uu_alu/g2122/z                       (u)     in_0->z R     unmapped_complex2      1  1.0     0    71    2358    (-,-) 
  uu_dtpath/uu_exec/uu_alu/g1657/z                       (u)     in_1->z F     unmapped_complex2      2  2.0     0    82    2440    (-,-) 
  uu_dtpath/uu_exec/uu_alu/g1641/z                       (u)     in_1->z F     unmapped_or2           1  1.0     0    71    2510    (-,-) 
  uu_dtpath/uu_exec/uu_alu/g1626/z                       (u)     in_1->z F     unmapped_or2           1  1.0     0    71    2581    (-,-) 
  uu_dtpath/uu_exec/uu_alu/g1620/z                       (u)     in_1->z F     unmapped_or2           1  1.0     0    71    2652    (-,-) 
  uu_dtpath/uu_exec/uu_alu/g1619/z                       (u)     in_1->z F     unmapped_or2           1  1.0     0    71    2723    (-,-) 
  uu_dtpath/uu_exec/uu_alu/g2278/z                       (u)     in_1->z R     unmapped_nor2          2  2.0     0    82    2805    (-,-) 
  uu_dtpath/uu_exec/g136/z                               (u)     in_0->z R     unmapped_complex2      1  1.0     0    71    2876    (-,-) 
  uu_dtpath/uu_exec/g372/z                               (u)     in_1->z F     unmapped_nand2         2  2.0     0    82    2958    (-,-) 
  uu_dtpath/uu_exec/g133/z                               (u)     in_0->z F     unmapped_complex2      1  1.0     0    71    3029    (-,-) 
  uu_dtpath/uu_exec/g134/z                               (u)     in_1->z R     unmapped_nand2         1  1.0     0    71    3100    (-,-) 
  uu_dtpath/uu_exec/g131/z                               (u)     in_0->z F     unmapped_nand2         1  1.0     0    71    3171    (-,-) 
  uu_dtpath/uu_exec/g130/z                               (u)     in_0->z R     unmapped_complex2     64  8.0     0   175    3346    (-,-) 
  uu_dtpath/uu_fetch/g476/z                              (u)     in_0->z F     unmapped_nand2         1  1.0     0    71    3416    (-,-) 
  uu_dtpath/uu_fetch/g384/z                              (u)     in_1->z R     unmapped_nand2         1  1.0     0    71    3487    (-,-) 
  uu_dtpath/uu_fetch/pc_ff_reg[2]/d                      -       -       R     unmapped_d_flop        1    -     -     0    3487    (-,-) 
#-----------------------------------------------------------------------------------------------------------------------------------------

(u) : Net has unmapped pin(s).



Path 31: MET (694 ps) Setup Check with Pin uu_dtpath/uu_fetch/pc_ff_reg[1]/clk->d
          Group: clk
     Startpoint: (R) uu_dtpath/uu_dec/o_aluSrc_reg/clk
          Clock: (R) clk
       Endpoint: (R) uu_dtpath/uu_fetch/pc_ff_reg[1]/d
          Clock: (R) clk

                     Capture       Launch     
        Clock Edge:+    4400            0     
       Src Latency:+       0            0     
       Net Latency:+       0 (I)        0 (I) 
           Arrival:=    4400            0     
                                              
             Setup:-     119                  
       Uncertainty:-     100                  
     Required Time:=    4181                  
      Launch Clock:-       0                  
         Data Path:-    3487                  
             Slack:=     694                  

#-----------------------------------------------------------------------------------------------------------------------------------------
#                     Timing Point                       Flags    Arc    Edge       Cell         Fanout Load Trans Delay Arrival Instance 
#                                                                                                       (fF)  (ps)  (ps)   (ps)  Location 
#-----------------------------------------------------------------------------------------------------------------------------------------
  uu_dtpath/uu_dec/o_aluSrc_reg/clk                      -       -       R     (arrival)            581    -    50     0       0    (-,-) 
  uu_dtpath/uu_dec/o_aluSrc_reg/q                        (u)     clk->q  R     unmapped_d_flop      128 12.0     0   448     448    (-,-) 
  uu_dtpath/uu_exec/g149/z                               (u)     in_1->z F     unmapped_nand2         1  1.0     0    71     518    (-,-) 
  uu_dtpath/uu_exec/g138/z                               (u)     in_1->z R     unmapped_nand2       198  6.0     0   196     714    (-,-) 
  uu_dtpath/uu_exec/uu_alu/sub_16_37_Y_add_15_37/g1114/z (u)     in_0->z F     unmapped_complex2      1  1.0     0    71     785    (-,-) 
  uu_dtpath/uu_exec/uu_alu/sub_16_37_Y_add_15_37/g1115/z (u)     in_1->z R     unmapped_nand2         4  4.0     0   101     886    (-,-) 
  uu_dtpath/uu_exec/uu_alu/sub_16_37_Y_add_15_37/g38/z   (u)     in_1->z F     unmapped_nand2         1  1.0     0    71     957    (-,-) 
  uu_dtpath/uu_exec/uu_alu/sub_16_37_Y_add_15_37/g985/z  (u)     in_1->z R     unmapped_nand2         1  1.0     0    71    1028    (-,-) 
  uu_dtpath/uu_exec/uu_alu/sub_16_37_Y_add_15_37/g922/z  (u)     in_1->z R     unmapped_complex2      3  3.0     0    91    1119    (-,-) 
  uu_dtpath/uu_exec/uu_alu/sub_16_37_Y_add_15_37/g894/z  (u)     in_1->z F     unmapped_nand2         1  1.0     0    71    1190    (-,-) 
  uu_dtpath/uu_exec/uu_alu/sub_16_37_Y_add_15_37/g106/z  (u)     in_1->z R     unmapped_nand2         4  4.0     0   101    1291    (-,-) 
  uu_dtpath/uu_exec/uu_alu/sub_16_37_Y_add_15_37/g844/z  (u)     in_0->z F     unmapped_complex2      1  1.0     0    71    1362    (-,-) 
  uu_dtpath/uu_exec/uu_alu/sub_16_37_Y_add_15_37/g825/z  (u)     in_0->z R     unmapped_complex2      5  5.0     0   109    1471    (-,-) 
  uu_dtpath/uu_exec/uu_alu/sub_16_37_Y_add_15_37/g819/z  (u)     in_0->z F     unmapped_complex2      2  2.0     0    82    1553    (-,-) 
  uu_dtpath/uu_exec/uu_alu/sub_16_37_Y_add_15_37/g801/z  (u)     in_1->z F     unmapped_or2           1  1.0     0    71    1624    (-,-) 
  uu_dtpath/uu_exec/uu_alu/sub_16_37_Y_add_15_37/g788/z  (u)     in_0->z R     unmapped_complex2     10 10.0     0   135    1759    (-,-) 
  uu_dtpath/uu_exec/uu_alu/sub_16_37_Y_add_15_37/g776/z  (u)     in_0->z F     unmapped_complex2      1  1.0     0    71    1830    (-,-) 
  uu_dtpath/uu_exec/uu_alu/sub_16_37_Y_add_15_37/g774/z  (u)     in_0->z R     unmapped_complex2     17 17.0     0   162    1992    (-,-) 
  uu_dtpath/uu_exec/uu_alu/sub_16_37_Y_add_15_37/g746/z  (u)     in_0->z F     unmapped_complex2      1  1.0     0    71    2063    (-,-) 
  uu_dtpath/uu_exec/uu_alu/sub_16_37_Y_add_15_37/g725/z  (u)     in_0->z R     unmapped_complex2      2  2.0     0    82    2145    (-,-) 
  uu_dtpath/uu_exec/uu_alu/sub_16_37_Y_add_15_37/g711/z  (u)     in_0->z R     unmapped_or2           1  1.0     0    71    2216    (-,-) 
  uu_dtpath/uu_exec/uu_alu/sub_16_37_Y_add_15_37/g712/z  (u)     in_1->z F     unmapped_nand2         1  1.0     0    71    2287    (-,-) 
  uu_dtpath/uu_exec/uu_alu/g2122/z                       (u)     in_0->z R     unmapped_complex2      1  1.0     0    71    2358    (-,-) 
  uu_dtpath/uu_exec/uu_alu/g1657/z                       (u)     in_1->z F     unmapped_complex2      2  2.0     0    82    2440    (-,-) 
  uu_dtpath/uu_exec/uu_alu/g1641/z                       (u)     in_1->z F     unmapped_or2           1  1.0     0    71    2510    (-,-) 
  uu_dtpath/uu_exec/uu_alu/g1626/z                       (u)     in_1->z F     unmapped_or2           1  1.0     0    71    2581    (-,-) 
  uu_dtpath/uu_exec/uu_alu/g1620/z                       (u)     in_1->z F     unmapped_or2           1  1.0     0    71    2652    (-,-) 
  uu_dtpath/uu_exec/uu_alu/g1619/z                       (u)     in_1->z F     unmapped_or2           1  1.0     0    71    2723    (-,-) 
  uu_dtpath/uu_exec/uu_alu/g2278/z                       (u)     in_1->z R     unmapped_nor2          2  2.0     0    82    2805    (-,-) 
  uu_dtpath/uu_exec/g136/z                               (u)     in_0->z R     unmapped_complex2      1  1.0     0    71    2876    (-,-) 
  uu_dtpath/uu_exec/g372/z                               (u)     in_1->z F     unmapped_nand2         2  2.0     0    82    2958    (-,-) 
  uu_dtpath/uu_exec/g133/z                               (u)     in_0->z F     unmapped_complex2      1  1.0     0    71    3029    (-,-) 
  uu_dtpath/uu_exec/g134/z                               (u)     in_1->z R     unmapped_nand2         1  1.0     0    71    3100    (-,-) 
  uu_dtpath/uu_exec/g131/z                               (u)     in_0->z F     unmapped_nand2         1  1.0     0    71    3171    (-,-) 
  uu_dtpath/uu_exec/g130/z                               (u)     in_0->z R     unmapped_complex2     64  8.0     0   175    3346    (-,-) 
  uu_dtpath/uu_fetch/g464/z                              (u)     in_0->z F     unmapped_nand2         1  1.0     0    71    3416    (-,-) 
  uu_dtpath/uu_fetch/g390/z                              (u)     in_1->z R     unmapped_nand2         1  1.0     0    71    3487    (-,-) 
  uu_dtpath/uu_fetch/pc_ff_reg[1]/d                      -       -       R     unmapped_d_flop        1    -     -     0    3487    (-,-) 
#-----------------------------------------------------------------------------------------------------------------------------------------

(u) : Net has unmapped pin(s).



Path 32: MET (694 ps) Setup Check with Pin uu_dtpath/uu_fetch/pc_ff_reg[0]/clk->d
          Group: clk
     Startpoint: (R) uu_dtpath/uu_dec/o_aluSrc_reg/clk
          Clock: (R) clk
       Endpoint: (R) uu_dtpath/uu_fetch/pc_ff_reg[0]/d
          Clock: (R) clk

                     Capture       Launch     
        Clock Edge:+    4400            0     
       Src Latency:+       0            0     
       Net Latency:+       0 (I)        0 (I) 
           Arrival:=    4400            0     
                                              
             Setup:-     119                  
       Uncertainty:-     100                  
     Required Time:=    4181                  
      Launch Clock:-       0                  
         Data Path:-    3487                  
             Slack:=     694                  

#-----------------------------------------------------------------------------------------------------------------------------------------
#                     Timing Point                       Flags    Arc    Edge       Cell         Fanout Load Trans Delay Arrival Instance 
#                                                                                                       (fF)  (ps)  (ps)   (ps)  Location 
#-----------------------------------------------------------------------------------------------------------------------------------------
  uu_dtpath/uu_dec/o_aluSrc_reg/clk                      -       -       R     (arrival)            581    -    50     0       0    (-,-) 
  uu_dtpath/uu_dec/o_aluSrc_reg/q                        (u)     clk->q  R     unmapped_d_flop      128 12.0     0   448     448    (-,-) 
  uu_dtpath/uu_exec/g149/z                               (u)     in_1->z F     unmapped_nand2         1  1.0     0    71     518    (-,-) 
  uu_dtpath/uu_exec/g138/z                               (u)     in_1->z R     unmapped_nand2       198  6.0     0   196     714    (-,-) 
  uu_dtpath/uu_exec/uu_alu/sub_16_37_Y_add_15_37/g1114/z (u)     in_0->z F     unmapped_complex2      1  1.0     0    71     785    (-,-) 
  uu_dtpath/uu_exec/uu_alu/sub_16_37_Y_add_15_37/g1115/z (u)     in_1->z R     unmapped_nand2         4  4.0     0   101     886    (-,-) 
  uu_dtpath/uu_exec/uu_alu/sub_16_37_Y_add_15_37/g38/z   (u)     in_1->z F     unmapped_nand2         1  1.0     0    71     957    (-,-) 
  uu_dtpath/uu_exec/uu_alu/sub_16_37_Y_add_15_37/g985/z  (u)     in_1->z R     unmapped_nand2         1  1.0     0    71    1028    (-,-) 
  uu_dtpath/uu_exec/uu_alu/sub_16_37_Y_add_15_37/g922/z  (u)     in_1->z R     unmapped_complex2      3  3.0     0    91    1119    (-,-) 
  uu_dtpath/uu_exec/uu_alu/sub_16_37_Y_add_15_37/g894/z  (u)     in_1->z F     unmapped_nand2         1  1.0     0    71    1190    (-,-) 
  uu_dtpath/uu_exec/uu_alu/sub_16_37_Y_add_15_37/g106/z  (u)     in_1->z R     unmapped_nand2         4  4.0     0   101    1291    (-,-) 
  uu_dtpath/uu_exec/uu_alu/sub_16_37_Y_add_15_37/g844/z  (u)     in_0->z F     unmapped_complex2      1  1.0     0    71    1362    (-,-) 
  uu_dtpath/uu_exec/uu_alu/sub_16_37_Y_add_15_37/g825/z  (u)     in_0->z R     unmapped_complex2      5  5.0     0   109    1471    (-,-) 
  uu_dtpath/uu_exec/uu_alu/sub_16_37_Y_add_15_37/g819/z  (u)     in_0->z F     unmapped_complex2      2  2.0     0    82    1553    (-,-) 
  uu_dtpath/uu_exec/uu_alu/sub_16_37_Y_add_15_37/g801/z  (u)     in_1->z F     unmapped_or2           1  1.0     0    71    1624    (-,-) 
  uu_dtpath/uu_exec/uu_alu/sub_16_37_Y_add_15_37/g788/z  (u)     in_0->z R     unmapped_complex2     10 10.0     0   135    1759    (-,-) 
  uu_dtpath/uu_exec/uu_alu/sub_16_37_Y_add_15_37/g776/z  (u)     in_0->z F     unmapped_complex2      1  1.0     0    71    1830    (-,-) 
  uu_dtpath/uu_exec/uu_alu/sub_16_37_Y_add_15_37/g774/z  (u)     in_0->z R     unmapped_complex2     17 17.0     0   162    1992    (-,-) 
  uu_dtpath/uu_exec/uu_alu/sub_16_37_Y_add_15_37/g746/z  (u)     in_0->z F     unmapped_complex2      1  1.0     0    71    2063    (-,-) 
  uu_dtpath/uu_exec/uu_alu/sub_16_37_Y_add_15_37/g725/z  (u)     in_0->z R     unmapped_complex2      2  2.0     0    82    2145    (-,-) 
  uu_dtpath/uu_exec/uu_alu/sub_16_37_Y_add_15_37/g711/z  (u)     in_0->z R     unmapped_or2           1  1.0     0    71    2216    (-,-) 
  uu_dtpath/uu_exec/uu_alu/sub_16_37_Y_add_15_37/g712/z  (u)     in_1->z F     unmapped_nand2         1  1.0     0    71    2287    (-,-) 
  uu_dtpath/uu_exec/uu_alu/g2122/z                       (u)     in_0->z R     unmapped_complex2      1  1.0     0    71    2358    (-,-) 
  uu_dtpath/uu_exec/uu_alu/g1657/z                       (u)     in_1->z F     unmapped_complex2      2  2.0     0    82    2440    (-,-) 
  uu_dtpath/uu_exec/uu_alu/g1641/z                       (u)     in_1->z F     unmapped_or2           1  1.0     0    71    2510    (-,-) 
  uu_dtpath/uu_exec/uu_alu/g1626/z                       (u)     in_1->z F     unmapped_or2           1  1.0     0    71    2581    (-,-) 
  uu_dtpath/uu_exec/uu_alu/g1620/z                       (u)     in_1->z F     unmapped_or2           1  1.0     0    71    2652    (-,-) 
  uu_dtpath/uu_exec/uu_alu/g1619/z                       (u)     in_1->z F     unmapped_or2           1  1.0     0    71    2723    (-,-) 
  uu_dtpath/uu_exec/uu_alu/g2278/z                       (u)     in_1->z R     unmapped_nor2          2  2.0     0    82    2805    (-,-) 
  uu_dtpath/uu_exec/g136/z                               (u)     in_0->z R     unmapped_complex2      1  1.0     0    71    2876    (-,-) 
  uu_dtpath/uu_exec/g372/z                               (u)     in_1->z F     unmapped_nand2         2  2.0     0    82    2958    (-,-) 
  uu_dtpath/uu_exec/g133/z                               (u)     in_0->z F     unmapped_complex2      1  1.0     0    71    3029    (-,-) 
  uu_dtpath/uu_exec/g134/z                               (u)     in_1->z R     unmapped_nand2         1  1.0     0    71    3100    (-,-) 
  uu_dtpath/uu_exec/g131/z                               (u)     in_0->z F     unmapped_nand2         1  1.0     0    71    3171    (-,-) 
  uu_dtpath/uu_exec/g130/z                               (u)     in_0->z R     unmapped_complex2     64  8.0     0   175    3346    (-,-) 
  uu_dtpath/uu_fetch/g470/z                              (u)     in_0->z F     unmapped_nand2         1  1.0     0    71    3416    (-,-) 
  uu_dtpath/uu_fetch/g387/z                              (u)     in_1->z R     unmapped_nand2         1  1.0     0    71    3487    (-,-) 
  uu_dtpath/uu_fetch/pc_ff_reg[0]/d                      -       -       R     unmapped_d_flop        1    -     -     0    3487    (-,-) 
#-----------------------------------------------------------------------------------------------------------------------------------------

(u) : Net has unmapped pin(s).



Path 33: MET (967 ps) Setup Check with Pin uu_dtpath/uu_dec/uu_reg_file/reg_dt_reg[31][31]/clk->d
          Group: clk
     Startpoint: (R) uu_dtpath/uu_mem/o_resultSrc_reg[0]/clk
          Clock: (R) clk
       Endpoint: (R) uu_dtpath/uu_dec/uu_reg_file/reg_dt_reg[31][31]/d
          Clock: (F) clk

                     Capture       Launch     
        Clock Edge:+    2200            0     
       Src Latency:+       0            0     
       Net Latency:+       0 (I)        0 (I) 
           Arrival:=    2200            0     
                                              
             Setup:-     119                  
       Uncertainty:-     100                  
     Required Time:=    1981                  
      Launch Clock:-       0                  
         Data Path:-    1014                  
             Slack:=     967                  

#------------------------------------------------------------------------------------------------------------------------------------
#                   Timing Point                    Flags    Arc    Edge       Cell         Fanout Load Trans Delay Arrival Instance 
#                                                                                                  (fF)  (ps)  (ps)   (ps)  Location 
#------------------------------------------------------------------------------------------------------------------------------------
  uu_dtpath/uu_mem/o_resultSrc_reg[0]/clk           -       -       R     (arrival)            581    -    50     0       0    (-,-) 
  uu_dtpath/uu_mem/o_resultSrc_reg[0]/q             (u)     clk->q  F     unmapped_d_flop        4  4.0     0   350     350    (-,-) 
  uu_dtpath/uu_wb/g543/z                            (u)     in_1->z F     unmapped_complex2     32  6.0     0   155     505    (-,-) 
  uu_dtpath/uu_wb/g540/z                            (u)     in_0->z F     unmapped_complex2      1  1.0     0    71     576    (-,-) 
  uu_dtpath/uu_wb/g381/z                            (u)     in_1->z R     unmapped_nand2         1  1.0     0    71     646    (-,-) 
  uu_dtpath/uu_wb/g359/z                            (u)     in_0->z R     unmapped_complex2      1  1.0     0    71     717    (-,-) 
  uu_dtpath/uu_wb/g317/z                            (u)     in_0->z R     unmapped_complex2     31  6.0     0   155     872    (-,-) 
  uu_dtpath/uu_dec/uu_reg_file/g16856/z             (u)     in_1->z F     unmapped_complex2      1  1.0     0    71     943    (-,-) 
  uu_dtpath/uu_dec/uu_reg_file/g15925/z             (u)     in_0->z R     unmapped_nand2         1  1.0     0    71    1014    (-,-) 
  uu_dtpath/uu_dec/uu_reg_file/reg_dt_reg[31][31]/d -       -       R     unmapped_d_flop        1    -     -     0    1014    (-,-) 
#------------------------------------------------------------------------------------------------------------------------------------

(u) : Net has unmapped pin(s).



Path 34: MET (967 ps) Setup Check with Pin uu_dtpath/uu_dec/uu_reg_file/reg_dt_reg[31][30]/clk->d
          Group: clk
     Startpoint: (R) uu_dtpath/uu_mem/o_resultSrc_reg[0]/clk
          Clock: (R) clk
       Endpoint: (R) uu_dtpath/uu_dec/uu_reg_file/reg_dt_reg[31][30]/d
          Clock: (F) clk

                     Capture       Launch     
        Clock Edge:+    2200            0     
       Src Latency:+       0            0     
       Net Latency:+       0 (I)        0 (I) 
           Arrival:=    2200            0     
                                              
             Setup:-     119                  
       Uncertainty:-     100                  
     Required Time:=    1981                  
      Launch Clock:-       0                  
         Data Path:-    1014                  
             Slack:=     967                  

#------------------------------------------------------------------------------------------------------------------------------------
#                   Timing Point                    Flags    Arc    Edge       Cell         Fanout Load Trans Delay Arrival Instance 
#                                                                                                  (fF)  (ps)  (ps)   (ps)  Location 
#------------------------------------------------------------------------------------------------------------------------------------
  uu_dtpath/uu_mem/o_resultSrc_reg[0]/clk           -       -       R     (arrival)            581    -    50     0       0    (-,-) 
  uu_dtpath/uu_mem/o_resultSrc_reg[0]/q             (u)     clk->q  F     unmapped_d_flop        4  4.0     0   350     350    (-,-) 
  uu_dtpath/uu_wb/g543/z                            (u)     in_1->z F     unmapped_complex2     32  6.0     0   155     505    (-,-) 
  uu_dtpath/uu_wb/g535/z                            (u)     in_0->z F     unmapped_complex2      1  1.0     0    71     576    (-,-) 
  uu_dtpath/uu_wb/g382/z                            (u)     in_1->z R     unmapped_nand2         1  1.0     0    71     646    (-,-) 
  uu_dtpath/uu_wb/g376/z                            (u)     in_0->z R     unmapped_complex2      1  1.0     0    71     717    (-,-) 
  uu_dtpath/uu_wb/g319/z                            (u)     in_0->z R     unmapped_complex2     31  6.0     0   155     872    (-,-) 
  uu_dtpath/uu_dec/uu_reg_file/g16852/z             (u)     in_1->z F     unmapped_complex2      1  1.0     0    71     943    (-,-) 
  uu_dtpath/uu_dec/uu_reg_file/g15919/z             (u)     in_0->z R     unmapped_nand2         1  1.0     0    71    1014    (-,-) 
  uu_dtpath/uu_dec/uu_reg_file/reg_dt_reg[31][30]/d -       -       R     unmapped_d_flop        1    -     -     0    1014    (-,-) 
#------------------------------------------------------------------------------------------------------------------------------------

(u) : Net has unmapped pin(s).



Path 35: MET (967 ps) Setup Check with Pin uu_dtpath/uu_dec/uu_reg_file/reg_dt_reg[31][29]/clk->d
          Group: clk
     Startpoint: (R) uu_dtpath/uu_mem/o_resultSrc_reg[0]/clk
          Clock: (R) clk
       Endpoint: (R) uu_dtpath/uu_dec/uu_reg_file/reg_dt_reg[31][29]/d
          Clock: (F) clk

                     Capture       Launch     
        Clock Edge:+    2200            0     
       Src Latency:+       0            0     
       Net Latency:+       0 (I)        0 (I) 
           Arrival:=    2200            0     
                                              
             Setup:-     119                  
       Uncertainty:-     100                  
     Required Time:=    1981                  
      Launch Clock:-       0                  
         Data Path:-    1014                  
             Slack:=     967                  

#------------------------------------------------------------------------------------------------------------------------------------
#                   Timing Point                    Flags    Arc    Edge       Cell         Fanout Load Trans Delay Arrival Instance 
#                                                                                                  (fF)  (ps)  (ps)   (ps)  Location 
#------------------------------------------------------------------------------------------------------------------------------------
  uu_dtpath/uu_mem/o_resultSrc_reg[0]/clk           -       -       R     (arrival)            581    -    50     0       0    (-,-) 
  uu_dtpath/uu_mem/o_resultSrc_reg[0]/q             (u)     clk->q  F     unmapped_d_flop        4  4.0     0   350     350    (-,-) 
  uu_dtpath/uu_wb/g543/z                            (u)     in_1->z F     unmapped_complex2     32  6.0     0   155     505    (-,-) 
  uu_dtpath/uu_wb/g529/z                            (u)     in_0->z F     unmapped_complex2      1  1.0     0    71     576    (-,-) 
  uu_dtpath/uu_wb/g384/z                            (u)     in_1->z R     unmapped_nand2         1  1.0     0    71     646    (-,-) 
  uu_dtpath/uu_wb/g363/z                            (u)     in_0->z R     unmapped_complex2      1  1.0     0    71     717    (-,-) 
  uu_dtpath/uu_wb/g320/z                            (u)     in_0->z R     unmapped_complex2     31  6.0     0   155     872    (-,-) 
  uu_dtpath/uu_dec/uu_reg_file/g16848/z             (u)     in_1->z F     unmapped_complex2      1  1.0     0    71     943    (-,-) 
  uu_dtpath/uu_dec/uu_reg_file/g15913/z             (u)     in_0->z R     unmapped_nand2         1  1.0     0    71    1014    (-,-) 
  uu_dtpath/uu_dec/uu_reg_file/reg_dt_reg[31][29]/d -       -       R     unmapped_d_flop        1    -     -     0    1014    (-,-) 
#------------------------------------------------------------------------------------------------------------------------------------

(u) : Net has unmapped pin(s).



Path 36: MET (967 ps) Setup Check with Pin uu_dtpath/uu_dec/uu_reg_file/reg_dt_reg[31][28]/clk->d
          Group: clk
     Startpoint: (R) uu_dtpath/uu_mem/o_resultSrc_reg[0]/clk
          Clock: (R) clk
       Endpoint: (R) uu_dtpath/uu_dec/uu_reg_file/reg_dt_reg[31][28]/d
          Clock: (F) clk

                     Capture       Launch     
        Clock Edge:+    2200            0     
       Src Latency:+       0            0     
       Net Latency:+       0 (I)        0 (I) 
           Arrival:=    2200            0     
                                              
             Setup:-     119                  
       Uncertainty:-     100                  
     Required Time:=    1981                  
      Launch Clock:-       0                  
         Data Path:-    1014                  
             Slack:=     967                  

#------------------------------------------------------------------------------------------------------------------------------------
#                   Timing Point                    Flags    Arc    Edge       Cell         Fanout Load Trans Delay Arrival Instance 
#                                                                                                  (fF)  (ps)  (ps)   (ps)  Location 
#------------------------------------------------------------------------------------------------------------------------------------
  uu_dtpath/uu_mem/o_resultSrc_reg[0]/clk           -       -       R     (arrival)            581    -    50     0       0    (-,-) 
  uu_dtpath/uu_mem/o_resultSrc_reg[0]/q             (u)     clk->q  F     unmapped_d_flop        4  4.0     0   350     350    (-,-) 
  uu_dtpath/uu_wb/g543/z                            (u)     in_1->z F     unmapped_complex2     32  6.0     0   155     505    (-,-) 
  uu_dtpath/uu_wb/g523/z                            (u)     in_0->z F     unmapped_complex2      1  1.0     0    71     576    (-,-) 
  uu_dtpath/uu_wb/g385/z                            (u)     in_1->z R     unmapped_nand2         1  1.0     0    71     646    (-,-) 
  uu_dtpath/uu_wb/g355/z                            (u)     in_0->z R     unmapped_complex2      1  1.0     0    71     717    (-,-) 
  uu_dtpath/uu_wb/g321/z                            (u)     in_0->z R     unmapped_complex2     31  6.0     0   155     872    (-,-) 
  uu_dtpath/uu_dec/uu_reg_file/g16844/z             (u)     in_1->z F     unmapped_complex2      1  1.0     0    71     943    (-,-) 
  uu_dtpath/uu_dec/uu_reg_file/g15907/z             (u)     in_0->z R     unmapped_nand2         1  1.0     0    71    1014    (-,-) 
  uu_dtpath/uu_dec/uu_reg_file/reg_dt_reg[31][28]/d -       -       R     unmapped_d_flop        1    -     -     0    1014    (-,-) 
#------------------------------------------------------------------------------------------------------------------------------------

(u) : Net has unmapped pin(s).



Path 37: MET (967 ps) Setup Check with Pin uu_dtpath/uu_dec/uu_reg_file/reg_dt_reg[31][27]/clk->d
          Group: clk
     Startpoint: (R) uu_dtpath/uu_mem/o_resultSrc_reg[0]/clk
          Clock: (R) clk
       Endpoint: (R) uu_dtpath/uu_dec/uu_reg_file/reg_dt_reg[31][27]/d
          Clock: (F) clk

                     Capture       Launch     
        Clock Edge:+    2200            0     
       Src Latency:+       0            0     
       Net Latency:+       0 (I)        0 (I) 
           Arrival:=    2200            0     
                                              
             Setup:-     119                  
       Uncertainty:-     100                  
     Required Time:=    1981                  
      Launch Clock:-       0                  
         Data Path:-    1014                  
             Slack:=     967                  

#------------------------------------------------------------------------------------------------------------------------------------
#                   Timing Point                    Flags    Arc    Edge       Cell         Fanout Load Trans Delay Arrival Instance 
#                                                                                                  (fF)  (ps)  (ps)   (ps)  Location 
#------------------------------------------------------------------------------------------------------------------------------------
  uu_dtpath/uu_mem/o_resultSrc_reg[0]/clk           -       -       R     (arrival)            581    -    50     0       0    (-,-) 
  uu_dtpath/uu_mem/o_resultSrc_reg[0]/q             (u)     clk->q  F     unmapped_d_flop        4  4.0     0   350     350    (-,-) 
  uu_dtpath/uu_wb/g543/z                            (u)     in_1->z F     unmapped_complex2     32  6.0     0   155     505    (-,-) 
  uu_dtpath/uu_wb/g517/z                            (u)     in_0->z F     unmapped_complex2      1  1.0     0    71     576    (-,-) 
  uu_dtpath/uu_wb/g386/z                            (u)     in_1->z R     unmapped_nand2         1  1.0     0    71     646    (-,-) 
  uu_dtpath/uu_wb/g377/z                            (u)     in_0->z R     unmapped_complex2      1  1.0     0    71     717    (-,-) 
  uu_dtpath/uu_wb/g322/z                            (u)     in_0->z R     unmapped_complex2     31  6.0     0   155     872    (-,-) 
  uu_dtpath/uu_dec/uu_reg_file/g16840/z             (u)     in_1->z F     unmapped_complex2      1  1.0     0    71     943    (-,-) 
  uu_dtpath/uu_dec/uu_reg_file/g15901/z             (u)     in_0->z R     unmapped_nand2         1  1.0     0    71    1014    (-,-) 
  uu_dtpath/uu_dec/uu_reg_file/reg_dt_reg[31][27]/d -       -       R     unmapped_d_flop        1    -     -     0    1014    (-,-) 
#------------------------------------------------------------------------------------------------------------------------------------

(u) : Net has unmapped pin(s).



Path 38: MET (967 ps) Setup Check with Pin uu_dtpath/uu_dec/uu_reg_file/reg_dt_reg[31][26]/clk->d
          Group: clk
     Startpoint: (R) uu_dtpath/uu_mem/o_resultSrc_reg[0]/clk
          Clock: (R) clk
       Endpoint: (R) uu_dtpath/uu_dec/uu_reg_file/reg_dt_reg[31][26]/d
          Clock: (F) clk

                     Capture       Launch     
        Clock Edge:+    2200            0     
       Src Latency:+       0            0     
       Net Latency:+       0 (I)        0 (I) 
           Arrival:=    2200            0     
                                              
             Setup:-     119                  
       Uncertainty:-     100                  
     Required Time:=    1981                  
      Launch Clock:-       0                  
         Data Path:-    1014                  
             Slack:=     967                  

#------------------------------------------------------------------------------------------------------------------------------------
#                   Timing Point                    Flags    Arc    Edge       Cell         Fanout Load Trans Delay Arrival Instance 
#                                                                                                  (fF)  (ps)  (ps)   (ps)  Location 
#------------------------------------------------------------------------------------------------------------------------------------
  uu_dtpath/uu_mem/o_resultSrc_reg[0]/clk           -       -       R     (arrival)            581    -    50     0       0    (-,-) 
  uu_dtpath/uu_mem/o_resultSrc_reg[0]/q             (u)     clk->q  F     unmapped_d_flop        4  4.0     0   350     350    (-,-) 
  uu_dtpath/uu_wb/g543/z                            (u)     in_1->z F     unmapped_complex2     32  6.0     0   155     505    (-,-) 
  uu_dtpath/uu_wb/g511/z                            (u)     in_0->z F     unmapped_complex2      1  1.0     0    71     576    (-,-) 
  uu_dtpath/uu_wb/g388/z                            (u)     in_1->z R     unmapped_nand2         1  1.0     0    71     646    (-,-) 
  uu_dtpath/uu_wb/g378/z                            (u)     in_0->z R     unmapped_complex2      1  1.0     0    71     717    (-,-) 
  uu_dtpath/uu_wb/g323/z                            (u)     in_0->z R     unmapped_complex2     31  6.0     0   155     872    (-,-) 
  uu_dtpath/uu_dec/uu_reg_file/g16836/z             (u)     in_1->z F     unmapped_complex2      1  1.0     0    71     943    (-,-) 
  uu_dtpath/uu_dec/uu_reg_file/g15895/z             (u)     in_0->z R     unmapped_nand2         1  1.0     0    71    1014    (-,-) 
  uu_dtpath/uu_dec/uu_reg_file/reg_dt_reg[31][26]/d -       -       R     unmapped_d_flop        1    -     -     0    1014    (-,-) 
#------------------------------------------------------------------------------------------------------------------------------------

(u) : Net has unmapped pin(s).



Path 39: MET (967 ps) Setup Check with Pin uu_dtpath/uu_dec/uu_reg_file/reg_dt_reg[31][25]/clk->d
          Group: clk
     Startpoint: (R) uu_dtpath/uu_mem/o_resultSrc_reg[0]/clk
          Clock: (R) clk
       Endpoint: (R) uu_dtpath/uu_dec/uu_reg_file/reg_dt_reg[31][25]/d
          Clock: (F) clk

                     Capture       Launch     
        Clock Edge:+    2200            0     
       Src Latency:+       0            0     
       Net Latency:+       0 (I)        0 (I) 
           Arrival:=    2200            0     
                                              
             Setup:-     119                  
       Uncertainty:-     100                  
     Required Time:=    1981                  
      Launch Clock:-       0                  
         Data Path:-    1014                  
             Slack:=     967                  

#------------------------------------------------------------------------------------------------------------------------------------
#                   Timing Point                    Flags    Arc    Edge       Cell         Fanout Load Trans Delay Arrival Instance 
#                                                                                                  (fF)  (ps)  (ps)   (ps)  Location 
#------------------------------------------------------------------------------------------------------------------------------------
  uu_dtpath/uu_mem/o_resultSrc_reg[0]/clk           -       -       R     (arrival)            581    -    50     0       0    (-,-) 
  uu_dtpath/uu_mem/o_resultSrc_reg[0]/q             (u)     clk->q  F     unmapped_d_flop        4  4.0     0   350     350    (-,-) 
  uu_dtpath/uu_wb/g543/z                            (u)     in_1->z F     unmapped_complex2     32  6.0     0   155     505    (-,-) 
  uu_dtpath/uu_wb/g505/z                            (u)     in_0->z F     unmapped_complex2      1  1.0     0    71     576    (-,-) 
  uu_dtpath/uu_wb/g389/z                            (u)     in_1->z R     unmapped_nand2         1  1.0     0    71     646    (-,-) 
  uu_dtpath/uu_wb/g358/z                            (u)     in_0->z R     unmapped_complex2      1  1.0     0    71     717    (-,-) 
  uu_dtpath/uu_wb/g324/z                            (u)     in_0->z R     unmapped_complex2     31  6.0     0   155     872    (-,-) 
  uu_dtpath/uu_dec/uu_reg_file/g16832/z             (u)     in_1->z F     unmapped_complex2      1  1.0     0    71     943    (-,-) 
  uu_dtpath/uu_dec/uu_reg_file/g15889/z             (u)     in_0->z R     unmapped_nand2         1  1.0     0    71    1014    (-,-) 
  uu_dtpath/uu_dec/uu_reg_file/reg_dt_reg[31][25]/d -       -       R     unmapped_d_flop        1    -     -     0    1014    (-,-) 
#------------------------------------------------------------------------------------------------------------------------------------

(u) : Net has unmapped pin(s).



Path 40: MET (967 ps) Setup Check with Pin uu_dtpath/uu_dec/uu_reg_file/reg_dt_reg[31][24]/clk->d
          Group: clk
     Startpoint: (R) uu_dtpath/uu_mem/o_resultSrc_reg[0]/clk
          Clock: (R) clk
       Endpoint: (R) uu_dtpath/uu_dec/uu_reg_file/reg_dt_reg[31][24]/d
          Clock: (F) clk

                     Capture       Launch     
        Clock Edge:+    2200            0     
       Src Latency:+       0            0     
       Net Latency:+       0 (I)        0 (I) 
           Arrival:=    2200            0     
                                              
             Setup:-     119                  
       Uncertainty:-     100                  
     Required Time:=    1981                  
      Launch Clock:-       0                  
         Data Path:-    1014                  
             Slack:=     967                  

#------------------------------------------------------------------------------------------------------------------------------------
#                   Timing Point                    Flags    Arc    Edge       Cell         Fanout Load Trans Delay Arrival Instance 
#                                                                                                  (fF)  (ps)  (ps)   (ps)  Location 
#------------------------------------------------------------------------------------------------------------------------------------
  uu_dtpath/uu_mem/o_resultSrc_reg[0]/clk           -       -       R     (arrival)            581    -    50     0       0    (-,-) 
  uu_dtpath/uu_mem/o_resultSrc_reg[0]/q             (u)     clk->q  F     unmapped_d_flop        4  4.0     0   350     350    (-,-) 
  uu_dtpath/uu_wb/g543/z                            (u)     in_1->z F     unmapped_complex2     32  6.0     0   155     505    (-,-) 
  uu_dtpath/uu_wb/g500/z                            (u)     in_0->z F     unmapped_complex2      1  1.0     0    71     576    (-,-) 
  uu_dtpath/uu_wb/g390/z                            (u)     in_1->z R     unmapped_nand2         1  1.0     0    71     646    (-,-) 
  uu_dtpath/uu_wb/g370/z                            (u)     in_0->z R     unmapped_complex2      1  1.0     0    71     717    (-,-) 
  uu_dtpath/uu_wb/g326/z                            (u)     in_0->z R     unmapped_complex2     31  6.0     0   155     872    (-,-) 
  uu_dtpath/uu_dec/uu_reg_file/g16828/z             (u)     in_1->z F     unmapped_complex2      1  1.0     0    71     943    (-,-) 
  uu_dtpath/uu_dec/uu_reg_file/g15883/z             (u)     in_0->z R     unmapped_nand2         1  1.0     0    71    1014    (-,-) 
  uu_dtpath/uu_dec/uu_reg_file/reg_dt_reg[31][24]/d -       -       R     unmapped_d_flop        1    -     -     0    1014    (-,-) 
#------------------------------------------------------------------------------------------------------------------------------------

(u) : Net has unmapped pin(s).



Path 41: MET (967 ps) Setup Check with Pin uu_dtpath/uu_dec/uu_reg_file/reg_dt_reg[31][23]/clk->d
          Group: clk
     Startpoint: (R) uu_dtpath/uu_mem/o_resultSrc_reg[0]/clk
          Clock: (R) clk
       Endpoint: (R) uu_dtpath/uu_dec/uu_reg_file/reg_dt_reg[31][23]/d
          Clock: (F) clk

                     Capture       Launch     
        Clock Edge:+    2200            0     
       Src Latency:+       0            0     
       Net Latency:+       0 (I)        0 (I) 
           Arrival:=    2200            0     
                                              
             Setup:-     119                  
       Uncertainty:-     100                  
     Required Time:=    1981                  
      Launch Clock:-       0                  
         Data Path:-    1014                  
             Slack:=     967                  

#------------------------------------------------------------------------------------------------------------------------------------
#                   Timing Point                    Flags    Arc    Edge       Cell         Fanout Load Trans Delay Arrival Instance 
#                                                                                                  (fF)  (ps)  (ps)   (ps)  Location 
#------------------------------------------------------------------------------------------------------------------------------------
  uu_dtpath/uu_mem/o_resultSrc_reg[0]/clk           -       -       R     (arrival)            581    -    50     0       0    (-,-) 
  uu_dtpath/uu_mem/o_resultSrc_reg[0]/q             (u)     clk->q  F     unmapped_d_flop        4  4.0     0   350     350    (-,-) 
  uu_dtpath/uu_wb/g543/z                            (u)     in_1->z F     unmapped_complex2     32  6.0     0   155     505    (-,-) 
  uu_dtpath/uu_wb/g494/z                            (u)     in_0->z F     unmapped_complex2      1  1.0     0    71     576    (-,-) 
  uu_dtpath/uu_wb/g394/z                            (u)     in_1->z R     unmapped_nand2         1  1.0     0    71     646    (-,-) 
  uu_dtpath/uu_wb/g380/z                            (u)     in_0->z R     unmapped_complex2      1  1.0     0    71     717    (-,-) 
  uu_dtpath/uu_wb/g327/z                            (u)     in_0->z R     unmapped_complex2     31  6.0     0   155     872    (-,-) 
  uu_dtpath/uu_dec/uu_reg_file/g16824/z             (u)     in_1->z F     unmapped_complex2      1  1.0     0    71     943    (-,-) 
  uu_dtpath/uu_dec/uu_reg_file/g15877/z             (u)     in_0->z R     unmapped_nand2         1  1.0     0    71    1014    (-,-) 
  uu_dtpath/uu_dec/uu_reg_file/reg_dt_reg[31][23]/d -       -       R     unmapped_d_flop        1    -     -     0    1014    (-,-) 
#------------------------------------------------------------------------------------------------------------------------------------

(u) : Net has unmapped pin(s).



Path 42: MET (967 ps) Setup Check with Pin uu_dtpath/uu_dec/uu_reg_file/reg_dt_reg[31][22]/clk->d
          Group: clk
     Startpoint: (R) uu_dtpath/uu_mem/o_resultSrc_reg[0]/clk
          Clock: (R) clk
       Endpoint: (R) uu_dtpath/uu_dec/uu_reg_file/reg_dt_reg[31][22]/d
          Clock: (F) clk

                     Capture       Launch     
        Clock Edge:+    2200            0     
       Src Latency:+       0            0     
       Net Latency:+       0 (I)        0 (I) 
           Arrival:=    2200            0     
                                              
             Setup:-     119                  
       Uncertainty:-     100                  
     Required Time:=    1981                  
      Launch Clock:-       0                  
         Data Path:-    1014                  
             Slack:=     967                  

#------------------------------------------------------------------------------------------------------------------------------------
#                   Timing Point                    Flags    Arc    Edge       Cell         Fanout Load Trans Delay Arrival Instance 
#                                                                                                  (fF)  (ps)  (ps)   (ps)  Location 
#------------------------------------------------------------------------------------------------------------------------------------
  uu_dtpath/uu_mem/o_resultSrc_reg[0]/clk           -       -       R     (arrival)            581    -    50     0       0    (-,-) 
  uu_dtpath/uu_mem/o_resultSrc_reg[0]/q             (u)     clk->q  F     unmapped_d_flop        4  4.0     0   350     350    (-,-) 
  uu_dtpath/uu_wb/g543/z                            (u)     in_1->z F     unmapped_complex2     32  6.0     0   155     505    (-,-) 
  uu_dtpath/uu_wb/g488/z                            (u)     in_0->z F     unmapped_complex2      1  1.0     0    71     576    (-,-) 
  uu_dtpath/uu_wb/g395/z                            (u)     in_1->z R     unmapped_nand2         1  1.0     0    71     646    (-,-) 
  uu_dtpath/uu_wb/g364/z                            (u)     in_0->z R     unmapped_complex2      1  1.0     0    71     717    (-,-) 
  uu_dtpath/uu_wb/g328/z                            (u)     in_0->z R     unmapped_complex2     31  6.0     0   155     872    (-,-) 
  uu_dtpath/uu_dec/uu_reg_file/g16820/z             (u)     in_1->z F     unmapped_complex2      1  1.0     0    71     943    (-,-) 
  uu_dtpath/uu_dec/uu_reg_file/g15871/z             (u)     in_0->z R     unmapped_nand2         1  1.0     0    71    1014    (-,-) 
  uu_dtpath/uu_dec/uu_reg_file/reg_dt_reg[31][22]/d -       -       R     unmapped_d_flop        1    -     -     0    1014    (-,-) 
#------------------------------------------------------------------------------------------------------------------------------------

(u) : Net has unmapped pin(s).



Path 43: MET (967 ps) Setup Check with Pin uu_dtpath/uu_dec/uu_reg_file/reg_dt_reg[31][21]/clk->d
          Group: clk
     Startpoint: (R) uu_dtpath/uu_mem/o_resultSrc_reg[0]/clk
          Clock: (R) clk
       Endpoint: (R) uu_dtpath/uu_dec/uu_reg_file/reg_dt_reg[31][21]/d
          Clock: (F) clk

                     Capture       Launch     
        Clock Edge:+    2200            0     
       Src Latency:+       0            0     
       Net Latency:+       0 (I)        0 (I) 
           Arrival:=    2200            0     
                                              
             Setup:-     119                  
       Uncertainty:-     100                  
     Required Time:=    1981                  
      Launch Clock:-       0                  
         Data Path:-    1014                  
             Slack:=     967                  

#------------------------------------------------------------------------------------------------------------------------------------
#                   Timing Point                    Flags    Arc    Edge       Cell         Fanout Load Trans Delay Arrival Instance 
#                                                                                                  (fF)  (ps)  (ps)   (ps)  Location 
#------------------------------------------------------------------------------------------------------------------------------------
  uu_dtpath/uu_mem/o_resultSrc_reg[0]/clk           -       -       R     (arrival)            581    -    50     0       0    (-,-) 
  uu_dtpath/uu_mem/o_resultSrc_reg[0]/q             (u)     clk->q  F     unmapped_d_flop        4  4.0     0   350     350    (-,-) 
  uu_dtpath/uu_wb/g543/z                            (u)     in_1->z F     unmapped_complex2     32  6.0     0   155     505    (-,-) 
  uu_dtpath/uu_wb/g482/z                            (u)     in_0->z F     unmapped_complex2      1  1.0     0    71     576    (-,-) 
  uu_dtpath/uu_wb/g412/z                            (u)     in_1->z R     unmapped_nand2         1  1.0     0    71     646    (-,-) 
  uu_dtpath/uu_wb/g379/z                            (u)     in_0->z R     unmapped_complex2      1  1.0     0    71     717    (-,-) 
  uu_dtpath/uu_wb/g329/z                            (u)     in_0->z R     unmapped_complex2     31  6.0     0   155     872    (-,-) 
  uu_dtpath/uu_dec/uu_reg_file/g16816/z             (u)     in_1->z F     unmapped_complex2      1  1.0     0    71     943    (-,-) 
  uu_dtpath/uu_dec/uu_reg_file/g15865/z             (u)     in_0->z R     unmapped_nand2         1  1.0     0    71    1014    (-,-) 
  uu_dtpath/uu_dec/uu_reg_file/reg_dt_reg[31][21]/d -       -       R     unmapped_d_flop        1    -     -     0    1014    (-,-) 
#------------------------------------------------------------------------------------------------------------------------------------

(u) : Net has unmapped pin(s).



Path 44: MET (967 ps) Setup Check with Pin uu_dtpath/uu_dec/uu_reg_file/reg_dt_reg[31][20]/clk->d
          Group: clk
     Startpoint: (R) uu_dtpath/uu_mem/o_resultSrc_reg[0]/clk
          Clock: (R) clk
       Endpoint: (R) uu_dtpath/uu_dec/uu_reg_file/reg_dt_reg[31][20]/d
          Clock: (F) clk

                     Capture       Launch     
        Clock Edge:+    2200            0     
       Src Latency:+       0            0     
       Net Latency:+       0 (I)        0 (I) 
           Arrival:=    2200            0     
                                              
             Setup:-     119                  
       Uncertainty:-     100                  
     Required Time:=    1981                  
      Launch Clock:-       0                  
         Data Path:-    1014                  
             Slack:=     967                  

#------------------------------------------------------------------------------------------------------------------------------------
#                   Timing Point                    Flags    Arc    Edge       Cell         Fanout Load Trans Delay Arrival Instance 
#                                                                                                  (fF)  (ps)  (ps)   (ps)  Location 
#------------------------------------------------------------------------------------------------------------------------------------
  uu_dtpath/uu_mem/o_resultSrc_reg[0]/clk           -       -       R     (arrival)            581    -    50     0       0    (-,-) 
  uu_dtpath/uu_mem/o_resultSrc_reg[0]/q             (u)     clk->q  F     unmapped_d_flop        4  4.0     0   350     350    (-,-) 
  uu_dtpath/uu_wb/g543/z                            (u)     in_1->z F     unmapped_complex2     32  6.0     0   155     505    (-,-) 
  uu_dtpath/uu_wb/g476/z                            (u)     in_0->z F     unmapped_complex2      1  1.0     0    71     576    (-,-) 
  uu_dtpath/uu_wb/g397/z                            (u)     in_1->z R     unmapped_nand2         1  1.0     0    71     646    (-,-) 
  uu_dtpath/uu_wb/g368/z                            (u)     in_0->z R     unmapped_complex2      1  1.0     0    71     717    (-,-) 
  uu_dtpath/uu_wb/g330/z                            (u)     in_0->z R     unmapped_complex2     31  6.0     0   155     872    (-,-) 
  uu_dtpath/uu_dec/uu_reg_file/g16812/z             (u)     in_1->z F     unmapped_complex2      1  1.0     0    71     943    (-,-) 
  uu_dtpath/uu_dec/uu_reg_file/g15859/z             (u)     in_0->z R     unmapped_nand2         1  1.0     0    71    1014    (-,-) 
  uu_dtpath/uu_dec/uu_reg_file/reg_dt_reg[31][20]/d -       -       R     unmapped_d_flop        1    -     -     0    1014    (-,-) 
#------------------------------------------------------------------------------------------------------------------------------------

(u) : Net has unmapped pin(s).



Path 45: MET (967 ps) Setup Check with Pin uu_dtpath/uu_dec/uu_reg_file/reg_dt_reg[31][19]/clk->d
          Group: clk
     Startpoint: (R) uu_dtpath/uu_mem/o_resultSrc_reg[0]/clk
          Clock: (R) clk
       Endpoint: (R) uu_dtpath/uu_dec/uu_reg_file/reg_dt_reg[31][19]/d
          Clock: (F) clk

                     Capture       Launch     
        Clock Edge:+    2200            0     
       Src Latency:+       0            0     
       Net Latency:+       0 (I)        0 (I) 
           Arrival:=    2200            0     
                                              
             Setup:-     119                  
       Uncertainty:-     100                  
     Required Time:=    1981                  
      Launch Clock:-       0                  
         Data Path:-    1014                  
             Slack:=     967                  

#------------------------------------------------------------------------------------------------------------------------------------
#                   Timing Point                    Flags    Arc    Edge       Cell         Fanout Load Trans Delay Arrival Instance 
#                                                                                                  (fF)  (ps)  (ps)   (ps)  Location 
#------------------------------------------------------------------------------------------------------------------------------------
  uu_dtpath/uu_mem/o_resultSrc_reg[0]/clk           -       -       R     (arrival)            581    -    50     0       0    (-,-) 
  uu_dtpath/uu_mem/o_resultSrc_reg[0]/q             (u)     clk->q  F     unmapped_d_flop        4  4.0     0   350     350    (-,-) 
  uu_dtpath/uu_wb/g543/z                            (u)     in_1->z F     unmapped_complex2     32  6.0     0   155     505    (-,-) 
  uu_dtpath/uu_wb/g470/z                            (u)     in_0->z F     unmapped_complex2      1  1.0     0    71     576    (-,-) 
  uu_dtpath/uu_wb/g399/z                            (u)     in_1->z R     unmapped_nand2         1  1.0     0    71     646    (-,-) 
  uu_dtpath/uu_wb/g354/z                            (u)     in_0->z R     unmapped_complex2      1  1.0     0    71     717    (-,-) 
  uu_dtpath/uu_wb/g331/z                            (u)     in_0->z R     unmapped_complex2     31  6.0     0   155     872    (-,-) 
  uu_dtpath/uu_dec/uu_reg_file/g16808/z             (u)     in_1->z F     unmapped_complex2      1  1.0     0    71     943    (-,-) 
  uu_dtpath/uu_dec/uu_reg_file/g15853/z             (u)     in_0->z R     unmapped_nand2         1  1.0     0    71    1014    (-,-) 
  uu_dtpath/uu_dec/uu_reg_file/reg_dt_reg[31][19]/d -       -       R     unmapped_d_flop        1    -     -     0    1014    (-,-) 
#------------------------------------------------------------------------------------------------------------------------------------

(u) : Net has unmapped pin(s).



Path 46: MET (967 ps) Setup Check with Pin uu_dtpath/uu_dec/uu_reg_file/reg_dt_reg[31][18]/clk->d
          Group: clk
     Startpoint: (R) uu_dtpath/uu_mem/o_resultSrc_reg[0]/clk
          Clock: (R) clk
       Endpoint: (R) uu_dtpath/uu_dec/uu_reg_file/reg_dt_reg[31][18]/d
          Clock: (F) clk

                     Capture       Launch     
        Clock Edge:+    2200            0     
       Src Latency:+       0            0     
       Net Latency:+       0 (I)        0 (I) 
           Arrival:=    2200            0     
                                              
             Setup:-     119                  
       Uncertainty:-     100                  
     Required Time:=    1981                  
      Launch Clock:-       0                  
         Data Path:-    1014                  
             Slack:=     967                  

#------------------------------------------------------------------------------------------------------------------------------------
#                   Timing Point                    Flags    Arc    Edge       Cell         Fanout Load Trans Delay Arrival Instance 
#                                                                                                  (fF)  (ps)  (ps)   (ps)  Location 
#------------------------------------------------------------------------------------------------------------------------------------
  uu_dtpath/uu_mem/o_resultSrc_reg[0]/clk           -       -       R     (arrival)            581    -    50     0       0    (-,-) 
  uu_dtpath/uu_mem/o_resultSrc_reg[0]/q             (u)     clk->q  F     unmapped_d_flop        4  4.0     0   350     350    (-,-) 
  uu_dtpath/uu_wb/g543/z                            (u)     in_1->z F     unmapped_complex2     32  6.0     0   155     505    (-,-) 
  uu_dtpath/uu_wb/g465/z                            (u)     in_0->z F     unmapped_complex2      1  1.0     0    71     576    (-,-) 
  uu_dtpath/uu_wb/g400/z                            (u)     in_1->z R     unmapped_nand2         1  1.0     0    71     646    (-,-) 
  uu_dtpath/uu_wb/g373/z                            (u)     in_0->z R     unmapped_complex2      1  1.0     0    71     717    (-,-) 
  uu_dtpath/uu_wb/g333/z                            (u)     in_0->z R     unmapped_complex2     31  6.0     0   155     872    (-,-) 
  uu_dtpath/uu_dec/uu_reg_file/g16804/z             (u)     in_1->z F     unmapped_complex2      1  1.0     0    71     943    (-,-) 
  uu_dtpath/uu_dec/uu_reg_file/g15847/z             (u)     in_0->z R     unmapped_nand2         1  1.0     0    71    1014    (-,-) 
  uu_dtpath/uu_dec/uu_reg_file/reg_dt_reg[31][18]/d -       -       R     unmapped_d_flop        1    -     -     0    1014    (-,-) 
#------------------------------------------------------------------------------------------------------------------------------------

(u) : Net has unmapped pin(s).



Path 47: MET (967 ps) Setup Check with Pin uu_dtpath/uu_dec/uu_reg_file/reg_dt_reg[31][17]/clk->d
          Group: clk
     Startpoint: (R) uu_dtpath/uu_mem/o_resultSrc_reg[0]/clk
          Clock: (R) clk
       Endpoint: (R) uu_dtpath/uu_dec/uu_reg_file/reg_dt_reg[31][17]/d
          Clock: (F) clk

                     Capture       Launch     
        Clock Edge:+    2200            0     
       Src Latency:+       0            0     
       Net Latency:+       0 (I)        0 (I) 
           Arrival:=    2200            0     
                                              
             Setup:-     119                  
       Uncertainty:-     100                  
     Required Time:=    1981                  
      Launch Clock:-       0                  
         Data Path:-    1014                  
             Slack:=     967                  

#------------------------------------------------------------------------------------------------------------------------------------
#                   Timing Point                    Flags    Arc    Edge       Cell         Fanout Load Trans Delay Arrival Instance 
#                                                                                                  (fF)  (ps)  (ps)   (ps)  Location 
#------------------------------------------------------------------------------------------------------------------------------------
  uu_dtpath/uu_mem/o_resultSrc_reg[0]/clk           -       -       R     (arrival)            581    -    50     0       0    (-,-) 
  uu_dtpath/uu_mem/o_resultSrc_reg[0]/q             (u)     clk->q  F     unmapped_d_flop        4  4.0     0   350     350    (-,-) 
  uu_dtpath/uu_wb/g543/z                            (u)     in_1->z F     unmapped_complex2     32  6.0     0   155     505    (-,-) 
  uu_dtpath/uu_wb/g459/z                            (u)     in_0->z F     unmapped_complex2      1  1.0     0    71     576    (-,-) 
  uu_dtpath/uu_wb/g402/z                            (u)     in_1->z R     unmapped_nand2         1  1.0     0    71     646    (-,-) 
  uu_dtpath/uu_wb/g362/z                            (u)     in_0->z R     unmapped_complex2      1  1.0     0    71     717    (-,-) 
  uu_dtpath/uu_wb/g334/z                            (u)     in_0->z R     unmapped_complex2     31  6.0     0   155     872    (-,-) 
  uu_dtpath/uu_dec/uu_reg_file/g16800/z             (u)     in_1->z F     unmapped_complex2      1  1.0     0    71     943    (-,-) 
  uu_dtpath/uu_dec/uu_reg_file/g15841/z             (u)     in_0->z R     unmapped_nand2         1  1.0     0    71    1014    (-,-) 
  uu_dtpath/uu_dec/uu_reg_file/reg_dt_reg[31][17]/d -       -       R     unmapped_d_flop        1    -     -     0    1014    (-,-) 
#------------------------------------------------------------------------------------------------------------------------------------

(u) : Net has unmapped pin(s).



Path 48: MET (967 ps) Setup Check with Pin uu_dtpath/uu_dec/uu_reg_file/reg_dt_reg[31][16]/clk->d
          Group: clk
     Startpoint: (R) uu_dtpath/uu_mem/o_resultSrc_reg[0]/clk
          Clock: (R) clk
       Endpoint: (R) uu_dtpath/uu_dec/uu_reg_file/reg_dt_reg[31][16]/d
          Clock: (F) clk

                     Capture       Launch     
        Clock Edge:+    2200            0     
       Src Latency:+       0            0     
       Net Latency:+       0 (I)        0 (I) 
           Arrival:=    2200            0     
                                              
             Setup:-     119                  
       Uncertainty:-     100                  
     Required Time:=    1981                  
      Launch Clock:-       0                  
         Data Path:-    1014                  
             Slack:=     967                  

#------------------------------------------------------------------------------------------------------------------------------------
#                   Timing Point                    Flags    Arc    Edge       Cell         Fanout Load Trans Delay Arrival Instance 
#                                                                                                  (fF)  (ps)  (ps)   (ps)  Location 
#------------------------------------------------------------------------------------------------------------------------------------
  uu_dtpath/uu_mem/o_resultSrc_reg[0]/clk           -       -       R     (arrival)            581    -    50     0       0    (-,-) 
  uu_dtpath/uu_mem/o_resultSrc_reg[0]/q             (u)     clk->q  F     unmapped_d_flop        4  4.0     0   350     350    (-,-) 
  uu_dtpath/uu_wb/g543/z                            (u)     in_1->z F     unmapped_complex2     32  6.0     0   155     505    (-,-) 
  uu_dtpath/uu_wb/g453/z                            (u)     in_0->z F     unmapped_complex2      1  1.0     0    71     576    (-,-) 
  uu_dtpath/uu_wb/g403/z                            (u)     in_1->z R     unmapped_nand2         1  1.0     0    71     646    (-,-) 
  uu_dtpath/uu_wb/g369/z                            (u)     in_0->z R     unmapped_complex2      1  1.0     0    71     717    (-,-) 
  uu_dtpath/uu_wb/g335/z                            (u)     in_0->z R     unmapped_complex2     31  6.0     0   155     872    (-,-) 
  uu_dtpath/uu_dec/uu_reg_file/g16796/z             (u)     in_1->z F     unmapped_complex2      1  1.0     0    71     943    (-,-) 
  uu_dtpath/uu_dec/uu_reg_file/g15835/z             (u)     in_0->z R     unmapped_nand2         1  1.0     0    71    1014    (-,-) 
  uu_dtpath/uu_dec/uu_reg_file/reg_dt_reg[31][16]/d -       -       R     unmapped_d_flop        1    -     -     0    1014    (-,-) 
#------------------------------------------------------------------------------------------------------------------------------------

(u) : Net has unmapped pin(s).



Path 49: MET (967 ps) Setup Check with Pin uu_dtpath/uu_dec/uu_reg_file/reg_dt_reg[31][15]/clk->d
          Group: clk
     Startpoint: (R) uu_dtpath/uu_mem/o_resultSrc_reg[0]/clk
          Clock: (R) clk
       Endpoint: (R) uu_dtpath/uu_dec/uu_reg_file/reg_dt_reg[31][15]/d
          Clock: (F) clk

                     Capture       Launch     
        Clock Edge:+    2200            0     
       Src Latency:+       0            0     
       Net Latency:+       0 (I)        0 (I) 
           Arrival:=    2200            0     
                                              
             Setup:-     119                  
       Uncertainty:-     100                  
     Required Time:=    1981                  
      Launch Clock:-       0                  
         Data Path:-    1014                  
             Slack:=     967                  

#------------------------------------------------------------------------------------------------------------------------------------
#                   Timing Point                    Flags    Arc    Edge       Cell         Fanout Load Trans Delay Arrival Instance 
#                                                                                                  (fF)  (ps)  (ps)   (ps)  Location 
#------------------------------------------------------------------------------------------------------------------------------------
  uu_dtpath/uu_mem/o_resultSrc_reg[0]/clk           -       -       R     (arrival)            581    -    50     0       0    (-,-) 
  uu_dtpath/uu_mem/o_resultSrc_reg[0]/q             (u)     clk->q  F     unmapped_d_flop        4  4.0     0   350     350    (-,-) 
  uu_dtpath/uu_wb/g543/z                            (u)     in_1->z F     unmapped_complex2     32  6.0     0   155     505    (-,-) 
  uu_dtpath/uu_wb/g446/z                            (u)     in_0->z F     unmapped_complex2      1  1.0     0    71     576    (-,-) 
  uu_dtpath/uu_wb/g405/z                            (u)     in_1->z R     unmapped_nand2         1  1.0     0    71     646    (-,-) 
  uu_dtpath/uu_wb/g371/z                            (u)     in_0->z R     unmapped_complex2      1  1.0     0    71     717    (-,-) 
  uu_dtpath/uu_wb/g336/z                            (u)     in_0->z R     unmapped_complex2     31  6.0     0   155     872    (-,-) 
  uu_dtpath/uu_dec/uu_reg_file/g16792/z             (u)     in_1->z F     unmapped_complex2      1  1.0     0    71     943    (-,-) 
  uu_dtpath/uu_dec/uu_reg_file/g15829/z             (u)     in_0->z R     unmapped_nand2         1  1.0     0    71    1014    (-,-) 
  uu_dtpath/uu_dec/uu_reg_file/reg_dt_reg[31][15]/d -       -       R     unmapped_d_flop        1    -     -     0    1014    (-,-) 
#------------------------------------------------------------------------------------------------------------------------------------

(u) : Net has unmapped pin(s).



Path 50: MET (967 ps) Setup Check with Pin uu_dtpath/uu_dec/uu_reg_file/reg_dt_reg[31][14]/clk->d
          Group: clk
     Startpoint: (R) uu_dtpath/uu_mem/o_resultSrc_reg[0]/clk
          Clock: (R) clk
       Endpoint: (R) uu_dtpath/uu_dec/uu_reg_file/reg_dt_reg[31][14]/d
          Clock: (F) clk

                     Capture       Launch     
        Clock Edge:+    2200            0     
       Src Latency:+       0            0     
       Net Latency:+       0 (I)        0 (I) 
           Arrival:=    2200            0     
                                              
             Setup:-     119                  
       Uncertainty:-     100                  
     Required Time:=    1981                  
      Launch Clock:-       0                  
         Data Path:-    1014                  
             Slack:=     967                  

#------------------------------------------------------------------------------------------------------------------------------------
#                   Timing Point                    Flags    Arc    Edge       Cell         Fanout Load Trans Delay Arrival Instance 
#                                                                                                  (fF)  (ps)  (ps)   (ps)  Location 
#------------------------------------------------------------------------------------------------------------------------------------
  uu_dtpath/uu_mem/o_resultSrc_reg[0]/clk           -       -       R     (arrival)            581    -    50     0       0    (-,-) 
  uu_dtpath/uu_mem/o_resultSrc_reg[0]/q             (u)     clk->q  F     unmapped_d_flop        4  4.0     0   350     350    (-,-) 
  uu_dtpath/uu_wb/g543/z                            (u)     in_1->z F     unmapped_complex2     32  6.0     0   155     505    (-,-) 
  uu_dtpath/uu_wb/g440/z                            (u)     in_0->z F     unmapped_complex2      1  1.0     0    71     576    (-,-) 
  uu_dtpath/uu_wb/g406/z                            (u)     in_1->z R     unmapped_nand2         1  1.0     0    71     646    (-,-) 
  uu_dtpath/uu_wb/g361/z                            (u)     in_0->z R     unmapped_complex2      1  1.0     0    71     717    (-,-) 
  uu_dtpath/uu_wb/g337/z                            (u)     in_0->z R     unmapped_complex2     31  6.0     0   155     872    (-,-) 
  uu_dtpath/uu_dec/uu_reg_file/g16788/z             (u)     in_1->z F     unmapped_complex2      1  1.0     0    71     943    (-,-) 
  uu_dtpath/uu_dec/uu_reg_file/g15823/z             (u)     in_0->z R     unmapped_nand2         1  1.0     0    71    1014    (-,-) 
  uu_dtpath/uu_dec/uu_reg_file/reg_dt_reg[31][14]/d -       -       R     unmapped_d_flop        1    -     -     0    1014    (-,-) 
#------------------------------------------------------------------------------------------------------------------------------------

(u) : Net has unmapped pin(s).

