============================================================
  Generated by:           Genus(TM) Synthesis Solution 22.14-s059_1
  Generated on:           Jun 26 2026  04:47:18 pm
  Module:                 ariscv
  Operating conditions:   PVT_0P9V_125C 
  Interconnect mode:      global
  Area mode:              physical library
============================================================


Path 1: VIOLATED (-9 ps) Setup Check with Pin uu_dtpath/uu_fetch/pc_plus4_ff_reg[19]/CK->D
          Group: CAPTURE_PC_FD
     Startpoint: (R) uu_dtpath/uu_fetch/pc_ff_reg[17]/CK
          Clock: (F) ACLK_PC_0
       Endpoint: (R) uu_dtpath/uu_fetch/pc_plus4_ff_reg[19]/D
          Clock: (F) CAPTURE_PC_FD

                        Capture       Launch     
           Path Delay:+    1200            -     
          Src Latency:+       0            0     
          Net Latency:+       0 (I)        0 (I) 
        Capture Clock:+       0                  
              Arrival:=    1200            0     
                                                 
                Setup:-     118                  
          Uncertainty:-     100                  
        Required Time:=     982                  
         Launch Clock:-       0                  
            Data Path:-     991                  
                Slack:=      -9                  

Exceptions/Constraints:
  max_delay             1200            del_1 

#------------------------------------------------------------------------------------------------------------------
#              Timing Point                Flags   Arc   Edge    Cell     Fanout Load Trans Delay Arrival Instance 
#                                                                                (fF)  (ps)  (ps)   (ps)  Location 
#------------------------------------------------------------------------------------------------------------------
  uu_dtpath/uu_fetch/pc_ff_reg[17]/CK      -       -     R     (arrival)      34    -    50     0       0    (-,-) 
  uu_dtpath/uu_fetch/pc_ff_reg[17]/Q       -       CK->Q R     DFFRHQX4        2  4.6    52   298     298    (-,-) 
  uu_dtpath/uu_fetch/add_42_30_g2447/Y     -       A->Y  R     CLKAND2X6       1  5.3    37   115     413    (-,-) 
  uu_dtpath/uu_fetch/add_42_30_g2434/Y     -       A->Y  F     NAND2X8         1  5.0    75    77     490    (-,-) 
  uu_dtpath/uu_fetch/add_42_30_g2397/Y     -       A->Y  R     NOR2X8          1  3.6    52    76     565    (-,-) 
  uu_dtpath/uu_fetch/add_42_30_g2392/Y     -       A->Y  R     CLKAND2X12     14 41.4    95   158     723    (-,-) 
  uu_dtpath/uu_fetch/add_42_30_g2370/Y     -       B->Y  R     CLKAND2X6       2  6.4    41   127     850    (-,-) 
  uu_dtpath/uu_fetch/add_42_30_g2475/Y     -       B->Y  F     NAND2BX4        1  3.5    88    77     927    (-,-) 
  uu_dtpath/uu_fetch/add_42_30_g2332/Y     -       B->Y  R     NAND2BX4        2  4.3    47    64     991    (-,-) 
  uu_dtpath/uu_fetch/pc_plus4_ff_reg[19]/D -       -     R     DFFRHQX1        2    -     -     0     991    (-,-) 
#------------------------------------------------------------------------------------------------------------------



Path 2: VIOLATED (-8 ps) Setup Check with Pin uu_dtpath/uu_fetch/pc_plus4_ff_reg[20]/CK->D
          Group: CAPTURE_PC_FD
     Startpoint: (R) uu_dtpath/uu_fetch/pc_ff_reg[17]/CK
          Clock: (F) ACLK_PC_0
       Endpoint: (F) uu_dtpath/uu_fetch/pc_plus4_ff_reg[20]/D
          Clock: (F) CAPTURE_PC_FD

                        Capture       Launch     
           Path Delay:+    1200            -     
          Src Latency:+       0            0     
          Net Latency:+       0 (I)        0 (I) 
        Capture Clock:+       0                  
              Arrival:=    1200            0     
                                                 
                Setup:-      76                  
          Uncertainty:-     100                  
        Required Time:=    1024                  
         Launch Clock:-       0                  
            Data Path:-    1031                  
                Slack:=      -8                  

Exceptions/Constraints:
  max_delay             1200            del_1 

#------------------------------------------------------------------------------------------------------------------
#              Timing Point                Flags   Arc   Edge    Cell     Fanout Load Trans Delay Arrival Instance 
#                                                                                (fF)  (ps)  (ps)   (ps)  Location 
#------------------------------------------------------------------------------------------------------------------
  uu_dtpath/uu_fetch/pc_ff_reg[17]/CK      -       -     R     (arrival)      34    -    50     0       0    (-,-) 
  uu_dtpath/uu_fetch/pc_ff_reg[17]/Q       -       CK->Q R     DFFRHQX4        2  4.6    52   298     298    (-,-) 
  uu_dtpath/uu_fetch/add_42_30_g2447/Y     -       A->Y  R     CLKAND2X6       1  5.3    37   115     413    (-,-) 
  uu_dtpath/uu_fetch/add_42_30_g2434/Y     -       A->Y  F     NAND2X8         1  5.0    75    77     490    (-,-) 
  uu_dtpath/uu_fetch/add_42_30_g2397/Y     -       A->Y  R     NOR2X8          1  3.6    52    76     565    (-,-) 
  uu_dtpath/uu_fetch/add_42_30_g2392/Y     -       A->Y  R     CLKAND2X12     14 41.4    95   158     723    (-,-) 
  uu_dtpath/uu_fetch/add_42_30_g2368/Y     -       B->Y  F     NAND2X4         2  6.1   128   121     845    (-,-) 
  uu_dtpath/uu_fetch/add_42_30_g2366/Y     -       B->Y  R     NAND2X4         1  3.7    50    81     926    (-,-) 
  uu_dtpath/uu_fetch/add_42_30_g2347/Y     -       B0->Y F     OAI21X4         2  4.6   116   105    1031    (-,-) 
  uu_dtpath/uu_fetch/pc_plus4_ff_reg[20]/D -       -     F     DFFRHQX1        2    -     -     0    1031    (-,-) 
#------------------------------------------------------------------------------------------------------------------



Path 3: VIOLATED (-7 ps) Setup Check with Pin uu_dtpath/uu_fetch/pc_plus4_ff_reg[22]/CK->D
          Group: CAPTURE_PC_FD
     Startpoint: (R) uu_dtpath/uu_fetch/pc_ff_reg[17]/CK
          Clock: (F) ACLK_PC_0
       Endpoint: (F) uu_dtpath/uu_fetch/pc_plus4_ff_reg[22]/D
          Clock: (F) CAPTURE_PC_FD

                        Capture       Launch     
           Path Delay:+    1200            -     
          Src Latency:+       0            0     
          Net Latency:+       0 (I)        0 (I) 
        Capture Clock:+       0                  
              Arrival:=    1200            0     
                                                 
                Setup:-      75                  
          Uncertainty:-     100                  
        Required Time:=    1025                  
         Launch Clock:-       0                  
            Data Path:-    1031                  
                Slack:=      -7                  

Exceptions/Constraints:
  max_delay             1200            del_1 

#------------------------------------------------------------------------------------------------------------------
#              Timing Point                Flags   Arc   Edge    Cell     Fanout Load Trans Delay Arrival Instance 
#                                                                                (fF)  (ps)  (ps)   (ps)  Location 
#------------------------------------------------------------------------------------------------------------------
  uu_dtpath/uu_fetch/pc_ff_reg[17]/CK      -       -     R     (arrival)      34    -    50     0       0    (-,-) 
  uu_dtpath/uu_fetch/pc_ff_reg[17]/Q       -       CK->Q R     DFFRHQX4        2  4.6    52   298     298    (-,-) 
  uu_dtpath/uu_fetch/add_42_30_g2447/Y     -       A->Y  R     CLKAND2X6       1  5.3    37   115     413    (-,-) 
  uu_dtpath/uu_fetch/add_42_30_g2434/Y     -       A->Y  F     NAND2X8         1  5.0    75    77     490    (-,-) 
  uu_dtpath/uu_fetch/add_42_30_g2397/Y     -       A->Y  R     NOR2X8          1  3.6    52    76     565    (-,-) 
  uu_dtpath/uu_fetch/add_42_30_g2392/Y     -       A->Y  R     CLKAND2X12     14 41.4    95   158     723    (-,-) 
  uu_dtpath/uu_fetch/add_42_30_g2371/Y     -       B->Y  F     NAND2X4         2  6.1   128   121     845    (-,-) 
  uu_dtpath/uu_fetch/add_42_30_g2356/Y     -       B->Y  R     NAND2X4         1  3.7    50    81     926    (-,-) 
  uu_dtpath/uu_fetch/add_42_30_g2346/Y     -       B0->Y F     OAI21X4         2  4.6   114   105    1031    (-,-) 
  uu_dtpath/uu_fetch/pc_plus4_ff_reg[22]/D -       -     F     DFFRHQX1        2    -     -     0    1031    (-,-) 
#------------------------------------------------------------------------------------------------------------------



Path 4: VIOLATED (-7 ps) Setup Check with Pin uu_dtpath/uu_fetch/pc_plus4_ff_reg[23]/CK->D
          Group: CAPTURE_PC_FD
     Startpoint: (R) uu_dtpath/uu_fetch/pc_ff_reg[17]/CK
          Clock: (F) ACLK_PC_0
       Endpoint: (F) uu_dtpath/uu_fetch/pc_plus4_ff_reg[23]/D
          Clock: (F) CAPTURE_PC_FD

                        Capture       Launch     
           Path Delay:+    1200            -     
          Src Latency:+       0            0     
          Net Latency:+       0 (I)        0 (I) 
        Capture Clock:+       0                  
              Arrival:=    1200            0     
                                                 
                Setup:-      75                  
          Uncertainty:-     100                  
        Required Time:=    1025                  
         Launch Clock:-       0                  
            Data Path:-    1031                  
                Slack:=      -7                  

Exceptions/Constraints:
  max_delay             1200            del_1 

#------------------------------------------------------------------------------------------------------------------
#              Timing Point                Flags   Arc   Edge    Cell     Fanout Load Trans Delay Arrival Instance 
#                                                                                (fF)  (ps)  (ps)   (ps)  Location 
#------------------------------------------------------------------------------------------------------------------
  uu_dtpath/uu_fetch/pc_ff_reg[17]/CK      -       -     R     (arrival)      34    -    50     0       0    (-,-) 
  uu_dtpath/uu_fetch/pc_ff_reg[17]/Q       -       CK->Q R     DFFRHQX4        2  4.6    52   298     298    (-,-) 
  uu_dtpath/uu_fetch/add_42_30_g2447/Y     -       A->Y  R     CLKAND2X6       1  5.3    37   115     413    (-,-) 
  uu_dtpath/uu_fetch/add_42_30_g2434/Y     -       A->Y  F     NAND2X8         1  5.0    75    77     490    (-,-) 
  uu_dtpath/uu_fetch/add_42_30_g2397/Y     -       A->Y  R     NOR2X8          1  3.6    52    76     565    (-,-) 
  uu_dtpath/uu_fetch/add_42_30_g2392/Y     -       A->Y  R     CLKAND2X12     14 41.4    95   158     723    (-,-) 
  uu_dtpath/uu_fetch/add_42_30_g2379/Y     -       B->Y  F     NAND2X4         2  6.1   128   121     845    (-,-) 
  uu_dtpath/uu_fetch/add_42_30_g2355/Y     -       B->Y  R     NAND2X4         1  3.7    50    81     926    (-,-) 
  uu_dtpath/uu_fetch/add_42_30_g2338/Y     -       B0->Y F     OAI21X4         2  4.6   114   105    1031    (-,-) 
  uu_dtpath/uu_fetch/pc_plus4_ff_reg[23]/D -       -     F     DFFRHQX1        2    -     -     0    1031    (-,-) 
#------------------------------------------------------------------------------------------------------------------



Path 5: VIOLATED (-6 ps) Setup Check with Pin uu_dtpath/uu_fetch/pc_plus4_ff_reg[30]/CK->D
          Group: CAPTURE_PC_FD
     Startpoint: (R) uu_dtpath/uu_fetch/pc_ff_reg[19]/CK
          Clock: (F) ACLK_PC_0
       Endpoint: (F) uu_dtpath/uu_fetch/pc_plus4_ff_reg[30]/D
          Clock: (F) CAPTURE_PC_FD

                        Capture       Launch     
           Path Delay:+    1200            -     
          Src Latency:+       0            0     
          Net Latency:+       0 (I)        0 (I) 
        Capture Clock:+       0                  
              Arrival:=    1200            0     
                                                 
                Setup:-      85                  
          Uncertainty:-     100                  
        Required Time:=    1015                  
         Launch Clock:-       0                  
            Data Path:-    1021                  
                Slack:=      -6                  

Exceptions/Constraints:
  max_delay             1200            del_1 

#------------------------------------------------------------------------------------------------------------------
#              Timing Point                Flags    Arc   Edge   Cell     Fanout Load Trans Delay Arrival Instance 
#                                                                                (fF)  (ps)  (ps)   (ps)  Location 
#------------------------------------------------------------------------------------------------------------------
  uu_dtpath/uu_fetch/pc_ff_reg[19]/CK      -       -      R     (arrival)     34    -    50     0       0    (-,-) 
  uu_dtpath/uu_fetch/pc_ff_reg[19]/Q       -       CK->Q  R     DFFRHQX4       5  8.5    72   308     308    (-,-) 
  uu_dtpath/uu_fetch/add_42_30_g2449/Y     -       B->Y   R     CLKAND2X6      3  7.0    43   118     426    (-,-) 
  uu_dtpath/uu_fetch/add_42_30_g2437/Y     -       B->Y   R     CLKAND2X6      2  5.0    36   102     528    (-,-) 
  uu_dtpath/uu_fetch/add_42_30_g2418/Y     -       B->Y   R     CLKAND2X6      3 11.1    56   110     637    (-,-) 
  uu_dtpath/uu_fetch/add_42_30_g2399/Y     -       B->Y   R     CLKAND2X6      1  4.5    35   106     744    (-,-) 
  uu_dtpath/uu_fetch/add_42_30_g2373/Y     -       A->Y   F     NAND2X6        2  4.9    91    81     824    (-,-) 
  uu_dtpath/uu_fetch/add_42_30_g2344/Y     -       A1N->Y F     OAI2BB2X4      2  4.6   137   196    1021    (-,-) 
  uu_dtpath/uu_fetch/pc_plus4_ff_reg[30]/D -       -      F     DFFRHQX1       2    -     -     0    1021    (-,-) 
#------------------------------------------------------------------------------------------------------------------



Path 6: VIOLATED (-4 ps) Setup Check with Pin uu_dtpath/uu_fetch/pc_plus4_ff_reg[27]/CK->D
          Group: CAPTURE_PC_FD
     Startpoint: (R) uu_dtpath/uu_fetch/pc_ff_reg[19]/CK
          Clock: (F) ACLK_PC_0
       Endpoint: (F) uu_dtpath/uu_fetch/pc_plus4_ff_reg[27]/D
          Clock: (F) CAPTURE_PC_FD

                        Capture       Launch     
           Path Delay:+    1200            -     
          Src Latency:+       0            0     
          Net Latency:+       0 (I)        0 (I) 
        Capture Clock:+       0                  
              Arrival:=    1200            0     
                                                 
                Setup:-      75                  
          Uncertainty:-     100                  
        Required Time:=    1025                  
         Launch Clock:-       0                  
            Data Path:-    1029                  
                Slack:=      -4                  

Exceptions/Constraints:
  max_delay             1200            del_1 

#-----------------------------------------------------------------------------------------------------------------
#              Timing Point                Flags   Arc   Edge   Cell     Fanout Load Trans Delay Arrival Instance 
#                                                                               (fF)  (ps)  (ps)   (ps)  Location 
#-----------------------------------------------------------------------------------------------------------------
  uu_dtpath/uu_fetch/pc_ff_reg[19]/CK      -       -     R     (arrival)     34    -    50     0       0    (-,-) 
  uu_dtpath/uu_fetch/pc_ff_reg[19]/Q       -       CK->Q R     DFFRHQX4       5  8.5    72   308     308    (-,-) 
  uu_dtpath/uu_fetch/add_42_30_g2449/Y     -       B->Y  R     CLKAND2X6      3  7.0    43   118     426    (-,-) 
  uu_dtpath/uu_fetch/add_42_30_g2437/Y     -       B->Y  R     CLKAND2X6      2  5.0    36   102     528    (-,-) 
  uu_dtpath/uu_fetch/add_42_30_g2418/Y     -       B->Y  R     CLKAND2X6      3 11.1    56   110     637    (-,-) 
  uu_dtpath/uu_fetch/add_42_30_g2417/Y     -       A->Y  F     CLKINVX12      5 15.4    55    56     693    (-,-) 
  uu_dtpath/uu_fetch/add_42_30_g2401/Y     -       B->Y  R     NOR2X6         2  6.0    73    68     761    (-,-) 
  uu_dtpath/uu_fetch/add_42_30_g2400/Y     -       A->Y  F     INVX3          1  3.6    50    64     825    (-,-) 
  uu_dtpath/uu_fetch/add_42_30_g2351/Y     -       A0->Y R     OAI21X4        1  3.7    83    87     911    (-,-) 
  uu_dtpath/uu_fetch/add_42_30_g2337/Y     -       B0->Y F     OAI21X4        2  4.2   113   118    1029    (-,-) 
  uu_dtpath/uu_fetch/pc_plus4_ff_reg[27]/D -       -     F     DFFRHQX1       2    -     -     0    1029    (-,-) 
#-----------------------------------------------------------------------------------------------------------------



Path 7: VIOLATED (-3 ps) Setup Check with Pin uu_dtpath/uu_fetch/pc_plus4_ff_reg[29]/CK->D
          Group: CAPTURE_PC_FD
     Startpoint: (R) uu_dtpath/uu_fetch/pc_ff_reg[17]/CK
          Clock: (F) ACLK_PC_0
       Endpoint: (F) uu_dtpath/uu_fetch/pc_plus4_ff_reg[29]/D
          Clock: (F) CAPTURE_PC_FD

                        Capture       Launch     
           Path Delay:+    1200            -     
          Src Latency:+       0            0     
          Net Latency:+       0 (I)        0 (I) 
        Capture Clock:+       0                  
              Arrival:=    1200            0     
                                                 
                Setup:-      74                  
          Uncertainty:-     100                  
        Required Time:=    1026                  
         Launch Clock:-       0                  
            Data Path:-    1028                  
                Slack:=      -3                  

Exceptions/Constraints:
  max_delay             1200            del_1 

#------------------------------------------------------------------------------------------------------------------
#              Timing Point                Flags   Arc   Edge    Cell     Fanout Load Trans Delay Arrival Instance 
#                                                                                (fF)  (ps)  (ps)   (ps)  Location 
#------------------------------------------------------------------------------------------------------------------
  uu_dtpath/uu_fetch/pc_ff_reg[17]/CK      -       -     R     (arrival)      34    -    50     0       0    (-,-) 
  uu_dtpath/uu_fetch/pc_ff_reg[17]/Q       -       CK->Q R     DFFRHQX4        2  4.6    52   298     298    (-,-) 
  uu_dtpath/uu_fetch/add_42_30_g2447/Y     -       A->Y  R     CLKAND2X6       1  5.3    37   115     413    (-,-) 
  uu_dtpath/uu_fetch/add_42_30_g2434/Y     -       A->Y  F     NAND2X8         1  5.0    75    77     490    (-,-) 
  uu_dtpath/uu_fetch/add_42_30_g2397/Y     -       A->Y  R     NOR2X8          1  3.6    52    76     565    (-,-) 
  uu_dtpath/uu_fetch/add_42_30_g2392/Y     -       A->Y  R     CLKAND2X12     14 41.4    95   158     723    (-,-) 
  uu_dtpath/uu_fetch/add_42_30_g2391/Y     -       A->Y  F     CLKINVX8        7 17.6    85    86     810    (-,-) 
  uu_dtpath/uu_fetch/add_42_30_g2357/Y     -       A0->Y R     OAI21X4         1  3.7    79   103     912    (-,-) 
  uu_dtpath/uu_fetch/add_42_30_g2339/Y     -       B0->Y F     OAI21X4         2  4.2   112   116    1028    (-,-) 
  uu_dtpath/uu_fetch/pc_plus4_ff_reg[29]/D -       -     F     DFFRHQX1        2    -     -     0    1028    (-,-) 
#------------------------------------------------------------------------------------------------------------------



Path 8: VIOLATED (-1 ps) Setup Check with Pin uu_dtpath/uu_fetch/pc_plus4_ff_reg[24]/CK->D
          Group: CAPTURE_PC_FD
     Startpoint: (R) uu_dtpath/uu_fetch/pc_ff_reg[17]/CK
          Clock: (F) ACLK_PC_0
       Endpoint: (R) uu_dtpath/uu_fetch/pc_plus4_ff_reg[24]/D
          Clock: (F) CAPTURE_PC_FD

                        Capture       Launch     
           Path Delay:+    1200            -     
          Src Latency:+       0            0     
          Net Latency:+       0 (I)        0 (I) 
        Capture Clock:+       0                  
              Arrival:=    1200            0     
                                                 
                Setup:-     141                  
          Uncertainty:-     100                  
        Required Time:=     959                  
         Launch Clock:-       0                  
            Data Path:-     961                  
                Slack:=      -1                  

Exceptions/Constraints:
  max_delay             1200            del_1 

#------------------------------------------------------------------------------------------------------------------
#              Timing Point                Flags   Arc   Edge    Cell     Fanout Load Trans Delay Arrival Instance 
#                                                                                (fF)  (ps)  (ps)   (ps)  Location 
#------------------------------------------------------------------------------------------------------------------
  uu_dtpath/uu_fetch/pc_ff_reg[17]/CK      -       -     R     (arrival)      34    -    50     0       0    (-,-) 
  uu_dtpath/uu_fetch/pc_ff_reg[17]/Q       -       CK->Q R     DFFRHQX4        2  4.6    52   298     298    (-,-) 
  uu_dtpath/uu_fetch/add_42_30_g2447/Y     -       A->Y  R     CLKAND2X6       1  5.3    37   115     413    (-,-) 
  uu_dtpath/uu_fetch/add_42_30_g2434/Y     -       A->Y  F     NAND2X8         1  5.0    75    77     490    (-,-) 
  uu_dtpath/uu_fetch/add_42_30_g2397/Y     -       A->Y  R     NOR2X8          1  3.6    52    76     565    (-,-) 
  uu_dtpath/uu_fetch/add_42_30_g2392/Y     -       A->Y  R     CLKAND2X12     14 41.4    95   158     723    (-,-) 
  uu_dtpath/uu_fetch/add_42_30_g2367/Y     -       B->Y  F     NAND2X4         2  6.1   128   121     845    (-,-) 
  uu_dtpath/uu_fetch/add_42_30_g2345/Y     -       A1->Y R     OAI21X4         2  4.3    94   116     961    (-,-) 
  uu_dtpath/uu_fetch/pc_plus4_ff_reg[24]/D -       -     R     DFFRHQX1        2    -     -     0     961    (-,-) 
#------------------------------------------------------------------------------------------------------------------



Path 9: MET (-0 ps) Setup Check with Pin uu_dtpath/uu_fetch/pc_plus4_ff_reg[28]/CK->D
          Group: CAPTURE_PC_FD
     Startpoint: (R) uu_dtpath/uu_fetch/pc_ff_reg[19]/CK
          Clock: (F) ACLK_PC_0
       Endpoint: (F) uu_dtpath/uu_fetch/pc_plus4_ff_reg[28]/D
          Clock: (F) CAPTURE_PC_FD

                        Capture       Launch     
           Path Delay:+    1200            -     
          Src Latency:+       0            0     
          Net Latency:+       0 (I)        0 (I) 
        Capture Clock:+       0                  
              Arrival:=    1200            0     
                                                 
                Setup:-      83                  
          Uncertainty:-     100                  
        Required Time:=    1017                  
         Launch Clock:-       0                  
            Data Path:-    1018                  
                Slack:=      -0                  

Exceptions/Constraints:
  max_delay             1200            del_1 

#------------------------------------------------------------------------------------------------------------------
#              Timing Point                Flags    Arc   Edge   Cell     Fanout Load Trans Delay Arrival Instance 
#                                                                                (fF)  (ps)  (ps)   (ps)  Location 
#------------------------------------------------------------------------------------------------------------------
  uu_dtpath/uu_fetch/pc_ff_reg[19]/CK      -       -      R     (arrival)     34    -    50     0       0    (-,-) 
  uu_dtpath/uu_fetch/pc_ff_reg[19]/Q       -       CK->Q  R     DFFRHQX4       5  8.5    72   308     308    (-,-) 
  uu_dtpath/uu_fetch/add_42_30_g2449/Y     -       B->Y   R     CLKAND2X6      3  7.0    43   118     426    (-,-) 
  uu_dtpath/uu_fetch/add_42_30_g2437/Y     -       B->Y   R     CLKAND2X6      2  5.0    36   102     528    (-,-) 
  uu_dtpath/uu_fetch/add_42_30_g2418/Y     -       B->Y   R     CLKAND2X6      3 11.1    56   110     637    (-,-) 
  uu_dtpath/uu_fetch/add_42_30_g2402/Y     -       B->Y   R     CLKAND2X6      1  4.5    35   106     744    (-,-) 
  uu_dtpath/uu_fetch/add_42_30_g2374/Y     -       A->Y   F     NAND2X6        2  4.9    91    81     824    (-,-) 
  uu_dtpath/uu_fetch/add_42_30_g2341/Y     -       A1N->Y F     OAI2BB2X4      2  4.2   130   193    1018    (-,-) 
  uu_dtpath/uu_fetch/pc_plus4_ff_reg[28]/D -       -      F     DFFRHQX1       2    -     -     0    1018    (-,-) 
#------------------------------------------------------------------------------------------------------------------



Path 10: MET (2 ps) Setup Check with Pin uu_dtpath/uu_fetch/pc_plus4_ff_reg[25]/CK->D
          Group: CAPTURE_PC_FD
     Startpoint: (R) uu_dtpath/uu_fetch/pc_ff_reg[19]/CK
          Clock: (F) ACLK_PC_0
       Endpoint: (R) uu_dtpath/uu_fetch/pc_plus4_ff_reg[25]/D
          Clock: (F) CAPTURE_PC_FD

                        Capture       Launch     
           Path Delay:+    1200            -     
          Src Latency:+       0            0     
          Net Latency:+       0 (I)        0 (I) 
        Capture Clock:+       0                  
              Arrival:=    1200            0     
                                                 
                Setup:-     139                  
          Uncertainty:-     100                  
        Required Time:=     961                  
         Launch Clock:-       0                  
            Data Path:-     960                  
                Slack:=       2                  

Exceptions/Constraints:
  max_delay             1200            del_1 

#-----------------------------------------------------------------------------------------------------------------
#              Timing Point                Flags   Arc   Edge   Cell     Fanout Load Trans Delay Arrival Instance 
#                                                                               (fF)  (ps)  (ps)   (ps)  Location 
#-----------------------------------------------------------------------------------------------------------------
  uu_dtpath/uu_fetch/pc_ff_reg[19]/CK      -       -     R     (arrival)     34    -    50     0       0    (-,-) 
  uu_dtpath/uu_fetch/pc_ff_reg[19]/Q       -       CK->Q R     DFFRHQX4       5  8.5    72   308     308    (-,-) 
  uu_dtpath/uu_fetch/add_42_30_g2449/Y     -       B->Y  R     CLKAND2X6      3  7.0    43   118     426    (-,-) 
  uu_dtpath/uu_fetch/add_42_30_g2437/Y     -       B->Y  R     CLKAND2X6      2  5.0    36   102     528    (-,-) 
  uu_dtpath/uu_fetch/add_42_30_g2430/Y     -       A->Y  R     BUFX6          4 10.2    51    93     621    (-,-) 
  uu_dtpath/uu_fetch/add_42_30_g2420/Y     -       B->Y  F     NAND2X6        2  5.0    86    79     700    (-,-) 
  uu_dtpath/uu_fetch/add_42_30_g2380/Y     -       AN->Y F     NAND2BX4       1  3.6    96   158     858    (-,-) 
  uu_dtpath/uu_fetch/add_42_30_g2340/Y     -       A1->Y R     OAI21X4        2  4.3    90   102     960    (-,-) 
  uu_dtpath/uu_fetch/pc_plus4_ff_reg[25]/D -       -     R     DFFRHQX1       2    -     -     0     960    (-,-) 
#-----------------------------------------------------------------------------------------------------------------



Path 11: MET (3 ps) Setup Check with Pin uu_dtpath/uu_fetch/pc_ff_reg[24]/CK->D
          Group: ACLK_PC_0
     Startpoint: (R) uu_dtpath/uu_fetch/pc_ff_reg[17]/CK
          Clock: (F) ACLK_PC_0
       Endpoint: (F) uu_dtpath/uu_fetch/pc_ff_reg[24]/D
          Clock: (F) ACLK_PC_0

                     Capture       Launch     
        Clock Edge:+    2100          700     
       Src Latency:+       0            0     
       Net Latency:+       0 (I)        0 (I) 
           Arrival:=    2100          700     
                                              
             Setup:-      77                  
       Uncertainty:-     100                  
     Required Time:=    1923                  
      Launch Clock:-     700                  
         Data Path:-    1220                  
             Slack:=       3                  

#--------------------------------------------------------------------------------------------------------------
#            Timing Point              Flags   Arc   Edge    Cell     Fanout Load Trans Delay Arrival Instance 
#                                                                            (fF)  (ps)  (ps)   (ps)  Location 
#--------------------------------------------------------------------------------------------------------------
  uu_dtpath/uu_fetch/pc_ff_reg[17]/CK  -       -     R     (arrival)      34    -    50     0     700    (-,-) 
  uu_dtpath/uu_fetch/pc_ff_reg[17]/Q   -       CK->Q R     DFFRHQX4        2  4.6    52   298     998    (-,-) 
  uu_dtpath/uu_fetch/add_42_30_g2447/Y -       A->Y  R     CLKAND2X6       1  5.3    37   115    1113    (-,-) 
  uu_dtpath/uu_fetch/add_42_30_g2434/Y -       A->Y  F     NAND2X8         1  5.0    75    77    1190    (-,-) 
  uu_dtpath/uu_fetch/add_42_30_g2397/Y -       A->Y  R     NOR2X8          1  3.6    52    76    1265    (-,-) 
  uu_dtpath/uu_fetch/add_42_30_g2392/Y -       A->Y  R     CLKAND2X12     14 41.4    95   158    1423    (-,-) 
  uu_dtpath/uu_fetch/add_42_30_g2367/Y -       B->Y  F     NAND2X4         2  6.1   128   121    1545    (-,-) 
  uu_dtpath/uu_fetch/add_42_30_g2354/Y -       B->Y  R     NAND2X4         1  3.7    50    81    1626    (-,-) 
  uu_dtpath/uu_fetch/add_42_30_g2345/Y -       B0->Y F     OAI21X4         2  4.2   109   102    1728    (-,-) 
  uu_dtpath/uu_fetch/g2003/Y           -       A->Y  R     INVX2           1  3.7    61    85    1814    (-,-) 
  uu_dtpath/uu_fetch/g1936/Y           -       A0->Y F     OAI21X4         1  2.4   106   106    1920    (-,-) 
  uu_dtpath/uu_fetch/pc_ff_reg[24]/D   -       -     F     DFFRHQX4        1    -     -     0    1920    (-,-) 
#--------------------------------------------------------------------------------------------------------------



Path 12: MET (3 ps) Setup Check with Pin uu_dtpath/uu_fetch/pc_ff_reg[19]/CK->D
          Group: ACLK_PC_0
     Startpoint: (R) uu_dtpath/uu_fetch/pc_ff_reg[17]/CK
          Clock: (F) ACLK_PC_0
       Endpoint: (F) uu_dtpath/uu_fetch/pc_ff_reg[19]/D
          Clock: (F) ACLK_PC_0

                     Capture       Launch     
        Clock Edge:+    2100          700     
       Src Latency:+       0            0     
       Net Latency:+       0 (I)        0 (I) 
           Arrival:=    2100          700     
                                              
             Setup:-      77                  
       Uncertainty:-     100                  
     Required Time:=    1923                  
      Launch Clock:-     700                  
         Data Path:-    1220                  
             Slack:=       3                  

#--------------------------------------------------------------------------------------------------------------
#            Timing Point              Flags   Arc   Edge    Cell     Fanout Load Trans Delay Arrival Instance 
#                                                                            (fF)  (ps)  (ps)   (ps)  Location 
#--------------------------------------------------------------------------------------------------------------
  uu_dtpath/uu_fetch/pc_ff_reg[17]/CK  -       -     R     (arrival)      34    -    50     0     700    (-,-) 
  uu_dtpath/uu_fetch/pc_ff_reg[17]/Q   -       CK->Q R     DFFRHQX4        2  4.6    52   298     998    (-,-) 
  uu_dtpath/uu_fetch/add_42_30_g2447/Y -       A->Y  R     CLKAND2X6       1  5.3    37   115    1113    (-,-) 
  uu_dtpath/uu_fetch/add_42_30_g2434/Y -       A->Y  F     NAND2X8         1  5.0    75    77    1190    (-,-) 
  uu_dtpath/uu_fetch/add_42_30_g2397/Y -       A->Y  R     NOR2X8          1  3.6    52    76    1265    (-,-) 
  uu_dtpath/uu_fetch/add_42_30_g2392/Y -       A->Y  R     CLKAND2X12     14 41.4    95   158    1423    (-,-) 
  uu_dtpath/uu_fetch/add_42_30_g2370/Y -       B->Y  R     CLKAND2X6       2  6.4    41   127    1550    (-,-) 
  uu_dtpath/uu_fetch/add_42_30_g2333/Y -       B->Y  F     NOR2BX4         1  2.4    47    42    1591    (-,-) 
  uu_dtpath/uu_fetch/add_42_30_g2332/Y -       AN->Y F     NAND2BX4        2  4.2    98   143    1735    (-,-) 
  uu_dtpath/uu_fetch/g1979/Y           -       A->Y  R     INVX2           1  3.7    59    80    1814    (-,-) 
  uu_dtpath/uu_fetch/g1929/Y           -       A0->Y F     OAI21X4         1  2.4   106   106    1920    (-,-) 
  uu_dtpath/uu_fetch/pc_ff_reg[19]/D   -       -     F     DFFRHQX4        1    -     -     0    1920    (-,-) 
#--------------------------------------------------------------------------------------------------------------



Path 13: MET (4 ps) Setup Check with Pin uu_dtpath/uu_fetch/pc_ff_reg[27]/CK->D
          Group: ACLK_PC_0
     Startpoint: (R) uu_dtpath/uu_fetch/pc_ff_reg[19]/CK
          Clock: (F) ACLK_PC_0
       Endpoint: (F) uu_dtpath/uu_fetch/pc_ff_reg[27]/D
          Clock: (F) ACLK_PC_0

                     Capture       Launch     
        Clock Edge:+    2100          700     
       Src Latency:+       0            0     
       Net Latency:+       0 (I)        0 (I) 
           Arrival:=    2100          700     
                                              
             Setup:-      73                  
       Uncertainty:-     100                  
     Required Time:=    1927                  
      Launch Clock:-     700                  
         Data Path:-    1224                  
             Slack:=       4                  

#-------------------------------------------------------------------------------------------------------------
#            Timing Point              Flags   Arc   Edge   Cell     Fanout Load Trans Delay Arrival Instance 
#                                                                           (fF)  (ps)  (ps)   (ps)  Location 
#-------------------------------------------------------------------------------------------------------------
  uu_dtpath/uu_fetch/pc_ff_reg[19]/CK  -       -     R     (arrival)     34    -    50     0     700    (-,-) 
  uu_dtpath/uu_fetch/pc_ff_reg[19]/Q   -       CK->Q R     DFFRHQX4       5  8.5    72   308    1008    (-,-) 
  uu_dtpath/uu_fetch/add_42_30_g2449/Y -       B->Y  R     CLKAND2X6      3  7.0    43   118    1126    (-,-) 
  uu_dtpath/uu_fetch/add_42_30_g2437/Y -       B->Y  R     CLKAND2X6      2  5.0    36   102    1228    (-,-) 
  uu_dtpath/uu_fetch/add_42_30_g2418/Y -       B->Y  R     CLKAND2X6      3 11.1    56   110    1337    (-,-) 
  uu_dtpath/uu_fetch/add_42_30_g2417/Y -       A->Y  F     CLKINVX12      5 15.4    55    56    1393    (-,-) 
  uu_dtpath/uu_fetch/add_42_30_g2401/Y -       B->Y  R     NOR2X6         2  6.0    73    68    1461    (-,-) 
  uu_dtpath/uu_fetch/add_42_30_g2400/Y -       A->Y  F     INVX3          1  3.6    50    64    1525    (-,-) 
  uu_dtpath/uu_fetch/add_42_30_g2351/Y -       A0->Y R     OAI21X4        1  3.7    83    87    1611    (-,-) 
  uu_dtpath/uu_fetch/add_42_30_g2337/Y -       B0->Y F     OAI21X4        2  4.2   113   118    1729    (-,-) 
  uu_dtpath/uu_fetch/g2004/Y           -       A->Y  R     INVX2          1  3.7    62    87    1817    (-,-) 
  uu_dtpath/uu_fetch/g1910/Y           -       A0->Y F     OAI21X4        1  2.4    97   107    1924    (-,-) 
  uu_dtpath/uu_fetch/pc_ff_reg[27]/D   -       -     F     DFFRHQX4       1    -     -     0    1924    (-,-) 
#-------------------------------------------------------------------------------------------------------------



Path 14: MET (5 ps) Setup Check with Pin uu_dtpath/uu_fetch/pc_ff_reg[29]/CK->D
          Group: ACLK_PC_0
     Startpoint: (R) uu_dtpath/uu_fetch/pc_ff_reg[17]/CK
          Clock: (F) ACLK_PC_0
       Endpoint: (F) uu_dtpath/uu_fetch/pc_ff_reg[29]/D
          Clock: (F) ACLK_PC_0

                     Capture       Launch     
        Clock Edge:+    2100          700     
       Src Latency:+       0            0     
       Net Latency:+       0 (I)        0 (I) 
           Arrival:=    2100          700     
                                              
             Setup:-      73                  
       Uncertainty:-     100                  
     Required Time:=    1927                  
      Launch Clock:-     700                  
         Data Path:-    1222                  
             Slack:=       5                  

#--------------------------------------------------------------------------------------------------------------
#            Timing Point              Flags   Arc   Edge    Cell     Fanout Load Trans Delay Arrival Instance 
#                                                                            (fF)  (ps)  (ps)   (ps)  Location 
#--------------------------------------------------------------------------------------------------------------
  uu_dtpath/uu_fetch/pc_ff_reg[17]/CK  -       -     R     (arrival)      34    -    50     0     700    (-,-) 
  uu_dtpath/uu_fetch/pc_ff_reg[17]/Q   -       CK->Q R     DFFRHQX4        2  4.6    52   298     998    (-,-) 
  uu_dtpath/uu_fetch/add_42_30_g2447/Y -       A->Y  R     CLKAND2X6       1  5.3    37   115    1113    (-,-) 
  uu_dtpath/uu_fetch/add_42_30_g2434/Y -       A->Y  F     NAND2X8         1  5.0    75    77    1190    (-,-) 
  uu_dtpath/uu_fetch/add_42_30_g2397/Y -       A->Y  R     NOR2X8          1  3.6    52    76    1265    (-,-) 
  uu_dtpath/uu_fetch/add_42_30_g2392/Y -       A->Y  R     CLKAND2X12     14 41.4    95   158    1423    (-,-) 
  uu_dtpath/uu_fetch/add_42_30_g2391/Y -       A->Y  F     CLKINVX8        7 17.6    85    86    1510    (-,-) 
  uu_dtpath/uu_fetch/add_42_30_g2357/Y -       A0->Y R     OAI21X4         1  3.7    79   103    1612    (-,-) 
  uu_dtpath/uu_fetch/add_42_30_g2339/Y -       B0->Y F     OAI21X4         2  4.2   112   116    1728    (-,-) 
  uu_dtpath/uu_fetch/g1987/Y           -       A->Y  R     INVX2           1  3.7    62    87    1816    (-,-) 
  uu_dtpath/uu_fetch/g1913/Y           -       A0->Y F     OAI21X4         1  2.4    97   107    1922    (-,-) 
  uu_dtpath/uu_fetch/pc_ff_reg[29]/D   -       -     F     DFFRHQX4        1    -     -     0    1922    (-,-) 
#--------------------------------------------------------------------------------------------------------------



Path 15: MET (5 ps) Setup Check with Pin uu_dtpath/uu_fetch/pc_ff_reg[28]/CK->D
          Group: ACLK_PC_0
     Startpoint: (R) uu_dtpath/uu_fetch/pc_ff_reg[19]/CK
          Clock: (F) ACLK_PC_0
       Endpoint: (F) uu_dtpath/uu_fetch/pc_ff_reg[28]/D
          Clock: (F) ACLK_PC_0

                     Capture       Launch     
        Clock Edge:+    2100          700     
       Src Latency:+       0            0     
       Net Latency:+       0 (I)        0 (I) 
           Arrival:=    2100          700     
                                              
             Setup:-      73                  
       Uncertainty:-     100                  
     Required Time:=    1927                  
      Launch Clock:-     700                  
         Data Path:-    1222                  
             Slack:=       5                  

#--------------------------------------------------------------------------------------------------------------
#            Timing Point              Flags    Arc   Edge   Cell     Fanout Load Trans Delay Arrival Instance 
#                                                                            (fF)  (ps)  (ps)   (ps)  Location 
#--------------------------------------------------------------------------------------------------------------
  uu_dtpath/uu_fetch/pc_ff_reg[19]/CK  -       -      R     (arrival)     34    -    50     0     700    (-,-) 
  uu_dtpath/uu_fetch/pc_ff_reg[19]/Q   -       CK->Q  R     DFFRHQX4       5  8.5    72   308    1008    (-,-) 
  uu_dtpath/uu_fetch/add_42_30_g2449/Y -       B->Y   R     CLKAND2X6      3  7.0    43   118    1126    (-,-) 
  uu_dtpath/uu_fetch/add_42_30_g2437/Y -       B->Y   R     CLKAND2X6      2  5.0    36   102    1228    (-,-) 
  uu_dtpath/uu_fetch/add_42_30_g2418/Y -       B->Y   R     CLKAND2X6      3 11.1    56   110    1337    (-,-) 
  uu_dtpath/uu_fetch/add_42_30_g2402/Y -       B->Y   R     CLKAND2X6      1  4.5    35   106    1444    (-,-) 
  uu_dtpath/uu_fetch/add_42_30_g2374/Y -       A->Y   F     NAND2X6        2  4.9    91    81    1524    (-,-) 
  uu_dtpath/uu_fetch/add_42_30_g2341/Y -       A1N->Y F     OAI2BB2X4      2  4.2   130   193    1718    (-,-) 
  uu_dtpath/uu_fetch/g1990/Y           -       A->Y   R     INVX2          1  3.7    64    96    1814    (-,-) 
  uu_dtpath/uu_fetch/g1911/Y           -       A0->Y  F     OAI21X4        1  2.4    97   108    1922    (-,-) 
  uu_dtpath/uu_fetch/pc_ff_reg[28]/D   -       -      F     DFFRHQX4       1    -     -     0    1922    (-,-) 
#--------------------------------------------------------------------------------------------------------------



Path 16: MET (5 ps) Setup Check with Pin uu_dtpath/uu_fetch/pc_plus4_ff_reg[26]/CK->D
          Group: CAPTURE_PC_FD
     Startpoint: (R) uu_dtpath/uu_fetch/pc_ff_reg[17]/CK
          Clock: (F) ACLK_PC_0
       Endpoint: (F) uu_dtpath/uu_fetch/pc_plus4_ff_reg[26]/D
          Clock: (F) CAPTURE_PC_FD

                        Capture       Launch     
           Path Delay:+    1200            -     
          Src Latency:+       0            0     
          Net Latency:+       0 (I)        0 (I) 
        Capture Clock:+       0                  
              Arrival:=    1200            0     
                                                 
                Setup:-      75                  
          Uncertainty:-     100                  
        Required Time:=    1025                  
         Launch Clock:-       0                  
            Data Path:-    1020                  
                Slack:=       5                  

Exceptions/Constraints:
  max_delay             1200            del_1 

#------------------------------------------------------------------------------------------------------------------
#              Timing Point                Flags   Arc   Edge    Cell     Fanout Load Trans Delay Arrival Instance 
#                                                                                (fF)  (ps)  (ps)   (ps)  Location 
#------------------------------------------------------------------------------------------------------------------
  uu_dtpath/uu_fetch/pc_ff_reg[17]/CK      -       -     R     (arrival)      34    -    50     0       0    (-,-) 
  uu_dtpath/uu_fetch/pc_ff_reg[17]/Q       -       CK->Q R     DFFRHQX4        2  4.6    52   298     298    (-,-) 
  uu_dtpath/uu_fetch/add_42_30_g2447/Y     -       A->Y  R     CLKAND2X6       1  5.3    37   115     413    (-,-) 
  uu_dtpath/uu_fetch/add_42_30_g2434/Y     -       A->Y  F     NAND2X8         1  5.0    75    77     490    (-,-) 
  uu_dtpath/uu_fetch/add_42_30_g2397/Y     -       A->Y  R     NOR2X8          1  3.6    52    76     565    (-,-) 
  uu_dtpath/uu_fetch/add_42_30_g2392/Y     -       A->Y  R     CLKAND2X12     14 41.4    95   158     723    (-,-) 
  uu_dtpath/uu_fetch/add_42_30_g2391/Y     -       A->Y  F     CLKINVX8        7 17.6    85    86     810    (-,-) 
  uu_dtpath/uu_fetch/add_42_30_g2352/Y     -       A1->Y R     OAI21X4         1  3.7    83    92     902    (-,-) 
  uu_dtpath/uu_fetch/add_42_30_g2343/Y     -       B0->Y F     OAI21X4         2  4.2   113   118    1020    (-,-) 
  uu_dtpath/uu_fetch/pc_plus4_ff_reg[26]/D -       -     F     DFFRHQX1        2    -     -     0    1020    (-,-) 
#------------------------------------------------------------------------------------------------------------------



Path 17: MET (5 ps) Setup Check with Pin uu_dtpath/uu_fetch/pc_plus4_ff_reg[31]/CK->D
          Group: CAPTURE_PC_FD
     Startpoint: (R) uu_dtpath/uu_fetch/pc_ff_reg[17]/CK
          Clock: (F) ACLK_PC_0
       Endpoint: (F) uu_dtpath/uu_fetch/pc_plus4_ff_reg[31]/D
          Clock: (F) CAPTURE_PC_FD

                        Capture       Launch     
           Path Delay:+    1200            -     
          Src Latency:+       0            0     
          Net Latency:+       0 (I)        0 (I) 
        Capture Clock:+       0                  
              Arrival:=    1200            0     
                                                 
                Setup:-      75                  
          Uncertainty:-     100                  
        Required Time:=    1025                  
         Launch Clock:-       0                  
            Data Path:-    1020                  
                Slack:=       5                  

Exceptions/Constraints:
  max_delay             1200            del_1 

#------------------------------------------------------------------------------------------------------------------
#              Timing Point                Flags   Arc   Edge    Cell     Fanout Load Trans Delay Arrival Instance 
#                                                                                (fF)  (ps)  (ps)   (ps)  Location 
#------------------------------------------------------------------------------------------------------------------
  uu_dtpath/uu_fetch/pc_ff_reg[17]/CK      -       -     R     (arrival)      34    -    50     0       0    (-,-) 
  uu_dtpath/uu_fetch/pc_ff_reg[17]/Q       -       CK->Q R     DFFRHQX4        2  4.6    52   298     298    (-,-) 
  uu_dtpath/uu_fetch/add_42_30_g2447/Y     -       A->Y  R     CLKAND2X6       1  5.3    37   115     413    (-,-) 
  uu_dtpath/uu_fetch/add_42_30_g2434/Y     -       A->Y  F     NAND2X8         1  5.0    75    77     490    (-,-) 
  uu_dtpath/uu_fetch/add_42_30_g2397/Y     -       A->Y  R     NOR2X8          1  3.6    52    76     565    (-,-) 
  uu_dtpath/uu_fetch/add_42_30_g2392/Y     -       A->Y  R     CLKAND2X12     14 41.4    95   158     723    (-,-) 
  uu_dtpath/uu_fetch/add_42_30_g2391/Y     -       A->Y  F     CLKINVX8        7 17.6    85    86     810    (-,-) 
  uu_dtpath/uu_fetch/add_42_30_g2350/Y     -       A1->Y R     OAI21X4         1  3.7    83    92     902    (-,-) 
  uu_dtpath/uu_fetch/add_42_30_g2348/Y     -       B0->Y F     OAI21X4         2  4.2   113   118    1020    (-,-) 
  uu_dtpath/uu_fetch/pc_plus4_ff_reg[31]/D -       -     F     DFFRHQX1        2    -     -     0    1020    (-,-) 
#------------------------------------------------------------------------------------------------------------------



Path 18: MET (13 ps) Setup Check with Pin uu_dtpath/uu_fetch/pc_ff_reg[26]/CK->D
          Group: ACLK_PC_0
     Startpoint: (R) uu_dtpath/uu_fetch/pc_ff_reg[17]/CK
          Clock: (F) ACLK_PC_0
       Endpoint: (F) uu_dtpath/uu_fetch/pc_ff_reg[26]/D
          Clock: (F) ACLK_PC_0

                     Capture       Launch     
        Clock Edge:+    2100          700     
       Src Latency:+       0            0     
       Net Latency:+       0 (I)        0 (I) 
           Arrival:=    2100          700     
                                              
             Setup:-      73                  
       Uncertainty:-     100                  
     Required Time:=    1927                  
      Launch Clock:-     700                  
         Data Path:-    1214                  
             Slack:=      13                  

#--------------------------------------------------------------------------------------------------------------
#            Timing Point              Flags   Arc   Edge    Cell     Fanout Load Trans Delay Arrival Instance 
#                                                                            (fF)  (ps)  (ps)   (ps)  Location 
#--------------------------------------------------------------------------------------------------------------
  uu_dtpath/uu_fetch/pc_ff_reg[17]/CK  -       -     R     (arrival)      34    -    50     0     700    (-,-) 
  uu_dtpath/uu_fetch/pc_ff_reg[17]/Q   -       CK->Q R     DFFRHQX4        2  4.6    52   298     998    (-,-) 
  uu_dtpath/uu_fetch/add_42_30_g2447/Y -       A->Y  R     CLKAND2X6       1  5.3    37   115    1113    (-,-) 
  uu_dtpath/uu_fetch/add_42_30_g2434/Y -       A->Y  F     NAND2X8         1  5.0    75    77    1190    (-,-) 
  uu_dtpath/uu_fetch/add_42_30_g2397/Y -       A->Y  R     NOR2X8          1  3.6    52    76    1265    (-,-) 
  uu_dtpath/uu_fetch/add_42_30_g2392/Y -       A->Y  R     CLKAND2X12     14 41.4    95   158    1423    (-,-) 
  uu_dtpath/uu_fetch/add_42_30_g2391/Y -       A->Y  F     CLKINVX8        7 17.6    85    86    1510    (-,-) 
  uu_dtpath/uu_fetch/add_42_30_g2352/Y -       A1->Y R     OAI21X4         1  3.7    83    92    1602    (-,-) 
  uu_dtpath/uu_fetch/add_42_30_g2343/Y -       B0->Y F     OAI21X4         2  4.2   113   118    1720    (-,-) 
  uu_dtpath/uu_fetch/g2001/Y           -       A->Y  R     CLKINVX2        1  3.7    62    87    1808    (-,-) 
  uu_dtpath/uu_fetch/g1924/Y           -       A0->Y F     OAI21X4         1  2.4    97   107    1914    (-,-) 
  uu_dtpath/uu_fetch/pc_ff_reg[26]/D   -       -     F     DFFRHQX4        1    -     -     0    1914    (-,-) 
#--------------------------------------------------------------------------------------------------------------



Path 19: MET (13 ps) Setup Check with Pin uu_dtpath/uu_fetch/pc_ff_reg[25]/CK->D
          Group: ACLK_PC_0
     Startpoint: (R) uu_dtpath/uu_fetch/pc_ff_reg[17]/CK
          Clock: (F) ACLK_PC_0
       Endpoint: (F) uu_dtpath/uu_fetch/pc_ff_reg[25]/D
          Clock: (F) ACLK_PC_0

                     Capture       Launch     
        Clock Edge:+    2100          700     
       Src Latency:+       0            0     
       Net Latency:+       0 (I)        0 (I) 
           Arrival:=    2100          700     
                                              
             Setup:-      73                  
       Uncertainty:-     100                  
     Required Time:=    1927                  
      Launch Clock:-     700                  
         Data Path:-    1214                  
             Slack:=      13                  

#--------------------------------------------------------------------------------------------------------------
#            Timing Point              Flags   Arc   Edge    Cell     Fanout Load Trans Delay Arrival Instance 
#                                                                            (fF)  (ps)  (ps)   (ps)  Location 
#--------------------------------------------------------------------------------------------------------------
  uu_dtpath/uu_fetch/pc_ff_reg[17]/CK  -       -     R     (arrival)      34    -    50     0     700    (-,-) 
  uu_dtpath/uu_fetch/pc_ff_reg[17]/Q   -       CK->Q R     DFFRHQX4        2  4.6    52   298     998    (-,-) 
  uu_dtpath/uu_fetch/add_42_30_g2447/Y -       A->Y  R     CLKAND2X6       1  5.3    37   115    1113    (-,-) 
  uu_dtpath/uu_fetch/add_42_30_g2434/Y -       A->Y  F     NAND2X8         1  5.0    75    77    1190    (-,-) 
  uu_dtpath/uu_fetch/add_42_30_g2397/Y -       A->Y  R     NOR2X8          1  3.6    52    76    1265    (-,-) 
  uu_dtpath/uu_fetch/add_42_30_g2392/Y -       A->Y  R     CLKAND2X12     14 41.4    95   158    1423    (-,-) 
  uu_dtpath/uu_fetch/add_42_30_g2391/Y -       A->Y  F     CLKINVX8        7 17.6    85    86    1510    (-,-) 
  uu_dtpath/uu_fetch/add_42_30_g2353/Y -       A1->Y R     OAI21X4         1  3.7    83    92    1602    (-,-) 
  uu_dtpath/uu_fetch/add_42_30_g2340/Y -       B0->Y F     OAI21X4         2  4.2   113   118    1720    (-,-) 
  uu_dtpath/uu_fetch/g1988/Y           -       A->Y  R     CLKINVX2        1  3.7    62    87    1808    (-,-) 
  uu_dtpath/uu_fetch/g1937/Y           -       A0->Y F     OAI21X4         1  2.4    97   107    1914    (-,-) 
  uu_dtpath/uu_fetch/pc_ff_reg[25]/D   -       -     F     DFFRHQX4        1    -     -     0    1914    (-,-) 
#--------------------------------------------------------------------------------------------------------------



Path 20: MET (13 ps) Setup Check with Pin uu_dtpath/uu_fetch/pc_ff_reg[20]/CK->D
          Group: ACLK_PC_0
     Startpoint: (R) uu_dtpath/uu_fetch/pc_ff_reg[17]/CK
          Clock: (F) ACLK_PC_0
       Endpoint: (F) uu_dtpath/uu_fetch/pc_ff_reg[20]/D
          Clock: (F) ACLK_PC_0

                     Capture       Launch     
        Clock Edge:+    2100          700     
       Src Latency:+       0            0     
       Net Latency:+       0 (I)        0 (I) 
           Arrival:=    2100          700     
                                              
             Setup:-      77                  
       Uncertainty:-     100                  
     Required Time:=    1923                  
      Launch Clock:-     700                  
         Data Path:-    1210                  
             Slack:=      13                  

#--------------------------------------------------------------------------------------------------------------
#            Timing Point              Flags   Arc   Edge    Cell     Fanout Load Trans Delay Arrival Instance 
#                                                                            (fF)  (ps)  (ps)   (ps)  Location 
#--------------------------------------------------------------------------------------------------------------
  uu_dtpath/uu_fetch/pc_ff_reg[17]/CK  -       -     R     (arrival)      34    -    50     0     700    (-,-) 
  uu_dtpath/uu_fetch/pc_ff_reg[17]/Q   -       CK->Q R     DFFRHQX4        2  4.6    52   298     998    (-,-) 
  uu_dtpath/uu_fetch/add_42_30_g2447/Y -       A->Y  R     CLKAND2X6       1  5.3    37   115    1113    (-,-) 
  uu_dtpath/uu_fetch/add_42_30_g2434/Y -       A->Y  F     NAND2X8         1  5.0    75    77    1190    (-,-) 
  uu_dtpath/uu_fetch/add_42_30_g2397/Y -       A->Y  R     NOR2X8          1  3.6    52    76    1265    (-,-) 
  uu_dtpath/uu_fetch/add_42_30_g2392/Y -       A->Y  R     CLKAND2X12     14 41.4    95   158    1423    (-,-) 
  uu_dtpath/uu_fetch/add_42_30_g2368/Y -       B->Y  F     NAND2X4         2  6.1   128   121    1545    (-,-) 
  uu_dtpath/uu_fetch/add_42_30_g2366/Y -       B->Y  R     NAND2X4         1  3.7    50    81    1626    (-,-) 
  uu_dtpath/uu_fetch/add_42_30_g2347/Y -       B0->Y F     OAI21X4         2  4.6   116   105    1731    (-,-) 
  uu_dtpath/uu_fetch/g1999/Y           -       A->Y  R     INVX3           1  3.7    49    78    1810    (-,-) 
  uu_dtpath/uu_fetch/g1930/Y           -       A0->Y F     OAI21X4         1  2.4   106   100    1910    (-,-) 
  uu_dtpath/uu_fetch/pc_ff_reg[20]/D   -       -     F     DFFRHQX4        1    -     -     0    1910    (-,-) 
#--------------------------------------------------------------------------------------------------------------



Path 21: MET (14 ps) Setup Check with Pin uu_dtpath/uu_fetch/pc_ff_reg[23]/CK->D
          Group: ACLK_PC_0
     Startpoint: (R) uu_dtpath/uu_fetch/pc_ff_reg[17]/CK
          Clock: (F) ACLK_PC_0
       Endpoint: (F) uu_dtpath/uu_fetch/pc_ff_reg[23]/D
          Clock: (F) ACLK_PC_0

                     Capture       Launch     
        Clock Edge:+    2100          700     
       Src Latency:+       0            0     
       Net Latency:+       0 (I)        0 (I) 
           Arrival:=    2100          700     
                                              
             Setup:-      77                  
       Uncertainty:-     100                  
     Required Time:=    1923                  
      Launch Clock:-     700                  
         Data Path:-    1209                  
             Slack:=      14                  

#--------------------------------------------------------------------------------------------------------------
#            Timing Point              Flags   Arc   Edge    Cell     Fanout Load Trans Delay Arrival Instance 
#                                                                            (fF)  (ps)  (ps)   (ps)  Location 
#--------------------------------------------------------------------------------------------------------------
  uu_dtpath/uu_fetch/pc_ff_reg[17]/CK  -       -     R     (arrival)      34    -    50     0     700    (-,-) 
  uu_dtpath/uu_fetch/pc_ff_reg[17]/Q   -       CK->Q R     DFFRHQX4        2  4.6    52   298     998    (-,-) 
  uu_dtpath/uu_fetch/add_42_30_g2447/Y -       A->Y  R     CLKAND2X6       1  5.3    37   115    1113    (-,-) 
  uu_dtpath/uu_fetch/add_42_30_g2434/Y -       A->Y  F     NAND2X8         1  5.0    75    77    1190    (-,-) 
  uu_dtpath/uu_fetch/add_42_30_g2397/Y -       A->Y  R     NOR2X8          1  3.6    52    76    1265    (-,-) 
  uu_dtpath/uu_fetch/add_42_30_g2392/Y -       A->Y  R     CLKAND2X12     14 41.4    95   158    1423    (-,-) 
  uu_dtpath/uu_fetch/add_42_30_g2379/Y -       B->Y  F     NAND2X4         2  6.1   128   121    1545    (-,-) 
  uu_dtpath/uu_fetch/add_42_30_g2355/Y -       B->Y  R     NAND2X4         1  3.7    50    81    1626    (-,-) 
  uu_dtpath/uu_fetch/add_42_30_g2338/Y -       B0->Y F     OAI21X4         2  4.6   114   105    1731    (-,-) 
  uu_dtpath/uu_fetch/g1991/Y           -       A->Y  R     INVX3           1  3.7    49    78    1809    (-,-) 
  uu_dtpath/uu_fetch/g1934/Y           -       A0->Y F     OAI21X4         1  2.4   106   100    1909    (-,-) 
  uu_dtpath/uu_fetch/pc_ff_reg[23]/D   -       -     F     DFFRHQX4        1    -     -     0    1909    (-,-) 
#--------------------------------------------------------------------------------------------------------------



Path 22: MET (14 ps) Setup Check with Pin uu_dtpath/uu_fetch/pc_ff_reg[22]/CK->D
          Group: ACLK_PC_0
     Startpoint: (R) uu_dtpath/uu_fetch/pc_ff_reg[17]/CK
          Clock: (F) ACLK_PC_0
       Endpoint: (F) uu_dtpath/uu_fetch/pc_ff_reg[22]/D
          Clock: (F) ACLK_PC_0

                     Capture       Launch     
        Clock Edge:+    2100          700     
       Src Latency:+       0            0     
       Net Latency:+       0 (I)        0 (I) 
           Arrival:=    2100          700     
                                              
             Setup:-      77                  
       Uncertainty:-     100                  
     Required Time:=    1923                  
      Launch Clock:-     700                  
         Data Path:-    1209                  
             Slack:=      14                  

#--------------------------------------------------------------------------------------------------------------
#            Timing Point              Flags   Arc   Edge    Cell     Fanout Load Trans Delay Arrival Instance 
#                                                                            (fF)  (ps)  (ps)   (ps)  Location 
#--------------------------------------------------------------------------------------------------------------
  uu_dtpath/uu_fetch/pc_ff_reg[17]/CK  -       -     R     (arrival)      34    -    50     0     700    (-,-) 
  uu_dtpath/uu_fetch/pc_ff_reg[17]/Q   -       CK->Q R     DFFRHQX4        2  4.6    52   298     998    (-,-) 
  uu_dtpath/uu_fetch/add_42_30_g2447/Y -       A->Y  R     CLKAND2X6       1  5.3    37   115    1113    (-,-) 
  uu_dtpath/uu_fetch/add_42_30_g2434/Y -       A->Y  F     NAND2X8         1  5.0    75    77    1190    (-,-) 
  uu_dtpath/uu_fetch/add_42_30_g2397/Y -       A->Y  R     NOR2X8          1  3.6    52    76    1265    (-,-) 
  uu_dtpath/uu_fetch/add_42_30_g2392/Y -       A->Y  R     CLKAND2X12     14 41.4    95   158    1423    (-,-) 
  uu_dtpath/uu_fetch/add_42_30_g2371/Y -       B->Y  F     NAND2X4         2  6.1   128   121    1545    (-,-) 
  uu_dtpath/uu_fetch/add_42_30_g2356/Y -       B->Y  R     NAND2X4         1  3.7    50    81    1626    (-,-) 
  uu_dtpath/uu_fetch/add_42_30_g2346/Y -       B0->Y F     OAI21X4         2  4.6   114   105    1731    (-,-) 
  uu_dtpath/uu_fetch/g1993/Y           -       A->Y  R     INVX3           1  3.7    49    78    1809    (-,-) 
  uu_dtpath/uu_fetch/g1933/Y           -       A0->Y F     OAI21X4         1  2.4   106   100    1909    (-,-) 
  uu_dtpath/uu_fetch/pc_ff_reg[22]/D   -       -     F     DFFRHQX4        1    -     -     0    1909    (-,-) 
#--------------------------------------------------------------------------------------------------------------



Path 23: MET (18 ps) Setup Check with Pin uu_dtpath/uu_fetch/pc_ff_reg[31]/CK->D
          Group: ACLK_PC_0
     Startpoint: (R) uu_dtpath/uu_fetch/pc_ff_reg[17]/CK
          Clock: (F) ACLK_PC_0
       Endpoint: (F) uu_dtpath/uu_fetch/pc_ff_reg[31]/D
          Clock: (F) ACLK_PC_0

                     Capture       Launch     
        Clock Edge:+    2100          700     
       Src Latency:+       0            0     
       Net Latency:+       0 (I)        0 (I) 
           Arrival:=    2100          700     
                                              
             Setup:-      68                  
       Uncertainty:-     100                  
     Required Time:=    1932                  
      Launch Clock:-     700                  
         Data Path:-    1214                  
             Slack:=      18                  

#--------------------------------------------------------------------------------------------------------------
#            Timing Point              Flags   Arc   Edge    Cell     Fanout Load Trans Delay Arrival Instance 
#                                                                            (fF)  (ps)  (ps)   (ps)  Location 
#--------------------------------------------------------------------------------------------------------------
  uu_dtpath/uu_fetch/pc_ff_reg[17]/CK  -       -     R     (arrival)      34    -    50     0     700    (-,-) 
  uu_dtpath/uu_fetch/pc_ff_reg[17]/Q   -       CK->Q R     DFFRHQX4        2  4.6    52   298     998    (-,-) 
  uu_dtpath/uu_fetch/add_42_30_g2447/Y -       A->Y  R     CLKAND2X6       1  5.3    37   115    1113    (-,-) 
  uu_dtpath/uu_fetch/add_42_30_g2434/Y -       A->Y  F     NAND2X8         1  5.0    75    77    1190    (-,-) 
  uu_dtpath/uu_fetch/add_42_30_g2397/Y -       A->Y  R     NOR2X8          1  3.6    52    76    1265    (-,-) 
  uu_dtpath/uu_fetch/add_42_30_g2392/Y -       A->Y  R     CLKAND2X12     14 41.4    95   158    1423    (-,-) 
  uu_dtpath/uu_fetch/add_42_30_g2391/Y -       A->Y  F     CLKINVX8        7 17.6    85    86    1510    (-,-) 
  uu_dtpath/uu_fetch/add_42_30_g2350/Y -       A1->Y R     OAI21X4         1  3.7    83    92    1602    (-,-) 
  uu_dtpath/uu_fetch/add_42_30_g2348/Y -       B0->Y F     OAI21X4         2  4.2   113   118    1720    (-,-) 
  uu_dtpath/uu_fetch/g2005/Y           -       A->Y  R     CLKINVX2        1  3.7    62    87    1808    (-,-) 
  uu_dtpath/uu_fetch/g1916/Y           -       A0->Y F     OAI21X4         1  2.4    97   107    1914    (-,-) 
  uu_dtpath/uu_fetch/pc_ff_reg[31]/D   -       -     F     DFFRHQX1        1    -     -     0    1914    (-,-) 
#--------------------------------------------------------------------------------------------------------------



Path 24: MET (18 ps) Setup Check with Pin uu_dtpath/uu_fetch/pc_plus4_ff_reg[18]/CK->D
          Group: CAPTURE_PC_FD
     Startpoint: (R) uu_dtpath/uu_fetch/pc_ff_reg[17]/CK
          Clock: (F) ACLK_PC_0
       Endpoint: (F) uu_dtpath/uu_fetch/pc_plus4_ff_reg[18]/D
          Clock: (F) CAPTURE_PC_FD

                        Capture       Launch     
           Path Delay:+    1200            -     
          Src Latency:+       0            0     
          Net Latency:+       0 (I)        0 (I) 
        Capture Clock:+       0                  
              Arrival:=    1200            0     
                                                 
                Setup:-      82                  
          Uncertainty:-     100                  
        Required Time:=    1018                  
         Launch Clock:-       0                  
            Data Path:-    1000                  
                Slack:=      18                  

Exceptions/Constraints:
  max_delay             1200            del_1 

#-------------------------------------------------------------------------------------------------------------------
#              Timing Point                Flags    Arc   Edge    Cell     Fanout Load Trans Delay Arrival Instance 
#                                                                                 (fF)  (ps)  (ps)   (ps)  Location 
#-------------------------------------------------------------------------------------------------------------------
  uu_dtpath/uu_fetch/pc_ff_reg[17]/CK      -       -      R     (arrival)      34    -    50     0       0    (-,-) 
  uu_dtpath/uu_fetch/pc_ff_reg[17]/Q       -       CK->Q  R     DFFRHQX4        2  4.6    52   298     298    (-,-) 
  uu_dtpath/uu_fetch/add_42_30_g2447/Y     -       A->Y   R     CLKAND2X6       1  5.3    37   115     413    (-,-) 
  uu_dtpath/uu_fetch/add_42_30_g2434/Y     -       A->Y   F     NAND2X8         1  5.0    75    77     490    (-,-) 
  uu_dtpath/uu_fetch/add_42_30_g2397/Y     -       A->Y   R     NOR2X8          1  3.6    52    76     565    (-,-) 
  uu_dtpath/uu_fetch/add_42_30_g2392/Y     -       A->Y   R     CLKAND2X12     14 41.4    95   158     723    (-,-) 
  uu_dtpath/uu_fetch/add_42_30_g2391/Y     -       A->Y   F     CLKINVX8        7 17.6    85    86     810    (-,-) 
  uu_dtpath/uu_fetch/add_42_30_g2358/Y     -       A1N->Y F     OAI2BB2X4       2  4.2   130   190    1000    (-,-) 
  uu_dtpath/uu_fetch/pc_plus4_ff_reg[18]/D -       -      F     DFFRHQX1        2    -     -     0    1000    (-,-) 
#-------------------------------------------------------------------------------------------------------------------



Path 25: MET (19 ps) Setup Check with Pin uu_dtpath/uu_fetch/pc_ff_reg[30]/CK->D
          Group: ACLK_PC_0
     Startpoint: (R) uu_dtpath/uu_fetch/pc_ff_reg[19]/CK
          Clock: (F) ACLK_PC_0
       Endpoint: (F) uu_dtpath/uu_fetch/pc_ff_reg[30]/D
          Clock: (F) ACLK_PC_0

                     Capture       Launch     
        Clock Edge:+    2100          700     
       Src Latency:+       0            0     
       Net Latency:+       0 (I)        0 (I) 
           Arrival:=    2100          700     
                                              
             Setup:-      70                  
       Uncertainty:-     100                  
     Required Time:=    1930                  
      Launch Clock:-     700                  
         Data Path:-    1211                  
             Slack:=      19                  

#--------------------------------------------------------------------------------------------------------------
#            Timing Point              Flags    Arc   Edge   Cell     Fanout Load Trans Delay Arrival Instance 
#                                                                            (fF)  (ps)  (ps)   (ps)  Location 
#--------------------------------------------------------------------------------------------------------------
  uu_dtpath/uu_fetch/pc_ff_reg[19]/CK  -       -      R     (arrival)     34    -    50     0     700    (-,-) 
  uu_dtpath/uu_fetch/pc_ff_reg[19]/Q   -       CK->Q  R     DFFRHQX4       5  8.5    72   308    1008    (-,-) 
  uu_dtpath/uu_fetch/add_42_30_g2449/Y -       B->Y   R     CLKAND2X6      3  7.0    43   118    1126    (-,-) 
  uu_dtpath/uu_fetch/add_42_30_g2437/Y -       B->Y   R     CLKAND2X6      2  5.0    36   102    1228    (-,-) 
  uu_dtpath/uu_fetch/add_42_30_g2418/Y -       B->Y   R     CLKAND2X6      3 11.1    56   110    1337    (-,-) 
  uu_dtpath/uu_fetch/add_42_30_g2399/Y -       B->Y   R     CLKAND2X6      1  4.5    35   106    1444    (-,-) 
  uu_dtpath/uu_fetch/add_42_30_g2373/Y -       A->Y   F     NAND2X6        2  4.9    91    81    1524    (-,-) 
  uu_dtpath/uu_fetch/add_42_30_g2344/Y -       A1N->Y F     OAI2BB2X4      2  4.6   137   196    1721    (-,-) 
  uu_dtpath/uu_fetch/g1982/Y           -       A->Y   R     INVX3          1  3.7    52    88    1809    (-,-) 
  uu_dtpath/uu_fetch/g1915/Y           -       A0->Y  F     OAI21X4        1  2.4    97   102    1911    (-,-) 
  uu_dtpath/uu_fetch/pc_ff_reg[30]/D   -       -      F     DFFRHQX2       1    -     -     0    1911    (-,-) 
#--------------------------------------------------------------------------------------------------------------



Path 26: MET (20 ps) Setup Check with Pin uu_dtpath/uu_fetch/pc_plus4_ff_reg[9]/CK->D
          Group: CAPTURE_PC_FD
     Startpoint: (R) uu_dtpath/uu_fetch/pc_ff_reg[6]/CK
          Clock: (F) ACLK_PC_0
       Endpoint: (R) uu_dtpath/uu_fetch/pc_plus4_ff_reg[9]/D
          Clock: (F) CAPTURE_PC_FD

                        Capture       Launch     
           Path Delay:+    1200            -     
          Src Latency:+       0            0     
          Net Latency:+       0 (I)        0 (I) 
        Capture Clock:+       0                  
              Arrival:=    1200            0     
                                                 
                Setup:-     147                  
          Uncertainty:-     100                  
        Required Time:=     953                  
         Launch Clock:-       0                  
            Data Path:-     933                  
                Slack:=      20                  

Exceptions/Constraints:
  max_delay             1200            del_1 

#----------------------------------------------------------------------------------------------------------------
#              Timing Point               Flags   Arc   Edge   Cell     Fanout Load Trans Delay Arrival Instance 
#                                                                              (fF)  (ps)  (ps)   (ps)  Location 
#----------------------------------------------------------------------------------------------------------------
  uu_dtpath/uu_fetch/pc_ff_reg[6]/CK      -       -     R     (arrival)     34    -    50     0       0    (-,-) 
  uu_dtpath/uu_fetch/pc_ff_reg[6]/Q       -       CK->Q R     DFFRHQX4       2  4.6    52   298     298    (-,-) 
  uu_dtpath/uu_fetch/add_42_30_g2453/Y    -       A->Y  R     CLKAND2X6      2  7.6    45   120     417    (-,-) 
  uu_dtpath/uu_fetch/add_42_30_g2446/Y    -       A->Y  F     INVX3          3  7.8    81    69     486    (-,-) 
  uu_dtpath/uu_fetch/add_42_30_g2423/Y    -       B->Y  R     NOR2BX2        1  3.7   115   107     593    (-,-) 
  uu_dtpath/uu_fetch/add_42_30_g2398/Y    -       A->Y  F     NAND2X4        1  2.5    77   114     707    (-,-) 
  uu_dtpath/uu_fetch/add_42_30_g2375/Y    -       B->Y  R     XNOR2X1        2  4.3   106   226     933    (-,-) 
  uu_dtpath/uu_fetch/pc_plus4_ff_reg[9]/D -       -     R     DFFRHQX1       2    -     -     0     933    (-,-) 
#----------------------------------------------------------------------------------------------------------------



Path 27: MET (24 ps) Setup Check with Pin uu_dtpath/uu_fetch/pc_ff_reg[18]/CK->D
          Group: ACLK_PC_0
     Startpoint: (R) uu_dtpath/uu_fetch/pc_ff_reg[17]/CK
          Clock: (F) ACLK_PC_0
       Endpoint: (F) uu_dtpath/uu_fetch/pc_ff_reg[18]/D
          Clock: (F) ACLK_PC_0

                     Capture       Launch     
        Clock Edge:+    2100          700     
       Src Latency:+       0            0     
       Net Latency:+       0 (I)        0 (I) 
           Arrival:=    2100          700     
                                              
             Setup:-      73                  
       Uncertainty:-     100                  
     Required Time:=    1927                  
      Launch Clock:-     700                  
         Data Path:-    1204                  
             Slack:=      24                  

#---------------------------------------------------------------------------------------------------------------
#            Timing Point              Flags    Arc   Edge    Cell     Fanout Load Trans Delay Arrival Instance 
#                                                                             (fF)  (ps)  (ps)   (ps)  Location 
#---------------------------------------------------------------------------------------------------------------
  uu_dtpath/uu_fetch/pc_ff_reg[17]/CK  -       -      R     (arrival)      34    -    50     0     700    (-,-) 
  uu_dtpath/uu_fetch/pc_ff_reg[17]/Q   -       CK->Q  R     DFFRHQX4        2  4.6    52   298     998    (-,-) 
  uu_dtpath/uu_fetch/add_42_30_g2447/Y -       A->Y   R     CLKAND2X6       1  5.3    37   115    1113    (-,-) 
  uu_dtpath/uu_fetch/add_42_30_g2434/Y -       A->Y   F     NAND2X8         1  5.0    75    77    1190    (-,-) 
  uu_dtpath/uu_fetch/add_42_30_g2397/Y -       A->Y   R     NOR2X8          1  3.6    52    76    1265    (-,-) 
  uu_dtpath/uu_fetch/add_42_30_g2392/Y -       A->Y   R     CLKAND2X12     14 41.4    95   158    1423    (-,-) 
  uu_dtpath/uu_fetch/add_42_30_g2391/Y -       A->Y   F     CLKINVX8        7 17.6    85    86    1510    (-,-) 
  uu_dtpath/uu_fetch/add_42_30_g2358/Y -       A1N->Y F     OAI2BB2X4       2  4.2   130   190    1700    (-,-) 
  uu_dtpath/uu_fetch/g1992/Y           -       A->Y   R     INVX2           1  3.7    64    96    1795    (-,-) 
  uu_dtpath/uu_fetch/g1928/Y           -       A0->Y  F     OAI21X4         1  2.4    97   108    1904    (-,-) 
  uu_dtpath/uu_fetch/pc_ff_reg[18]/D   -       -      F     DFFRHQX4        1    -     -     0    1904    (-,-) 
#---------------------------------------------------------------------------------------------------------------



Path 28: MET (24 ps) Setup Check with Pin uu_dtpath/uu_fetch/pc_plus4_ff_reg[21]/CK->D
          Group: CAPTURE_PC_FD
     Startpoint: (R) uu_dtpath/uu_fetch/pc_ff_reg[17]/CK
          Clock: (F) ACLK_PC_0
       Endpoint: (F) uu_dtpath/uu_fetch/pc_plus4_ff_reg[21]/D
          Clock: (F) CAPTURE_PC_FD

                        Capture       Launch     
           Path Delay:+    1200            -     
          Src Latency:+       0            0     
          Net Latency:+       0 (I)        0 (I) 
        Capture Clock:+       0                  
              Arrival:=    1200            0     
                                                 
                Setup:-      75                  
          Uncertainty:-     100                  
        Required Time:=    1025                  
         Launch Clock:-       0                  
            Data Path:-    1001                  
                Slack:=      24                  

Exceptions/Constraints:
  max_delay             1200            del_1 

#------------------------------------------------------------------------------------------------------------------
#              Timing Point                Flags   Arc   Edge    Cell     Fanout Load Trans Delay Arrival Instance 
#                                                                                (fF)  (ps)  (ps)   (ps)  Location 
#------------------------------------------------------------------------------------------------------------------
  uu_dtpath/uu_fetch/pc_ff_reg[17]/CK      -       -     R     (arrival)      34    -    50     0       0    (-,-) 
  uu_dtpath/uu_fetch/pc_ff_reg[17]/Q       -       CK->Q R     DFFRHQX4        2  4.6    52   298     298    (-,-) 
  uu_dtpath/uu_fetch/add_42_30_g2447/Y     -       A->Y  R     CLKAND2X6       1  5.3    37   115     413    (-,-) 
  uu_dtpath/uu_fetch/add_42_30_g2434/Y     -       A->Y  F     NAND2X8         1  5.0    75    77     490    (-,-) 
  uu_dtpath/uu_fetch/add_42_30_g2397/Y     -       A->Y  R     NOR2X8          1  3.6    52    76     565    (-,-) 
  uu_dtpath/uu_fetch/add_42_30_g2392/Y     -       A->Y  R     CLKAND2X12     14 41.4    95   158     723    (-,-) 
  uu_dtpath/uu_fetch/add_42_30_g2381/Y     -       B->Y  F     NAND2X6         2  6.1   102   105     828    (-,-) 
  uu_dtpath/uu_fetch/add_42_30_g2349/Y     -       B->Y  R     NAND2X4         1  3.7    46    70     898    (-,-) 
  uu_dtpath/uu_fetch/add_42_30_g2336/Y     -       B0->Y F     OAI21X4         2  4.6   114   103    1001    (-,-) 
  uu_dtpath/uu_fetch/pc_plus4_ff_reg[21]/D -       -     F     DFFRHQX1        2    -     -     0    1001    (-,-) 
#------------------------------------------------------------------------------------------------------------------



Path 29: MET (26 ps) Setup Check with Pin uu_dtpath/uu_dec/uu_reg_file/reg_dt_reg[21][31]/CK->SI
          Group: CAPTURE_MW_REG
     Startpoint: (R) uu_dtpath/uu_mem/o_resultSrc_reg[0]/CK
          Clock: (F) ACLK_MW_4
       Endpoint: (F) uu_dtpath/uu_dec/uu_reg_file/reg_dt_reg[21][31]/SI
          Clock: (F) CAPTURE_MW_REG

                        Capture       Launch     
           Path Delay:+    1600            -     
          Src Latency:+       0            0     
          Net Latency:+       0 (I)        0 (I) 
        Capture Clock:+       0                  
              Arrival:=    1600            0     
                                                 
                Setup:-     205                  
          Uncertainty:-     100                  
        Required Time:=    1295                  
         Launch Clock:-       0                  
            Data Path:-    1269                  
                Slack:=      26                  

Exceptions/Constraints:
  max_delay             1600            del_6 

#----------------------------------------------------------------------------------------------------------------------------
#                   Timing Point                     Flags   Arc   Edge    Cell     Fanout Load Trans Delay Arrival Instance 
#                                                                                          (fF)  (ps)  (ps)   (ps)  Location 
#----------------------------------------------------------------------------------------------------------------------------
  uu_dtpath/uu_mem/o_resultSrc_reg[0]/CK             -       -     R     (arrival)     138    -    50     0       0    (-,-) 
  uu_dtpath/uu_mem/o_resultSrc_reg[0]/Q              -       CK->Q R     DFFRX1          3  6.9   161   367     367    (-,-) 
  uu_dtpath/uu_wb/g1990/Y                            -       A->Y  F     INVX1           2  6.4   195   193     560    (-,-) 
  uu_dtpath/uu_wb/g1986/Y                            -       A->Y  F     CLKAND2X12     32 40.7   118   227     787    (-,-) 
  uu_dtpath/uu_wb/g1931/Y                            -       A1->Y F     AO22X1          1  2.8    90   224    1011    (-,-) 
  uu_dtpath/uu_wb/g1904/Y                            -       A->Y  F     OR2X6          31 42.5   215   258    1269    (-,-) 
  uu_dtpath/uu_dec/uu_reg_file/reg_dt_reg[21][31]/SI -       -     F     SDFFRHQX1      31    -     -     0    1269    (-,-) 
#----------------------------------------------------------------------------------------------------------------------------



Path 30: MET (26 ps) Setup Check with Pin uu_dtpath/uu_dec/uu_reg_file/reg_dt_reg[21][30]/CK->SI
          Group: CAPTURE_MW_REG
     Startpoint: (R) uu_dtpath/uu_mem/o_resultSrc_reg[0]/CK
          Clock: (F) ACLK_MW_4
       Endpoint: (F) uu_dtpath/uu_dec/uu_reg_file/reg_dt_reg[21][30]/SI
          Clock: (F) CAPTURE_MW_REG

                        Capture       Launch     
           Path Delay:+    1600            -     
          Src Latency:+       0            0     
          Net Latency:+       0 (I)        0 (I) 
        Capture Clock:+       0                  
              Arrival:=    1600            0     
                                                 
                Setup:-     205                  
          Uncertainty:-     100                  
        Required Time:=    1295                  
         Launch Clock:-       0                  
            Data Path:-    1269                  
                Slack:=      26                  

Exceptions/Constraints:
  max_delay             1600            del_6 

#----------------------------------------------------------------------------------------------------------------------------
#                   Timing Point                     Flags   Arc   Edge    Cell     Fanout Load Trans Delay Arrival Instance 
#                                                                                          (fF)  (ps)  (ps)   (ps)  Location 
#----------------------------------------------------------------------------------------------------------------------------
  uu_dtpath/uu_mem/o_resultSrc_reg[0]/CK             -       -     R     (arrival)     138    -    50     0       0    (-,-) 
  uu_dtpath/uu_mem/o_resultSrc_reg[0]/Q              -       CK->Q R     DFFRX1          3  6.9   161   367     367    (-,-) 
  uu_dtpath/uu_wb/g1990/Y                            -       A->Y  F     INVX1           2  6.4   195   193     560    (-,-) 
  uu_dtpath/uu_wb/g1986/Y                            -       A->Y  F     CLKAND2X12     32 40.7   118   227     787    (-,-) 
  uu_dtpath/uu_wb/g1935/Y                            -       A1->Y F     AO22X1          1  2.8    90   224    1011    (-,-) 
  uu_dtpath/uu_wb/g1890/Y                            -       A->Y  F     OR2X6          31 42.5   215   258    1269    (-,-) 
  uu_dtpath/uu_dec/uu_reg_file/reg_dt_reg[21][30]/SI -       -     F     SDFFRHQX1      31    -     -     0    1269    (-,-) 
#----------------------------------------------------------------------------------------------------------------------------



Path 31: MET (26 ps) Setup Check with Pin uu_dtpath/uu_dec/uu_reg_file/reg_dt_reg[21][29]/CK->SI
          Group: CAPTURE_MW_REG
     Startpoint: (R) uu_dtpath/uu_mem/o_resultSrc_reg[0]/CK
          Clock: (F) ACLK_MW_4
       Endpoint: (F) uu_dtpath/uu_dec/uu_reg_file/reg_dt_reg[21][29]/SI
          Clock: (F) CAPTURE_MW_REG

                        Capture       Launch     
           Path Delay:+    1600            -     
          Src Latency:+       0            0     
          Net Latency:+       0 (I)        0 (I) 
        Capture Clock:+       0                  
              Arrival:=    1600            0     
                                                 
                Setup:-     205                  
          Uncertainty:-     100                  
        Required Time:=    1295                  
         Launch Clock:-       0                  
            Data Path:-    1269                  
                Slack:=      26                  

Exceptions/Constraints:
  max_delay             1600            del_6 

#----------------------------------------------------------------------------------------------------------------------------
#                   Timing Point                     Flags   Arc   Edge    Cell     Fanout Load Trans Delay Arrival Instance 
#                                                                                          (fF)  (ps)  (ps)   (ps)  Location 
#----------------------------------------------------------------------------------------------------------------------------
  uu_dtpath/uu_mem/o_resultSrc_reg[0]/CK             -       -     R     (arrival)     138    -    50     0       0    (-,-) 
  uu_dtpath/uu_mem/o_resultSrc_reg[0]/Q              -       CK->Q R     DFFRX1          3  6.9   161   367     367    (-,-) 
  uu_dtpath/uu_wb/g1990/Y                            -       A->Y  F     INVX1           2  6.4   195   193     560    (-,-) 
  uu_dtpath/uu_wb/g1986/Y                            -       A->Y  F     CLKAND2X12     32 40.7   118   227     787    (-,-) 
  uu_dtpath/uu_wb/g1981/Y                            -       A1->Y F     AO22X1          1  2.8    90   224    1011    (-,-) 
  uu_dtpath/uu_wb/g1910/Y                            -       A->Y  F     OR2X6          31 42.5   215   258    1269    (-,-) 
  uu_dtpath/uu_dec/uu_reg_file/reg_dt_reg[21][29]/SI -       -     F     SDFFRHQX1      31    -     -     0    1269    (-,-) 
#----------------------------------------------------------------------------------------------------------------------------



Path 32: MET (26 ps) Setup Check with Pin uu_dtpath/uu_dec/uu_reg_file/reg_dt_reg[21][28]/CK->SI
          Group: CAPTURE_MW_REG
     Startpoint: (R) uu_dtpath/uu_mem/o_resultSrc_reg[0]/CK
          Clock: (F) ACLK_MW_4
       Endpoint: (F) uu_dtpath/uu_dec/uu_reg_file/reg_dt_reg[21][28]/SI
          Clock: (F) CAPTURE_MW_REG

                        Capture       Launch     
           Path Delay:+    1600            -     
          Src Latency:+       0            0     
          Net Latency:+       0 (I)        0 (I) 
        Capture Clock:+       0                  
              Arrival:=    1600            0     
                                                 
                Setup:-     205                  
          Uncertainty:-     100                  
        Required Time:=    1295                  
         Launch Clock:-       0                  
            Data Path:-    1269                  
                Slack:=      26                  

Exceptions/Constraints:
  max_delay             1600            del_6 

#----------------------------------------------------------------------------------------------------------------------------
#                   Timing Point                     Flags   Arc   Edge    Cell     Fanout Load Trans Delay Arrival Instance 
#                                                                                          (fF)  (ps)  (ps)   (ps)  Location 
#----------------------------------------------------------------------------------------------------------------------------
  uu_dtpath/uu_mem/o_resultSrc_reg[0]/CK             -       -     R     (arrival)     138    -    50     0       0    (-,-) 
  uu_dtpath/uu_mem/o_resultSrc_reg[0]/Q              -       CK->Q R     DFFRX1          3  6.9   161   367     367    (-,-) 
  uu_dtpath/uu_wb/g1990/Y                            -       A->Y  F     INVX1           2  6.4   195   193     560    (-,-) 
  uu_dtpath/uu_wb/g1986/Y                            -       A->Y  F     CLKAND2X12     32 40.7   118   227     787    (-,-) 
  uu_dtpath/uu_wb/g1945/Y                            -       A1->Y F     AO22X1          1  2.8    90   224    1011    (-,-) 
  uu_dtpath/uu_wb/g1901/Y                            -       A->Y  F     OR2X6          31 42.5   215   258    1269    (-,-) 
  uu_dtpath/uu_dec/uu_reg_file/reg_dt_reg[21][28]/SI -       -     F     SDFFRHQX1      31    -     -     0    1269    (-,-) 
#----------------------------------------------------------------------------------------------------------------------------



Path 33: MET (26 ps) Setup Check with Pin uu_dtpath/uu_dec/uu_reg_file/reg_dt_reg[21][27]/CK->SI
          Group: CAPTURE_MW_REG
     Startpoint: (R) uu_dtpath/uu_mem/o_resultSrc_reg[0]/CK
          Clock: (F) ACLK_MW_4
       Endpoint: (F) uu_dtpath/uu_dec/uu_reg_file/reg_dt_reg[21][27]/SI
          Clock: (F) CAPTURE_MW_REG

                        Capture       Launch     
           Path Delay:+    1600            -     
          Src Latency:+       0            0     
          Net Latency:+       0 (I)        0 (I) 
        Capture Clock:+       0                  
              Arrival:=    1600            0     
                                                 
                Setup:-     205                  
          Uncertainty:-     100                  
        Required Time:=    1295                  
         Launch Clock:-       0                  
            Data Path:-    1269                  
                Slack:=      26                  

Exceptions/Constraints:
  max_delay             1600            del_6 

#----------------------------------------------------------------------------------------------------------------------------
#                   Timing Point                     Flags   Arc   Edge    Cell     Fanout Load Trans Delay Arrival Instance 
#                                                                                          (fF)  (ps)  (ps)   (ps)  Location 
#----------------------------------------------------------------------------------------------------------------------------
  uu_dtpath/uu_mem/o_resultSrc_reg[0]/CK             -       -     R     (arrival)     138    -    50     0       0    (-,-) 
  uu_dtpath/uu_mem/o_resultSrc_reg[0]/Q              -       CK->Q R     DFFRX1          3  6.9   161   367     367    (-,-) 
  uu_dtpath/uu_wb/g1990/Y                            -       A->Y  F     INVX1           2  6.4   195   193     560    (-,-) 
  uu_dtpath/uu_wb/g1986/Y                            -       A->Y  F     CLKAND2X12     32 40.7   118   227     787    (-,-) 
  uu_dtpath/uu_wb/g1967/Y                            -       A1->Y F     AO22X1          1  2.8    90   224    1011    (-,-) 
  uu_dtpath/uu_wb/g1911/Y                            -       A->Y  F     OR2X6          31 42.5   215   258    1269    (-,-) 
  uu_dtpath/uu_dec/uu_reg_file/reg_dt_reg[21][27]/SI -       -     F     SDFFRHQX1      31    -     -     0    1269    (-,-) 
#----------------------------------------------------------------------------------------------------------------------------



Path 34: MET (26 ps) Setup Check with Pin uu_dtpath/uu_dec/uu_reg_file/reg_dt_reg[21][26]/CK->SI
          Group: CAPTURE_MW_REG
     Startpoint: (R) uu_dtpath/uu_mem/o_resultSrc_reg[0]/CK
          Clock: (F) ACLK_MW_4
       Endpoint: (F) uu_dtpath/uu_dec/uu_reg_file/reg_dt_reg[21][26]/SI
          Clock: (F) CAPTURE_MW_REG

                        Capture       Launch     
           Path Delay:+    1600            -     
          Src Latency:+       0            0     
          Net Latency:+       0 (I)        0 (I) 
        Capture Clock:+       0                  
              Arrival:=    1600            0     
                                                 
                Setup:-     205                  
          Uncertainty:-     100                  
        Required Time:=    1295                  
         Launch Clock:-       0                  
            Data Path:-    1269                  
                Slack:=      26                  

Exceptions/Constraints:
  max_delay             1600            del_6 

#----------------------------------------------------------------------------------------------------------------------------
#                   Timing Point                     Flags   Arc   Edge    Cell     Fanout Load Trans Delay Arrival Instance 
#                                                                                          (fF)  (ps)  (ps)   (ps)  Location 
#----------------------------------------------------------------------------------------------------------------------------
  uu_dtpath/uu_mem/o_resultSrc_reg[0]/CK             -       -     R     (arrival)     138    -    50     0       0    (-,-) 
  uu_dtpath/uu_mem/o_resultSrc_reg[0]/Q              -       CK->Q R     DFFRX1          3  6.9   161   367     367    (-,-) 
  uu_dtpath/uu_wb/g1990/Y                            -       A->Y  F     INVX1           2  6.4   195   193     560    (-,-) 
  uu_dtpath/uu_wb/g1986/Y                            -       A->Y  F     CLKAND2X12     32 40.7   118   227     787    (-,-) 
  uu_dtpath/uu_wb/g1983/Y                            -       A1->Y F     AO22X1          1  2.8    90   224    1011    (-,-) 
  uu_dtpath/uu_wb/g1916/Y                            -       A->Y  F     OR2X6          31 42.5   215   258    1269    (-,-) 
  uu_dtpath/uu_dec/uu_reg_file/reg_dt_reg[21][26]/SI -       -     F     SDFFRHQX1      31    -     -     0    1269    (-,-) 
#----------------------------------------------------------------------------------------------------------------------------



Path 35: MET (26 ps) Setup Check with Pin uu_dtpath/uu_dec/uu_reg_file/reg_dt_reg[21][25]/CK->SI
          Group: CAPTURE_MW_REG
     Startpoint: (R) uu_dtpath/uu_mem/o_resultSrc_reg[0]/CK
          Clock: (F) ACLK_MW_4
       Endpoint: (F) uu_dtpath/uu_dec/uu_reg_file/reg_dt_reg[21][25]/SI
          Clock: (F) CAPTURE_MW_REG

                        Capture       Launch     
           Path Delay:+    1600            -     
          Src Latency:+       0            0     
          Net Latency:+       0 (I)        0 (I) 
        Capture Clock:+       0                  
              Arrival:=    1600            0     
                                                 
                Setup:-     205                  
          Uncertainty:-     100                  
        Required Time:=    1295                  
         Launch Clock:-       0                  
            Data Path:-    1269                  
                Slack:=      26                  

Exceptions/Constraints:
  max_delay             1600            del_6 

#----------------------------------------------------------------------------------------------------------------------------
#                   Timing Point                     Flags   Arc   Edge    Cell     Fanout Load Trans Delay Arrival Instance 
#                                                                                          (fF)  (ps)  (ps)   (ps)  Location 
#----------------------------------------------------------------------------------------------------------------------------
  uu_dtpath/uu_mem/o_resultSrc_reg[0]/CK             -       -     R     (arrival)     138    -    50     0       0    (-,-) 
  uu_dtpath/uu_mem/o_resultSrc_reg[0]/Q              -       CK->Q R     DFFRX1          3  6.9   161   367     367    (-,-) 
  uu_dtpath/uu_wb/g1990/Y                            -       A->Y  F     INVX1           2  6.4   195   193     560    (-,-) 
  uu_dtpath/uu_wb/g1986/Y                            -       A->Y  F     CLKAND2X12     32 40.7   118   227     787    (-,-) 
  uu_dtpath/uu_wb/g1921/Y                            -       A1->Y F     AO22X1          1  2.8    90   224    1011    (-,-) 
  uu_dtpath/uu_wb/g1891/Y                            -       A->Y  F     OR2X6          31 42.5   215   258    1269    (-,-) 
  uu_dtpath/uu_dec/uu_reg_file/reg_dt_reg[21][25]/SI -       -     F     SDFFRHQX1      31    -     -     0    1269    (-,-) 
#----------------------------------------------------------------------------------------------------------------------------



Path 36: MET (26 ps) Setup Check with Pin uu_dtpath/uu_dec/uu_reg_file/reg_dt_reg[21][24]/CK->SI
          Group: CAPTURE_MW_REG
     Startpoint: (R) uu_dtpath/uu_mem/o_resultSrc_reg[0]/CK
          Clock: (F) ACLK_MW_4
       Endpoint: (F) uu_dtpath/uu_dec/uu_reg_file/reg_dt_reg[21][24]/SI
          Clock: (F) CAPTURE_MW_REG

                        Capture       Launch     
           Path Delay:+    1600            -     
          Src Latency:+       0            0     
          Net Latency:+       0 (I)        0 (I) 
        Capture Clock:+       0                  
              Arrival:=    1600            0     
                                                 
                Setup:-     205                  
          Uncertainty:-     100                  
        Required Time:=    1295                  
         Launch Clock:-       0                  
            Data Path:-    1269                  
                Slack:=      26                  

Exceptions/Constraints:
  max_delay             1600            del_6 

#----------------------------------------------------------------------------------------------------------------------------
#                   Timing Point                     Flags   Arc   Edge    Cell     Fanout Load Trans Delay Arrival Instance 
#                                                                                          (fF)  (ps)  (ps)   (ps)  Location 
#----------------------------------------------------------------------------------------------------------------------------
  uu_dtpath/uu_mem/o_resultSrc_reg[0]/CK             -       -     R     (arrival)     138    -    50     0       0    (-,-) 
  uu_dtpath/uu_mem/o_resultSrc_reg[0]/Q              -       CK->Q R     DFFRX1          3  6.9   161   367     367    (-,-) 
  uu_dtpath/uu_wb/g1990/Y                            -       A->Y  F     INVX1           2  6.4   195   193     560    (-,-) 
  uu_dtpath/uu_wb/g1986/Y                            -       A->Y  F     CLKAND2X12     32 40.7   118   227     787    (-,-) 
  uu_dtpath/uu_wb/g1950/Y                            -       A1->Y F     AO22X1          1  2.8    90   224    1011    (-,-) 
  uu_dtpath/uu_wb/g1902/Y                            -       A->Y  F     OR2X6          31 42.5   215   258    1269    (-,-) 
  uu_dtpath/uu_dec/uu_reg_file/reg_dt_reg[21][24]/SI -       -     F     SDFFRHQX1      31    -     -     0    1269    (-,-) 
#----------------------------------------------------------------------------------------------------------------------------



Path 37: MET (26 ps) Setup Check with Pin uu_dtpath/uu_dec/uu_reg_file/reg_dt_reg[21][23]/CK->SI
          Group: CAPTURE_MW_REG
     Startpoint: (R) uu_dtpath/uu_mem/o_resultSrc_reg[0]/CK
          Clock: (F) ACLK_MW_4
       Endpoint: (F) uu_dtpath/uu_dec/uu_reg_file/reg_dt_reg[21][23]/SI
          Clock: (F) CAPTURE_MW_REG

                        Capture       Launch     
           Path Delay:+    1600            -     
          Src Latency:+       0            0     
          Net Latency:+       0 (I)        0 (I) 
        Capture Clock:+       0                  
              Arrival:=    1600            0     
                                                 
                Setup:-     205                  
          Uncertainty:-     100                  
        Required Time:=    1295                  
         Launch Clock:-       0                  
            Data Path:-    1269                  
                Slack:=      26                  

Exceptions/Constraints:
  max_delay             1600            del_6 

#----------------------------------------------------------------------------------------------------------------------------
#                   Timing Point                     Flags   Arc   Edge    Cell     Fanout Load Trans Delay Arrival Instance 
#                                                                                          (fF)  (ps)  (ps)   (ps)  Location 
#----------------------------------------------------------------------------------------------------------------------------
  uu_dtpath/uu_mem/o_resultSrc_reg[0]/CK             -       -     R     (arrival)     138    -    50     0       0    (-,-) 
  uu_dtpath/uu_mem/o_resultSrc_reg[0]/Q              -       CK->Q R     DFFRX1          3  6.9   161   367     367    (-,-) 
  uu_dtpath/uu_wb/g1990/Y                            -       A->Y  F     INVX1           2  6.4   195   193     560    (-,-) 
  uu_dtpath/uu_wb/g1986/Y                            -       A->Y  F     CLKAND2X12     32 40.7   118   227     787    (-,-) 
  uu_dtpath/uu_wb/g1962/Y                            -       A1->Y F     AO22X1          1  2.8    90   224    1011    (-,-) 
  uu_dtpath/uu_wb/g1908/Y                            -       A->Y  F     OR2X6          31 42.5   215   258    1269    (-,-) 
  uu_dtpath/uu_dec/uu_reg_file/reg_dt_reg[21][23]/SI -       -     F     SDFFRHQX1      31    -     -     0    1269    (-,-) 
#----------------------------------------------------------------------------------------------------------------------------



Path 38: MET (26 ps) Setup Check with Pin uu_dtpath/uu_dec/uu_reg_file/reg_dt_reg[21][22]/CK->SI
          Group: CAPTURE_MW_REG
     Startpoint: (R) uu_dtpath/uu_mem/o_resultSrc_reg[0]/CK
          Clock: (F) ACLK_MW_4
       Endpoint: (F) uu_dtpath/uu_dec/uu_reg_file/reg_dt_reg[21][22]/SI
          Clock: (F) CAPTURE_MW_REG

                        Capture       Launch     
           Path Delay:+    1600            -     
          Src Latency:+       0            0     
          Net Latency:+       0 (I)        0 (I) 
        Capture Clock:+       0                  
              Arrival:=    1600            0     
                                                 
                Setup:-     205                  
          Uncertainty:-     100                  
        Required Time:=    1295                  
         Launch Clock:-       0                  
            Data Path:-    1269                  
                Slack:=      26                  

Exceptions/Constraints:
  max_delay             1600            del_6 

#----------------------------------------------------------------------------------------------------------------------------
#                   Timing Point                     Flags   Arc   Edge    Cell     Fanout Load Trans Delay Arrival Instance 
#                                                                                          (fF)  (ps)  (ps)   (ps)  Location 
#----------------------------------------------------------------------------------------------------------------------------
  uu_dtpath/uu_mem/o_resultSrc_reg[0]/CK             -       -     R     (arrival)     138    -    50     0       0    (-,-) 
  uu_dtpath/uu_mem/o_resultSrc_reg[0]/Q              -       CK->Q R     DFFRX1          3  6.9   161   367     367    (-,-) 
  uu_dtpath/uu_wb/g1990/Y                            -       A->Y  F     INVX1           2  6.4   195   193     560    (-,-) 
  uu_dtpath/uu_wb/g1986/Y                            -       A->Y  F     CLKAND2X12     32 40.7   118   227     787    (-,-) 
  uu_dtpath/uu_wb/g1953/Y                            -       A1->Y F     AO22X1          1  2.8    90   224    1011    (-,-) 
  uu_dtpath/uu_wb/g1914/Y                            -       A->Y  F     OR2X6          31 42.5   215   258    1269    (-,-) 
  uu_dtpath/uu_dec/uu_reg_file/reg_dt_reg[21][22]/SI -       -     F     SDFFRHQX1      31    -     -     0    1269    (-,-) 
#----------------------------------------------------------------------------------------------------------------------------



Path 39: MET (26 ps) Setup Check with Pin uu_dtpath/uu_dec/uu_reg_file/reg_dt_reg[21][21]/CK->SI
          Group: CAPTURE_MW_REG
     Startpoint: (R) uu_dtpath/uu_mem/o_resultSrc_reg[0]/CK
          Clock: (F) ACLK_MW_4
       Endpoint: (F) uu_dtpath/uu_dec/uu_reg_file/reg_dt_reg[21][21]/SI
          Clock: (F) CAPTURE_MW_REG

                        Capture       Launch     
           Path Delay:+    1600            -     
          Src Latency:+       0            0     
          Net Latency:+       0 (I)        0 (I) 
        Capture Clock:+       0                  
              Arrival:=    1600            0     
                                                 
                Setup:-     205                  
          Uncertainty:-     100                  
        Required Time:=    1295                  
         Launch Clock:-       0                  
            Data Path:-    1269                  
                Slack:=      26                  

Exceptions/Constraints:
  max_delay             1600            del_6 

#----------------------------------------------------------------------------------------------------------------------------
#                   Timing Point                     Flags   Arc   Edge    Cell     Fanout Load Trans Delay Arrival Instance 
#                                                                                          (fF)  (ps)  (ps)   (ps)  Location 
#----------------------------------------------------------------------------------------------------------------------------
  uu_dtpath/uu_mem/o_resultSrc_reg[0]/CK             -       -     R     (arrival)     138    -    50     0       0    (-,-) 
  uu_dtpath/uu_mem/o_resultSrc_reg[0]/Q              -       CK->Q R     DFFRX1          3  6.9   161   367     367    (-,-) 
  uu_dtpath/uu_wb/g1990/Y                            -       A->Y  F     INVX1           2  6.4   195   193     560    (-,-) 
  uu_dtpath/uu_wb/g1986/Y                            -       A->Y  F     CLKAND2X12     32 40.7   118   227     787    (-,-) 
  uu_dtpath/uu_wb/g1976/Y                            -       A1->Y F     AO22X1          1  2.8    90   224    1011    (-,-) 
  uu_dtpath/uu_wb/g1917/Y                            -       A->Y  F     OR2X6          31 42.5   215   258    1269    (-,-) 
  uu_dtpath/uu_dec/uu_reg_file/reg_dt_reg[21][21]/SI -       -     F     SDFFRHQX1      31    -     -     0    1269    (-,-) 
#----------------------------------------------------------------------------------------------------------------------------



Path 40: MET (26 ps) Setup Check with Pin uu_dtpath/uu_dec/uu_reg_file/reg_dt_reg[21][20]/CK->SI
          Group: CAPTURE_MW_REG
     Startpoint: (R) uu_dtpath/uu_mem/o_resultSrc_reg[0]/CK
          Clock: (F) ACLK_MW_4
       Endpoint: (F) uu_dtpath/uu_dec/uu_reg_file/reg_dt_reg[21][20]/SI
          Clock: (F) CAPTURE_MW_REG

                        Capture       Launch     
           Path Delay:+    1600            -     
          Src Latency:+       0            0     
          Net Latency:+       0 (I)        0 (I) 
        Capture Clock:+       0                  
              Arrival:=    1600            0     
                                                 
                Setup:-     205                  
          Uncertainty:-     100                  
        Required Time:=    1295                  
         Launch Clock:-       0                  
            Data Path:-    1269                  
                Slack:=      26                  

Exceptions/Constraints:
  max_delay             1600            del_6 

#----------------------------------------------------------------------------------------------------------------------------
#                   Timing Point                     Flags   Arc   Edge    Cell     Fanout Load Trans Delay Arrival Instance 
#                                                                                          (fF)  (ps)  (ps)   (ps)  Location 
#----------------------------------------------------------------------------------------------------------------------------
  uu_dtpath/uu_mem/o_resultSrc_reg[0]/CK             -       -     R     (arrival)     138    -    50     0       0    (-,-) 
  uu_dtpath/uu_mem/o_resultSrc_reg[0]/Q              -       CK->Q R     DFFRX1          3  6.9   161   367     367    (-,-) 
  uu_dtpath/uu_wb/g1990/Y                            -       A->Y  F     INVX1           2  6.4   195   193     560    (-,-) 
  uu_dtpath/uu_wb/g1986/Y                            -       A->Y  F     CLKAND2X12     32 40.7   118   227     787    (-,-) 
  uu_dtpath/uu_wb/g1922/Y                            -       A1->Y F     AO22X1          1  2.8    90   224    1011    (-,-) 
  uu_dtpath/uu_wb/g1892/Y                            -       A->Y  F     OR2X6          31 42.5   215   258    1269    (-,-) 
  uu_dtpath/uu_dec/uu_reg_file/reg_dt_reg[21][20]/SI -       -     F     SDFFRHQX1      31    -     -     0    1269    (-,-) 
#----------------------------------------------------------------------------------------------------------------------------



Path 41: MET (26 ps) Setup Check with Pin uu_dtpath/uu_dec/uu_reg_file/reg_dt_reg[21][19]/CK->SI
          Group: CAPTURE_MW_REG
     Startpoint: (R) uu_dtpath/uu_mem/o_resultSrc_reg[0]/CK
          Clock: (F) ACLK_MW_4
       Endpoint: (F) uu_dtpath/uu_dec/uu_reg_file/reg_dt_reg[21][19]/SI
          Clock: (F) CAPTURE_MW_REG

                        Capture       Launch     
           Path Delay:+    1600            -     
          Src Latency:+       0            0     
          Net Latency:+       0 (I)        0 (I) 
        Capture Clock:+       0                  
              Arrival:=    1600            0     
                                                 
                Setup:-     205                  
          Uncertainty:-     100                  
        Required Time:=    1295                  
         Launch Clock:-       0                  
            Data Path:-    1269                  
                Slack:=      26                  

Exceptions/Constraints:
  max_delay             1600            del_6 

#----------------------------------------------------------------------------------------------------------------------------
#                   Timing Point                     Flags   Arc   Edge    Cell     Fanout Load Trans Delay Arrival Instance 
#                                                                                          (fF)  (ps)  (ps)   (ps)  Location 
#----------------------------------------------------------------------------------------------------------------------------
  uu_dtpath/uu_mem/o_resultSrc_reg[0]/CK             -       -     R     (arrival)     138    -    50     0       0    (-,-) 
  uu_dtpath/uu_mem/o_resultSrc_reg[0]/Q              -       CK->Q R     DFFRX1          3  6.9   161   367     367    (-,-) 
  uu_dtpath/uu_wb/g1990/Y                            -       A->Y  F     INVX1           2  6.4   195   193     560    (-,-) 
  uu_dtpath/uu_wb/g1986/Y                            -       A->Y  F     CLKAND2X12     32 40.7   118   227     787    (-,-) 
  uu_dtpath/uu_wb/g1929/Y                            -       A1->Y F     AO22X1          1  2.8    90   224    1011    (-,-) 
  uu_dtpath/uu_wb/g1895/Y                            -       A->Y  F     OR2X6          31 42.5   215   258    1269    (-,-) 
  uu_dtpath/uu_dec/uu_reg_file/reg_dt_reg[21][19]/SI -       -     F     SDFFRHQX1      31    -     -     0    1269    (-,-) 
#----------------------------------------------------------------------------------------------------------------------------



Path 42: MET (26 ps) Setup Check with Pin uu_dtpath/uu_dec/uu_reg_file/reg_dt_reg[21][18]/CK->SI
          Group: CAPTURE_MW_REG
     Startpoint: (R) uu_dtpath/uu_mem/o_resultSrc_reg[0]/CK
          Clock: (F) ACLK_MW_4
       Endpoint: (F) uu_dtpath/uu_dec/uu_reg_file/reg_dt_reg[21][18]/SI
          Clock: (F) CAPTURE_MW_REG

                        Capture       Launch     
           Path Delay:+    1600            -     
          Src Latency:+       0            0     
          Net Latency:+       0 (I)        0 (I) 
        Capture Clock:+       0                  
              Arrival:=    1600            0     
                                                 
                Setup:-     205                  
          Uncertainty:-     100                  
        Required Time:=    1295                  
         Launch Clock:-       0                  
            Data Path:-    1269                  
                Slack:=      26                  

Exceptions/Constraints:
  max_delay             1600            del_6 

#----------------------------------------------------------------------------------------------------------------------------
#                   Timing Point                     Flags   Arc   Edge    Cell     Fanout Load Trans Delay Arrival Instance 
#                                                                                          (fF)  (ps)  (ps)   (ps)  Location 
#----------------------------------------------------------------------------------------------------------------------------
  uu_dtpath/uu_mem/o_resultSrc_reg[0]/CK             -       -     R     (arrival)     138    -    50     0       0    (-,-) 
  uu_dtpath/uu_mem/o_resultSrc_reg[0]/Q              -       CK->Q R     DFFRX1          3  6.9   161   367     367    (-,-) 
  uu_dtpath/uu_wb/g1990/Y                            -       A->Y  F     INVX1           2  6.4   195   193     560    (-,-) 
  uu_dtpath/uu_wb/g1986/Y                            -       A->Y  F     CLKAND2X12     32 40.7   118   227     787    (-,-) 
  uu_dtpath/uu_wb/g1938/Y                            -       A1->Y F     AO22X1          1  2.8    90   224    1011    (-,-) 
  uu_dtpath/uu_wb/g1897/Y                            -       A->Y  F     OR2X6          31 42.5   215   258    1269    (-,-) 
  uu_dtpath/uu_dec/uu_reg_file/reg_dt_reg[21][18]/SI -       -     F     SDFFRHQX1      31    -     -     0    1269    (-,-) 
#----------------------------------------------------------------------------------------------------------------------------



Path 43: MET (26 ps) Setup Check with Pin uu_dtpath/uu_dec/uu_reg_file/reg_dt_reg[21][17]/CK->SI
          Group: CAPTURE_MW_REG
     Startpoint: (R) uu_dtpath/uu_mem/o_resultSrc_reg[0]/CK
          Clock: (F) ACLK_MW_4
       Endpoint: (F) uu_dtpath/uu_dec/uu_reg_file/reg_dt_reg[21][17]/SI
          Clock: (F) CAPTURE_MW_REG

                        Capture       Launch     
           Path Delay:+    1600            -     
          Src Latency:+       0            0     
          Net Latency:+       0 (I)        0 (I) 
        Capture Clock:+       0                  
              Arrival:=    1600            0     
                                                 
                Setup:-     205                  
          Uncertainty:-     100                  
        Required Time:=    1295                  
         Launch Clock:-       0                  
            Data Path:-    1269                  
                Slack:=      26                  

Exceptions/Constraints:
  max_delay             1600            del_6 

#----------------------------------------------------------------------------------------------------------------------------
#                   Timing Point                     Flags   Arc   Edge    Cell     Fanout Load Trans Delay Arrival Instance 
#                                                                                          (fF)  (ps)  (ps)   (ps)  Location 
#----------------------------------------------------------------------------------------------------------------------------
  uu_dtpath/uu_mem/o_resultSrc_reg[0]/CK             -       -     R     (arrival)     138    -    50     0       0    (-,-) 
  uu_dtpath/uu_mem/o_resultSrc_reg[0]/Q              -       CK->Q R     DFFRX1          3  6.9   161   367     367    (-,-) 
  uu_dtpath/uu_wb/g1990/Y                            -       A->Y  F     INVX1           2  6.4   195   193     560    (-,-) 
  uu_dtpath/uu_wb/g1986/Y                            -       A->Y  F     CLKAND2X12     32 40.7   118   227     787    (-,-) 
  uu_dtpath/uu_wb/g1946/Y                            -       A1->Y F     AO22X1          1  2.8    90   224    1011    (-,-) 
  uu_dtpath/uu_wb/g1903/Y                            -       A->Y  F     OR2X6          31 42.5   215   258    1269    (-,-) 
  uu_dtpath/uu_dec/uu_reg_file/reg_dt_reg[21][17]/SI -       -     F     SDFFRHQX1      31    -     -     0    1269    (-,-) 
#----------------------------------------------------------------------------------------------------------------------------



Path 44: MET (26 ps) Setup Check with Pin uu_dtpath/uu_dec/uu_reg_file/reg_dt_reg[21][16]/CK->SI
          Group: CAPTURE_MW_REG
     Startpoint: (R) uu_dtpath/uu_mem/o_resultSrc_reg[0]/CK
          Clock: (F) ACLK_MW_4
       Endpoint: (F) uu_dtpath/uu_dec/uu_reg_file/reg_dt_reg[21][16]/SI
          Clock: (F) CAPTURE_MW_REG

                        Capture       Launch     
           Path Delay:+    1600            -     
          Src Latency:+       0            0     
          Net Latency:+       0 (I)        0 (I) 
        Capture Clock:+       0                  
              Arrival:=    1600            0     
                                                 
                Setup:-     205                  
          Uncertainty:-     100                  
        Required Time:=    1295                  
         Launch Clock:-       0                  
            Data Path:-    1269                  
                Slack:=      26                  

Exceptions/Constraints:
  max_delay             1600            del_6 

#----------------------------------------------------------------------------------------------------------------------------
#                   Timing Point                     Flags   Arc   Edge    Cell     Fanout Load Trans Delay Arrival Instance 
#                                                                                          (fF)  (ps)  (ps)   (ps)  Location 
#----------------------------------------------------------------------------------------------------------------------------
  uu_dtpath/uu_mem/o_resultSrc_reg[0]/CK             -       -     R     (arrival)     138    -    50     0       0    (-,-) 
  uu_dtpath/uu_mem/o_resultSrc_reg[0]/Q              -       CK->Q R     DFFRX1          3  6.9   161   367     367    (-,-) 
  uu_dtpath/uu_wb/g1990/Y                            -       A->Y  F     INVX1           2  6.4   195   193     560    (-,-) 
  uu_dtpath/uu_wb/g1986/Y                            -       A->Y  F     CLKAND2X12     32 40.7   118   227     787    (-,-) 
  uu_dtpath/uu_wb/g1969/Y                            -       A1->Y F     AO22X1          1  2.8    90   224    1011    (-,-) 
  uu_dtpath/uu_wb/g1920/Y                            -       A->Y  F     OR2X6          31 42.5   215   258    1269    (-,-) 
  uu_dtpath/uu_dec/uu_reg_file/reg_dt_reg[21][16]/SI -       -     F     SDFFRHQX1      31    -     -     0    1269    (-,-) 
#----------------------------------------------------------------------------------------------------------------------------



Path 45: MET (26 ps) Setup Check with Pin uu_dtpath/uu_dec/uu_reg_file/reg_dt_reg[21][15]/CK->SI
          Group: CAPTURE_MW_REG
     Startpoint: (R) uu_dtpath/uu_mem/o_resultSrc_reg[0]/CK
          Clock: (F) ACLK_MW_4
       Endpoint: (F) uu_dtpath/uu_dec/uu_reg_file/reg_dt_reg[21][15]/SI
          Clock: (F) CAPTURE_MW_REG

                        Capture       Launch     
           Path Delay:+    1600            -     
          Src Latency:+       0            0     
          Net Latency:+       0 (I)        0 (I) 
        Capture Clock:+       0                  
              Arrival:=    1600            0     
                                                 
                Setup:-     205                  
          Uncertainty:-     100                  
        Required Time:=    1295                  
         Launch Clock:-       0                  
            Data Path:-    1269                  
                Slack:=      26                  

Exceptions/Constraints:
  max_delay             1600            del_6 

#----------------------------------------------------------------------------------------------------------------------------
#                   Timing Point                     Flags   Arc   Edge    Cell     Fanout Load Trans Delay Arrival Instance 
#                                                                                          (fF)  (ps)  (ps)   (ps)  Location 
#----------------------------------------------------------------------------------------------------------------------------
  uu_dtpath/uu_mem/o_resultSrc_reg[0]/CK             -       -     R     (arrival)     138    -    50     0       0    (-,-) 
  uu_dtpath/uu_mem/o_resultSrc_reg[0]/Q              -       CK->Q R     DFFRX1          3  6.9   161   367     367    (-,-) 
  uu_dtpath/uu_wb/g1990/Y                            -       A->Y  F     INVX1           2  6.4   195   193     560    (-,-) 
  uu_dtpath/uu_wb/g1986/Y                            -       A->Y  F     CLKAND2X12     32 40.7   118   227     787    (-,-) 
  uu_dtpath/uu_wb/g1960/Y                            -       A1->Y F     AO22X1          1  2.8    90   224    1011    (-,-) 
  uu_dtpath/uu_wb/g1909/Y                            -       A->Y  F     OR2X6          31 42.5   215   258    1269    (-,-) 
  uu_dtpath/uu_dec/uu_reg_file/reg_dt_reg[21][15]/SI -       -     F     SDFFRHQX1      31    -     -     0    1269    (-,-) 
#----------------------------------------------------------------------------------------------------------------------------



Path 46: MET (26 ps) Setup Check with Pin uu_dtpath/uu_dec/uu_reg_file/reg_dt_reg[21][14]/CK->SI
          Group: CAPTURE_MW_REG
     Startpoint: (R) uu_dtpath/uu_mem/o_resultSrc_reg[1]/CK
          Clock: (F) ACLK_MW_4
       Endpoint: (F) uu_dtpath/uu_dec/uu_reg_file/reg_dt_reg[21][14]/SI
          Clock: (F) CAPTURE_MW_REG

                        Capture       Launch     
           Path Delay:+    1600            -     
          Src Latency:+       0            0     
          Net Latency:+       0 (I)        0 (I) 
        Capture Clock:+       0                  
              Arrival:=    1600            0     
                                                 
                Setup:-     205                  
          Uncertainty:-     100                  
        Required Time:=    1295                  
         Launch Clock:-       0                  
            Data Path:-    1269                  
                Slack:=      26                  

Exceptions/Constraints:
  max_delay             1600            del_6 

#----------------------------------------------------------------------------------------------------------------------------
#                   Timing Point                     Flags   Arc   Edge    Cell     Fanout Load Trans Delay Arrival Instance 
#                                                                                          (fF)  (ps)  (ps)   (ps)  Location 
#----------------------------------------------------------------------------------------------------------------------------
  uu_dtpath/uu_mem/o_resultSrc_reg[1]/CK             -       -     R     (arrival)     138    -    50     0       0    (-,-) 
  uu_dtpath/uu_mem/o_resultSrc_reg[1]/Q              -       CK->Q R     DFFRX1          3  6.9   161   367     367    (-,-) 
  uu_dtpath/uu_wb/g1989/Y                            -       A->Y  F     INVX1           2  6.4   195   193     560    (-,-) 
  uu_dtpath/uu_wb/g1988/Y                            -       A->Y  F     CLKAND2X12     32 40.7   118   227     787    (-,-) 
  uu_dtpath/uu_wb/g1963/Y                            -       A1->Y F     AO22X1          1  2.8    90   224    1011    (-,-) 
  uu_dtpath/uu_wb/g1912/Y                            -       A->Y  F     OR2X6          31 42.5   215   258    1269    (-,-) 
  uu_dtpath/uu_dec/uu_reg_file/reg_dt_reg[21][14]/SI -       -     F     SDFFRHQX1      31    -     -     0    1269    (-,-) 
#----------------------------------------------------------------------------------------------------------------------------



Path 47: MET (26 ps) Setup Check with Pin uu_dtpath/uu_dec/uu_reg_file/reg_dt_reg[21][13]/CK->SI
          Group: CAPTURE_MW_REG
     Startpoint: (R) uu_dtpath/uu_mem/o_resultSrc_reg[0]/CK
          Clock: (F) ACLK_MW_4
       Endpoint: (F) uu_dtpath/uu_dec/uu_reg_file/reg_dt_reg[21][13]/SI
          Clock: (F) CAPTURE_MW_REG

                        Capture       Launch     
           Path Delay:+    1600            -     
          Src Latency:+       0            0     
          Net Latency:+       0 (I)        0 (I) 
        Capture Clock:+       0                  
              Arrival:=    1600            0     
                                                 
                Setup:-     205                  
          Uncertainty:-     100                  
        Required Time:=    1295                  
         Launch Clock:-       0                  
            Data Path:-    1269                  
                Slack:=      26                  

Exceptions/Constraints:
  max_delay             1600            del_6 

#----------------------------------------------------------------------------------------------------------------------------
#                   Timing Point                     Flags   Arc   Edge    Cell     Fanout Load Trans Delay Arrival Instance 
#                                                                                          (fF)  (ps)  (ps)   (ps)  Location 
#----------------------------------------------------------------------------------------------------------------------------
  uu_dtpath/uu_mem/o_resultSrc_reg[0]/CK             -       -     R     (arrival)     138    -    50     0       0    (-,-) 
  uu_dtpath/uu_mem/o_resultSrc_reg[0]/Q              -       CK->Q R     DFFRX1          3  6.9   161   367     367    (-,-) 
  uu_dtpath/uu_wb/g1990/Y                            -       A->Y  F     INVX1           2  6.4   195   193     560    (-,-) 
  uu_dtpath/uu_wb/g1986/Y                            -       A->Y  F     CLKAND2X12     32 40.7   118   227     787    (-,-) 
  uu_dtpath/uu_wb/g1966/Y                            -       A1->Y F     AO22X1          1  2.8    90   224    1011    (-,-) 
  uu_dtpath/uu_wb/g1913/Y                            -       A->Y  F     OR2X6          31 42.5   215   258    1269    (-,-) 
  uu_dtpath/uu_dec/uu_reg_file/reg_dt_reg[21][13]/SI -       -     F     SDFFRHQX1      31    -     -     0    1269    (-,-) 
#----------------------------------------------------------------------------------------------------------------------------



Path 48: MET (26 ps) Setup Check with Pin uu_dtpath/uu_dec/uu_reg_file/reg_dt_reg[21][12]/CK->SI
          Group: CAPTURE_MW_REG
     Startpoint: (R) uu_dtpath/uu_mem/o_resultSrc_reg[1]/CK
          Clock: (F) ACLK_MW_4
       Endpoint: (F) uu_dtpath/uu_dec/uu_reg_file/reg_dt_reg[21][12]/SI
          Clock: (F) CAPTURE_MW_REG

                        Capture       Launch     
           Path Delay:+    1600            -     
          Src Latency:+       0            0     
          Net Latency:+       0 (I)        0 (I) 
        Capture Clock:+       0                  
              Arrival:=    1600            0     
                                                 
                Setup:-     205                  
          Uncertainty:-     100                  
        Required Time:=    1295                  
         Launch Clock:-       0                  
            Data Path:-    1269                  
                Slack:=      26                  

Exceptions/Constraints:
  max_delay             1600            del_6 

#----------------------------------------------------------------------------------------------------------------------------
#                   Timing Point                     Flags   Arc   Edge    Cell     Fanout Load Trans Delay Arrival Instance 
#                                                                                          (fF)  (ps)  (ps)   (ps)  Location 
#----------------------------------------------------------------------------------------------------------------------------
  uu_dtpath/uu_mem/o_resultSrc_reg[1]/CK             -       -     R     (arrival)     138    -    50     0       0    (-,-) 
  uu_dtpath/uu_mem/o_resultSrc_reg[1]/Q              -       CK->Q R     DFFRX1          3  6.9   161   367     367    (-,-) 
  uu_dtpath/uu_wb/g1989/Y                            -       A->Y  F     INVX1           2  6.4   195   193     560    (-,-) 
  uu_dtpath/uu_wb/g1988/Y                            -       A->Y  F     CLKAND2X12     32 40.7   118   227     787    (-,-) 
  uu_dtpath/uu_wb/g1970/Y                            -       A1->Y F     AO22X1          1  2.8    90   224    1011    (-,-) 
  uu_dtpath/uu_wb/g1915/Y                            -       A->Y  F     OR2X6          31 42.5   215   258    1269    (-,-) 
  uu_dtpath/uu_dec/uu_reg_file/reg_dt_reg[21][12]/SI -       -     F     SDFFRHQX1      31    -     -     0    1269    (-,-) 
#----------------------------------------------------------------------------------------------------------------------------



Path 49: MET (26 ps) Setup Check with Pin uu_dtpath/uu_dec/uu_reg_file/reg_dt_reg[21][11]/CK->SI
          Group: CAPTURE_MW_REG
     Startpoint: (R) uu_dtpath/uu_mem/o_resultSrc_reg[0]/CK
          Clock: (F) ACLK_MW_4
       Endpoint: (F) uu_dtpath/uu_dec/uu_reg_file/reg_dt_reg[21][11]/SI
          Clock: (F) CAPTURE_MW_REG

                        Capture       Launch     
           Path Delay:+    1600            -     
          Src Latency:+       0            0     
          Net Latency:+       0 (I)        0 (I) 
        Capture Clock:+       0                  
              Arrival:=    1600            0     
                                                 
                Setup:-     205                  
          Uncertainty:-     100                  
        Required Time:=    1295                  
         Launch Clock:-       0                  
            Data Path:-    1269                  
                Slack:=      26                  

Exceptions/Constraints:
  max_delay             1600            del_6 

#----------------------------------------------------------------------------------------------------------------------------
#                   Timing Point                     Flags   Arc   Edge    Cell     Fanout Load Trans Delay Arrival Instance 
#                                                                                          (fF)  (ps)  (ps)   (ps)  Location 
#----------------------------------------------------------------------------------------------------------------------------
  uu_dtpath/uu_mem/o_resultSrc_reg[0]/CK             -       -     R     (arrival)     138    -    50     0       0    (-,-) 
  uu_dtpath/uu_mem/o_resultSrc_reg[0]/Q              -       CK->Q R     DFFRX1          3  6.9   161   367     367    (-,-) 
  uu_dtpath/uu_wb/g1990/Y                            -       A->Y  F     INVX1           2  6.4   195   193     560    (-,-) 
  uu_dtpath/uu_wb/g1986/Y                            -       A->Y  F     CLKAND2X12     32 40.7   118   227     787    (-,-) 
  uu_dtpath/uu_wb/g1973/Y                            -       A1->Y F     AO22X1          1  2.8    90   224    1011    (-,-) 
  uu_dtpath/uu_wb/g1918/Y                            -       A->Y  F     OR2X6          31 42.5   215   258    1269    (-,-) 
  uu_dtpath/uu_dec/uu_reg_file/reg_dt_reg[21][11]/SI -       -     F     SDFFRHQX1      31    -     -     0    1269    (-,-) 
#----------------------------------------------------------------------------------------------------------------------------



Path 50: MET (26 ps) Setup Check with Pin uu_dtpath/uu_dec/uu_reg_file/reg_dt_reg[21][10]/CK->SI
          Group: CAPTURE_MW_REG
     Startpoint: (R) uu_dtpath/uu_mem/o_resultSrc_reg[0]/CK
          Clock: (F) ACLK_MW_4
       Endpoint: (F) uu_dtpath/uu_dec/uu_reg_file/reg_dt_reg[21][10]/SI
          Clock: (F) CAPTURE_MW_REG

                        Capture       Launch     
           Path Delay:+    1600            -     
          Src Latency:+       0            0     
          Net Latency:+       0 (I)        0 (I) 
        Capture Clock:+       0                  
              Arrival:=    1600            0     
                                                 
                Setup:-     205                  
          Uncertainty:-     100                  
        Required Time:=    1295                  
         Launch Clock:-       0                  
            Data Path:-    1269                  
                Slack:=      26                  

Exceptions/Constraints:
  max_delay             1600            del_6 

#----------------------------------------------------------------------------------------------------------------------------
#                   Timing Point                     Flags   Arc   Edge    Cell     Fanout Load Trans Delay Arrival Instance 
#                                                                                          (fF)  (ps)  (ps)   (ps)  Location 
#----------------------------------------------------------------------------------------------------------------------------
  uu_dtpath/uu_mem/o_resultSrc_reg[0]/CK             -       -     R     (arrival)     138    -    50     0       0    (-,-) 
  uu_dtpath/uu_mem/o_resultSrc_reg[0]/Q              -       CK->Q R     DFFRX1          3  6.9   161   367     367    (-,-) 
  uu_dtpath/uu_wb/g1990/Y                            -       A->Y  F     INVX1           2  6.4   195   193     560    (-,-) 
  uu_dtpath/uu_wb/g1986/Y                            -       A->Y  F     CLKAND2X12     32 40.7   118   227     787    (-,-) 
  uu_dtpath/uu_wb/g1977/Y                            -       A1->Y F     AO22X1          1  2.8    90   224    1011    (-,-) 
  uu_dtpath/uu_wb/g1919/Y                            -       A->Y  F     OR2X6          31 42.5   215   258    1269    (-,-) 
  uu_dtpath/uu_dec/uu_reg_file/reg_dt_reg[21][10]/SI -       -     F     SDFFRHQX1      31    -     -     0    1269    (-,-) 
#----------------------------------------------------------------------------------------------------------------------------

