============================================================
  Generated by:           Genus(TM) Synthesis Solution 22.14-s059_1
  Generated on:           Jul 14 2026  10:03:58 pm
  Module:                 ariscv
  Operating conditions:   PVT_0P9V_125C 
  Interconnect mode:      global
  Area mode:              physical library
============================================================


Path 1: MET (0 ps) Setup Check with Pin uu_dtpath/uu_fetch/pc_plus4_ff_reg[30]/CK->D
          Group: CAPTURE_PC_FD
     Startpoint: (R) uu_dtpath/uu_fetch/pc_ff_reg[21]/CK
          Clock: (R) ACLK_PC_0
       Endpoint: (F) uu_dtpath/uu_fetch/pc_plus4_ff_reg[30]/D
          Clock: (R) CAPTURE_PC_FD

                        Capture       Launch     
           Path Delay:+    1200            -     
          Src Latency:+       0            0     
          Net Latency:+       0 (I)        0 (I) 
        Capture Clock:+       0                  
              Arrival:=    1200            0     
                                                 
                Setup:-      82                  
          Uncertainty:-     100                  
        Required Time:=    1018                  
         Launch Clock:-       0                  
            Data Path:-    1018                  
                Slack:=       0                  

Exceptions/Constraints:
  max_delay             1200            del_1 

#-------------------------------------------------------------------------------------------------------------------
#              Timing Point                Flags    Arc   Edge    Cell     Fanout Load Trans Delay Arrival Instance 
#                                                                                 (fF)  (ps)  (ps)   (ps)  Location 
#-------------------------------------------------------------------------------------------------------------------
  uu_dtpath/uu_fetch/pc_ff_reg[21]/CK      -       -      R     (arrival)      35    -    50     0       0    (-,-) 
  uu_dtpath/uu_fetch/pc_ff_reg[21]/Q       -       CK->Q  R     DFFRHQX4        5  9.9    79   312     312    (-,-) 
  uu_dtpath/uu_fetch/add_42_30_g800/Y      -       B->Y   R     CLKAND2X6       1  3.6    32   114     427    (-,-) 
  uu_dtpath/uu_fetch/add_42_30_g2119/Y     -       A->Y   R     CLKAND2X12      6 12.6    48   120     547    (-,-) 
  uu_dtpath/uu_fetch/add_42_30_g2121/Y     -       B->Y   R     CLKAND2X6       3  7.2    44   108     655    (-,-) 
  uu_dtpath/uu_fetch/add_42_30_g2120/Y     -       B->Y   R     CLKAND2X6       1  4.5    35   101     756    (-,-) 
  uu_dtpath/uu_fetch/add_42_30_g2105/Y     -       B->Y   F     NAND2X6         2  4.9    85    72     828    (-,-) 
  uu_dtpath/uu_fetch/add_42_30_g725/Y      -       A1N->Y F     OAI2BB2X4       2  4.2   130   190    1018    (-,-) 
  uu_dtpath/uu_fetch/pc_plus4_ff_reg[30]/D -       -      F     DFFRHQX1        2    -     -     0    1018    (-,-) 
#-------------------------------------------------------------------------------------------------------------------



Path 2: MET (0 ps) Setup Check with Pin uu_dtpath/uu_fetch/pc_plus4_ff_reg[27]/CK->D
          Group: CAPTURE_PC_FD
     Startpoint: (R) uu_dtpath/uu_fetch/pc_ff_reg[21]/CK
          Clock: (R) ACLK_PC_0
       Endpoint: (F) uu_dtpath/uu_fetch/pc_plus4_ff_reg[27]/D
          Clock: (R) CAPTURE_PC_FD

                        Capture       Launch     
           Path Delay:+    1200            -     
          Src Latency:+       0            0     
          Net Latency:+       0 (I)        0 (I) 
        Capture Clock:+       0                  
              Arrival:=    1200            0     
                                                 
                Setup:-      82                  
          Uncertainty:-     100                  
        Required Time:=    1018                  
         Launch Clock:-       0                  
            Data Path:-    1018                  
                Slack:=       0                  

Exceptions/Constraints:
  max_delay             1200            del_1 

#-------------------------------------------------------------------------------------------------------------------
#              Timing Point                Flags    Arc   Edge    Cell     Fanout Load Trans Delay Arrival Instance 
#                                                                                 (fF)  (ps)  (ps)   (ps)  Location 
#-------------------------------------------------------------------------------------------------------------------
  uu_dtpath/uu_fetch/pc_ff_reg[21]/CK      -       -      R     (arrival)      35    -    50     0       0    (-,-) 
  uu_dtpath/uu_fetch/pc_ff_reg[21]/Q       -       CK->Q  R     DFFRHQX4        5  9.9    79   312     312    (-,-) 
  uu_dtpath/uu_fetch/add_42_30_g800/Y      -       B->Y   R     CLKAND2X6       1  3.6    32   114     427    (-,-) 
  uu_dtpath/uu_fetch/add_42_30_g2119/Y     -       A->Y   R     CLKAND2X12      6 12.6    48   120     547    (-,-) 
  uu_dtpath/uu_fetch/add_42_30_g2121/Y     -       B->Y   R     CLKAND2X6       3  7.2    44   108     655    (-,-) 
  uu_dtpath/uu_fetch/add_42_30_g2123/Y     -       B->Y   R     CLKAND2X6       1  4.5    35   101     756    (-,-) 
  uu_dtpath/uu_fetch/add_42_30_g2104/Y     -       B->Y   F     NAND2X6         2  4.9    85    72     828    (-,-) 
  uu_dtpath/uu_fetch/add_42_30_g718/Y      -       A1N->Y F     OAI2BB2X4       2  4.2   130   190    1018    (-,-) 
  uu_dtpath/uu_fetch/pc_plus4_ff_reg[27]/D -       -      F     DFFRHQX1        2    -     -     0    1018    (-,-) 
#-------------------------------------------------------------------------------------------------------------------



Path 3: MET (0 ps) Setup Check with Pin uu_dtpath/uu_fetch/pc_ff_reg[29]/CK->D
          Group: ACLK_PC_0
     Startpoint: (R) uu_dtpath/uu_fetch/pc_ff_reg[21]/CK
          Clock: (R) ACLK_PC_0
       Endpoint: (F) uu_dtpath/uu_fetch/pc_ff_reg[29]/D
          Clock: (R) ACLK_PC_0

                     Capture       Launch     
        Clock Edge:+    1400            0     
       Src Latency:+       0            0     
       Net Latency:+       0 (I)        0 (I) 
           Arrival:=    1400            0     
                                              
             Setup:-      89                  
       Uncertainty:-     100                  
     Required Time:=    1211                  
      Launch Clock:-       0                  
         Data Path:-    1211                  
             Slack:=       0                  

#------------------------------------------------------------------------------------------------------------------
#              Timing Point               Flags    Arc   Edge    Cell     Fanout Load Trans Delay Arrival Instance 
#                                                                                (fF)  (ps)  (ps)   (ps)  Location 
#------------------------------------------------------------------------------------------------------------------
  uu_dtpath/uu_fetch/pc_ff_reg[21]/CK     -       -      R     (arrival)      35    -    50     0       0    (-,-) 
  uu_dtpath/uu_fetch/pc_ff_reg[21]/Q      -       CK->Q  R     DFFRHQX4        5  9.9    79   312     312    (-,-) 
  uu_dtpath/uu_fetch/add_42_30_g800/Y     -       B->Y   R     CLKAND2X6       1  3.6    32   114     427    (-,-) 
  uu_dtpath/uu_fetch/add_42_30_g2119/Y    -       A->Y   R     CLKAND2X12      6 12.6    48   120     547    (-,-) 
  uu_dtpath/uu_fetch/add_42_30_g782_dup/Y -       B->Y   R     CLKAND2X6       3  8.6    48   110     657    (-,-) 
  uu_dtpath/uu_fetch/add_42_30_g2126/Y    -       B->Y   R     CLKAND2X6       1  5.3    37   104     762    (-,-) 
  uu_dtpath/uu_fetch/add_42_30_g2106/Y    -       B->Y   F     NAND2X8         2  4.9    75    67     829    (-,-) 
  uu_dtpath/uu_fetch/add_42_30_g720/Y     -       A1N->Y F     OAI2BB2X4       2  4.2   130   185    1014    (-,-) 
  uu_dtpath/uu_fetch/g1893/Y              -       A->Y   R     INVX2           1  2.9    56    91    1105    (-,-) 
  uu_dtpath/uu_fetch/g1822/Y              -       A1->Y  F     OAI21X2         1  2.4   132   106    1211    (-,-) 
  uu_dtpath/uu_fetch/pc_ff_reg[29]/D      -       -      F     DFFRHQX4        1    -     -     0    1211    (-,-) 
#------------------------------------------------------------------------------------------------------------------



Path 4: MET (0 ps) Setup Check with Pin uu_dtpath/uu_fetch/pc_ff_reg[28]/CK->D
          Group: ACLK_PC_0
     Startpoint: (R) uu_dtpath/uu_fetch/pc_ff_reg[21]/CK
          Clock: (R) ACLK_PC_0
       Endpoint: (F) uu_dtpath/uu_fetch/pc_ff_reg[28]/D
          Clock: (R) ACLK_PC_0

                     Capture       Launch     
        Clock Edge:+    1400            0     
       Src Latency:+       0            0     
       Net Latency:+       0 (I)        0 (I) 
           Arrival:=    1400            0     
                                              
             Setup:-      89                  
       Uncertainty:-     100                  
     Required Time:=    1211                  
      Launch Clock:-       0                  
         Data Path:-    1211                  
             Slack:=       0                  

#------------------------------------------------------------------------------------------------------------------
#              Timing Point               Flags    Arc   Edge    Cell     Fanout Load Trans Delay Arrival Instance 
#                                                                                (fF)  (ps)  (ps)   (ps)  Location 
#------------------------------------------------------------------------------------------------------------------
  uu_dtpath/uu_fetch/pc_ff_reg[21]/CK     -       -      R     (arrival)      35    -    50     0       0    (-,-) 
  uu_dtpath/uu_fetch/pc_ff_reg[21]/Q      -       CK->Q  R     DFFRHQX4        5  9.9    79   312     312    (-,-) 
  uu_dtpath/uu_fetch/add_42_30_g800/Y     -       B->Y   R     CLKAND2X6       1  3.6    32   114     427    (-,-) 
  uu_dtpath/uu_fetch/add_42_30_g2119/Y    -       A->Y   R     CLKAND2X12      6 12.6    48   120     547    (-,-) 
  uu_dtpath/uu_fetch/add_42_30_g782_dup/Y -       B->Y   R     CLKAND2X6       3  8.6    48   110     657    (-,-) 
  uu_dtpath/uu_fetch/add_42_30_g2125/Y    -       B->Y   R     CLKAND2X6       1  5.3    37   104     762    (-,-) 
  uu_dtpath/uu_fetch/add_42_30_g2112/Y    -       B->Y   F     NAND2X8         2  4.9    74    67     829    (-,-) 
  uu_dtpath/uu_fetch/add_42_30_g729/Y     -       A1N->Y F     OAI2BB2X4       2  4.2   130   185    1014    (-,-) 
  uu_dtpath/uu_fetch/g1896/Y              -       A->Y   R     INVX2           1  2.9    56    91    1105    (-,-) 
  uu_dtpath/uu_fetch/g1820/Y              -       A1->Y  F     OAI21X2         1  2.4   132   106    1211    (-,-) 
  uu_dtpath/uu_fetch/pc_ff_reg[28]/D      -       -      F     DFFRHQX4        1    -     -     0    1211    (-,-) 
#------------------------------------------------------------------------------------------------------------------



Path 5: MET (0 ps) Setup Check with Pin uu_dtpath/uu_dec/o_aluControl_reg[2]/CK->D
          Group: ACLK_DE_2
     Startpoint: (R) uu_dtpath/uu_dec/immExt_ff_reg[0]/CK
          Clock: (R) ACLK_DE_2
       Endpoint: (R) uu_dtpath/uu_dec/o_aluControl_reg[2]/D
          Clock: (R) ACLK_DE_2

                     Capture       Launch     
        Clock Edge:+    4200            0     
       Src Latency:+       0            0     
       Net Latency:+       0 (I)        0 (I) 
           Arrival:=    4200            0     
                                              
             Setup:-     178                  
       Uncertainty:-     100                  
     Required Time:=    3922                  
      Launch Clock:-       0                  
         Data Path:-    3922                  
             Slack:=       0                  

#--------------------------------------------------------------------------------------------------------------------
#               Timing Point                 Flags   Arc   Edge   Cell     Fanout  Load Trans Delay Arrival Instance 
#                                                                                  (fF)  (ps)  (ps)   (ps)  Location 
#--------------------------------------------------------------------------------------------------------------------
  uu_dtpath/uu_dec/immExt_ff_reg[0]/CK       -       -     R     (arrival)    276     -    50     0       0    (-,-) 
  uu_dtpath/uu_dec/immExt_ff_reg[0]/Q        -       CK->Q R     DFFRHQX1       3   5.8   133   319     319    (-,-) 
  uu_dtpath/uu_exec/g1331/Y                  -       B->Y  R     CLKMX2X3       1   8.5    89   258     577    (-,-) 
  uu_dtpath/uu_exec/uu_alu/g2192/Y           -       A->Y  F     CLKINVX16     11  43.6   102    93     670    (-,-) 
  uu_dtpath/uu_exec/uu_alu/g2186/Y           -       A->Y  R     INVX20        36  59.4    92    95     765    (-,-) 
  uu_dtpath/uu_exec/uu_alu/sra_24_47_g2906/Y -       S0->Y F     MX2X1          2   4.6   135   231     997    (-,-) 
  uu_dtpath/uu_exec/uu_alu/sra_24_47_g2840/Y -       A1->Y R     AOI22X2        2   3.8   144   170    1167    (-,-) 
  uu_dtpath/uu_exec/uu_alu/g4917/Y           -       B1->Y R     OA22X1         2   5.2   127   265    1432    (-,-) 
  uu_dtpath/uu_exec/uu_alu/sra_24_47_g2770/Y -       B->Y  F     NOR2X1         1   3.5   128   136    1567    (-,-) 
  uu_dtpath/uu_exec/uu_alu/sra_24_47_g2726/Y -       C0->Y R     AOI211X4       1   2.9   116   128    1695    (-,-) 
  uu_dtpath/uu_exec/uu_alu/sra_24_47_g2715/Y -       B0->Y F     OAI21X2        1   2.8   135   148    1843    (-,-) 
  uu_dtpath/uu_exec/uu_alu/g4533/Y           -       A1->Y R     AOI221X2       1   2.9   180   222    2065    (-,-) 
  uu_dtpath/uu_exec/uu_alu/g4504/Y           -       B->Y  F     NAND2X2        2   4.2   166   185    2250    (-,-) 
  uu_dtpath/uu_exec/uu_alu/g4490/Y           -       A->Y  R     NOR2X2         1   2.9   101   148    2398    (-,-) 
  uu_dtpath/uu_exec/uu_alu/g4488/Y           -       A->Y  F     NAND2X2        1   3.5   138   143    2541    (-,-) 
  uu_dtpath/uu_exec/uu_alu/g4482/Y           -       B->Y  R     NOR3X4         1   3.7   117   151    2692    (-,-) 
  uu_dtpath/uu_exec/uu_alu/g4480/Y           -       B->Y  F     NAND2X4        1   3.5    96   112    2804    (-,-) 
  uu_dtpath/uu_exec/uu_alu/g4477/Y           -       B->Y  R     NOR2X4         1   2.6    61    79    2882    (-,-) 
  uu_dtpath/uu_exec/uu_alu/g4474/Y           -       A->Y  R     CLKAND2X3      1   2.7    35   120    3003    (-,-) 
  uu_dtpath/uu_exec/g816/Y                   -       B->Y  R     XOR2X4         1   3.7    77   183    3185    (-,-) 
  uu_dtpath/uu_exec/g460/Y                   -       A1->Y F     OAI21X4        3   6.3   143   128    3313    (-,-) 
  uu_dtpath/g2217/Y                          -       B->Y  F     OR2X6          1   4.3    50   180    3494    (-,-) 
  uu_dtpath/uu_dec/g1342/Y                   -       A->Y  R     CLKINVX6       2  16.1    69    61    3554    (-,-) 
  uu_dtpath/uu_dec/g1341/Y                   -       A->Y  F     INVX20       113 152.2   233   163    3718    (-,-) 
  uu_dtpath/uu_dec/g2261/Y                   -       B->Y  R     NOR2BX1        1   2.3   149   204    3922    (-,-) 
  uu_dtpath/uu_dec/o_aluControl_reg[2]/D     -       -     R     DFFRX2         1     -     -     0    3922    (-,-) 
#--------------------------------------------------------------------------------------------------------------------



Path 6: MET (0 ps) Setup Check with Pin uu_dtpath/uu_fetch/pc_ff_reg[9]/CK->D
          Group: ACLK_PC_0
     Startpoint: (R) uu_dtpath/uu_fetch/pc_ff_reg[7]/CK
          Clock: (R) ACLK_PC_0
       Endpoint: (R) uu_dtpath/uu_fetch/pc_ff_reg[9]/D
          Clock: (R) ACLK_PC_0

                     Capture       Launch     
        Clock Edge:+    1400            0     
       Src Latency:+       0            0     
       Net Latency:+       0 (I)        0 (I) 
           Arrival:=    1400            0     
                                              
             Setup:-     156                  
       Uncertainty:-     100                  
     Required Time:=    1144                  
      Launch Clock:-       0                  
         Data Path:-    1144                  
             Slack:=       0                  

#-------------------------------------------------------------------------------------------------------------
#            Timing Point              Flags   Arc   Edge   Cell     Fanout Load Trans Delay Arrival Instance 
#                                                                           (fF)  (ps)  (ps)   (ps)  Location 
#-------------------------------------------------------------------------------------------------------------
  uu_dtpath/uu_fetch/pc_ff_reg[7]/CK   -       -     R     (arrival)     35    -    50     0       0    (-,-) 
  uu_dtpath/uu_fetch/pc_ff_reg[7]/Q    -       CK->Q R     DFFRHQX4       4  7.0    64   304     304    (-,-) 
  uu_dtpath/uu_fetch/add_42_30_g1980/Y -       B->Y  R     CLKAND2X6      3  7.9    46   116     420    (-,-) 
  uu_dtpath/uu_fetch/g1979/Y           -       A->Y  R     CLKBUFX2       2  5.0    67   119     539    (-,-) 
  uu_dtpath/uu_fetch/add_42_30_g1978/Y -       B->Y  F     NAND3X4        1  2.5   130   136     675    (-,-) 
  uu_dtpath/uu_fetch/add_42_30_g1976/Y -       B->Y  R     XNOR2X1        2  3.9    98   242     917    (-,-) 
  uu_dtpath/uu_fetch/g1904/Y           -       A->Y  F     INVX1          1  2.8    95   106    1024    (-,-) 
  uu_dtpath/uu_fetch/g1973/Y           -       A0->Y R     OAI21X2        1  2.4   116   120    1144    (-,-) 
  uu_dtpath/uu_fetch/pc_ff_reg[9]/D    -       -     R     DFFRHQX4       1    -     -     0    1144    (-,-) 
#-------------------------------------------------------------------------------------------------------------



Path 7: MET (0 ps) Setup Check with Pin uu_dtpath/uu_fetch/pc_ff_reg[25]/CK->D
          Group: ACLK_PC_0
     Startpoint: (R) uu_dtpath/uu_fetch/pc_ff_reg[23]/CK
          Clock: (R) ACLK_PC_0
       Endpoint: (F) uu_dtpath/uu_fetch/pc_ff_reg[25]/D
          Clock: (R) ACLK_PC_0

                     Capture       Launch     
        Clock Edge:+    1400            0     
       Src Latency:+       0            0     
       Net Latency:+       0 (I)        0 (I) 
           Arrival:=    1400            0     
                                              
             Setup:-      89                  
       Uncertainty:-     100                  
     Required Time:=    1211                  
      Launch Clock:-       0                  
         Data Path:-    1211                  
             Slack:=       0                  

#--------------------------------------------------------------------------------------------------------------
#            Timing Point              Flags    Arc   Edge   Cell     Fanout Load Trans Delay Arrival Instance 
#                                                                            (fF)  (ps)  (ps)   (ps)  Location 
#--------------------------------------------------------------------------------------------------------------
  uu_dtpath/uu_fetch/pc_ff_reg[23]/CK  -       -      R     (arrival)     35    -    50     0       0    (-,-) 
  uu_dtpath/uu_fetch/pc_ff_reg[23]/Q   -       CK->Q  R     DFFRHQX4       6 13.2    95   322     322    (-,-) 
  uu_dtpath/uu_fetch/add_42_30_g806/Y  -       A->Y   F     NAND2X8        2  5.7    88   107     428    (-,-) 
  uu_dtpath/uu_fetch/add_42_30_g799/Y  -       A->Y   R     INVX3          2  4.0    47    66     494    (-,-) 
  uu_dtpath/uu_fetch/add_42_30_g785/Y  -       B->Y   R     CLKAND2X3      1  2.4    33   103     598    (-,-) 
  uu_dtpath/uu_fetch/add_42_30_g783/Y  -       A->Y   R     CLKAND2X2      1  4.5    63   130     727    (-,-) 
  uu_dtpath/uu_fetch/add_42_30_g2134/Y -       A->Y   F     NAND2X6        2  4.9    88    94     822    (-,-) 
  uu_dtpath/uu_fetch/add_42_30_g2159/Y -       A1N->Y F     OAI2BB2X4      2  4.2   130   192    1013    (-,-) 
  uu_dtpath/uu_fetch/g2132/Y           -       A->Y   R     INVX2          1  2.9    56    92    1105    (-,-) 
  uu_dtpath/uu_fetch/g1846/Y           -       A1->Y  F     OAI21X2        1  2.4   132   106    1211    (-,-) 
  uu_dtpath/uu_fetch/pc_ff_reg[25]/D   -       -      F     DFFRHQX4       1    -     -     0    1211    (-,-) 
#--------------------------------------------------------------------------------------------------------------



Path 8: MET (1 ps) Setup Check with Pin uu_dtpath/uu_dec/rd1_ff_reg[31]/CK->D
          Group: ACLK_DE_2
     Startpoint: (R) uu_dtpath/uu_dec/immExt_ff_reg[0]/CK
          Clock: (R) ACLK_DE_2
       Endpoint: (R) uu_dtpath/uu_dec/rd1_ff_reg[31]/D
          Clock: (R) ACLK_DE_2

                     Capture       Launch     
        Clock Edge:+    4200            0     
       Src Latency:+       0            0     
       Net Latency:+       0 (I)        0 (I) 
           Arrival:=    4200            0     
                                              
             Setup:-     174                  
       Uncertainty:-     100                  
     Required Time:=    3926                  
      Launch Clock:-       0                  
         Data Path:-    3924                  
             Slack:=       1                  

#--------------------------------------------------------------------------------------------------------------------
#               Timing Point                 Flags   Arc   Edge   Cell     Fanout  Load Trans Delay Arrival Instance 
#                                                                                  (fF)  (ps)  (ps)   (ps)  Location 
#--------------------------------------------------------------------------------------------------------------------
  uu_dtpath/uu_dec/immExt_ff_reg[0]/CK       -       -     R     (arrival)    276     -    50     0       0    (-,-) 
  uu_dtpath/uu_dec/immExt_ff_reg[0]/Q        -       CK->Q R     DFFRHQX1       3   5.8   133   319     319    (-,-) 
  uu_dtpath/uu_exec/g1331/Y                  -       B->Y  R     CLKMX2X3       1   8.5    89   258     577    (-,-) 
  uu_dtpath/uu_exec/uu_alu/g2192/Y           -       A->Y  F     CLKINVX16     11  43.6   102    93     670    (-,-) 
  uu_dtpath/uu_exec/uu_alu/g2186/Y           -       A->Y  R     INVX20        36  59.4    92    95     765    (-,-) 
  uu_dtpath/uu_exec/uu_alu/sra_24_47_g2906/Y -       S0->Y F     MX2X1          2   4.6   135   231     997    (-,-) 
  uu_dtpath/uu_exec/uu_alu/sra_24_47_g2840/Y -       A1->Y R     AOI22X2        2   3.8   144   170    1167    (-,-) 
  uu_dtpath/uu_exec/uu_alu/g4917/Y           -       B1->Y R     OA22X1         2   5.2   127   265    1432    (-,-) 
  uu_dtpath/uu_exec/uu_alu/sra_24_47_g2770/Y -       B->Y  F     NOR2X1         1   3.5   128   136    1567    (-,-) 
  uu_dtpath/uu_exec/uu_alu/sra_24_47_g2726/Y -       C0->Y R     AOI211X4       1   2.9   116   128    1695    (-,-) 
  uu_dtpath/uu_exec/uu_alu/sra_24_47_g2715/Y -       B0->Y F     OAI21X2        1   2.8   135   148    1843    (-,-) 
  uu_dtpath/uu_exec/uu_alu/g4533/Y           -       A1->Y R     AOI221X2       1   2.9   180   222    2065    (-,-) 
  uu_dtpath/uu_exec/uu_alu/g4504/Y           -       B->Y  F     NAND2X2        2   4.2   166   185    2250    (-,-) 
  uu_dtpath/uu_exec/uu_alu/g4490/Y           -       A->Y  R     NOR2X2         1   2.9   101   148    2398    (-,-) 
  uu_dtpath/uu_exec/uu_alu/g4488/Y           -       A->Y  F     NAND2X2        1   3.5   138   143    2541    (-,-) 
  uu_dtpath/uu_exec/uu_alu/g4482/Y           -       B->Y  R     NOR3X4         1   3.7   117   151    2692    (-,-) 
  uu_dtpath/uu_exec/uu_alu/g4480/Y           -       B->Y  F     NAND2X4        1   3.5    96   112    2804    (-,-) 
  uu_dtpath/uu_exec/uu_alu/g4477/Y           -       B->Y  R     NOR2X4         1   2.6    61    79    2882    (-,-) 
  uu_dtpath/uu_exec/uu_alu/g4474/Y           -       A->Y  R     CLKAND2X3      1   2.7    35   120    3003    (-,-) 
  uu_dtpath/uu_exec/g816/Y                   -       B->Y  R     XOR2X4         1   3.7    77   183    3185    (-,-) 
  uu_dtpath/uu_exec/g460/Y                   -       A1->Y F     OAI21X4        3   6.3   143   128    3313    (-,-) 
  uu_dtpath/g2217/Y                          -       B->Y  F     OR2X6          1   4.3    50   180    3494    (-,-) 
  uu_dtpath/uu_dec/g1342/Y                   -       A->Y  R     CLKINVX6       2  16.1    69    61    3554    (-,-) 
  uu_dtpath/uu_dec/g1341/Y                   -       A->Y  F     INVX20       113 152.2   233   163    3718    (-,-) 
  uu_dtpath/uu_dec/g2310/Y                   -       B->Y  R     NOR2BX1        1   2.4   154   207    3924    (-,-) 
  uu_dtpath/uu_dec/rd1_ff_reg[31]/D          -       -     R     DFFRHQX4       1     -     -     0    3924    (-,-) 
#--------------------------------------------------------------------------------------------------------------------



Path 9: MET (1 ps) Setup Check with Pin uu_dtpath/uu_dec/rd1_ff_reg[30]/CK->D
          Group: ACLK_DE_2
     Startpoint: (R) uu_dtpath/uu_dec/immExt_ff_reg[0]/CK
          Clock: (R) ACLK_DE_2
       Endpoint: (R) uu_dtpath/uu_dec/rd1_ff_reg[30]/D
          Clock: (R) ACLK_DE_2

                     Capture       Launch     
        Clock Edge:+    4200            0     
       Src Latency:+       0            0     
       Net Latency:+       0 (I)        0 (I) 
           Arrival:=    4200            0     
                                              
             Setup:-     174                  
       Uncertainty:-     100                  
     Required Time:=    3926                  
      Launch Clock:-       0                  
         Data Path:-    3924                  
             Slack:=       1                  

#--------------------------------------------------------------------------------------------------------------------
#               Timing Point                 Flags   Arc   Edge   Cell     Fanout  Load Trans Delay Arrival Instance 
#                                                                                  (fF)  (ps)  (ps)   (ps)  Location 
#--------------------------------------------------------------------------------------------------------------------
  uu_dtpath/uu_dec/immExt_ff_reg[0]/CK       -       -     R     (arrival)    276     -    50     0       0    (-,-) 
  uu_dtpath/uu_dec/immExt_ff_reg[0]/Q        -       CK->Q R     DFFRHQX1       3   5.8   133   319     319    (-,-) 
  uu_dtpath/uu_exec/g1331/Y                  -       B->Y  R     CLKMX2X3       1   8.5    89   258     577    (-,-) 
  uu_dtpath/uu_exec/uu_alu/g2192/Y           -       A->Y  F     CLKINVX16     11  43.6   102    93     670    (-,-) 
  uu_dtpath/uu_exec/uu_alu/g2186/Y           -       A->Y  R     INVX20        36  59.4    92    95     765    (-,-) 
  uu_dtpath/uu_exec/uu_alu/sra_24_47_g2906/Y -       S0->Y F     MX2X1          2   4.6   135   231     997    (-,-) 
  uu_dtpath/uu_exec/uu_alu/sra_24_47_g2840/Y -       A1->Y R     AOI22X2        2   3.8   144   170    1167    (-,-) 
  uu_dtpath/uu_exec/uu_alu/g4917/Y           -       B1->Y R     OA22X1         2   5.2   127   265    1432    (-,-) 
  uu_dtpath/uu_exec/uu_alu/sra_24_47_g2770/Y -       B->Y  F     NOR2X1         1   3.5   128   136    1567    (-,-) 
  uu_dtpath/uu_exec/uu_alu/sra_24_47_g2726/Y -       C0->Y R     AOI211X4       1   2.9   116   128    1695    (-,-) 
  uu_dtpath/uu_exec/uu_alu/sra_24_47_g2715/Y -       B0->Y F     OAI21X2        1   2.8   135   148    1843    (-,-) 
  uu_dtpath/uu_exec/uu_alu/g4533/Y           -       A1->Y R     AOI221X2       1   2.9   180   222    2065    (-,-) 
  uu_dtpath/uu_exec/uu_alu/g4504/Y           -       B->Y  F     NAND2X2        2   4.2   166   185    2250    (-,-) 
  uu_dtpath/uu_exec/uu_alu/g4490/Y           -       A->Y  R     NOR2X2         1   2.9   101   148    2398    (-,-) 
  uu_dtpath/uu_exec/uu_alu/g4488/Y           -       A->Y  F     NAND2X2        1   3.5   138   143    2541    (-,-) 
  uu_dtpath/uu_exec/uu_alu/g4482/Y           -       B->Y  R     NOR3X4         1   3.7   117   151    2692    (-,-) 
  uu_dtpath/uu_exec/uu_alu/g4480/Y           -       B->Y  F     NAND2X4        1   3.5    96   112    2804    (-,-) 
  uu_dtpath/uu_exec/uu_alu/g4477/Y           -       B->Y  R     NOR2X4         1   2.6    61    79    2882    (-,-) 
  uu_dtpath/uu_exec/uu_alu/g4474/Y           -       A->Y  R     CLKAND2X3      1   2.7    35   120    3003    (-,-) 
  uu_dtpath/uu_exec/g816/Y                   -       B->Y  R     XOR2X4         1   3.7    77   183    3185    (-,-) 
  uu_dtpath/uu_exec/g460/Y                   -       A1->Y F     OAI21X4        3   6.3   143   128    3313    (-,-) 
  uu_dtpath/g2217/Y                          -       B->Y  F     OR2X6          1   4.3    50   180    3494    (-,-) 
  uu_dtpath/uu_dec/g1342/Y                   -       A->Y  R     CLKINVX6       2  16.1    69    61    3554    (-,-) 
  uu_dtpath/uu_dec/g1341/Y                   -       A->Y  F     INVX20       113 152.2   233   163    3718    (-,-) 
  uu_dtpath/uu_dec/g2308/Y                   -       B->Y  R     NOR2BX1        1   2.4   154   207    3924    (-,-) 
  uu_dtpath/uu_dec/rd1_ff_reg[30]/D          -       -     R     DFFRHQX4       1     -     -     0    3924    (-,-) 
#--------------------------------------------------------------------------------------------------------------------



Path 10: MET (1 ps) Setup Check with Pin uu_dtpath/uu_dec/rd1_ff_reg[28]/CK->D
          Group: ACLK_DE_2
     Startpoint: (R) uu_dtpath/uu_dec/immExt_ff_reg[0]/CK
          Clock: (R) ACLK_DE_2
       Endpoint: (R) uu_dtpath/uu_dec/rd1_ff_reg[28]/D
          Clock: (R) ACLK_DE_2

                     Capture       Launch     
        Clock Edge:+    4200            0     
       Src Latency:+       0            0     
       Net Latency:+       0 (I)        0 (I) 
           Arrival:=    4200            0     
                                              
             Setup:-     174                  
       Uncertainty:-     100                  
     Required Time:=    3926                  
      Launch Clock:-       0                  
         Data Path:-    3924                  
             Slack:=       1                  

#--------------------------------------------------------------------------------------------------------------------
#               Timing Point                 Flags   Arc   Edge   Cell     Fanout  Load Trans Delay Arrival Instance 
#                                                                                  (fF)  (ps)  (ps)   (ps)  Location 
#--------------------------------------------------------------------------------------------------------------------
  uu_dtpath/uu_dec/immExt_ff_reg[0]/CK       -       -     R     (arrival)    276     -    50     0       0    (-,-) 
  uu_dtpath/uu_dec/immExt_ff_reg[0]/Q        -       CK->Q R     DFFRHQX1       3   5.8   133   319     319    (-,-) 
  uu_dtpath/uu_exec/g1331/Y                  -       B->Y  R     CLKMX2X3       1   8.5    89   258     577    (-,-) 
  uu_dtpath/uu_exec/uu_alu/g2192/Y           -       A->Y  F     CLKINVX16     11  43.6   102    93     670    (-,-) 
  uu_dtpath/uu_exec/uu_alu/g2186/Y           -       A->Y  R     INVX20        36  59.4    92    95     765    (-,-) 
  uu_dtpath/uu_exec/uu_alu/sra_24_47_g2906/Y -       S0->Y F     MX2X1          2   4.6   135   231     997    (-,-) 
  uu_dtpath/uu_exec/uu_alu/sra_24_47_g2840/Y -       A1->Y R     AOI22X2        2   3.8   144   170    1167    (-,-) 
  uu_dtpath/uu_exec/uu_alu/g4917/Y           -       B1->Y R     OA22X1         2   5.2   127   265    1432    (-,-) 
  uu_dtpath/uu_exec/uu_alu/sra_24_47_g2770/Y -       B->Y  F     NOR2X1         1   3.5   128   136    1567    (-,-) 
  uu_dtpath/uu_exec/uu_alu/sra_24_47_g2726/Y -       C0->Y R     AOI211X4       1   2.9   116   128    1695    (-,-) 
  uu_dtpath/uu_exec/uu_alu/sra_24_47_g2715/Y -       B0->Y F     OAI21X2        1   2.8   135   148    1843    (-,-) 
  uu_dtpath/uu_exec/uu_alu/g4533/Y           -       A1->Y R     AOI221X2       1   2.9   180   222    2065    (-,-) 
  uu_dtpath/uu_exec/uu_alu/g4504/Y           -       B->Y  F     NAND2X2        2   4.2   166   185    2250    (-,-) 
  uu_dtpath/uu_exec/uu_alu/g4490/Y           -       A->Y  R     NOR2X2         1   2.9   101   148    2398    (-,-) 
  uu_dtpath/uu_exec/uu_alu/g4488/Y           -       A->Y  F     NAND2X2        1   3.5   138   143    2541    (-,-) 
  uu_dtpath/uu_exec/uu_alu/g4482/Y           -       B->Y  R     NOR3X4         1   3.7   117   151    2692    (-,-) 
  uu_dtpath/uu_exec/uu_alu/g4480/Y           -       B->Y  F     NAND2X4        1   3.5    96   112    2804    (-,-) 
  uu_dtpath/uu_exec/uu_alu/g4477/Y           -       B->Y  R     NOR2X4         1   2.6    61    79    2882    (-,-) 
  uu_dtpath/uu_exec/uu_alu/g4474/Y           -       A->Y  R     CLKAND2X3      1   2.7    35   120    3003    (-,-) 
  uu_dtpath/uu_exec/g816/Y                   -       B->Y  R     XOR2X4         1   3.7    77   183    3185    (-,-) 
  uu_dtpath/uu_exec/g460/Y                   -       A1->Y F     OAI21X4        3   6.3   143   128    3313    (-,-) 
  uu_dtpath/g2217/Y                          -       B->Y  F     OR2X6          1   4.3    50   180    3494    (-,-) 
  uu_dtpath/uu_dec/g1342/Y                   -       A->Y  R     CLKINVX6       2  16.1    69    61    3554    (-,-) 
  uu_dtpath/uu_dec/g1341/Y                   -       A->Y  F     INVX20       113 152.2   233   163    3718    (-,-) 
  uu_dtpath/uu_dec/g2307/Y                   -       B->Y  R     NOR2BX1        1   2.4   154   207    3924    (-,-) 
  uu_dtpath/uu_dec/rd1_ff_reg[28]/D          -       -     R     DFFRHQX4       1     -     -     0    3924    (-,-) 
#--------------------------------------------------------------------------------------------------------------------



Path 11: MET (1 ps) Setup Check with Pin uu_dtpath/uu_dec/rd1_ff_reg[21]/CK->D
          Group: ACLK_DE_2
     Startpoint: (R) uu_dtpath/uu_dec/immExt_ff_reg[0]/CK
          Clock: (R) ACLK_DE_2
       Endpoint: (R) uu_dtpath/uu_dec/rd1_ff_reg[21]/D
          Clock: (R) ACLK_DE_2

                     Capture       Launch     
        Clock Edge:+    4200            0     
       Src Latency:+       0            0     
       Net Latency:+       0 (I)        0 (I) 
           Arrival:=    4200            0     
                                              
             Setup:-     174                  
       Uncertainty:-     100                  
     Required Time:=    3926                  
      Launch Clock:-       0                  
         Data Path:-    3924                  
             Slack:=       1                  

#--------------------------------------------------------------------------------------------------------------------
#               Timing Point                 Flags   Arc   Edge   Cell     Fanout  Load Trans Delay Arrival Instance 
#                                                                                  (fF)  (ps)  (ps)   (ps)  Location 
#--------------------------------------------------------------------------------------------------------------------
  uu_dtpath/uu_dec/immExt_ff_reg[0]/CK       -       -     R     (arrival)    276     -    50     0       0    (-,-) 
  uu_dtpath/uu_dec/immExt_ff_reg[0]/Q        -       CK->Q R     DFFRHQX1       3   5.8   133   319     319    (-,-) 
  uu_dtpath/uu_exec/g1331/Y                  -       B->Y  R     CLKMX2X3       1   8.5    89   258     577    (-,-) 
  uu_dtpath/uu_exec/uu_alu/g2192/Y           -       A->Y  F     CLKINVX16     11  43.6   102    93     670    (-,-) 
  uu_dtpath/uu_exec/uu_alu/g2186/Y           -       A->Y  R     INVX20        36  59.4    92    95     765    (-,-) 
  uu_dtpath/uu_exec/uu_alu/sra_24_47_g2906/Y -       S0->Y F     MX2X1          2   4.6   135   231     997    (-,-) 
  uu_dtpath/uu_exec/uu_alu/sra_24_47_g2840/Y -       A1->Y R     AOI22X2        2   3.8   144   170    1167    (-,-) 
  uu_dtpath/uu_exec/uu_alu/g4917/Y           -       B1->Y R     OA22X1         2   5.2   127   265    1432    (-,-) 
  uu_dtpath/uu_exec/uu_alu/sra_24_47_g2770/Y -       B->Y  F     NOR2X1         1   3.5   128   136    1567    (-,-) 
  uu_dtpath/uu_exec/uu_alu/sra_24_47_g2726/Y -       C0->Y R     AOI211X4       1   2.9   116   128    1695    (-,-) 
  uu_dtpath/uu_exec/uu_alu/sra_24_47_g2715/Y -       B0->Y F     OAI21X2        1   2.8   135   148    1843    (-,-) 
  uu_dtpath/uu_exec/uu_alu/g4533/Y           -       A1->Y R     AOI221X2       1   2.9   180   222    2065    (-,-) 
  uu_dtpath/uu_exec/uu_alu/g4504/Y           -       B->Y  F     NAND2X2        2   4.2   166   185    2250    (-,-) 
  uu_dtpath/uu_exec/uu_alu/g4490/Y           -       A->Y  R     NOR2X2         1   2.9   101   148    2398    (-,-) 
  uu_dtpath/uu_exec/uu_alu/g4488/Y           -       A->Y  F     NAND2X2        1   3.5   138   143    2541    (-,-) 
  uu_dtpath/uu_exec/uu_alu/g4482/Y           -       B->Y  R     NOR3X4         1   3.7   117   151    2692    (-,-) 
  uu_dtpath/uu_exec/uu_alu/g4480/Y           -       B->Y  F     NAND2X4        1   3.5    96   112    2804    (-,-) 
  uu_dtpath/uu_exec/uu_alu/g4477/Y           -       B->Y  R     NOR2X4         1   2.6    61    79    2882    (-,-) 
  uu_dtpath/uu_exec/uu_alu/g4474/Y           -       A->Y  R     CLKAND2X3      1   2.7    35   120    3003    (-,-) 
  uu_dtpath/uu_exec/g816/Y                   -       B->Y  R     XOR2X4         1   3.7    77   183    3185    (-,-) 
  uu_dtpath/uu_exec/g460/Y                   -       A1->Y F     OAI21X4        3   6.3   143   128    3313    (-,-) 
  uu_dtpath/g2217/Y                          -       B->Y  F     OR2X6          1   4.3    50   180    3494    (-,-) 
  uu_dtpath/uu_dec/g1342/Y                   -       A->Y  R     CLKINVX6       2  16.1    69    61    3554    (-,-) 
  uu_dtpath/uu_dec/g1341/Y                   -       A->Y  F     INVX20       113 152.2   233   163    3718    (-,-) 
  uu_dtpath/uu_dec/g2300/Y                   -       B->Y  R     NOR2BX1        1   2.4   154   207    3924    (-,-) 
  uu_dtpath/uu_dec/rd1_ff_reg[21]/D          -       -     R     DFFRHQX4       1     -     -     0    3924    (-,-) 
#--------------------------------------------------------------------------------------------------------------------



Path 12: MET (1 ps) Setup Check with Pin uu_dtpath/uu_dec/rd1_ff_reg[20]/CK->D
          Group: ACLK_DE_2
     Startpoint: (R) uu_dtpath/uu_dec/immExt_ff_reg[0]/CK
          Clock: (R) ACLK_DE_2
       Endpoint: (R) uu_dtpath/uu_dec/rd1_ff_reg[20]/D
          Clock: (R) ACLK_DE_2

                     Capture       Launch     
        Clock Edge:+    4200            0     
       Src Latency:+       0            0     
       Net Latency:+       0 (I)        0 (I) 
           Arrival:=    4200            0     
                                              
             Setup:-     174                  
       Uncertainty:-     100                  
     Required Time:=    3926                  
      Launch Clock:-       0                  
         Data Path:-    3924                  
             Slack:=       1                  

#--------------------------------------------------------------------------------------------------------------------
#               Timing Point                 Flags   Arc   Edge   Cell     Fanout  Load Trans Delay Arrival Instance 
#                                                                                  (fF)  (ps)  (ps)   (ps)  Location 
#--------------------------------------------------------------------------------------------------------------------
  uu_dtpath/uu_dec/immExt_ff_reg[0]/CK       -       -     R     (arrival)    276     -    50     0       0    (-,-) 
  uu_dtpath/uu_dec/immExt_ff_reg[0]/Q        -       CK->Q R     DFFRHQX1       3   5.8   133   319     319    (-,-) 
  uu_dtpath/uu_exec/g1331/Y                  -       B->Y  R     CLKMX2X3       1   8.5    89   258     577    (-,-) 
  uu_dtpath/uu_exec/uu_alu/g2192/Y           -       A->Y  F     CLKINVX16     11  43.6   102    93     670    (-,-) 
  uu_dtpath/uu_exec/uu_alu/g2186/Y           -       A->Y  R     INVX20        36  59.4    92    95     765    (-,-) 
  uu_dtpath/uu_exec/uu_alu/sra_24_47_g2906/Y -       S0->Y F     MX2X1          2   4.6   135   231     997    (-,-) 
  uu_dtpath/uu_exec/uu_alu/sra_24_47_g2840/Y -       A1->Y R     AOI22X2        2   3.8   144   170    1167    (-,-) 
  uu_dtpath/uu_exec/uu_alu/g4917/Y           -       B1->Y R     OA22X1         2   5.2   127   265    1432    (-,-) 
  uu_dtpath/uu_exec/uu_alu/sra_24_47_g2770/Y -       B->Y  F     NOR2X1         1   3.5   128   136    1567    (-,-) 
  uu_dtpath/uu_exec/uu_alu/sra_24_47_g2726/Y -       C0->Y R     AOI211X4       1   2.9   116   128    1695    (-,-) 
  uu_dtpath/uu_exec/uu_alu/sra_24_47_g2715/Y -       B0->Y F     OAI21X2        1   2.8   135   148    1843    (-,-) 
  uu_dtpath/uu_exec/uu_alu/g4533/Y           -       A1->Y R     AOI221X2       1   2.9   180   222    2065    (-,-) 
  uu_dtpath/uu_exec/uu_alu/g4504/Y           -       B->Y  F     NAND2X2        2   4.2   166   185    2250    (-,-) 
  uu_dtpath/uu_exec/uu_alu/g4490/Y           -       A->Y  R     NOR2X2         1   2.9   101   148    2398    (-,-) 
  uu_dtpath/uu_exec/uu_alu/g4488/Y           -       A->Y  F     NAND2X2        1   3.5   138   143    2541    (-,-) 
  uu_dtpath/uu_exec/uu_alu/g4482/Y           -       B->Y  R     NOR3X4         1   3.7   117   151    2692    (-,-) 
  uu_dtpath/uu_exec/uu_alu/g4480/Y           -       B->Y  F     NAND2X4        1   3.5    96   112    2804    (-,-) 
  uu_dtpath/uu_exec/uu_alu/g4477/Y           -       B->Y  R     NOR2X4         1   2.6    61    79    2882    (-,-) 
  uu_dtpath/uu_exec/uu_alu/g4474/Y           -       A->Y  R     CLKAND2X3      1   2.7    35   120    3003    (-,-) 
  uu_dtpath/uu_exec/g816/Y                   -       B->Y  R     XOR2X4         1   3.7    77   183    3185    (-,-) 
  uu_dtpath/uu_exec/g460/Y                   -       A1->Y F     OAI21X4        3   6.3   143   128    3313    (-,-) 
  uu_dtpath/g2217/Y                          -       B->Y  F     OR2X6          1   4.3    50   180    3494    (-,-) 
  uu_dtpath/uu_dec/g1342/Y                   -       A->Y  R     CLKINVX6       2  16.1    69    61    3554    (-,-) 
  uu_dtpath/uu_dec/g1341/Y                   -       A->Y  F     INVX20       113 152.2   233   163    3718    (-,-) 
  uu_dtpath/uu_dec/g2299/Y                   -       B->Y  R     NOR2BX1        1   2.4   154   207    3924    (-,-) 
  uu_dtpath/uu_dec/rd1_ff_reg[20]/D          -       -     R     DFFRHQX4       1     -     -     0    3924    (-,-) 
#--------------------------------------------------------------------------------------------------------------------



Path 13: MET (1 ps) Setup Check with Pin uu_dtpath/uu_dec/rd1_ff_reg[19]/CK->D
          Group: ACLK_DE_2
     Startpoint: (R) uu_dtpath/uu_dec/immExt_ff_reg[0]/CK
          Clock: (R) ACLK_DE_2
       Endpoint: (R) uu_dtpath/uu_dec/rd1_ff_reg[19]/D
          Clock: (R) ACLK_DE_2

                     Capture       Launch     
        Clock Edge:+    4200            0     
       Src Latency:+       0            0     
       Net Latency:+       0 (I)        0 (I) 
           Arrival:=    4200            0     
                                              
             Setup:-     174                  
       Uncertainty:-     100                  
     Required Time:=    3926                  
      Launch Clock:-       0                  
         Data Path:-    3924                  
             Slack:=       1                  

#--------------------------------------------------------------------------------------------------------------------
#               Timing Point                 Flags   Arc   Edge   Cell     Fanout  Load Trans Delay Arrival Instance 
#                                                                                  (fF)  (ps)  (ps)   (ps)  Location 
#--------------------------------------------------------------------------------------------------------------------
  uu_dtpath/uu_dec/immExt_ff_reg[0]/CK       -       -     R     (arrival)    276     -    50     0       0    (-,-) 
  uu_dtpath/uu_dec/immExt_ff_reg[0]/Q        -       CK->Q R     DFFRHQX1       3   5.8   133   319     319    (-,-) 
  uu_dtpath/uu_exec/g1331/Y                  -       B->Y  R     CLKMX2X3       1   8.5    89   258     577    (-,-) 
  uu_dtpath/uu_exec/uu_alu/g2192/Y           -       A->Y  F     CLKINVX16     11  43.6   102    93     670    (-,-) 
  uu_dtpath/uu_exec/uu_alu/g2186/Y           -       A->Y  R     INVX20        36  59.4    92    95     765    (-,-) 
  uu_dtpath/uu_exec/uu_alu/sra_24_47_g2906/Y -       S0->Y F     MX2X1          2   4.6   135   231     997    (-,-) 
  uu_dtpath/uu_exec/uu_alu/sra_24_47_g2840/Y -       A1->Y R     AOI22X2        2   3.8   144   170    1167    (-,-) 
  uu_dtpath/uu_exec/uu_alu/g4917/Y           -       B1->Y R     OA22X1         2   5.2   127   265    1432    (-,-) 
  uu_dtpath/uu_exec/uu_alu/sra_24_47_g2770/Y -       B->Y  F     NOR2X1         1   3.5   128   136    1567    (-,-) 
  uu_dtpath/uu_exec/uu_alu/sra_24_47_g2726/Y -       C0->Y R     AOI211X4       1   2.9   116   128    1695    (-,-) 
  uu_dtpath/uu_exec/uu_alu/sra_24_47_g2715/Y -       B0->Y F     OAI21X2        1   2.8   135   148    1843    (-,-) 
  uu_dtpath/uu_exec/uu_alu/g4533/Y           -       A1->Y R     AOI221X2       1   2.9   180   222    2065    (-,-) 
  uu_dtpath/uu_exec/uu_alu/g4504/Y           -       B->Y  F     NAND2X2        2   4.2   166   185    2250    (-,-) 
  uu_dtpath/uu_exec/uu_alu/g4490/Y           -       A->Y  R     NOR2X2         1   2.9   101   148    2398    (-,-) 
  uu_dtpath/uu_exec/uu_alu/g4488/Y           -       A->Y  F     NAND2X2        1   3.5   138   143    2541    (-,-) 
  uu_dtpath/uu_exec/uu_alu/g4482/Y           -       B->Y  R     NOR3X4         1   3.7   117   151    2692    (-,-) 
  uu_dtpath/uu_exec/uu_alu/g4480/Y           -       B->Y  F     NAND2X4        1   3.5    96   112    2804    (-,-) 
  uu_dtpath/uu_exec/uu_alu/g4477/Y           -       B->Y  R     NOR2X4         1   2.6    61    79    2882    (-,-) 
  uu_dtpath/uu_exec/uu_alu/g4474/Y           -       A->Y  R     CLKAND2X3      1   2.7    35   120    3003    (-,-) 
  uu_dtpath/uu_exec/g816/Y                   -       B->Y  R     XOR2X4         1   3.7    77   183    3185    (-,-) 
  uu_dtpath/uu_exec/g460/Y                   -       A1->Y F     OAI21X4        3   6.3   143   128    3313    (-,-) 
  uu_dtpath/g2217/Y                          -       B->Y  F     OR2X6          1   4.3    50   180    3494    (-,-) 
  uu_dtpath/uu_dec/g1342/Y                   -       A->Y  R     CLKINVX6       2  16.1    69    61    3554    (-,-) 
  uu_dtpath/uu_dec/g1341/Y                   -       A->Y  F     INVX20       113 152.2   233   163    3718    (-,-) 
  uu_dtpath/uu_dec/g2327/Y                   -       B->Y  R     NOR2BX1        1   2.4   154   207    3924    (-,-) 
  uu_dtpath/uu_dec/rd1_ff_reg[19]/D          -       -     R     DFFRHQX4       1     -     -     0    3924    (-,-) 
#--------------------------------------------------------------------------------------------------------------------



Path 14: MET (1 ps) Setup Check with Pin uu_dtpath/uu_dec/rd1_ff_reg[18]/CK->D
          Group: ACLK_DE_2
     Startpoint: (R) uu_dtpath/uu_dec/immExt_ff_reg[0]/CK
          Clock: (R) ACLK_DE_2
       Endpoint: (R) uu_dtpath/uu_dec/rd1_ff_reg[18]/D
          Clock: (R) ACLK_DE_2

                     Capture       Launch     
        Clock Edge:+    4200            0     
       Src Latency:+       0            0     
       Net Latency:+       0 (I)        0 (I) 
           Arrival:=    4200            0     
                                              
             Setup:-     174                  
       Uncertainty:-     100                  
     Required Time:=    3926                  
      Launch Clock:-       0                  
         Data Path:-    3924                  
             Slack:=       1                  

#--------------------------------------------------------------------------------------------------------------------
#               Timing Point                 Flags   Arc   Edge   Cell     Fanout  Load Trans Delay Arrival Instance 
#                                                                                  (fF)  (ps)  (ps)   (ps)  Location 
#--------------------------------------------------------------------------------------------------------------------
  uu_dtpath/uu_dec/immExt_ff_reg[0]/CK       -       -     R     (arrival)    276     -    50     0       0    (-,-) 
  uu_dtpath/uu_dec/immExt_ff_reg[0]/Q        -       CK->Q R     DFFRHQX1       3   5.8   133   319     319    (-,-) 
  uu_dtpath/uu_exec/g1331/Y                  -       B->Y  R     CLKMX2X3       1   8.5    89   258     577    (-,-) 
  uu_dtpath/uu_exec/uu_alu/g2192/Y           -       A->Y  F     CLKINVX16     11  43.6   102    93     670    (-,-) 
  uu_dtpath/uu_exec/uu_alu/g2186/Y           -       A->Y  R     INVX20        36  59.4    92    95     765    (-,-) 
  uu_dtpath/uu_exec/uu_alu/sra_24_47_g2906/Y -       S0->Y F     MX2X1          2   4.6   135   231     997    (-,-) 
  uu_dtpath/uu_exec/uu_alu/sra_24_47_g2840/Y -       A1->Y R     AOI22X2        2   3.8   144   170    1167    (-,-) 
  uu_dtpath/uu_exec/uu_alu/g4917/Y           -       B1->Y R     OA22X1         2   5.2   127   265    1432    (-,-) 
  uu_dtpath/uu_exec/uu_alu/sra_24_47_g2770/Y -       B->Y  F     NOR2X1         1   3.5   128   136    1567    (-,-) 
  uu_dtpath/uu_exec/uu_alu/sra_24_47_g2726/Y -       C0->Y R     AOI211X4       1   2.9   116   128    1695    (-,-) 
  uu_dtpath/uu_exec/uu_alu/sra_24_47_g2715/Y -       B0->Y F     OAI21X2        1   2.8   135   148    1843    (-,-) 
  uu_dtpath/uu_exec/uu_alu/g4533/Y           -       A1->Y R     AOI221X2       1   2.9   180   222    2065    (-,-) 
  uu_dtpath/uu_exec/uu_alu/g4504/Y           -       B->Y  F     NAND2X2        2   4.2   166   185    2250    (-,-) 
  uu_dtpath/uu_exec/uu_alu/g4490/Y           -       A->Y  R     NOR2X2         1   2.9   101   148    2398    (-,-) 
  uu_dtpath/uu_exec/uu_alu/g4488/Y           -       A->Y  F     NAND2X2        1   3.5   138   143    2541    (-,-) 
  uu_dtpath/uu_exec/uu_alu/g4482/Y           -       B->Y  R     NOR3X4         1   3.7   117   151    2692    (-,-) 
  uu_dtpath/uu_exec/uu_alu/g4480/Y           -       B->Y  F     NAND2X4        1   3.5    96   112    2804    (-,-) 
  uu_dtpath/uu_exec/uu_alu/g4477/Y           -       B->Y  R     NOR2X4         1   2.6    61    79    2882    (-,-) 
  uu_dtpath/uu_exec/uu_alu/g4474/Y           -       A->Y  R     CLKAND2X3      1   2.7    35   120    3003    (-,-) 
  uu_dtpath/uu_exec/g816/Y                   -       B->Y  R     XOR2X4         1   3.7    77   183    3185    (-,-) 
  uu_dtpath/uu_exec/g460/Y                   -       A1->Y F     OAI21X4        3   6.3   143   128    3313    (-,-) 
  uu_dtpath/g2217/Y                          -       B->Y  F     OR2X6          1   4.3    50   180    3494    (-,-) 
  uu_dtpath/uu_dec/g1342/Y                   -       A->Y  R     CLKINVX6       2  16.1    69    61    3554    (-,-) 
  uu_dtpath/uu_dec/g1341/Y                   -       A->Y  F     INVX20       113 152.2   233   163    3718    (-,-) 
  uu_dtpath/uu_dec/g2297/Y                   -       B->Y  R     NOR2BX1        1   2.4   154   207    3924    (-,-) 
  uu_dtpath/uu_dec/rd1_ff_reg[18]/D          -       -     R     DFFRHQX4       1     -     -     0    3924    (-,-) 
#--------------------------------------------------------------------------------------------------------------------



Path 15: MET (1 ps) Setup Check with Pin uu_dtpath/uu_dec/rd1_ff_reg[17]/CK->D
          Group: ACLK_DE_2
     Startpoint: (R) uu_dtpath/uu_dec/immExt_ff_reg[0]/CK
          Clock: (R) ACLK_DE_2
       Endpoint: (R) uu_dtpath/uu_dec/rd1_ff_reg[17]/D
          Clock: (R) ACLK_DE_2

                     Capture       Launch     
        Clock Edge:+    4200            0     
       Src Latency:+       0            0     
       Net Latency:+       0 (I)        0 (I) 
           Arrival:=    4200            0     
                                              
             Setup:-     174                  
       Uncertainty:-     100                  
     Required Time:=    3926                  
      Launch Clock:-       0                  
         Data Path:-    3924                  
             Slack:=       1                  

#--------------------------------------------------------------------------------------------------------------------
#               Timing Point                 Flags   Arc   Edge   Cell     Fanout  Load Trans Delay Arrival Instance 
#                                                                                  (fF)  (ps)  (ps)   (ps)  Location 
#--------------------------------------------------------------------------------------------------------------------
  uu_dtpath/uu_dec/immExt_ff_reg[0]/CK       -       -     R     (arrival)    276     -    50     0       0    (-,-) 
  uu_dtpath/uu_dec/immExt_ff_reg[0]/Q        -       CK->Q R     DFFRHQX1       3   5.8   133   319     319    (-,-) 
  uu_dtpath/uu_exec/g1331/Y                  -       B->Y  R     CLKMX2X3       1   8.5    89   258     577    (-,-) 
  uu_dtpath/uu_exec/uu_alu/g2192/Y           -       A->Y  F     CLKINVX16     11  43.6   102    93     670    (-,-) 
  uu_dtpath/uu_exec/uu_alu/g2186/Y           -       A->Y  R     INVX20        36  59.4    92    95     765    (-,-) 
  uu_dtpath/uu_exec/uu_alu/sra_24_47_g2906/Y -       S0->Y F     MX2X1          2   4.6   135   231     997    (-,-) 
  uu_dtpath/uu_exec/uu_alu/sra_24_47_g2840/Y -       A1->Y R     AOI22X2        2   3.8   144   170    1167    (-,-) 
  uu_dtpath/uu_exec/uu_alu/g4917/Y           -       B1->Y R     OA22X1         2   5.2   127   265    1432    (-,-) 
  uu_dtpath/uu_exec/uu_alu/sra_24_47_g2770/Y -       B->Y  F     NOR2X1         1   3.5   128   136    1567    (-,-) 
  uu_dtpath/uu_exec/uu_alu/sra_24_47_g2726/Y -       C0->Y R     AOI211X4       1   2.9   116   128    1695    (-,-) 
  uu_dtpath/uu_exec/uu_alu/sra_24_47_g2715/Y -       B0->Y F     OAI21X2        1   2.8   135   148    1843    (-,-) 
  uu_dtpath/uu_exec/uu_alu/g4533/Y           -       A1->Y R     AOI221X2       1   2.9   180   222    2065    (-,-) 
  uu_dtpath/uu_exec/uu_alu/g4504/Y           -       B->Y  F     NAND2X2        2   4.2   166   185    2250    (-,-) 
  uu_dtpath/uu_exec/uu_alu/g4490/Y           -       A->Y  R     NOR2X2         1   2.9   101   148    2398    (-,-) 
  uu_dtpath/uu_exec/uu_alu/g4488/Y           -       A->Y  F     NAND2X2        1   3.5   138   143    2541    (-,-) 
  uu_dtpath/uu_exec/uu_alu/g4482/Y           -       B->Y  R     NOR3X4         1   3.7   117   151    2692    (-,-) 
  uu_dtpath/uu_exec/uu_alu/g4480/Y           -       B->Y  F     NAND2X4        1   3.5    96   112    2804    (-,-) 
  uu_dtpath/uu_exec/uu_alu/g4477/Y           -       B->Y  R     NOR2X4         1   2.6    61    79    2882    (-,-) 
  uu_dtpath/uu_exec/uu_alu/g4474/Y           -       A->Y  R     CLKAND2X3      1   2.7    35   120    3003    (-,-) 
  uu_dtpath/uu_exec/g816/Y                   -       B->Y  R     XOR2X4         1   3.7    77   183    3185    (-,-) 
  uu_dtpath/uu_exec/g460/Y                   -       A1->Y F     OAI21X4        3   6.3   143   128    3313    (-,-) 
  uu_dtpath/g2217/Y                          -       B->Y  F     OR2X6          1   4.3    50   180    3494    (-,-) 
  uu_dtpath/uu_dec/g1342/Y                   -       A->Y  R     CLKINVX6       2  16.1    69    61    3554    (-,-) 
  uu_dtpath/uu_dec/g1341/Y                   -       A->Y  F     INVX20       113 152.2   233   163    3718    (-,-) 
  uu_dtpath/uu_dec/g2296/Y                   -       B->Y  R     NOR2BX1        1   2.4   154   207    3924    (-,-) 
  uu_dtpath/uu_dec/rd1_ff_reg[17]/D          -       -     R     DFFRHQX4       1     -     -     0    3924    (-,-) 
#--------------------------------------------------------------------------------------------------------------------



Path 16: MET (1 ps) Setup Check with Pin uu_dtpath/uu_dec/rd1_ff_reg[16]/CK->D
          Group: ACLK_DE_2
     Startpoint: (R) uu_dtpath/uu_dec/immExt_ff_reg[0]/CK
          Clock: (R) ACLK_DE_2
       Endpoint: (R) uu_dtpath/uu_dec/rd1_ff_reg[16]/D
          Clock: (R) ACLK_DE_2

                     Capture       Launch     
        Clock Edge:+    4200            0     
       Src Latency:+       0            0     
       Net Latency:+       0 (I)        0 (I) 
           Arrival:=    4200            0     
                                              
             Setup:-     174                  
       Uncertainty:-     100                  
     Required Time:=    3926                  
      Launch Clock:-       0                  
         Data Path:-    3924                  
             Slack:=       1                  

#--------------------------------------------------------------------------------------------------------------------
#               Timing Point                 Flags   Arc   Edge   Cell     Fanout  Load Trans Delay Arrival Instance 
#                                                                                  (fF)  (ps)  (ps)   (ps)  Location 
#--------------------------------------------------------------------------------------------------------------------
  uu_dtpath/uu_dec/immExt_ff_reg[0]/CK       -       -     R     (arrival)    276     -    50     0       0    (-,-) 
  uu_dtpath/uu_dec/immExt_ff_reg[0]/Q        -       CK->Q R     DFFRHQX1       3   5.8   133   319     319    (-,-) 
  uu_dtpath/uu_exec/g1331/Y                  -       B->Y  R     CLKMX2X3       1   8.5    89   258     577    (-,-) 
  uu_dtpath/uu_exec/uu_alu/g2192/Y           -       A->Y  F     CLKINVX16     11  43.6   102    93     670    (-,-) 
  uu_dtpath/uu_exec/uu_alu/g2186/Y           -       A->Y  R     INVX20        36  59.4    92    95     765    (-,-) 
  uu_dtpath/uu_exec/uu_alu/sra_24_47_g2906/Y -       S0->Y F     MX2X1          2   4.6   135   231     997    (-,-) 
  uu_dtpath/uu_exec/uu_alu/sra_24_47_g2840/Y -       A1->Y R     AOI22X2        2   3.8   144   170    1167    (-,-) 
  uu_dtpath/uu_exec/uu_alu/g4917/Y           -       B1->Y R     OA22X1         2   5.2   127   265    1432    (-,-) 
  uu_dtpath/uu_exec/uu_alu/sra_24_47_g2770/Y -       B->Y  F     NOR2X1         1   3.5   128   136    1567    (-,-) 
  uu_dtpath/uu_exec/uu_alu/sra_24_47_g2726/Y -       C0->Y R     AOI211X4       1   2.9   116   128    1695    (-,-) 
  uu_dtpath/uu_exec/uu_alu/sra_24_47_g2715/Y -       B0->Y F     OAI21X2        1   2.8   135   148    1843    (-,-) 
  uu_dtpath/uu_exec/uu_alu/g4533/Y           -       A1->Y R     AOI221X2       1   2.9   180   222    2065    (-,-) 
  uu_dtpath/uu_exec/uu_alu/g4504/Y           -       B->Y  F     NAND2X2        2   4.2   166   185    2250    (-,-) 
  uu_dtpath/uu_exec/uu_alu/g4490/Y           -       A->Y  R     NOR2X2         1   2.9   101   148    2398    (-,-) 
  uu_dtpath/uu_exec/uu_alu/g4488/Y           -       A->Y  F     NAND2X2        1   3.5   138   143    2541    (-,-) 
  uu_dtpath/uu_exec/uu_alu/g4482/Y           -       B->Y  R     NOR3X4         1   3.7   117   151    2692    (-,-) 
  uu_dtpath/uu_exec/uu_alu/g4480/Y           -       B->Y  F     NAND2X4        1   3.5    96   112    2804    (-,-) 
  uu_dtpath/uu_exec/uu_alu/g4477/Y           -       B->Y  R     NOR2X4         1   2.6    61    79    2882    (-,-) 
  uu_dtpath/uu_exec/uu_alu/g4474/Y           -       A->Y  R     CLKAND2X3      1   2.7    35   120    3003    (-,-) 
  uu_dtpath/uu_exec/g816/Y                   -       B->Y  R     XOR2X4         1   3.7    77   183    3185    (-,-) 
  uu_dtpath/uu_exec/g460/Y                   -       A1->Y F     OAI21X4        3   6.3   143   128    3313    (-,-) 
  uu_dtpath/g2217/Y                          -       B->Y  F     OR2X6          1   4.3    50   180    3494    (-,-) 
  uu_dtpath/uu_dec/g1342/Y                   -       A->Y  R     CLKINVX6       2  16.1    69    61    3554    (-,-) 
  uu_dtpath/uu_dec/g1341/Y                   -       A->Y  F     INVX20       113 152.2   233   163    3718    (-,-) 
  uu_dtpath/uu_dec/g2295/Y                   -       B->Y  R     NOR2BX1        1   2.4   154   207    3924    (-,-) 
  uu_dtpath/uu_dec/rd1_ff_reg[16]/D          -       -     R     DFFRHQX4       1     -     -     0    3924    (-,-) 
#--------------------------------------------------------------------------------------------------------------------



Path 17: MET (1 ps) Setup Check with Pin uu_dtpath/uu_dec/rd1_ff_reg[14]/CK->D
          Group: ACLK_DE_2
     Startpoint: (R) uu_dtpath/uu_dec/immExt_ff_reg[0]/CK
          Clock: (R) ACLK_DE_2
       Endpoint: (R) uu_dtpath/uu_dec/rd1_ff_reg[14]/D
          Clock: (R) ACLK_DE_2

                     Capture       Launch     
        Clock Edge:+    4200            0     
       Src Latency:+       0            0     
       Net Latency:+       0 (I)        0 (I) 
           Arrival:=    4200            0     
                                              
             Setup:-     174                  
       Uncertainty:-     100                  
     Required Time:=    3926                  
      Launch Clock:-       0                  
         Data Path:-    3924                  
             Slack:=       1                  

#--------------------------------------------------------------------------------------------------------------------
#               Timing Point                 Flags   Arc   Edge   Cell     Fanout  Load Trans Delay Arrival Instance 
#                                                                                  (fF)  (ps)  (ps)   (ps)  Location 
#--------------------------------------------------------------------------------------------------------------------
  uu_dtpath/uu_dec/immExt_ff_reg[0]/CK       -       -     R     (arrival)    276     -    50     0       0    (-,-) 
  uu_dtpath/uu_dec/immExt_ff_reg[0]/Q        -       CK->Q R     DFFRHQX1       3   5.8   133   319     319    (-,-) 
  uu_dtpath/uu_exec/g1331/Y                  -       B->Y  R     CLKMX2X3       1   8.5    89   258     577    (-,-) 
  uu_dtpath/uu_exec/uu_alu/g2192/Y           -       A->Y  F     CLKINVX16     11  43.6   102    93     670    (-,-) 
  uu_dtpath/uu_exec/uu_alu/g2186/Y           -       A->Y  R     INVX20        36  59.4    92    95     765    (-,-) 
  uu_dtpath/uu_exec/uu_alu/sra_24_47_g2906/Y -       S0->Y F     MX2X1          2   4.6   135   231     997    (-,-) 
  uu_dtpath/uu_exec/uu_alu/sra_24_47_g2840/Y -       A1->Y R     AOI22X2        2   3.8   144   170    1167    (-,-) 
  uu_dtpath/uu_exec/uu_alu/g4917/Y           -       B1->Y R     OA22X1         2   5.2   127   265    1432    (-,-) 
  uu_dtpath/uu_exec/uu_alu/sra_24_47_g2770/Y -       B->Y  F     NOR2X1         1   3.5   128   136    1567    (-,-) 
  uu_dtpath/uu_exec/uu_alu/sra_24_47_g2726/Y -       C0->Y R     AOI211X4       1   2.9   116   128    1695    (-,-) 
  uu_dtpath/uu_exec/uu_alu/sra_24_47_g2715/Y -       B0->Y F     OAI21X2        1   2.8   135   148    1843    (-,-) 
  uu_dtpath/uu_exec/uu_alu/g4533/Y           -       A1->Y R     AOI221X2       1   2.9   180   222    2065    (-,-) 
  uu_dtpath/uu_exec/uu_alu/g4504/Y           -       B->Y  F     NAND2X2        2   4.2   166   185    2250    (-,-) 
  uu_dtpath/uu_exec/uu_alu/g4490/Y           -       A->Y  R     NOR2X2         1   2.9   101   148    2398    (-,-) 
  uu_dtpath/uu_exec/uu_alu/g4488/Y           -       A->Y  F     NAND2X2        1   3.5   138   143    2541    (-,-) 
  uu_dtpath/uu_exec/uu_alu/g4482/Y           -       B->Y  R     NOR3X4         1   3.7   117   151    2692    (-,-) 
  uu_dtpath/uu_exec/uu_alu/g4480/Y           -       B->Y  F     NAND2X4        1   3.5    96   112    2804    (-,-) 
  uu_dtpath/uu_exec/uu_alu/g4477/Y           -       B->Y  R     NOR2X4         1   2.6    61    79    2882    (-,-) 
  uu_dtpath/uu_exec/uu_alu/g4474/Y           -       A->Y  R     CLKAND2X3      1   2.7    35   120    3003    (-,-) 
  uu_dtpath/uu_exec/g816/Y                   -       B->Y  R     XOR2X4         1   3.7    77   183    3185    (-,-) 
  uu_dtpath/uu_exec/g460/Y                   -       A1->Y F     OAI21X4        3   6.3   143   128    3313    (-,-) 
  uu_dtpath/g2217/Y                          -       B->Y  F     OR2X6          1   4.3    50   180    3494    (-,-) 
  uu_dtpath/uu_dec/g1342/Y                   -       A->Y  R     CLKINVX6       2  16.1    69    61    3554    (-,-) 
  uu_dtpath/uu_dec/g1341/Y                   -       A->Y  F     INVX20       113 152.2   233   163    3718    (-,-) 
  uu_dtpath/uu_dec/g2292/Y                   -       B->Y  R     NOR2BX1        1   2.4   154   207    3924    (-,-) 
  uu_dtpath/uu_dec/rd1_ff_reg[14]/D          -       -     R     DFFRHQX4       1     -     -     0    3924    (-,-) 
#--------------------------------------------------------------------------------------------------------------------



Path 18: MET (1 ps) Setup Check with Pin uu_dtpath/uu_dec/rd1_ff_reg[10]/CK->D
          Group: ACLK_DE_2
     Startpoint: (R) uu_dtpath/uu_dec/immExt_ff_reg[0]/CK
          Clock: (R) ACLK_DE_2
       Endpoint: (R) uu_dtpath/uu_dec/rd1_ff_reg[10]/D
          Clock: (R) ACLK_DE_2

                     Capture       Launch     
        Clock Edge:+    4200            0     
       Src Latency:+       0            0     
       Net Latency:+       0 (I)        0 (I) 
           Arrival:=    4200            0     
                                              
             Setup:-     174                  
       Uncertainty:-     100                  
     Required Time:=    3926                  
      Launch Clock:-       0                  
         Data Path:-    3924                  
             Slack:=       1                  

#--------------------------------------------------------------------------------------------------------------------
#               Timing Point                 Flags   Arc   Edge   Cell     Fanout  Load Trans Delay Arrival Instance 
#                                                                                  (fF)  (ps)  (ps)   (ps)  Location 
#--------------------------------------------------------------------------------------------------------------------
  uu_dtpath/uu_dec/immExt_ff_reg[0]/CK       -       -     R     (arrival)    276     -    50     0       0    (-,-) 
  uu_dtpath/uu_dec/immExt_ff_reg[0]/Q        -       CK->Q R     DFFRHQX1       3   5.8   133   319     319    (-,-) 
  uu_dtpath/uu_exec/g1331/Y                  -       B->Y  R     CLKMX2X3       1   8.5    89   258     577    (-,-) 
  uu_dtpath/uu_exec/uu_alu/g2192/Y           -       A->Y  F     CLKINVX16     11  43.6   102    93     670    (-,-) 
  uu_dtpath/uu_exec/uu_alu/g2186/Y           -       A->Y  R     INVX20        36  59.4    92    95     765    (-,-) 
  uu_dtpath/uu_exec/uu_alu/sra_24_47_g2906/Y -       S0->Y F     MX2X1          2   4.6   135   231     997    (-,-) 
  uu_dtpath/uu_exec/uu_alu/sra_24_47_g2840/Y -       A1->Y R     AOI22X2        2   3.8   144   170    1167    (-,-) 
  uu_dtpath/uu_exec/uu_alu/g4917/Y           -       B1->Y R     OA22X1         2   5.2   127   265    1432    (-,-) 
  uu_dtpath/uu_exec/uu_alu/sra_24_47_g2770/Y -       B->Y  F     NOR2X1         1   3.5   128   136    1567    (-,-) 
  uu_dtpath/uu_exec/uu_alu/sra_24_47_g2726/Y -       C0->Y R     AOI211X4       1   2.9   116   128    1695    (-,-) 
  uu_dtpath/uu_exec/uu_alu/sra_24_47_g2715/Y -       B0->Y F     OAI21X2        1   2.8   135   148    1843    (-,-) 
  uu_dtpath/uu_exec/uu_alu/g4533/Y           -       A1->Y R     AOI221X2       1   2.9   180   222    2065    (-,-) 
  uu_dtpath/uu_exec/uu_alu/g4504/Y           -       B->Y  F     NAND2X2        2   4.2   166   185    2250    (-,-) 
  uu_dtpath/uu_exec/uu_alu/g4490/Y           -       A->Y  R     NOR2X2         1   2.9   101   148    2398    (-,-) 
  uu_dtpath/uu_exec/uu_alu/g4488/Y           -       A->Y  F     NAND2X2        1   3.5   138   143    2541    (-,-) 
  uu_dtpath/uu_exec/uu_alu/g4482/Y           -       B->Y  R     NOR3X4         1   3.7   117   151    2692    (-,-) 
  uu_dtpath/uu_exec/uu_alu/g4480/Y           -       B->Y  F     NAND2X4        1   3.5    96   112    2804    (-,-) 
  uu_dtpath/uu_exec/uu_alu/g4477/Y           -       B->Y  R     NOR2X4         1   2.6    61    79    2882    (-,-) 
  uu_dtpath/uu_exec/uu_alu/g4474/Y           -       A->Y  R     CLKAND2X3      1   2.7    35   120    3003    (-,-) 
  uu_dtpath/uu_exec/g816/Y                   -       B->Y  R     XOR2X4         1   3.7    77   183    3185    (-,-) 
  uu_dtpath/uu_exec/g460/Y                   -       A1->Y F     OAI21X4        3   6.3   143   128    3313    (-,-) 
  uu_dtpath/g2217/Y                          -       B->Y  F     OR2X6          1   4.3    50   180    3494    (-,-) 
  uu_dtpath/uu_dec/g1342/Y                   -       A->Y  R     CLKINVX6       2  16.1    69    61    3554    (-,-) 
  uu_dtpath/uu_dec/g1341/Y                   -       A->Y  F     INVX20       113 152.2   233   163    3718    (-,-) 
  uu_dtpath/uu_dec/g2288/Y                   -       B->Y  R     NOR2BX1        1   2.4   154   207    3924    (-,-) 
  uu_dtpath/uu_dec/rd1_ff_reg[10]/D          -       -     R     DFFRHQX4       1     -     -     0    3924    (-,-) 
#--------------------------------------------------------------------------------------------------------------------



Path 19: MET (1 ps) Setup Check with Pin uu_dtpath/uu_dec/rd1_ff_reg[6]/CK->D
          Group: ACLK_DE_2
     Startpoint: (R) uu_dtpath/uu_dec/immExt_ff_reg[0]/CK
          Clock: (R) ACLK_DE_2
       Endpoint: (R) uu_dtpath/uu_dec/rd1_ff_reg[6]/D
          Clock: (R) ACLK_DE_2

                     Capture       Launch     
        Clock Edge:+    4200            0     
       Src Latency:+       0            0     
       Net Latency:+       0 (I)        0 (I) 
           Arrival:=    4200            0     
                                              
             Setup:-     174                  
       Uncertainty:-     100                  
     Required Time:=    3926                  
      Launch Clock:-       0                  
         Data Path:-    3924                  
             Slack:=       1                  

#--------------------------------------------------------------------------------------------------------------------
#               Timing Point                 Flags   Arc   Edge   Cell     Fanout  Load Trans Delay Arrival Instance 
#                                                                                  (fF)  (ps)  (ps)   (ps)  Location 
#--------------------------------------------------------------------------------------------------------------------
  uu_dtpath/uu_dec/immExt_ff_reg[0]/CK       -       -     R     (arrival)    276     -    50     0       0    (-,-) 
  uu_dtpath/uu_dec/immExt_ff_reg[0]/Q        -       CK->Q R     DFFRHQX1       3   5.8   133   319     319    (-,-) 
  uu_dtpath/uu_exec/g1331/Y                  -       B->Y  R     CLKMX2X3       1   8.5    89   258     577    (-,-) 
  uu_dtpath/uu_exec/uu_alu/g2192/Y           -       A->Y  F     CLKINVX16     11  43.6   102    93     670    (-,-) 
  uu_dtpath/uu_exec/uu_alu/g2186/Y           -       A->Y  R     INVX20        36  59.4    92    95     765    (-,-) 
  uu_dtpath/uu_exec/uu_alu/sra_24_47_g2906/Y -       S0->Y F     MX2X1          2   4.6   135   231     997    (-,-) 
  uu_dtpath/uu_exec/uu_alu/sra_24_47_g2840/Y -       A1->Y R     AOI22X2        2   3.8   144   170    1167    (-,-) 
  uu_dtpath/uu_exec/uu_alu/g4917/Y           -       B1->Y R     OA22X1         2   5.2   127   265    1432    (-,-) 
  uu_dtpath/uu_exec/uu_alu/sra_24_47_g2770/Y -       B->Y  F     NOR2X1         1   3.5   128   136    1567    (-,-) 
  uu_dtpath/uu_exec/uu_alu/sra_24_47_g2726/Y -       C0->Y R     AOI211X4       1   2.9   116   128    1695    (-,-) 
  uu_dtpath/uu_exec/uu_alu/sra_24_47_g2715/Y -       B0->Y F     OAI21X2        1   2.8   135   148    1843    (-,-) 
  uu_dtpath/uu_exec/uu_alu/g4533/Y           -       A1->Y R     AOI221X2       1   2.9   180   222    2065    (-,-) 
  uu_dtpath/uu_exec/uu_alu/g4504/Y           -       B->Y  F     NAND2X2        2   4.2   166   185    2250    (-,-) 
  uu_dtpath/uu_exec/uu_alu/g4490/Y           -       A->Y  R     NOR2X2         1   2.9   101   148    2398    (-,-) 
  uu_dtpath/uu_exec/uu_alu/g4488/Y           -       A->Y  F     NAND2X2        1   3.5   138   143    2541    (-,-) 
  uu_dtpath/uu_exec/uu_alu/g4482/Y           -       B->Y  R     NOR3X4         1   3.7   117   151    2692    (-,-) 
  uu_dtpath/uu_exec/uu_alu/g4480/Y           -       B->Y  F     NAND2X4        1   3.5    96   112    2804    (-,-) 
  uu_dtpath/uu_exec/uu_alu/g4477/Y           -       B->Y  R     NOR2X4         1   2.6    61    79    2882    (-,-) 
  uu_dtpath/uu_exec/uu_alu/g4474/Y           -       A->Y  R     CLKAND2X3      1   2.7    35   120    3003    (-,-) 
  uu_dtpath/uu_exec/g816/Y                   -       B->Y  R     XOR2X4         1   3.7    77   183    3185    (-,-) 
  uu_dtpath/uu_exec/g460/Y                   -       A1->Y F     OAI21X4        3   6.3   143   128    3313    (-,-) 
  uu_dtpath/g2217/Y                          -       B->Y  F     OR2X6          1   4.3    50   180    3494    (-,-) 
  uu_dtpath/uu_dec/g1342/Y                   -       A->Y  R     CLKINVX6       2  16.1    69    61    3554    (-,-) 
  uu_dtpath/uu_dec/g1341/Y                   -       A->Y  F     INVX20       113 152.2   233   163    3718    (-,-) 
  uu_dtpath/uu_dec/g2284/Y                   -       B->Y  R     NOR2BX1        1   2.4   154   207    3924    (-,-) 
  uu_dtpath/uu_dec/rd1_ff_reg[6]/D           -       -     R     DFFRHQX4       1     -     -     0    3924    (-,-) 
#--------------------------------------------------------------------------------------------------------------------



Path 20: MET (1 ps) Setup Check with Pin uu_dtpath/uu_dec/rd1_ff_reg[3]/CK->D
          Group: ACLK_DE_2
     Startpoint: (R) uu_dtpath/uu_dec/immExt_ff_reg[0]/CK
          Clock: (R) ACLK_DE_2
       Endpoint: (R) uu_dtpath/uu_dec/rd1_ff_reg[3]/D
          Clock: (R) ACLK_DE_2

                     Capture       Launch     
        Clock Edge:+    4200            0     
       Src Latency:+       0            0     
       Net Latency:+       0 (I)        0 (I) 
           Arrival:=    4200            0     
                                              
             Setup:-     174                  
       Uncertainty:-     100                  
     Required Time:=    3926                  
      Launch Clock:-       0                  
         Data Path:-    3924                  
             Slack:=       1                  

#--------------------------------------------------------------------------------------------------------------------
#               Timing Point                 Flags   Arc   Edge   Cell     Fanout  Load Trans Delay Arrival Instance 
#                                                                                  (fF)  (ps)  (ps)   (ps)  Location 
#--------------------------------------------------------------------------------------------------------------------
  uu_dtpath/uu_dec/immExt_ff_reg[0]/CK       -       -     R     (arrival)    276     -    50     0       0    (-,-) 
  uu_dtpath/uu_dec/immExt_ff_reg[0]/Q        -       CK->Q R     DFFRHQX1       3   5.8   133   319     319    (-,-) 
  uu_dtpath/uu_exec/g1331/Y                  -       B->Y  R     CLKMX2X3       1   8.5    89   258     577    (-,-) 
  uu_dtpath/uu_exec/uu_alu/g2192/Y           -       A->Y  F     CLKINVX16     11  43.6   102    93     670    (-,-) 
  uu_dtpath/uu_exec/uu_alu/g2186/Y           -       A->Y  R     INVX20        36  59.4    92    95     765    (-,-) 
  uu_dtpath/uu_exec/uu_alu/sra_24_47_g2906/Y -       S0->Y F     MX2X1          2   4.6   135   231     997    (-,-) 
  uu_dtpath/uu_exec/uu_alu/sra_24_47_g2840/Y -       A1->Y R     AOI22X2        2   3.8   144   170    1167    (-,-) 
  uu_dtpath/uu_exec/uu_alu/g4917/Y           -       B1->Y R     OA22X1         2   5.2   127   265    1432    (-,-) 
  uu_dtpath/uu_exec/uu_alu/sra_24_47_g2770/Y -       B->Y  F     NOR2X1         1   3.5   128   136    1567    (-,-) 
  uu_dtpath/uu_exec/uu_alu/sra_24_47_g2726/Y -       C0->Y R     AOI211X4       1   2.9   116   128    1695    (-,-) 
  uu_dtpath/uu_exec/uu_alu/sra_24_47_g2715/Y -       B0->Y F     OAI21X2        1   2.8   135   148    1843    (-,-) 
  uu_dtpath/uu_exec/uu_alu/g4533/Y           -       A1->Y R     AOI221X2       1   2.9   180   222    2065    (-,-) 
  uu_dtpath/uu_exec/uu_alu/g4504/Y           -       B->Y  F     NAND2X2        2   4.2   166   185    2250    (-,-) 
  uu_dtpath/uu_exec/uu_alu/g4490/Y           -       A->Y  R     NOR2X2         1   2.9   101   148    2398    (-,-) 
  uu_dtpath/uu_exec/uu_alu/g4488/Y           -       A->Y  F     NAND2X2        1   3.5   138   143    2541    (-,-) 
  uu_dtpath/uu_exec/uu_alu/g4482/Y           -       B->Y  R     NOR3X4         1   3.7   117   151    2692    (-,-) 
  uu_dtpath/uu_exec/uu_alu/g4480/Y           -       B->Y  F     NAND2X4        1   3.5    96   112    2804    (-,-) 
  uu_dtpath/uu_exec/uu_alu/g4477/Y           -       B->Y  R     NOR2X4         1   2.6    61    79    2882    (-,-) 
  uu_dtpath/uu_exec/uu_alu/g4474/Y           -       A->Y  R     CLKAND2X3      1   2.7    35   120    3003    (-,-) 
  uu_dtpath/uu_exec/g816/Y                   -       B->Y  R     XOR2X4         1   3.7    77   183    3185    (-,-) 
  uu_dtpath/uu_exec/g460/Y                   -       A1->Y F     OAI21X4        3   6.3   143   128    3313    (-,-) 
  uu_dtpath/g2217/Y                          -       B->Y  F     OR2X6          1   4.3    50   180    3494    (-,-) 
  uu_dtpath/uu_dec/g1342/Y                   -       A->Y  R     CLKINVX6       2  16.1    69    61    3554    (-,-) 
  uu_dtpath/uu_dec/g1341/Y                   -       A->Y  F     INVX20       113 152.2   233   163    3718    (-,-) 
  uu_dtpath/uu_dec/g2243/Y                   -       B->Y  R     NOR2BX1        1   2.4   154   207    3924    (-,-) 
  uu_dtpath/uu_dec/rd1_ff_reg[3]/D           -       -     R     DFFRHQX4       1     -     -     0    3924    (-,-) 
#--------------------------------------------------------------------------------------------------------------------



Path 21: MET (1 ps) Setup Check with Pin uu_dtpath/uu_dec/rd1_ff_reg[2]/CK->D
          Group: ACLK_DE_2
     Startpoint: (R) uu_dtpath/uu_dec/immExt_ff_reg[0]/CK
          Clock: (R) ACLK_DE_2
       Endpoint: (R) uu_dtpath/uu_dec/rd1_ff_reg[2]/D
          Clock: (R) ACLK_DE_2

                     Capture       Launch     
        Clock Edge:+    4200            0     
       Src Latency:+       0            0     
       Net Latency:+       0 (I)        0 (I) 
           Arrival:=    4200            0     
                                              
             Setup:-     174                  
       Uncertainty:-     100                  
     Required Time:=    3926                  
      Launch Clock:-       0                  
         Data Path:-    3924                  
             Slack:=       1                  

#--------------------------------------------------------------------------------------------------------------------
#               Timing Point                 Flags   Arc   Edge   Cell     Fanout  Load Trans Delay Arrival Instance 
#                                                                                  (fF)  (ps)  (ps)   (ps)  Location 
#--------------------------------------------------------------------------------------------------------------------
  uu_dtpath/uu_dec/immExt_ff_reg[0]/CK       -       -     R     (arrival)    276     -    50     0       0    (-,-) 
  uu_dtpath/uu_dec/immExt_ff_reg[0]/Q        -       CK->Q R     DFFRHQX1       3   5.8   133   319     319    (-,-) 
  uu_dtpath/uu_exec/g1331/Y                  -       B->Y  R     CLKMX2X3       1   8.5    89   258     577    (-,-) 
  uu_dtpath/uu_exec/uu_alu/g2192/Y           -       A->Y  F     CLKINVX16     11  43.6   102    93     670    (-,-) 
  uu_dtpath/uu_exec/uu_alu/g2186/Y           -       A->Y  R     INVX20        36  59.4    92    95     765    (-,-) 
  uu_dtpath/uu_exec/uu_alu/sra_24_47_g2906/Y -       S0->Y F     MX2X1          2   4.6   135   231     997    (-,-) 
  uu_dtpath/uu_exec/uu_alu/sra_24_47_g2840/Y -       A1->Y R     AOI22X2        2   3.8   144   170    1167    (-,-) 
  uu_dtpath/uu_exec/uu_alu/g4917/Y           -       B1->Y R     OA22X1         2   5.2   127   265    1432    (-,-) 
  uu_dtpath/uu_exec/uu_alu/sra_24_47_g2770/Y -       B->Y  F     NOR2X1         1   3.5   128   136    1567    (-,-) 
  uu_dtpath/uu_exec/uu_alu/sra_24_47_g2726/Y -       C0->Y R     AOI211X4       1   2.9   116   128    1695    (-,-) 
  uu_dtpath/uu_exec/uu_alu/sra_24_47_g2715/Y -       B0->Y F     OAI21X2        1   2.8   135   148    1843    (-,-) 
  uu_dtpath/uu_exec/uu_alu/g4533/Y           -       A1->Y R     AOI221X2       1   2.9   180   222    2065    (-,-) 
  uu_dtpath/uu_exec/uu_alu/g4504/Y           -       B->Y  F     NAND2X2        2   4.2   166   185    2250    (-,-) 
  uu_dtpath/uu_exec/uu_alu/g4490/Y           -       A->Y  R     NOR2X2         1   2.9   101   148    2398    (-,-) 
  uu_dtpath/uu_exec/uu_alu/g4488/Y           -       A->Y  F     NAND2X2        1   3.5   138   143    2541    (-,-) 
  uu_dtpath/uu_exec/uu_alu/g4482/Y           -       B->Y  R     NOR3X4         1   3.7   117   151    2692    (-,-) 
  uu_dtpath/uu_exec/uu_alu/g4480/Y           -       B->Y  F     NAND2X4        1   3.5    96   112    2804    (-,-) 
  uu_dtpath/uu_exec/uu_alu/g4477/Y           -       B->Y  R     NOR2X4         1   2.6    61    79    2882    (-,-) 
  uu_dtpath/uu_exec/uu_alu/g4474/Y           -       A->Y  R     CLKAND2X3      1   2.7    35   120    3003    (-,-) 
  uu_dtpath/uu_exec/g816/Y                   -       B->Y  R     XOR2X4         1   3.7    77   183    3185    (-,-) 
  uu_dtpath/uu_exec/g460/Y                   -       A1->Y F     OAI21X4        3   6.3   143   128    3313    (-,-) 
  uu_dtpath/g2217/Y                          -       B->Y  F     OR2X6          1   4.3    50   180    3494    (-,-) 
  uu_dtpath/uu_dec/g1342/Y                   -       A->Y  R     CLKINVX6       2  16.1    69    61    3554    (-,-) 
  uu_dtpath/uu_dec/g1341/Y                   -       A->Y  F     INVX20       113 152.2   233   163    3718    (-,-) 
  uu_dtpath/uu_dec/g2280/Y                   -       B->Y  R     NOR2BX1        1   2.4   154   207    3924    (-,-) 
  uu_dtpath/uu_dec/rd1_ff_reg[2]/D           -       -     R     DFFRHQX4       1     -     -     0    3924    (-,-) 
#--------------------------------------------------------------------------------------------------------------------



Path 22: MET (1 ps) Setup Check with Pin uu_dtpath/uu_dec/o_aluSrc_reg/CK->D
          Group: ACLK_DE_2
     Startpoint: (R) uu_dtpath/uu_dec/immExt_ff_reg[0]/CK
          Clock: (R) ACLK_DE_2
       Endpoint: (R) uu_dtpath/uu_dec/o_aluSrc_reg/D
          Clock: (R) ACLK_DE_2

                     Capture       Launch     
        Clock Edge:+    4200            0     
       Src Latency:+       0            0     
       Net Latency:+       0 (I)        0 (I) 
           Arrival:=    4200            0     
                                              
             Setup:-     174                  
       Uncertainty:-     100                  
     Required Time:=    3926                  
      Launch Clock:-       0                  
         Data Path:-    3924                  
             Slack:=       1                  

#--------------------------------------------------------------------------------------------------------------------
#               Timing Point                 Flags   Arc   Edge   Cell     Fanout  Load Trans Delay Arrival Instance 
#                                                                                  (fF)  (ps)  (ps)   (ps)  Location 
#--------------------------------------------------------------------------------------------------------------------
  uu_dtpath/uu_dec/immExt_ff_reg[0]/CK       -       -     R     (arrival)    276     -    50     0       0    (-,-) 
  uu_dtpath/uu_dec/immExt_ff_reg[0]/Q        -       CK->Q R     DFFRHQX1       3   5.8   133   319     319    (-,-) 
  uu_dtpath/uu_exec/g1331/Y                  -       B->Y  R     CLKMX2X3       1   8.5    89   258     577    (-,-) 
  uu_dtpath/uu_exec/uu_alu/g2192/Y           -       A->Y  F     CLKINVX16     11  43.6   102    93     670    (-,-) 
  uu_dtpath/uu_exec/uu_alu/g2186/Y           -       A->Y  R     INVX20        36  59.4    92    95     765    (-,-) 
  uu_dtpath/uu_exec/uu_alu/sra_24_47_g2906/Y -       S0->Y F     MX2X1          2   4.6   135   231     997    (-,-) 
  uu_dtpath/uu_exec/uu_alu/sra_24_47_g2840/Y -       A1->Y R     AOI22X2        2   3.8   144   170    1167    (-,-) 
  uu_dtpath/uu_exec/uu_alu/g4917/Y           -       B1->Y R     OA22X1         2   5.2   127   265    1432    (-,-) 
  uu_dtpath/uu_exec/uu_alu/sra_24_47_g2770/Y -       B->Y  F     NOR2X1         1   3.5   128   136    1567    (-,-) 
  uu_dtpath/uu_exec/uu_alu/sra_24_47_g2726/Y -       C0->Y R     AOI211X4       1   2.9   116   128    1695    (-,-) 
  uu_dtpath/uu_exec/uu_alu/sra_24_47_g2715/Y -       B0->Y F     OAI21X2        1   2.8   135   148    1843    (-,-) 
  uu_dtpath/uu_exec/uu_alu/g4533/Y           -       A1->Y R     AOI221X2       1   2.9   180   222    2065    (-,-) 
  uu_dtpath/uu_exec/uu_alu/g4504/Y           -       B->Y  F     NAND2X2        2   4.2   166   185    2250    (-,-) 
  uu_dtpath/uu_exec/uu_alu/g4490/Y           -       A->Y  R     NOR2X2         1   2.9   101   148    2398    (-,-) 
  uu_dtpath/uu_exec/uu_alu/g4488/Y           -       A->Y  F     NAND2X2        1   3.5   138   143    2541    (-,-) 
  uu_dtpath/uu_exec/uu_alu/g4482/Y           -       B->Y  R     NOR3X4         1   3.7   117   151    2692    (-,-) 
  uu_dtpath/uu_exec/uu_alu/g4480/Y           -       B->Y  F     NAND2X4        1   3.5    96   112    2804    (-,-) 
  uu_dtpath/uu_exec/uu_alu/g4477/Y           -       B->Y  R     NOR2X4         1   2.6    61    79    2882    (-,-) 
  uu_dtpath/uu_exec/uu_alu/g4474/Y           -       A->Y  R     CLKAND2X3      1   2.7    35   120    3003    (-,-) 
  uu_dtpath/uu_exec/g816/Y                   -       B->Y  R     XOR2X4         1   3.7    77   183    3185    (-,-) 
  uu_dtpath/uu_exec/g460/Y                   -       A1->Y F     OAI21X4        3   6.3   143   128    3313    (-,-) 
  uu_dtpath/g2217/Y                          -       B->Y  F     OR2X6          1   4.3    50   180    3494    (-,-) 
  uu_dtpath/uu_dec/g1342/Y                   -       A->Y  R     CLKINVX6       2  16.1    69    61    3554    (-,-) 
  uu_dtpath/uu_dec/g1341/Y                   -       A->Y  F     INVX20       113 152.2   233   163    3718    (-,-) 
  uu_dtpath/uu_dec/g2264/Y                   -       B->Y  R     NOR2BX1        1   2.4   154   207    3924    (-,-) 
  uu_dtpath/uu_dec/o_aluSrc_reg/D            -       -     R     DFFRHQX4       1     -     -     0    3924    (-,-) 
#--------------------------------------------------------------------------------------------------------------------



Path 23: MET (2 ps) Setup Check with Pin uu_dtpath/uu_fetch/pc_ff_reg[30]/CK->D
          Group: ACLK_PC_0
     Startpoint: (R) uu_dtpath/uu_fetch/pc_ff_reg[21]/CK
          Clock: (R) ACLK_PC_0
       Endpoint: (F) uu_dtpath/uu_fetch/pc_ff_reg[30]/D
          Clock: (R) ACLK_PC_0

                     Capture       Launch     
        Clock Edge:+    1400            0     
       Src Latency:+       0            0     
       Net Latency:+       0 (I)        0 (I) 
           Arrival:=    1400            0     
                                              
             Setup:-      83                  
       Uncertainty:-     100                  
     Required Time:=    1217                  
      Launch Clock:-       0                  
         Data Path:-    1215                  
             Slack:=       2                  

#---------------------------------------------------------------------------------------------------------------
#            Timing Point              Flags    Arc   Edge    Cell     Fanout Load Trans Delay Arrival Instance 
#                                                                             (fF)  (ps)  (ps)   (ps)  Location 
#---------------------------------------------------------------------------------------------------------------
  uu_dtpath/uu_fetch/pc_ff_reg[21]/CK  -       -      R     (arrival)      35    -    50     0       0    (-,-) 
  uu_dtpath/uu_fetch/pc_ff_reg[21]/Q   -       CK->Q  R     DFFRHQX4        5  9.9    79   312     312    (-,-) 
  uu_dtpath/uu_fetch/add_42_30_g800/Y  -       B->Y   R     CLKAND2X6       1  3.6    32   114     427    (-,-) 
  uu_dtpath/uu_fetch/add_42_30_g2119/Y -       A->Y   R     CLKAND2X12      6 12.6    48   120     547    (-,-) 
  uu_dtpath/uu_fetch/add_42_30_g2121/Y -       B->Y   R     CLKAND2X6       3  7.2    44   108     655    (-,-) 
  uu_dtpath/uu_fetch/add_42_30_g2120/Y -       B->Y   R     CLKAND2X6       1  4.5    35   101     756    (-,-) 
  uu_dtpath/uu_fetch/add_42_30_g2105/Y -       B->Y   F     NAND2X6         2  4.9    85    72     828    (-,-) 
  uu_dtpath/uu_fetch/add_42_30_g725/Y  -       A1N->Y F     OAI2BB2X4       2  4.2   130   190    1018    (-,-) 
  uu_dtpath/uu_fetch/g1888/Y           -       A->Y   R     INVX2           1  2.9    56    92    1109    (-,-) 
  uu_dtpath/uu_fetch/g1824/Y           -       A1->Y  F     OAI21X2         1  2.4   125   106    1215    (-,-) 
  uu_dtpath/uu_fetch/pc_ff_reg[30]/D   -       -      F     DFFRHQX2        1    -     -     0    1215    (-,-) 
#---------------------------------------------------------------------------------------------------------------



Path 24: MET (2 ps) Setup Check with Pin uu_dtpath/uu_fetch/pc_ff_reg[20]/CK->D
          Group: ACLK_PC_0
     Startpoint: (R) uu_dtpath/uu_fetch/pc_ff_reg[14]/CK
          Clock: (R) ACLK_PC_0
       Endpoint: (F) uu_dtpath/uu_fetch/pc_ff_reg[20]/D
          Clock: (R) ACLK_PC_0

                     Capture       Launch     
        Clock Edge:+    1400            0     
       Src Latency:+       0            0     
       Net Latency:+       0 (I)        0 (I) 
           Arrival:=    1400            0     
                                              
             Setup:-      89                  
       Uncertainty:-     100                  
     Required Time:=    1211                  
      Launch Clock:-       0                  
         Data Path:-    1209                  
             Slack:=       2                  

#---------------------------------------------------------------------------------------------------------------
#            Timing Point              Flags    Arc   Edge    Cell     Fanout Load Trans Delay Arrival Instance 
#                                                                             (fF)  (ps)  (ps)   (ps)  Location 
#---------------------------------------------------------------------------------------------------------------
  uu_dtpath/uu_fetch/pc_ff_reg[14]/CK  -       -      R     (arrival)      35    -    50     0       0    (-,-) 
  uu_dtpath/uu_fetch/pc_ff_reg[14]/Q   -       CK->Q  R     DFFRHQX2        2  4.4    71   306     306    (-,-) 
  uu_dtpath/uu_fetch/add_42_30_g805/Y  -       A->Y   R     CLKAND2X6       3  8.0    46   129     435    (-,-) 
  uu_dtpath/uu_fetch/add_42_30_g789/Y  -       A->Y   F     NAND2X8         1  5.0    76    81     516    (-,-) 
  uu_dtpath/uu_fetch/add_42_30_g2115/Y -       B->Y   R     NOR2X8          2  6.2    66    72     588    (-,-) 
  uu_dtpath/uu_fetch/add_42_30_g2098/Y -       B->Y   R     CLKAND2X12      7 26.0    70   140     728    (-,-) 
  uu_dtpath/uu_fetch/add_42_30_g2103/Y -       B->Y   F     NAND2X6         2  4.9    88    88     815    (-,-) 
  uu_dtpath/uu_fetch/add_42_30_g728/Y  -       A1N->Y F     OAI2BB2X4       2  4.2   139   192    1007    (-,-) 
  uu_dtpath/uu_fetch/g1905/Y           -       A->Y   R     INVX2           1  2.9    57    96    1103    (-,-) 
  uu_dtpath/uu_fetch/g1839/Y           -       A1->Y  F     OAI21X2         1  2.4   132   107    1209    (-,-) 
  uu_dtpath/uu_fetch/pc_ff_reg[20]/D   -       -      F     DFFRHQX4        1    -     -     0    1209    (-,-) 
#---------------------------------------------------------------------------------------------------------------



Path 25: MET (2 ps) Setup Check with Pin uu_dtpath/uu_fetch/pc_ff_reg[15]/CK->D
          Group: ACLK_PC_0
     Startpoint: (R) uu_dtpath/uu_fetch/pc_ff_reg[8]/CK
          Clock: (R) ACLK_PC_0
       Endpoint: (R) uu_dtpath/uu_fetch/pc_ff_reg[15]/D
          Clock: (R) ACLK_PC_0

                     Capture       Launch     
        Clock Edge:+    1400            0     
       Src Latency:+       0            0     
       Net Latency:+       0 (I)        0 (I) 
           Arrival:=    1400            0     
                                              
             Setup:-     135                  
       Uncertainty:-     100                  
     Required Time:=    1165                  
      Launch Clock:-       0                  
         Data Path:-    1162                  
             Slack:=       2                  

#-------------------------------------------------------------------------------------------------------------
#            Timing Point              Flags   Arc   Edge   Cell     Fanout Load Trans Delay Arrival Instance 
#                                                                           (fF)  (ps)  (ps)   (ps)  Location 
#-------------------------------------------------------------------------------------------------------------
  uu_dtpath/uu_fetch/pc_ff_reg[8]/CK   -       -     R     (arrival)     35    -    50     0       0    (-,-) 
  uu_dtpath/uu_fetch/pc_ff_reg[8]/Q    -       CK->Q R     DFFRHQX4       2  4.4    51   297     297    (-,-) 
  uu_dtpath/uu_fetch/add_42_30_g1972/Y -       A->Y  R     CLKAND2X6      2  6.7    42   117     414    (-,-) 
  uu_dtpath/uu_fetch/add_42_30_g2138/Y -       A->Y  R     CLKAND2X2      2  5.2    70   138     552    (-,-) 
  uu_dtpath/uu_fetch/add_42_30_g2137/Y -       A->Y  R     CLKAND2X6      4  9.8    52   132     684    (-,-) 
  uu_dtpath/uu_fetch/add_42_30_g2141/Y -       A->Y  F     INVX3          1  3.5    46    53     737    (-,-) 
  uu_dtpath/uu_fetch/add_42_30_g759/Y  -       B->Y  R     NOR2X4         1  2.7    60    57     794    (-,-) 
  uu_dtpath/uu_fetch/add_42_30_g731/Y  -       S0->Y R     CLKMX2X3       2  3.9    58   180     974    (-,-) 
  uu_dtpath/uu_fetch/g1884/Y           -       A->Y  F     INVX1          1  3.6   108    93    1067    (-,-) 
  uu_dtpath/uu_fetch/g1848/Y           -       A1->Y R     OAI21X4        1  2.4    74    95    1162    (-,-) 
  uu_dtpath/uu_fetch/pc_ff_reg[15]/D   -       -     R     DFFRHQX4       1    -     -     0    1162    (-,-) 
#-------------------------------------------------------------------------------------------------------------



Path 26: MET (2 ps) Setup Check with Pin uu_dtpath/uu_fetch/pc_plus4_ff_reg[31]/CK->D
          Group: CAPTURE_PC_FD
     Startpoint: (R) uu_dtpath/uu_fetch/pc_ff_reg[27]/CK
          Clock: (R) ACLK_PC_0
       Endpoint: (F) uu_dtpath/uu_fetch/pc_plus4_ff_reg[31]/D
          Clock: (R) CAPTURE_PC_FD

                        Capture       Launch     
           Path Delay:+    1200            -     
          Src Latency:+       0            0     
          Net Latency:+       0 (I)        0 (I) 
        Capture Clock:+       0                  
              Arrival:=    1200            0     
                                                 
                Setup:-      85                  
          Uncertainty:-     100                  
        Required Time:=    1015                  
         Launch Clock:-       0                  
            Data Path:-    1012                  
                Slack:=       2                  

Exceptions/Constraints:
  max_delay             1200            del_1 

#------------------------------------------------------------------------------------------------------------------
#              Timing Point                Flags    Arc   Edge   Cell     Fanout Load Trans Delay Arrival Instance 
#                                                                                (fF)  (ps)  (ps)   (ps)  Location 
#------------------------------------------------------------------------------------------------------------------
  uu_dtpath/uu_fetch/pc_ff_reg[27]/CK      -       -      R     (arrival)     35    -    50     0       0    (-,-) 
  uu_dtpath/uu_fetch/pc_ff_reg[27]/Q       -       CK->Q  R     DFFRHQX4       5 11.3    86   316     316    (-,-) 
  uu_dtpath/uu_fetch/add_42_30_g812/Y      -       B->Y   F     NAND2X6        2  5.3    94    97     413    (-,-) 
  uu_dtpath/uu_fetch/add_42_30_g797/Y      -       A->Y   R     NOR2X4         2  4.5    79   100     513    (-,-) 
  uu_dtpath/uu_fetch/add_42_30_g780/Y      -       B->Y   R     CLKAND2X2      1  3.1    49   134     647    (-,-) 
  uu_dtpath/uu_fetch/add_42_30_g2124/Y     -       A->Y   R     CLKAND2X6      1  5.3    37   114     760    (-,-) 
  uu_dtpath/uu_fetch/add_42_30_g2131/Y     -       B->Y   F     NAND2X8        2  4.9    74    67     827    (-,-) 
  uu_dtpath/uu_fetch/add_42_30_g2158/Y     -       A1N->Y F     OAI2BB2X4      2  4.2   137   185    1012    (-,-) 
  uu_dtpath/uu_fetch/pc_plus4_ff_reg[31]/D -       -      F     DFFRHQX1       2    -     -     0    1012    (-,-) 
#------------------------------------------------------------------------------------------------------------------



Path 27: MET (2 ps) Setup Check with Pin uu_dtpath/uu_fetch/pc_ff_reg[31]/CK->D
          Group: ACLK_PC_0
     Startpoint: (R) uu_dtpath/uu_fetch/pc_ff_reg[27]/CK
          Clock: (R) ACLK_PC_0
       Endpoint: (F) uu_dtpath/uu_fetch/pc_ff_reg[31]/D
          Clock: (R) ACLK_PC_0

                     Capture       Launch     
        Clock Edge:+    1400            0     
       Src Latency:+       0            0     
       Net Latency:+       0 (I)        0 (I) 
           Arrival:=    1400            0     
                                              
             Setup:-      84                  
       Uncertainty:-     100                  
     Required Time:=    1216                  
      Launch Clock:-       0                  
         Data Path:-    1214                  
             Slack:=       2                  

#--------------------------------------------------------------------------------------------------------------
#            Timing Point              Flags    Arc   Edge   Cell     Fanout Load Trans Delay Arrival Instance 
#                                                                            (fF)  (ps)  (ps)   (ps)  Location 
#--------------------------------------------------------------------------------------------------------------
  uu_dtpath/uu_fetch/pc_ff_reg[27]/CK  -       -      R     (arrival)     35    -    50     0       0    (-,-) 
  uu_dtpath/uu_fetch/pc_ff_reg[27]/Q   -       CK->Q  R     DFFRHQX4       5 11.3    86   316     316    (-,-) 
  uu_dtpath/uu_fetch/add_42_30_g812/Y  -       B->Y   F     NAND2X6        2  5.3    94    97     413    (-,-) 
  uu_dtpath/uu_fetch/add_42_30_g797/Y  -       A->Y   R     NOR2X4         2  4.5    79   100     513    (-,-) 
  uu_dtpath/uu_fetch/add_42_30_g780/Y  -       B->Y   R     CLKAND2X2      1  3.1    49   134     647    (-,-) 
  uu_dtpath/uu_fetch/add_42_30_g2124/Y -       A->Y   R     CLKAND2X6      1  5.3    37   114     760    (-,-) 
  uu_dtpath/uu_fetch/add_42_30_g2131/Y -       B->Y   F     NAND2X8        2  4.9    74    67     827    (-,-) 
  uu_dtpath/uu_fetch/add_42_30_g2158/Y -       A1N->Y F     OAI2BB2X4      2  4.2   137   185    1012    (-,-) 
  uu_dtpath/uu_fetch/g2129/Y           -       A->Y   R     INVX2          1  2.9    57    95    1107    (-,-) 
  uu_dtpath/uu_fetch/g1825/Y           -       A1->Y  F     OAI21X2        1  2.4   133   107    1214    (-,-) 
  uu_dtpath/uu_fetch/pc_ff_reg[31]/D   -       -      F     DFFRHQX1       1    -     -     0    1214    (-,-) 
#--------------------------------------------------------------------------------------------------------------



Path 28: MET (3 ps) Setup Check with Pin uu_dtpath/uu_fetch/pc_plus4_ff_reg[15]/CK->D
          Group: CAPTURE_PC_FD
     Startpoint: (R) uu_dtpath/uu_fetch/pc_ff_reg[8]/CK
          Clock: (R) ACLK_PC_0
       Endpoint: (R) uu_dtpath/uu_fetch/pc_plus4_ff_reg[15]/D
          Clock: (R) CAPTURE_PC_FD

                        Capture       Launch     
           Path Delay:+    1200            -     
          Src Latency:+       0            0     
          Net Latency:+       0 (I)        0 (I) 
        Capture Clock:+       0                  
              Arrival:=    1200            0     
                                                 
                Setup:-     123                  
          Uncertainty:-     100                  
        Required Time:=     977                  
         Launch Clock:-       0                  
            Data Path:-     974                  
                Slack:=       3                  

Exceptions/Constraints:
  max_delay             1200            del_1 

#-----------------------------------------------------------------------------------------------------------------
#              Timing Point                Flags   Arc   Edge   Cell     Fanout Load Trans Delay Arrival Instance 
#                                                                               (fF)  (ps)  (ps)   (ps)  Location 
#-----------------------------------------------------------------------------------------------------------------
  uu_dtpath/uu_fetch/pc_ff_reg[8]/CK       -       -     R     (arrival)     35    -    50     0       0    (-,-) 
  uu_dtpath/uu_fetch/pc_ff_reg[8]/Q        -       CK->Q R     DFFRHQX4       2  4.4    51   297     297    (-,-) 
  uu_dtpath/uu_fetch/add_42_30_g1972/Y     -       A->Y  R     CLKAND2X6      2  6.7    42   117     414    (-,-) 
  uu_dtpath/uu_fetch/add_42_30_g2138/Y     -       A->Y  R     CLKAND2X2      2  5.2    70   138     552    (-,-) 
  uu_dtpath/uu_fetch/add_42_30_g2137/Y     -       A->Y  R     CLKAND2X6      4  9.8    52   132     684    (-,-) 
  uu_dtpath/uu_fetch/add_42_30_g2141/Y     -       A->Y  F     INVX3          1  3.5    46    53     737    (-,-) 
  uu_dtpath/uu_fetch/add_42_30_g759/Y      -       B->Y  R     NOR2X4         1  2.7    60    57     794    (-,-) 
  uu_dtpath/uu_fetch/add_42_30_g731/Y      -       S0->Y R     CLKMX2X3       2  3.9    58   180     974    (-,-) 
  uu_dtpath/uu_fetch/pc_plus4_ff_reg[15]/D -       -     R     DFFRHQX1       2    -     -     0     974    (-,-) 
#-----------------------------------------------------------------------------------------------------------------



Path 29: MET (3 ps) Setup Check with Pin uu_dtpath/uu_fetch/pc_plus4_ff_reg[13]/CK->D
          Group: CAPTURE_PC_FD
     Startpoint: (R) uu_dtpath/uu_fetch/pc_ff_reg[8]/CK
          Clock: (R) ACLK_PC_0
       Endpoint: (R) uu_dtpath/uu_fetch/pc_plus4_ff_reg[13]/D
          Clock: (R) CAPTURE_PC_FD

                        Capture       Launch     
           Path Delay:+    1200            -     
          Src Latency:+       0            0     
          Net Latency:+       0 (I)        0 (I) 
        Capture Clock:+       0                  
              Arrival:=    1200            0     
                                                 
                Setup:-     115                  
          Uncertainty:-     100                  
        Required Time:=     985                  
         Launch Clock:-       0                  
            Data Path:-     982                  
                Slack:=       3                  

Exceptions/Constraints:
  max_delay             1200            del_1 

#-----------------------------------------------------------------------------------------------------------------
#              Timing Point                Flags   Arc   Edge   Cell     Fanout Load Trans Delay Arrival Instance 
#                                                                               (fF)  (ps)  (ps)   (ps)  Location 
#-----------------------------------------------------------------------------------------------------------------
  uu_dtpath/uu_fetch/pc_ff_reg[8]/CK       -       -     R     (arrival)     35    -    50     0       0    (-,-) 
  uu_dtpath/uu_fetch/pc_ff_reg[8]/Q        -       CK->Q R     DFFRHQX4       2  4.4    51   297     297    (-,-) 
  uu_dtpath/uu_fetch/add_42_30_g1972/Y     -       A->Y  R     CLKAND2X6      2  6.7    42   117     414    (-,-) 
  uu_dtpath/uu_fetch/add_42_30_g2138/Y     -       A->Y  R     CLKAND2X2      2  5.2    70   138     552    (-,-) 
  uu_dtpath/uu_fetch/add_42_30_g766_dup/Y  -       A->Y  R     CLKAND2X6      4  6.9    43   127     679    (-,-) 
  uu_dtpath/uu_fetch/add_42_30_g2142/Y     -       B->Y  F     NAND2X2        1  2.5   105    88     768    (-,-) 
  uu_dtpath/uu_fetch/add_42_30_g733/Y      -       S0->Y R     MXI2X4         2  4.3    41   214     982    (-,-) 
  uu_dtpath/uu_fetch/pc_plus4_ff_reg[13]/D -       -     R     DFFRHQX1       2    -     -     0     982    (-,-) 
#-----------------------------------------------------------------------------------------------------------------



Path 30: MET (3 ps) Setup Check with Pin uu_dtpath/uu_fetch/pc_plus4_ff_reg[16]/CK->D
          Group: CAPTURE_PC_FD
     Startpoint: (R) uu_dtpath/uu_fetch/pc_ff_reg[11]/CK
          Clock: (R) ACLK_PC_0
       Endpoint: (R) uu_dtpath/uu_fetch/pc_plus4_ff_reg[16]/D
          Clock: (R) CAPTURE_PC_FD

                        Capture       Launch     
           Path Delay:+    1200            -     
          Src Latency:+       0            0     
          Net Latency:+       0 (I)        0 (I) 
        Capture Clock:+       0                  
              Arrival:=    1200            0     
                                                 
                Setup:-     124                  
          Uncertainty:-     100                  
        Required Time:=     976                  
         Launch Clock:-       0                  
            Data Path:-     972                  
                Slack:=       3                  

Exceptions/Constraints:
  max_delay             1200            del_1 

#-----------------------------------------------------------------------------------------------------------------
#              Timing Point                Flags   Arc   Edge   Cell     Fanout Load Trans Delay Arrival Instance 
#                                                                               (fF)  (ps)  (ps)   (ps)  Location 
#-----------------------------------------------------------------------------------------------------------------
  uu_dtpath/uu_fetch/pc_ff_reg[11]/CK      -       -     R     (arrival)     35    -    50     0       0    (-,-) 
  uu_dtpath/uu_fetch/pc_ff_reg[11]/Q       -       CK->Q R     DFFRHQX4       5  8.7    73   309     309    (-,-) 
  uu_dtpath/uu_fetch/add_42_30_g816/Y      -       B->Y  R     CLKAND2X6      4  9.4    51   122     432    (-,-) 
  uu_dtpath/uu_fetch/add_42_30_g791/Y      -       A->Y  R     CLKAND2X3      4  7.1    64   132     563    (-,-) 
  uu_dtpath/uu_fetch/add_42_30_g777/Y      -       B->Y  R     CLKAND2X2      1  3.7    55   131     694    (-,-) 
  uu_dtpath/uu_fetch/add_42_30_g2139/Y     -       A->Y  F     NAND2X4        1  2.5    74    84     778    (-,-) 
  uu_dtpath/uu_fetch/add_42_30_g730/Y      -       S0->Y R     MXI2X2         2  4.3    60   195     972    (-,-) 
  uu_dtpath/uu_fetch/pc_plus4_ff_reg[16]/D -       -     R     DFFRHQX1       2    -     -     0     972    (-,-) 
#-----------------------------------------------------------------------------------------------------------------



Path 31: MET (4 ps) Setup Check with Pin uu_dtpath/uu_fetch/pc_plus4_ff_reg[28]/CK->D
          Group: CAPTURE_PC_FD
     Startpoint: (R) uu_dtpath/uu_fetch/pc_ff_reg[21]/CK
          Clock: (R) ACLK_PC_0
       Endpoint: (F) uu_dtpath/uu_fetch/pc_plus4_ff_reg[28]/D
          Clock: (R) CAPTURE_PC_FD

                        Capture       Launch     
           Path Delay:+    1200            -     
          Src Latency:+       0            0     
          Net Latency:+       0 (I)        0 (I) 
        Capture Clock:+       0                  
              Arrival:=    1200            0     
                                                 
                Setup:-      82                  
          Uncertainty:-     100                  
        Required Time:=    1018                  
         Launch Clock:-       0                  
            Data Path:-    1014                  
                Slack:=       4                  

Exceptions/Constraints:
  max_delay             1200            del_1 

#-------------------------------------------------------------------------------------------------------------------
#              Timing Point                Flags    Arc   Edge    Cell     Fanout Load Trans Delay Arrival Instance 
#                                                                                 (fF)  (ps)  (ps)   (ps)  Location 
#-------------------------------------------------------------------------------------------------------------------
  uu_dtpath/uu_fetch/pc_ff_reg[21]/CK      -       -      R     (arrival)      35    -    50     0       0    (-,-) 
  uu_dtpath/uu_fetch/pc_ff_reg[21]/Q       -       CK->Q  R     DFFRHQX4        5  9.9    79   312     312    (-,-) 
  uu_dtpath/uu_fetch/add_42_30_g800/Y      -       B->Y   R     CLKAND2X6       1  3.6    32   114     427    (-,-) 
  uu_dtpath/uu_fetch/add_42_30_g2119/Y     -       A->Y   R     CLKAND2X12      6 12.6    48   120     547    (-,-) 
  uu_dtpath/uu_fetch/add_42_30_g782_dup/Y  -       B->Y   R     CLKAND2X6       3  8.6    48   110     657    (-,-) 
  uu_dtpath/uu_fetch/add_42_30_g2125/Y     -       B->Y   R     CLKAND2X6       1  5.3    37   104     762    (-,-) 
  uu_dtpath/uu_fetch/add_42_30_g2112/Y     -       B->Y   F     NAND2X8         2  4.9    74    67     829    (-,-) 
  uu_dtpath/uu_fetch/add_42_30_g729/Y      -       A1N->Y F     OAI2BB2X4       2  4.2   130   185    1014    (-,-) 
  uu_dtpath/uu_fetch/pc_plus4_ff_reg[28]/D -       -      F     DFFRHQX1        2    -     -     0    1014    (-,-) 
#-------------------------------------------------------------------------------------------------------------------



Path 32: MET (4 ps) Setup Check with Pin uu_dtpath/uu_fetch/pc_plus4_ff_reg[29]/CK->D
          Group: CAPTURE_PC_FD
     Startpoint: (R) uu_dtpath/uu_fetch/pc_ff_reg[21]/CK
          Clock: (R) ACLK_PC_0
       Endpoint: (F) uu_dtpath/uu_fetch/pc_plus4_ff_reg[29]/D
          Clock: (R) CAPTURE_PC_FD

                        Capture       Launch     
           Path Delay:+    1200            -     
          Src Latency:+       0            0     
          Net Latency:+       0 (I)        0 (I) 
        Capture Clock:+       0                  
              Arrival:=    1200            0     
                                                 
                Setup:-      82                  
          Uncertainty:-     100                  
        Required Time:=    1018                  
         Launch Clock:-       0                  
            Data Path:-    1014                  
                Slack:=       4                  

Exceptions/Constraints:
  max_delay             1200            del_1 

#-------------------------------------------------------------------------------------------------------------------
#              Timing Point                Flags    Arc   Edge    Cell     Fanout Load Trans Delay Arrival Instance 
#                                                                                 (fF)  (ps)  (ps)   (ps)  Location 
#-------------------------------------------------------------------------------------------------------------------
  uu_dtpath/uu_fetch/pc_ff_reg[21]/CK      -       -      R     (arrival)      35    -    50     0       0    (-,-) 
  uu_dtpath/uu_fetch/pc_ff_reg[21]/Q       -       CK->Q  R     DFFRHQX4        5  9.9    79   312     312    (-,-) 
  uu_dtpath/uu_fetch/add_42_30_g800/Y      -       B->Y   R     CLKAND2X6       1  3.6    32   114     427    (-,-) 
  uu_dtpath/uu_fetch/add_42_30_g2119/Y     -       A->Y   R     CLKAND2X12      6 12.6    48   120     547    (-,-) 
  uu_dtpath/uu_fetch/add_42_30_g782_dup/Y  -       B->Y   R     CLKAND2X6       3  8.6    48   110     657    (-,-) 
  uu_dtpath/uu_fetch/add_42_30_g2126/Y     -       B->Y   R     CLKAND2X6       1  5.3    37   104     762    (-,-) 
  uu_dtpath/uu_fetch/add_42_30_g2106/Y     -       B->Y   F     NAND2X8         2  4.9    75    67     829    (-,-) 
  uu_dtpath/uu_fetch/add_42_30_g720/Y      -       A1N->Y F     OAI2BB2X4       2  4.2   130   185    1014    (-,-) 
  uu_dtpath/uu_fetch/pc_plus4_ff_reg[29]/D -       -      F     DFFRHQX1        2    -     -     0    1014    (-,-) 
#-------------------------------------------------------------------------------------------------------------------



Path 33: MET (4 ps) Setup Check with Pin uu_dtpath/uu_fetch/pc_plus4_ff_reg[25]/CK->D
          Group: CAPTURE_PC_FD
     Startpoint: (R) uu_dtpath/uu_fetch/pc_ff_reg[23]/CK
          Clock: (R) ACLK_PC_0
       Endpoint: (F) uu_dtpath/uu_fetch/pc_plus4_ff_reg[25]/D
          Clock: (R) CAPTURE_PC_FD

                        Capture       Launch     
           Path Delay:+    1200            -     
          Src Latency:+       0            0     
          Net Latency:+       0 (I)        0 (I) 
        Capture Clock:+       0                  
              Arrival:=    1200            0     
                                                 
                Setup:-      82                  
          Uncertainty:-     100                  
        Required Time:=    1018                  
         Launch Clock:-       0                  
            Data Path:-    1013                  
                Slack:=       4                  

Exceptions/Constraints:
  max_delay             1200            del_1 

#------------------------------------------------------------------------------------------------------------------
#              Timing Point                Flags    Arc   Edge   Cell     Fanout Load Trans Delay Arrival Instance 
#                                                                                (fF)  (ps)  (ps)   (ps)  Location 
#------------------------------------------------------------------------------------------------------------------
  uu_dtpath/uu_fetch/pc_ff_reg[23]/CK      -       -      R     (arrival)     35    -    50     0       0    (-,-) 
  uu_dtpath/uu_fetch/pc_ff_reg[23]/Q       -       CK->Q  R     DFFRHQX4       6 13.2    95   322     322    (-,-) 
  uu_dtpath/uu_fetch/add_42_30_g806/Y      -       A->Y   F     NAND2X8        2  5.7    88   107     428    (-,-) 
  uu_dtpath/uu_fetch/add_42_30_g799/Y      -       A->Y   R     INVX3          2  4.0    47    66     494    (-,-) 
  uu_dtpath/uu_fetch/add_42_30_g785/Y      -       B->Y   R     CLKAND2X3      1  2.4    33   103     598    (-,-) 
  uu_dtpath/uu_fetch/add_42_30_g783/Y      -       A->Y   R     CLKAND2X2      1  4.5    63   130     727    (-,-) 
  uu_dtpath/uu_fetch/add_42_30_g2134/Y     -       A->Y   F     NAND2X6        2  4.9    88    94     822    (-,-) 
  uu_dtpath/uu_fetch/add_42_30_g2159/Y     -       A1N->Y F     OAI2BB2X4      2  4.2   130   192    1013    (-,-) 
  uu_dtpath/uu_fetch/pc_plus4_ff_reg[25]/D -       -      F     DFFRHQX1       2    -     -     0    1013    (-,-) 
#------------------------------------------------------------------------------------------------------------------



Path 34: MET (4 ps) Setup Check with Pin uu_dtpath/uu_dec/rd1_ff_reg[29]/CK->D
          Group: ACLK_DE_2
     Startpoint: (R) uu_dtpath/uu_dec/immExt_ff_reg[0]/CK
          Clock: (R) ACLK_DE_2
       Endpoint: (R) uu_dtpath/uu_dec/rd1_ff_reg[29]/D
          Clock: (R) ACLK_DE_2

                     Capture       Launch     
        Clock Edge:+    4200            0     
       Src Latency:+       0            0     
       Net Latency:+       0 (I)        0 (I) 
           Arrival:=    4200            0     
                                              
             Setup:-     171                  
       Uncertainty:-     100                  
     Required Time:=    3929                  
      Launch Clock:-       0                  
         Data Path:-    3924                  
             Slack:=       4                  

#--------------------------------------------------------------------------------------------------------------------
#               Timing Point                 Flags   Arc   Edge   Cell     Fanout  Load Trans Delay Arrival Instance 
#                                                                                  (fF)  (ps)  (ps)   (ps)  Location 
#--------------------------------------------------------------------------------------------------------------------
  uu_dtpath/uu_dec/immExt_ff_reg[0]/CK       -       -     R     (arrival)    276     -    50     0       0    (-,-) 
  uu_dtpath/uu_dec/immExt_ff_reg[0]/Q        -       CK->Q R     DFFRHQX1       3   5.8   133   319     319    (-,-) 
  uu_dtpath/uu_exec/g1331/Y                  -       B->Y  R     CLKMX2X3       1   8.5    89   258     577    (-,-) 
  uu_dtpath/uu_exec/uu_alu/g2192/Y           -       A->Y  F     CLKINVX16     11  43.6   102    93     670    (-,-) 
  uu_dtpath/uu_exec/uu_alu/g2186/Y           -       A->Y  R     INVX20        36  59.4    92    95     765    (-,-) 
  uu_dtpath/uu_exec/uu_alu/sra_24_47_g2906/Y -       S0->Y F     MX2X1          2   4.6   135   231     997    (-,-) 
  uu_dtpath/uu_exec/uu_alu/sra_24_47_g2840/Y -       A1->Y R     AOI22X2        2   3.8   144   170    1167    (-,-) 
  uu_dtpath/uu_exec/uu_alu/g4917/Y           -       B1->Y R     OA22X1         2   5.2   127   265    1432    (-,-) 
  uu_dtpath/uu_exec/uu_alu/sra_24_47_g2770/Y -       B->Y  F     NOR2X1         1   3.5   128   136    1567    (-,-) 
  uu_dtpath/uu_exec/uu_alu/sra_24_47_g2726/Y -       C0->Y R     AOI211X4       1   2.9   116   128    1695    (-,-) 
  uu_dtpath/uu_exec/uu_alu/sra_24_47_g2715/Y -       B0->Y F     OAI21X2        1   2.8   135   148    1843    (-,-) 
  uu_dtpath/uu_exec/uu_alu/g4533/Y           -       A1->Y R     AOI221X2       1   2.9   180   222    2065    (-,-) 
  uu_dtpath/uu_exec/uu_alu/g4504/Y           -       B->Y  F     NAND2X2        2   4.2   166   185    2250    (-,-) 
  uu_dtpath/uu_exec/uu_alu/g4490/Y           -       A->Y  R     NOR2X2         1   2.9   101   148    2398    (-,-) 
  uu_dtpath/uu_exec/uu_alu/g4488/Y           -       A->Y  F     NAND2X2        1   3.5   138   143    2541    (-,-) 
  uu_dtpath/uu_exec/uu_alu/g4482/Y           -       B->Y  R     NOR3X4         1   3.7   117   151    2692    (-,-) 
  uu_dtpath/uu_exec/uu_alu/g4480/Y           -       B->Y  F     NAND2X4        1   3.5    96   112    2804    (-,-) 
  uu_dtpath/uu_exec/uu_alu/g4477/Y           -       B->Y  R     NOR2X4         1   2.6    61    79    2882    (-,-) 
  uu_dtpath/uu_exec/uu_alu/g4474/Y           -       A->Y  R     CLKAND2X3      1   2.7    35   120    3003    (-,-) 
  uu_dtpath/uu_exec/g816/Y                   -       B->Y  R     XOR2X4         1   3.7    77   183    3185    (-,-) 
  uu_dtpath/uu_exec/g460/Y                   -       A1->Y F     OAI21X4        3   6.3   143   128    3313    (-,-) 
  uu_dtpath/g2217/Y                          -       B->Y  F     OR2X6          1   4.3    50   180    3494    (-,-) 
  uu_dtpath/uu_dec/g1342/Y                   -       A->Y  R     CLKINVX6       2  16.1    69    61    3554    (-,-) 
  uu_dtpath/uu_dec/g1341/Y                   -       A->Y  F     INVX20       113 152.2   233   163    3718    (-,-) 
  uu_dtpath/uu_dec/g2309/Y                   -       B->Y  R     NOR2BX1        1   2.4   154   207    3924    (-,-) 
  uu_dtpath/uu_dec/rd1_ff_reg[29]/D          -       -     R     DFFRHQX2       1     -     -     0    3924    (-,-) 
#--------------------------------------------------------------------------------------------------------------------



Path 35: MET (4 ps) Setup Check with Pin uu_dtpath/uu_dec/rd1_ff_reg[27]/CK->D
          Group: ACLK_DE_2
     Startpoint: (R) uu_dtpath/uu_dec/immExt_ff_reg[0]/CK
          Clock: (R) ACLK_DE_2
       Endpoint: (R) uu_dtpath/uu_dec/rd1_ff_reg[27]/D
          Clock: (R) ACLK_DE_2

                     Capture       Launch     
        Clock Edge:+    4200            0     
       Src Latency:+       0            0     
       Net Latency:+       0 (I)        0 (I) 
           Arrival:=    4200            0     
                                              
             Setup:-     171                  
       Uncertainty:-     100                  
     Required Time:=    3929                  
      Launch Clock:-       0                  
         Data Path:-    3924                  
             Slack:=       4                  

#--------------------------------------------------------------------------------------------------------------------
#               Timing Point                 Flags   Arc   Edge   Cell     Fanout  Load Trans Delay Arrival Instance 
#                                                                                  (fF)  (ps)  (ps)   (ps)  Location 
#--------------------------------------------------------------------------------------------------------------------
  uu_dtpath/uu_dec/immExt_ff_reg[0]/CK       -       -     R     (arrival)    276     -    50     0       0    (-,-) 
  uu_dtpath/uu_dec/immExt_ff_reg[0]/Q        -       CK->Q R     DFFRHQX1       3   5.8   133   319     319    (-,-) 
  uu_dtpath/uu_exec/g1331/Y                  -       B->Y  R     CLKMX2X3       1   8.5    89   258     577    (-,-) 
  uu_dtpath/uu_exec/uu_alu/g2192/Y           -       A->Y  F     CLKINVX16     11  43.6   102    93     670    (-,-) 
  uu_dtpath/uu_exec/uu_alu/g2186/Y           -       A->Y  R     INVX20        36  59.4    92    95     765    (-,-) 
  uu_dtpath/uu_exec/uu_alu/sra_24_47_g2906/Y -       S0->Y F     MX2X1          2   4.6   135   231     997    (-,-) 
  uu_dtpath/uu_exec/uu_alu/sra_24_47_g2840/Y -       A1->Y R     AOI22X2        2   3.8   144   170    1167    (-,-) 
  uu_dtpath/uu_exec/uu_alu/g4917/Y           -       B1->Y R     OA22X1         2   5.2   127   265    1432    (-,-) 
  uu_dtpath/uu_exec/uu_alu/sra_24_47_g2770/Y -       B->Y  F     NOR2X1         1   3.5   128   136    1567    (-,-) 
  uu_dtpath/uu_exec/uu_alu/sra_24_47_g2726/Y -       C0->Y R     AOI211X4       1   2.9   116   128    1695    (-,-) 
  uu_dtpath/uu_exec/uu_alu/sra_24_47_g2715/Y -       B0->Y F     OAI21X2        1   2.8   135   148    1843    (-,-) 
  uu_dtpath/uu_exec/uu_alu/g4533/Y           -       A1->Y R     AOI221X2       1   2.9   180   222    2065    (-,-) 
  uu_dtpath/uu_exec/uu_alu/g4504/Y           -       B->Y  F     NAND2X2        2   4.2   166   185    2250    (-,-) 
  uu_dtpath/uu_exec/uu_alu/g4490/Y           -       A->Y  R     NOR2X2         1   2.9   101   148    2398    (-,-) 
  uu_dtpath/uu_exec/uu_alu/g4488/Y           -       A->Y  F     NAND2X2        1   3.5   138   143    2541    (-,-) 
  uu_dtpath/uu_exec/uu_alu/g4482/Y           -       B->Y  R     NOR3X4         1   3.7   117   151    2692    (-,-) 
  uu_dtpath/uu_exec/uu_alu/g4480/Y           -       B->Y  F     NAND2X4        1   3.5    96   112    2804    (-,-) 
  uu_dtpath/uu_exec/uu_alu/g4477/Y           -       B->Y  R     NOR2X4         1   2.6    61    79    2882    (-,-) 
  uu_dtpath/uu_exec/uu_alu/g4474/Y           -       A->Y  R     CLKAND2X3      1   2.7    35   120    3003    (-,-) 
  uu_dtpath/uu_exec/g816/Y                   -       B->Y  R     XOR2X4         1   3.7    77   183    3185    (-,-) 
  uu_dtpath/uu_exec/g460/Y                   -       A1->Y F     OAI21X4        3   6.3   143   128    3313    (-,-) 
  uu_dtpath/g2217/Y                          -       B->Y  F     OR2X6          1   4.3    50   180    3494    (-,-) 
  uu_dtpath/uu_dec/g1342/Y                   -       A->Y  R     CLKINVX6       2  16.1    69    61    3554    (-,-) 
  uu_dtpath/uu_dec/g1341/Y                   -       A->Y  F     INVX20       113 152.2   233   163    3718    (-,-) 
  uu_dtpath/uu_dec/g2316/Y                   -       B->Y  R     NOR2BX1        1   2.4   154   207    3924    (-,-) 
  uu_dtpath/uu_dec/rd1_ff_reg[27]/D          -       -     R     DFFRHQX2       1     -     -     0    3924    (-,-) 
#--------------------------------------------------------------------------------------------------------------------



Path 36: MET (4 ps) Setup Check with Pin uu_dtpath/uu_dec/rd1_ff_reg[26]/CK->D
          Group: ACLK_DE_2
     Startpoint: (R) uu_dtpath/uu_dec/immExt_ff_reg[0]/CK
          Clock: (R) ACLK_DE_2
       Endpoint: (R) uu_dtpath/uu_dec/rd1_ff_reg[26]/D
          Clock: (R) ACLK_DE_2

                     Capture       Launch     
        Clock Edge:+    4200            0     
       Src Latency:+       0            0     
       Net Latency:+       0 (I)        0 (I) 
           Arrival:=    4200            0     
                                              
             Setup:-     171                  
       Uncertainty:-     100                  
     Required Time:=    3929                  
      Launch Clock:-       0                  
         Data Path:-    3924                  
             Slack:=       4                  

#--------------------------------------------------------------------------------------------------------------------
#               Timing Point                 Flags   Arc   Edge   Cell     Fanout  Load Trans Delay Arrival Instance 
#                                                                                  (fF)  (ps)  (ps)   (ps)  Location 
#--------------------------------------------------------------------------------------------------------------------
  uu_dtpath/uu_dec/immExt_ff_reg[0]/CK       -       -     R     (arrival)    276     -    50     0       0    (-,-) 
  uu_dtpath/uu_dec/immExt_ff_reg[0]/Q        -       CK->Q R     DFFRHQX1       3   5.8   133   319     319    (-,-) 
  uu_dtpath/uu_exec/g1331/Y                  -       B->Y  R     CLKMX2X3       1   8.5    89   258     577    (-,-) 
  uu_dtpath/uu_exec/uu_alu/g2192/Y           -       A->Y  F     CLKINVX16     11  43.6   102    93     670    (-,-) 
  uu_dtpath/uu_exec/uu_alu/g2186/Y           -       A->Y  R     INVX20        36  59.4    92    95     765    (-,-) 
  uu_dtpath/uu_exec/uu_alu/sra_24_47_g2906/Y -       S0->Y F     MX2X1          2   4.6   135   231     997    (-,-) 
  uu_dtpath/uu_exec/uu_alu/sra_24_47_g2840/Y -       A1->Y R     AOI22X2        2   3.8   144   170    1167    (-,-) 
  uu_dtpath/uu_exec/uu_alu/g4917/Y           -       B1->Y R     OA22X1         2   5.2   127   265    1432    (-,-) 
  uu_dtpath/uu_exec/uu_alu/sra_24_47_g2770/Y -       B->Y  F     NOR2X1         1   3.5   128   136    1567    (-,-) 
  uu_dtpath/uu_exec/uu_alu/sra_24_47_g2726/Y -       C0->Y R     AOI211X4       1   2.9   116   128    1695    (-,-) 
  uu_dtpath/uu_exec/uu_alu/sra_24_47_g2715/Y -       B0->Y F     OAI21X2        1   2.8   135   148    1843    (-,-) 
  uu_dtpath/uu_exec/uu_alu/g4533/Y           -       A1->Y R     AOI221X2       1   2.9   180   222    2065    (-,-) 
  uu_dtpath/uu_exec/uu_alu/g4504/Y           -       B->Y  F     NAND2X2        2   4.2   166   185    2250    (-,-) 
  uu_dtpath/uu_exec/uu_alu/g4490/Y           -       A->Y  R     NOR2X2         1   2.9   101   148    2398    (-,-) 
  uu_dtpath/uu_exec/uu_alu/g4488/Y           -       A->Y  F     NAND2X2        1   3.5   138   143    2541    (-,-) 
  uu_dtpath/uu_exec/uu_alu/g4482/Y           -       B->Y  R     NOR3X4         1   3.7   117   151    2692    (-,-) 
  uu_dtpath/uu_exec/uu_alu/g4480/Y           -       B->Y  F     NAND2X4        1   3.5    96   112    2804    (-,-) 
  uu_dtpath/uu_exec/uu_alu/g4477/Y           -       B->Y  R     NOR2X4         1   2.6    61    79    2882    (-,-) 
  uu_dtpath/uu_exec/uu_alu/g4474/Y           -       A->Y  R     CLKAND2X3      1   2.7    35   120    3003    (-,-) 
  uu_dtpath/uu_exec/g816/Y                   -       B->Y  R     XOR2X4         1   3.7    77   183    3185    (-,-) 
  uu_dtpath/uu_exec/g460/Y                   -       A1->Y F     OAI21X4        3   6.3   143   128    3313    (-,-) 
  uu_dtpath/g2217/Y                          -       B->Y  F     OR2X6          1   4.3    50   180    3494    (-,-) 
  uu_dtpath/uu_dec/g1342/Y                   -       A->Y  R     CLKINVX6       2  16.1    69    61    3554    (-,-) 
  uu_dtpath/uu_dec/g1341/Y                   -       A->Y  F     INVX20       113 152.2   233   163    3718    (-,-) 
  uu_dtpath/uu_dec/g2305/Y                   -       B->Y  R     NOR2BX1        1   2.4   154   207    3924    (-,-) 
  uu_dtpath/uu_dec/rd1_ff_reg[26]/D          -       -     R     DFFRHQX2       1     -     -     0    3924    (-,-) 
#--------------------------------------------------------------------------------------------------------------------



Path 37: MET (4 ps) Setup Check with Pin uu_dtpath/uu_dec/rd1_ff_reg[25]/CK->D
          Group: ACLK_DE_2
     Startpoint: (R) uu_dtpath/uu_dec/immExt_ff_reg[0]/CK
          Clock: (R) ACLK_DE_2
       Endpoint: (R) uu_dtpath/uu_dec/rd1_ff_reg[25]/D
          Clock: (R) ACLK_DE_2

                     Capture       Launch     
        Clock Edge:+    4200            0     
       Src Latency:+       0            0     
       Net Latency:+       0 (I)        0 (I) 
           Arrival:=    4200            0     
                                              
             Setup:-     171                  
       Uncertainty:-     100                  
     Required Time:=    3929                  
      Launch Clock:-       0                  
         Data Path:-    3924                  
             Slack:=       4                  

#--------------------------------------------------------------------------------------------------------------------
#               Timing Point                 Flags   Arc   Edge   Cell     Fanout  Load Trans Delay Arrival Instance 
#                                                                                  (fF)  (ps)  (ps)   (ps)  Location 
#--------------------------------------------------------------------------------------------------------------------
  uu_dtpath/uu_dec/immExt_ff_reg[0]/CK       -       -     R     (arrival)    276     -    50     0       0    (-,-) 
  uu_dtpath/uu_dec/immExt_ff_reg[0]/Q        -       CK->Q R     DFFRHQX1       3   5.8   133   319     319    (-,-) 
  uu_dtpath/uu_exec/g1331/Y                  -       B->Y  R     CLKMX2X3       1   8.5    89   258     577    (-,-) 
  uu_dtpath/uu_exec/uu_alu/g2192/Y           -       A->Y  F     CLKINVX16     11  43.6   102    93     670    (-,-) 
  uu_dtpath/uu_exec/uu_alu/g2186/Y           -       A->Y  R     INVX20        36  59.4    92    95     765    (-,-) 
  uu_dtpath/uu_exec/uu_alu/sra_24_47_g2906/Y -       S0->Y F     MX2X1          2   4.6   135   231     997    (-,-) 
  uu_dtpath/uu_exec/uu_alu/sra_24_47_g2840/Y -       A1->Y R     AOI22X2        2   3.8   144   170    1167    (-,-) 
  uu_dtpath/uu_exec/uu_alu/g4917/Y           -       B1->Y R     OA22X1         2   5.2   127   265    1432    (-,-) 
  uu_dtpath/uu_exec/uu_alu/sra_24_47_g2770/Y -       B->Y  F     NOR2X1         1   3.5   128   136    1567    (-,-) 
  uu_dtpath/uu_exec/uu_alu/sra_24_47_g2726/Y -       C0->Y R     AOI211X4       1   2.9   116   128    1695    (-,-) 
  uu_dtpath/uu_exec/uu_alu/sra_24_47_g2715/Y -       B0->Y F     OAI21X2        1   2.8   135   148    1843    (-,-) 
  uu_dtpath/uu_exec/uu_alu/g4533/Y           -       A1->Y R     AOI221X2       1   2.9   180   222    2065    (-,-) 
  uu_dtpath/uu_exec/uu_alu/g4504/Y           -       B->Y  F     NAND2X2        2   4.2   166   185    2250    (-,-) 
  uu_dtpath/uu_exec/uu_alu/g4490/Y           -       A->Y  R     NOR2X2         1   2.9   101   148    2398    (-,-) 
  uu_dtpath/uu_exec/uu_alu/g4488/Y           -       A->Y  F     NAND2X2        1   3.5   138   143    2541    (-,-) 
  uu_dtpath/uu_exec/uu_alu/g4482/Y           -       B->Y  R     NOR3X4         1   3.7   117   151    2692    (-,-) 
  uu_dtpath/uu_exec/uu_alu/g4480/Y           -       B->Y  F     NAND2X4        1   3.5    96   112    2804    (-,-) 
  uu_dtpath/uu_exec/uu_alu/g4477/Y           -       B->Y  R     NOR2X4         1   2.6    61    79    2882    (-,-) 
  uu_dtpath/uu_exec/uu_alu/g4474/Y           -       A->Y  R     CLKAND2X3      1   2.7    35   120    3003    (-,-) 
  uu_dtpath/uu_exec/g816/Y                   -       B->Y  R     XOR2X4         1   3.7    77   183    3185    (-,-) 
  uu_dtpath/uu_exec/g460/Y                   -       A1->Y F     OAI21X4        3   6.3   143   128    3313    (-,-) 
  uu_dtpath/g2217/Y                          -       B->Y  F     OR2X6          1   4.3    50   180    3494    (-,-) 
  uu_dtpath/uu_dec/g1342/Y                   -       A->Y  R     CLKINVX6       2  16.1    69    61    3554    (-,-) 
  uu_dtpath/uu_dec/g1341/Y                   -       A->Y  F     INVX20       113 152.2   233   163    3718    (-,-) 
  uu_dtpath/uu_dec/g2304/Y                   -       B->Y  R     NOR2BX1        1   2.4   154   207    3924    (-,-) 
  uu_dtpath/uu_dec/rd1_ff_reg[25]/D          -       -     R     DFFRHQX2       1     -     -     0    3924    (-,-) 
#--------------------------------------------------------------------------------------------------------------------



Path 38: MET (4 ps) Setup Check with Pin uu_dtpath/uu_dec/rd1_ff_reg[24]/CK->D
          Group: ACLK_DE_2
     Startpoint: (R) uu_dtpath/uu_dec/immExt_ff_reg[0]/CK
          Clock: (R) ACLK_DE_2
       Endpoint: (R) uu_dtpath/uu_dec/rd1_ff_reg[24]/D
          Clock: (R) ACLK_DE_2

                     Capture       Launch     
        Clock Edge:+    4200            0     
       Src Latency:+       0            0     
       Net Latency:+       0 (I)        0 (I) 
           Arrival:=    4200            0     
                                              
             Setup:-     171                  
       Uncertainty:-     100                  
     Required Time:=    3929                  
      Launch Clock:-       0                  
         Data Path:-    3924                  
             Slack:=       4                  

#--------------------------------------------------------------------------------------------------------------------
#               Timing Point                 Flags   Arc   Edge   Cell     Fanout  Load Trans Delay Arrival Instance 
#                                                                                  (fF)  (ps)  (ps)   (ps)  Location 
#--------------------------------------------------------------------------------------------------------------------
  uu_dtpath/uu_dec/immExt_ff_reg[0]/CK       -       -     R     (arrival)    276     -    50     0       0    (-,-) 
  uu_dtpath/uu_dec/immExt_ff_reg[0]/Q        -       CK->Q R     DFFRHQX1       3   5.8   133   319     319    (-,-) 
  uu_dtpath/uu_exec/g1331/Y                  -       B->Y  R     CLKMX2X3       1   8.5    89   258     577    (-,-) 
  uu_dtpath/uu_exec/uu_alu/g2192/Y           -       A->Y  F     CLKINVX16     11  43.6   102    93     670    (-,-) 
  uu_dtpath/uu_exec/uu_alu/g2186/Y           -       A->Y  R     INVX20        36  59.4    92    95     765    (-,-) 
  uu_dtpath/uu_exec/uu_alu/sra_24_47_g2906/Y -       S0->Y F     MX2X1          2   4.6   135   231     997    (-,-) 
  uu_dtpath/uu_exec/uu_alu/sra_24_47_g2840/Y -       A1->Y R     AOI22X2        2   3.8   144   170    1167    (-,-) 
  uu_dtpath/uu_exec/uu_alu/g4917/Y           -       B1->Y R     OA22X1         2   5.2   127   265    1432    (-,-) 
  uu_dtpath/uu_exec/uu_alu/sra_24_47_g2770/Y -       B->Y  F     NOR2X1         1   3.5   128   136    1567    (-,-) 
  uu_dtpath/uu_exec/uu_alu/sra_24_47_g2726/Y -       C0->Y R     AOI211X4       1   2.9   116   128    1695    (-,-) 
  uu_dtpath/uu_exec/uu_alu/sra_24_47_g2715/Y -       B0->Y F     OAI21X2        1   2.8   135   148    1843    (-,-) 
  uu_dtpath/uu_exec/uu_alu/g4533/Y           -       A1->Y R     AOI221X2       1   2.9   180   222    2065    (-,-) 
  uu_dtpath/uu_exec/uu_alu/g4504/Y           -       B->Y  F     NAND2X2        2   4.2   166   185    2250    (-,-) 
  uu_dtpath/uu_exec/uu_alu/g4490/Y           -       A->Y  R     NOR2X2         1   2.9   101   148    2398    (-,-) 
  uu_dtpath/uu_exec/uu_alu/g4488/Y           -       A->Y  F     NAND2X2        1   3.5   138   143    2541    (-,-) 
  uu_dtpath/uu_exec/uu_alu/g4482/Y           -       B->Y  R     NOR3X4         1   3.7   117   151    2692    (-,-) 
  uu_dtpath/uu_exec/uu_alu/g4480/Y           -       B->Y  F     NAND2X4        1   3.5    96   112    2804    (-,-) 
  uu_dtpath/uu_exec/uu_alu/g4477/Y           -       B->Y  R     NOR2X4         1   2.6    61    79    2882    (-,-) 
  uu_dtpath/uu_exec/uu_alu/g4474/Y           -       A->Y  R     CLKAND2X3      1   2.7    35   120    3003    (-,-) 
  uu_dtpath/uu_exec/g816/Y                   -       B->Y  R     XOR2X4         1   3.7    77   183    3185    (-,-) 
  uu_dtpath/uu_exec/g460/Y                   -       A1->Y F     OAI21X4        3   6.3   143   128    3313    (-,-) 
  uu_dtpath/g2217/Y                          -       B->Y  F     OR2X6          1   4.3    50   180    3494    (-,-) 
  uu_dtpath/uu_dec/g1342/Y                   -       A->Y  R     CLKINVX6       2  16.1    69    61    3554    (-,-) 
  uu_dtpath/uu_dec/g1341/Y                   -       A->Y  F     INVX20       113 152.2   233   163    3718    (-,-) 
  uu_dtpath/uu_dec/g2303/Y                   -       B->Y  R     NOR2BX1        1   2.4   154   207    3924    (-,-) 
  uu_dtpath/uu_dec/rd1_ff_reg[24]/D          -       -     R     DFFRHQX2       1     -     -     0    3924    (-,-) 
#--------------------------------------------------------------------------------------------------------------------



Path 39: MET (4 ps) Setup Check with Pin uu_dtpath/uu_dec/rd1_ff_reg[23]/CK->D
          Group: ACLK_DE_2
     Startpoint: (R) uu_dtpath/uu_dec/immExt_ff_reg[0]/CK
          Clock: (R) ACLK_DE_2
       Endpoint: (R) uu_dtpath/uu_dec/rd1_ff_reg[23]/D
          Clock: (R) ACLK_DE_2

                     Capture       Launch     
        Clock Edge:+    4200            0     
       Src Latency:+       0            0     
       Net Latency:+       0 (I)        0 (I) 
           Arrival:=    4200            0     
                                              
             Setup:-     171                  
       Uncertainty:-     100                  
     Required Time:=    3929                  
      Launch Clock:-       0                  
         Data Path:-    3924                  
             Slack:=       4                  

#--------------------------------------------------------------------------------------------------------------------
#               Timing Point                 Flags   Arc   Edge   Cell     Fanout  Load Trans Delay Arrival Instance 
#                                                                                  (fF)  (ps)  (ps)   (ps)  Location 
#--------------------------------------------------------------------------------------------------------------------
  uu_dtpath/uu_dec/immExt_ff_reg[0]/CK       -       -     R     (arrival)    276     -    50     0       0    (-,-) 
  uu_dtpath/uu_dec/immExt_ff_reg[0]/Q        -       CK->Q R     DFFRHQX1       3   5.8   133   319     319    (-,-) 
  uu_dtpath/uu_exec/g1331/Y                  -       B->Y  R     CLKMX2X3       1   8.5    89   258     577    (-,-) 
  uu_dtpath/uu_exec/uu_alu/g2192/Y           -       A->Y  F     CLKINVX16     11  43.6   102    93     670    (-,-) 
  uu_dtpath/uu_exec/uu_alu/g2186/Y           -       A->Y  R     INVX20        36  59.4    92    95     765    (-,-) 
  uu_dtpath/uu_exec/uu_alu/sra_24_47_g2906/Y -       S0->Y F     MX2X1          2   4.6   135   231     997    (-,-) 
  uu_dtpath/uu_exec/uu_alu/sra_24_47_g2840/Y -       A1->Y R     AOI22X2        2   3.8   144   170    1167    (-,-) 
  uu_dtpath/uu_exec/uu_alu/g4917/Y           -       B1->Y R     OA22X1         2   5.2   127   265    1432    (-,-) 
  uu_dtpath/uu_exec/uu_alu/sra_24_47_g2770/Y -       B->Y  F     NOR2X1         1   3.5   128   136    1567    (-,-) 
  uu_dtpath/uu_exec/uu_alu/sra_24_47_g2726/Y -       C0->Y R     AOI211X4       1   2.9   116   128    1695    (-,-) 
  uu_dtpath/uu_exec/uu_alu/sra_24_47_g2715/Y -       B0->Y F     OAI21X2        1   2.8   135   148    1843    (-,-) 
  uu_dtpath/uu_exec/uu_alu/g4533/Y           -       A1->Y R     AOI221X2       1   2.9   180   222    2065    (-,-) 
  uu_dtpath/uu_exec/uu_alu/g4504/Y           -       B->Y  F     NAND2X2        2   4.2   166   185    2250    (-,-) 
  uu_dtpath/uu_exec/uu_alu/g4490/Y           -       A->Y  R     NOR2X2         1   2.9   101   148    2398    (-,-) 
  uu_dtpath/uu_exec/uu_alu/g4488/Y           -       A->Y  F     NAND2X2        1   3.5   138   143    2541    (-,-) 
  uu_dtpath/uu_exec/uu_alu/g4482/Y           -       B->Y  R     NOR3X4         1   3.7   117   151    2692    (-,-) 
  uu_dtpath/uu_exec/uu_alu/g4480/Y           -       B->Y  F     NAND2X4        1   3.5    96   112    2804    (-,-) 
  uu_dtpath/uu_exec/uu_alu/g4477/Y           -       B->Y  R     NOR2X4         1   2.6    61    79    2882    (-,-) 
  uu_dtpath/uu_exec/uu_alu/g4474/Y           -       A->Y  R     CLKAND2X3      1   2.7    35   120    3003    (-,-) 
  uu_dtpath/uu_exec/g816/Y                   -       B->Y  R     XOR2X4         1   3.7    77   183    3185    (-,-) 
  uu_dtpath/uu_exec/g460/Y                   -       A1->Y F     OAI21X4        3   6.3   143   128    3313    (-,-) 
  uu_dtpath/g2217/Y                          -       B->Y  F     OR2X6          1   4.3    50   180    3494    (-,-) 
  uu_dtpath/uu_dec/g1342/Y                   -       A->Y  R     CLKINVX6       2  16.1    69    61    3554    (-,-) 
  uu_dtpath/uu_dec/g1341/Y                   -       A->Y  F     INVX20       113 152.2   233   163    3718    (-,-) 
  uu_dtpath/uu_dec/g2302/Y                   -       B->Y  R     NOR2BX1        1   2.4   154   207    3924    (-,-) 
  uu_dtpath/uu_dec/rd1_ff_reg[23]/D          -       -     R     DFFRHQX2       1     -     -     0    3924    (-,-) 
#--------------------------------------------------------------------------------------------------------------------



Path 40: MET (4 ps) Setup Check with Pin uu_dtpath/uu_dec/rd1_ff_reg[22]/CK->D
          Group: ACLK_DE_2
     Startpoint: (R) uu_dtpath/uu_dec/immExt_ff_reg[0]/CK
          Clock: (R) ACLK_DE_2
       Endpoint: (R) uu_dtpath/uu_dec/rd1_ff_reg[22]/D
          Clock: (R) ACLK_DE_2

                     Capture       Launch     
        Clock Edge:+    4200            0     
       Src Latency:+       0            0     
       Net Latency:+       0 (I)        0 (I) 
           Arrival:=    4200            0     
                                              
             Setup:-     171                  
       Uncertainty:-     100                  
     Required Time:=    3929                  
      Launch Clock:-       0                  
         Data Path:-    3924                  
             Slack:=       4                  

#--------------------------------------------------------------------------------------------------------------------
#               Timing Point                 Flags   Arc   Edge   Cell     Fanout  Load Trans Delay Arrival Instance 
#                                                                                  (fF)  (ps)  (ps)   (ps)  Location 
#--------------------------------------------------------------------------------------------------------------------
  uu_dtpath/uu_dec/immExt_ff_reg[0]/CK       -       -     R     (arrival)    276     -    50     0       0    (-,-) 
  uu_dtpath/uu_dec/immExt_ff_reg[0]/Q        -       CK->Q R     DFFRHQX1       3   5.8   133   319     319    (-,-) 
  uu_dtpath/uu_exec/g1331/Y                  -       B->Y  R     CLKMX2X3       1   8.5    89   258     577    (-,-) 
  uu_dtpath/uu_exec/uu_alu/g2192/Y           -       A->Y  F     CLKINVX16     11  43.6   102    93     670    (-,-) 
  uu_dtpath/uu_exec/uu_alu/g2186/Y           -       A->Y  R     INVX20        36  59.4    92    95     765    (-,-) 
  uu_dtpath/uu_exec/uu_alu/sra_24_47_g2906/Y -       S0->Y F     MX2X1          2   4.6   135   231     997    (-,-) 
  uu_dtpath/uu_exec/uu_alu/sra_24_47_g2840/Y -       A1->Y R     AOI22X2        2   3.8   144   170    1167    (-,-) 
  uu_dtpath/uu_exec/uu_alu/g4917/Y           -       B1->Y R     OA22X1         2   5.2   127   265    1432    (-,-) 
  uu_dtpath/uu_exec/uu_alu/sra_24_47_g2770/Y -       B->Y  F     NOR2X1         1   3.5   128   136    1567    (-,-) 
  uu_dtpath/uu_exec/uu_alu/sra_24_47_g2726/Y -       C0->Y R     AOI211X4       1   2.9   116   128    1695    (-,-) 
  uu_dtpath/uu_exec/uu_alu/sra_24_47_g2715/Y -       B0->Y F     OAI21X2        1   2.8   135   148    1843    (-,-) 
  uu_dtpath/uu_exec/uu_alu/g4533/Y           -       A1->Y R     AOI221X2       1   2.9   180   222    2065    (-,-) 
  uu_dtpath/uu_exec/uu_alu/g4504/Y           -       B->Y  F     NAND2X2        2   4.2   166   185    2250    (-,-) 
  uu_dtpath/uu_exec/uu_alu/g4490/Y           -       A->Y  R     NOR2X2         1   2.9   101   148    2398    (-,-) 
  uu_dtpath/uu_exec/uu_alu/g4488/Y           -       A->Y  F     NAND2X2        1   3.5   138   143    2541    (-,-) 
  uu_dtpath/uu_exec/uu_alu/g4482/Y           -       B->Y  R     NOR3X4         1   3.7   117   151    2692    (-,-) 
  uu_dtpath/uu_exec/uu_alu/g4480/Y           -       B->Y  F     NAND2X4        1   3.5    96   112    2804    (-,-) 
  uu_dtpath/uu_exec/uu_alu/g4477/Y           -       B->Y  R     NOR2X4         1   2.6    61    79    2882    (-,-) 
  uu_dtpath/uu_exec/uu_alu/g4474/Y           -       A->Y  R     CLKAND2X3      1   2.7    35   120    3003    (-,-) 
  uu_dtpath/uu_exec/g816/Y                   -       B->Y  R     XOR2X4         1   3.7    77   183    3185    (-,-) 
  uu_dtpath/uu_exec/g460/Y                   -       A1->Y F     OAI21X4        3   6.3   143   128    3313    (-,-) 
  uu_dtpath/g2217/Y                          -       B->Y  F     OR2X6          1   4.3    50   180    3494    (-,-) 
  uu_dtpath/uu_dec/g1342/Y                   -       A->Y  R     CLKINVX6       2  16.1    69    61    3554    (-,-) 
  uu_dtpath/uu_dec/g1341/Y                   -       A->Y  F     INVX20       113 152.2   233   163    3718    (-,-) 
  uu_dtpath/uu_dec/g2301/Y                   -       B->Y  R     NOR2BX1        1   2.4   154   207    3924    (-,-) 
  uu_dtpath/uu_dec/rd1_ff_reg[22]/D          -       -     R     DFFRHQX2       1     -     -     0    3924    (-,-) 
#--------------------------------------------------------------------------------------------------------------------



Path 41: MET (4 ps) Setup Check with Pin uu_dtpath/uu_dec/rd1_ff_reg[15]/CK->D
          Group: ACLK_DE_2
     Startpoint: (R) uu_dtpath/uu_dec/immExt_ff_reg[0]/CK
          Clock: (R) ACLK_DE_2
       Endpoint: (R) uu_dtpath/uu_dec/rd1_ff_reg[15]/D
          Clock: (R) ACLK_DE_2

                     Capture       Launch     
        Clock Edge:+    4200            0     
       Src Latency:+       0            0     
       Net Latency:+       0 (I)        0 (I) 
           Arrival:=    4200            0     
                                              
             Setup:-     171                  
       Uncertainty:-     100                  
     Required Time:=    3929                  
      Launch Clock:-       0                  
         Data Path:-    3924                  
             Slack:=       4                  

#--------------------------------------------------------------------------------------------------------------------
#               Timing Point                 Flags   Arc   Edge   Cell     Fanout  Load Trans Delay Arrival Instance 
#                                                                                  (fF)  (ps)  (ps)   (ps)  Location 
#--------------------------------------------------------------------------------------------------------------------
  uu_dtpath/uu_dec/immExt_ff_reg[0]/CK       -       -     R     (arrival)    276     -    50     0       0    (-,-) 
  uu_dtpath/uu_dec/immExt_ff_reg[0]/Q        -       CK->Q R     DFFRHQX1       3   5.8   133   319     319    (-,-) 
  uu_dtpath/uu_exec/g1331/Y                  -       B->Y  R     CLKMX2X3       1   8.5    89   258     577    (-,-) 
  uu_dtpath/uu_exec/uu_alu/g2192/Y           -       A->Y  F     CLKINVX16     11  43.6   102    93     670    (-,-) 
  uu_dtpath/uu_exec/uu_alu/g2186/Y           -       A->Y  R     INVX20        36  59.4    92    95     765    (-,-) 
  uu_dtpath/uu_exec/uu_alu/sra_24_47_g2906/Y -       S0->Y F     MX2X1          2   4.6   135   231     997    (-,-) 
  uu_dtpath/uu_exec/uu_alu/sra_24_47_g2840/Y -       A1->Y R     AOI22X2        2   3.8   144   170    1167    (-,-) 
  uu_dtpath/uu_exec/uu_alu/g4917/Y           -       B1->Y R     OA22X1         2   5.2   127   265    1432    (-,-) 
  uu_dtpath/uu_exec/uu_alu/sra_24_47_g2770/Y -       B->Y  F     NOR2X1         1   3.5   128   136    1567    (-,-) 
  uu_dtpath/uu_exec/uu_alu/sra_24_47_g2726/Y -       C0->Y R     AOI211X4       1   2.9   116   128    1695    (-,-) 
  uu_dtpath/uu_exec/uu_alu/sra_24_47_g2715/Y -       B0->Y F     OAI21X2        1   2.8   135   148    1843    (-,-) 
  uu_dtpath/uu_exec/uu_alu/g4533/Y           -       A1->Y R     AOI221X2       1   2.9   180   222    2065    (-,-) 
  uu_dtpath/uu_exec/uu_alu/g4504/Y           -       B->Y  F     NAND2X2        2   4.2   166   185    2250    (-,-) 
  uu_dtpath/uu_exec/uu_alu/g4490/Y           -       A->Y  R     NOR2X2         1   2.9   101   148    2398    (-,-) 
  uu_dtpath/uu_exec/uu_alu/g4488/Y           -       A->Y  F     NAND2X2        1   3.5   138   143    2541    (-,-) 
  uu_dtpath/uu_exec/uu_alu/g4482/Y           -       B->Y  R     NOR3X4         1   3.7   117   151    2692    (-,-) 
  uu_dtpath/uu_exec/uu_alu/g4480/Y           -       B->Y  F     NAND2X4        1   3.5    96   112    2804    (-,-) 
  uu_dtpath/uu_exec/uu_alu/g4477/Y           -       B->Y  R     NOR2X4         1   2.6    61    79    2882    (-,-) 
  uu_dtpath/uu_exec/uu_alu/g4474/Y           -       A->Y  R     CLKAND2X3      1   2.7    35   120    3003    (-,-) 
  uu_dtpath/uu_exec/g816/Y                   -       B->Y  R     XOR2X4         1   3.7    77   183    3185    (-,-) 
  uu_dtpath/uu_exec/g460/Y                   -       A1->Y F     OAI21X4        3   6.3   143   128    3313    (-,-) 
  uu_dtpath/g2217/Y                          -       B->Y  F     OR2X6          1   4.3    50   180    3494    (-,-) 
  uu_dtpath/uu_dec/g1342/Y                   -       A->Y  R     CLKINVX6       2  16.1    69    61    3554    (-,-) 
  uu_dtpath/uu_dec/g1341/Y                   -       A->Y  F     INVX20       113 152.2   233   163    3718    (-,-) 
  uu_dtpath/uu_dec/g2294/Y                   -       B->Y  R     NOR2BX1        1   2.4   154   207    3924    (-,-) 
  uu_dtpath/uu_dec/rd1_ff_reg[15]/D          -       -     R     DFFRHQX2       1     -     -     0    3924    (-,-) 
#--------------------------------------------------------------------------------------------------------------------



Path 42: MET (4 ps) Setup Check with Pin uu_dtpath/uu_dec/rd1_ff_reg[13]/CK->D
          Group: ACLK_DE_2
     Startpoint: (R) uu_dtpath/uu_dec/immExt_ff_reg[0]/CK
          Clock: (R) ACLK_DE_2
       Endpoint: (R) uu_dtpath/uu_dec/rd1_ff_reg[13]/D
          Clock: (R) ACLK_DE_2

                     Capture       Launch     
        Clock Edge:+    4200            0     
       Src Latency:+       0            0     
       Net Latency:+       0 (I)        0 (I) 
           Arrival:=    4200            0     
                                              
             Setup:-     171                  
       Uncertainty:-     100                  
     Required Time:=    3929                  
      Launch Clock:-       0                  
         Data Path:-    3924                  
             Slack:=       4                  

#--------------------------------------------------------------------------------------------------------------------
#               Timing Point                 Flags   Arc   Edge   Cell     Fanout  Load Trans Delay Arrival Instance 
#                                                                                  (fF)  (ps)  (ps)   (ps)  Location 
#--------------------------------------------------------------------------------------------------------------------
  uu_dtpath/uu_dec/immExt_ff_reg[0]/CK       -       -     R     (arrival)    276     -    50     0       0    (-,-) 
  uu_dtpath/uu_dec/immExt_ff_reg[0]/Q        -       CK->Q R     DFFRHQX1       3   5.8   133   319     319    (-,-) 
  uu_dtpath/uu_exec/g1331/Y                  -       B->Y  R     CLKMX2X3       1   8.5    89   258     577    (-,-) 
  uu_dtpath/uu_exec/uu_alu/g2192/Y           -       A->Y  F     CLKINVX16     11  43.6   102    93     670    (-,-) 
  uu_dtpath/uu_exec/uu_alu/g2186/Y           -       A->Y  R     INVX20        36  59.4    92    95     765    (-,-) 
  uu_dtpath/uu_exec/uu_alu/sra_24_47_g2906/Y -       S0->Y F     MX2X1          2   4.6   135   231     997    (-,-) 
  uu_dtpath/uu_exec/uu_alu/sra_24_47_g2840/Y -       A1->Y R     AOI22X2        2   3.8   144   170    1167    (-,-) 
  uu_dtpath/uu_exec/uu_alu/g4917/Y           -       B1->Y R     OA22X1         2   5.2   127   265    1432    (-,-) 
  uu_dtpath/uu_exec/uu_alu/sra_24_47_g2770/Y -       B->Y  F     NOR2X1         1   3.5   128   136    1567    (-,-) 
  uu_dtpath/uu_exec/uu_alu/sra_24_47_g2726/Y -       C0->Y R     AOI211X4       1   2.9   116   128    1695    (-,-) 
  uu_dtpath/uu_exec/uu_alu/sra_24_47_g2715/Y -       B0->Y F     OAI21X2        1   2.8   135   148    1843    (-,-) 
  uu_dtpath/uu_exec/uu_alu/g4533/Y           -       A1->Y R     AOI221X2       1   2.9   180   222    2065    (-,-) 
  uu_dtpath/uu_exec/uu_alu/g4504/Y           -       B->Y  F     NAND2X2        2   4.2   166   185    2250    (-,-) 
  uu_dtpath/uu_exec/uu_alu/g4490/Y           -       A->Y  R     NOR2X2         1   2.9   101   148    2398    (-,-) 
  uu_dtpath/uu_exec/uu_alu/g4488/Y           -       A->Y  F     NAND2X2        1   3.5   138   143    2541    (-,-) 
  uu_dtpath/uu_exec/uu_alu/g4482/Y           -       B->Y  R     NOR3X4         1   3.7   117   151    2692    (-,-) 
  uu_dtpath/uu_exec/uu_alu/g4480/Y           -       B->Y  F     NAND2X4        1   3.5    96   112    2804    (-,-) 
  uu_dtpath/uu_exec/uu_alu/g4477/Y           -       B->Y  R     NOR2X4         1   2.6    61    79    2882    (-,-) 
  uu_dtpath/uu_exec/uu_alu/g4474/Y           -       A->Y  R     CLKAND2X3      1   2.7    35   120    3003    (-,-) 
  uu_dtpath/uu_exec/g816/Y                   -       B->Y  R     XOR2X4         1   3.7    77   183    3185    (-,-) 
  uu_dtpath/uu_exec/g460/Y                   -       A1->Y F     OAI21X4        3   6.3   143   128    3313    (-,-) 
  uu_dtpath/g2217/Y                          -       B->Y  F     OR2X6          1   4.3    50   180    3494    (-,-) 
  uu_dtpath/uu_dec/g1342/Y                   -       A->Y  R     CLKINVX6       2  16.1    69    61    3554    (-,-) 
  uu_dtpath/uu_dec/g1341/Y                   -       A->Y  F     INVX20       113 152.2   233   163    3718    (-,-) 
  uu_dtpath/uu_dec/g2291/Y                   -       B->Y  R     NOR2BX1        1   2.4   154   207    3924    (-,-) 
  uu_dtpath/uu_dec/rd1_ff_reg[13]/D          -       -     R     DFFRHQX2       1     -     -     0    3924    (-,-) 
#--------------------------------------------------------------------------------------------------------------------



Path 43: MET (4 ps) Setup Check with Pin uu_dtpath/uu_dec/rd1_ff_reg[12]/CK->D
          Group: ACLK_DE_2
     Startpoint: (R) uu_dtpath/uu_dec/immExt_ff_reg[0]/CK
          Clock: (R) ACLK_DE_2
       Endpoint: (R) uu_dtpath/uu_dec/rd1_ff_reg[12]/D
          Clock: (R) ACLK_DE_2

                     Capture       Launch     
        Clock Edge:+    4200            0     
       Src Latency:+       0            0     
       Net Latency:+       0 (I)        0 (I) 
           Arrival:=    4200            0     
                                              
             Setup:-     171                  
       Uncertainty:-     100                  
     Required Time:=    3929                  
      Launch Clock:-       0                  
         Data Path:-    3924                  
             Slack:=       4                  

#--------------------------------------------------------------------------------------------------------------------
#               Timing Point                 Flags   Arc   Edge   Cell     Fanout  Load Trans Delay Arrival Instance 
#                                                                                  (fF)  (ps)  (ps)   (ps)  Location 
#--------------------------------------------------------------------------------------------------------------------
  uu_dtpath/uu_dec/immExt_ff_reg[0]/CK       -       -     R     (arrival)    276     -    50     0       0    (-,-) 
  uu_dtpath/uu_dec/immExt_ff_reg[0]/Q        -       CK->Q R     DFFRHQX1       3   5.8   133   319     319    (-,-) 
  uu_dtpath/uu_exec/g1331/Y                  -       B->Y  R     CLKMX2X3       1   8.5    89   258     577    (-,-) 
  uu_dtpath/uu_exec/uu_alu/g2192/Y           -       A->Y  F     CLKINVX16     11  43.6   102    93     670    (-,-) 
  uu_dtpath/uu_exec/uu_alu/g2186/Y           -       A->Y  R     INVX20        36  59.4    92    95     765    (-,-) 
  uu_dtpath/uu_exec/uu_alu/sra_24_47_g2906/Y -       S0->Y F     MX2X1          2   4.6   135   231     997    (-,-) 
  uu_dtpath/uu_exec/uu_alu/sra_24_47_g2840/Y -       A1->Y R     AOI22X2        2   3.8   144   170    1167    (-,-) 
  uu_dtpath/uu_exec/uu_alu/g4917/Y           -       B1->Y R     OA22X1         2   5.2   127   265    1432    (-,-) 
  uu_dtpath/uu_exec/uu_alu/sra_24_47_g2770/Y -       B->Y  F     NOR2X1         1   3.5   128   136    1567    (-,-) 
  uu_dtpath/uu_exec/uu_alu/sra_24_47_g2726/Y -       C0->Y R     AOI211X4       1   2.9   116   128    1695    (-,-) 
  uu_dtpath/uu_exec/uu_alu/sra_24_47_g2715/Y -       B0->Y F     OAI21X2        1   2.8   135   148    1843    (-,-) 
  uu_dtpath/uu_exec/uu_alu/g4533/Y           -       A1->Y R     AOI221X2       1   2.9   180   222    2065    (-,-) 
  uu_dtpath/uu_exec/uu_alu/g4504/Y           -       B->Y  F     NAND2X2        2   4.2   166   185    2250    (-,-) 
  uu_dtpath/uu_exec/uu_alu/g4490/Y           -       A->Y  R     NOR2X2         1   2.9   101   148    2398    (-,-) 
  uu_dtpath/uu_exec/uu_alu/g4488/Y           -       A->Y  F     NAND2X2        1   3.5   138   143    2541    (-,-) 
  uu_dtpath/uu_exec/uu_alu/g4482/Y           -       B->Y  R     NOR3X4         1   3.7   117   151    2692    (-,-) 
  uu_dtpath/uu_exec/uu_alu/g4480/Y           -       B->Y  F     NAND2X4        1   3.5    96   112    2804    (-,-) 
  uu_dtpath/uu_exec/uu_alu/g4477/Y           -       B->Y  R     NOR2X4         1   2.6    61    79    2882    (-,-) 
  uu_dtpath/uu_exec/uu_alu/g4474/Y           -       A->Y  R     CLKAND2X3      1   2.7    35   120    3003    (-,-) 
  uu_dtpath/uu_exec/g816/Y                   -       B->Y  R     XOR2X4         1   3.7    77   183    3185    (-,-) 
  uu_dtpath/uu_exec/g460/Y                   -       A1->Y F     OAI21X4        3   6.3   143   128    3313    (-,-) 
  uu_dtpath/g2217/Y                          -       B->Y  F     OR2X6          1   4.3    50   180    3494    (-,-) 
  uu_dtpath/uu_dec/g1342/Y                   -       A->Y  R     CLKINVX6       2  16.1    69    61    3554    (-,-) 
  uu_dtpath/uu_dec/g1341/Y                   -       A->Y  F     INVX20       113 152.2   233   163    3718    (-,-) 
  uu_dtpath/uu_dec/g2293/Y                   -       B->Y  R     NOR2BX1        1   2.4   154   207    3924    (-,-) 
  uu_dtpath/uu_dec/rd1_ff_reg[12]/D          -       -     R     DFFRHQX2       1     -     -     0    3924    (-,-) 
#--------------------------------------------------------------------------------------------------------------------



Path 44: MET (4 ps) Setup Check with Pin uu_dtpath/uu_dec/rd1_ff_reg[11]/CK->D
          Group: ACLK_DE_2
     Startpoint: (R) uu_dtpath/uu_dec/immExt_ff_reg[0]/CK
          Clock: (R) ACLK_DE_2
       Endpoint: (R) uu_dtpath/uu_dec/rd1_ff_reg[11]/D
          Clock: (R) ACLK_DE_2

                     Capture       Launch     
        Clock Edge:+    4200            0     
       Src Latency:+       0            0     
       Net Latency:+       0 (I)        0 (I) 
           Arrival:=    4200            0     
                                              
             Setup:-     171                  
       Uncertainty:-     100                  
     Required Time:=    3929                  
      Launch Clock:-       0                  
         Data Path:-    3924                  
             Slack:=       4                  

#--------------------------------------------------------------------------------------------------------------------
#               Timing Point                 Flags   Arc   Edge   Cell     Fanout  Load Trans Delay Arrival Instance 
#                                                                                  (fF)  (ps)  (ps)   (ps)  Location 
#--------------------------------------------------------------------------------------------------------------------
  uu_dtpath/uu_dec/immExt_ff_reg[0]/CK       -       -     R     (arrival)    276     -    50     0       0    (-,-) 
  uu_dtpath/uu_dec/immExt_ff_reg[0]/Q        -       CK->Q R     DFFRHQX1       3   5.8   133   319     319    (-,-) 
  uu_dtpath/uu_exec/g1331/Y                  -       B->Y  R     CLKMX2X3       1   8.5    89   258     577    (-,-) 
  uu_dtpath/uu_exec/uu_alu/g2192/Y           -       A->Y  F     CLKINVX16     11  43.6   102    93     670    (-,-) 
  uu_dtpath/uu_exec/uu_alu/g2186/Y           -       A->Y  R     INVX20        36  59.4    92    95     765    (-,-) 
  uu_dtpath/uu_exec/uu_alu/sra_24_47_g2906/Y -       S0->Y F     MX2X1          2   4.6   135   231     997    (-,-) 
  uu_dtpath/uu_exec/uu_alu/sra_24_47_g2840/Y -       A1->Y R     AOI22X2        2   3.8   144   170    1167    (-,-) 
  uu_dtpath/uu_exec/uu_alu/g4917/Y           -       B1->Y R     OA22X1         2   5.2   127   265    1432    (-,-) 
  uu_dtpath/uu_exec/uu_alu/sra_24_47_g2770/Y -       B->Y  F     NOR2X1         1   3.5   128   136    1567    (-,-) 
  uu_dtpath/uu_exec/uu_alu/sra_24_47_g2726/Y -       C0->Y R     AOI211X4       1   2.9   116   128    1695    (-,-) 
  uu_dtpath/uu_exec/uu_alu/sra_24_47_g2715/Y -       B0->Y F     OAI21X2        1   2.8   135   148    1843    (-,-) 
  uu_dtpath/uu_exec/uu_alu/g4533/Y           -       A1->Y R     AOI221X2       1   2.9   180   222    2065    (-,-) 
  uu_dtpath/uu_exec/uu_alu/g4504/Y           -       B->Y  F     NAND2X2        2   4.2   166   185    2250    (-,-) 
  uu_dtpath/uu_exec/uu_alu/g4490/Y           -       A->Y  R     NOR2X2         1   2.9   101   148    2398    (-,-) 
  uu_dtpath/uu_exec/uu_alu/g4488/Y           -       A->Y  F     NAND2X2        1   3.5   138   143    2541    (-,-) 
  uu_dtpath/uu_exec/uu_alu/g4482/Y           -       B->Y  R     NOR3X4         1   3.7   117   151    2692    (-,-) 
  uu_dtpath/uu_exec/uu_alu/g4480/Y           -       B->Y  F     NAND2X4        1   3.5    96   112    2804    (-,-) 
  uu_dtpath/uu_exec/uu_alu/g4477/Y           -       B->Y  R     NOR2X4         1   2.6    61    79    2882    (-,-) 
  uu_dtpath/uu_exec/uu_alu/g4474/Y           -       A->Y  R     CLKAND2X3      1   2.7    35   120    3003    (-,-) 
  uu_dtpath/uu_exec/g816/Y                   -       B->Y  R     XOR2X4         1   3.7    77   183    3185    (-,-) 
  uu_dtpath/uu_exec/g460/Y                   -       A1->Y F     OAI21X4        3   6.3   143   128    3313    (-,-) 
  uu_dtpath/g2217/Y                          -       B->Y  F     OR2X6          1   4.3    50   180    3494    (-,-) 
  uu_dtpath/uu_dec/g1342/Y                   -       A->Y  R     CLKINVX6       2  16.1    69    61    3554    (-,-) 
  uu_dtpath/uu_dec/g1341/Y                   -       A->Y  F     INVX20       113 152.2   233   163    3718    (-,-) 
  uu_dtpath/uu_dec/g2342/Y                   -       B->Y  R     NOR2BX1        1   2.4   154   207    3924    (-,-) 
  uu_dtpath/uu_dec/rd1_ff_reg[11]/D          -       -     R     DFFRHQX2       1     -     -     0    3924    (-,-) 
#--------------------------------------------------------------------------------------------------------------------



Path 45: MET (4 ps) Setup Check with Pin uu_dtpath/uu_dec/rd1_ff_reg[9]/CK->D
          Group: ACLK_DE_2
     Startpoint: (R) uu_dtpath/uu_dec/immExt_ff_reg[0]/CK
          Clock: (R) ACLK_DE_2
       Endpoint: (R) uu_dtpath/uu_dec/rd1_ff_reg[9]/D
          Clock: (R) ACLK_DE_2

                     Capture       Launch     
        Clock Edge:+    4200            0     
       Src Latency:+       0            0     
       Net Latency:+       0 (I)        0 (I) 
           Arrival:=    4200            0     
                                              
             Setup:-     171                  
       Uncertainty:-     100                  
     Required Time:=    3929                  
      Launch Clock:-       0                  
         Data Path:-    3924                  
             Slack:=       4                  

#--------------------------------------------------------------------------------------------------------------------
#               Timing Point                 Flags   Arc   Edge   Cell     Fanout  Load Trans Delay Arrival Instance 
#                                                                                  (fF)  (ps)  (ps)   (ps)  Location 
#--------------------------------------------------------------------------------------------------------------------
  uu_dtpath/uu_dec/immExt_ff_reg[0]/CK       -       -     R     (arrival)    276     -    50     0       0    (-,-) 
  uu_dtpath/uu_dec/immExt_ff_reg[0]/Q        -       CK->Q R     DFFRHQX1       3   5.8   133   319     319    (-,-) 
  uu_dtpath/uu_exec/g1331/Y                  -       B->Y  R     CLKMX2X3       1   8.5    89   258     577    (-,-) 
  uu_dtpath/uu_exec/uu_alu/g2192/Y           -       A->Y  F     CLKINVX16     11  43.6   102    93     670    (-,-) 
  uu_dtpath/uu_exec/uu_alu/g2186/Y           -       A->Y  R     INVX20        36  59.4    92    95     765    (-,-) 
  uu_dtpath/uu_exec/uu_alu/sra_24_47_g2906/Y -       S0->Y F     MX2X1          2   4.6   135   231     997    (-,-) 
  uu_dtpath/uu_exec/uu_alu/sra_24_47_g2840/Y -       A1->Y R     AOI22X2        2   3.8   144   170    1167    (-,-) 
  uu_dtpath/uu_exec/uu_alu/g4917/Y           -       B1->Y R     OA22X1         2   5.2   127   265    1432    (-,-) 
  uu_dtpath/uu_exec/uu_alu/sra_24_47_g2770/Y -       B->Y  F     NOR2X1         1   3.5   128   136    1567    (-,-) 
  uu_dtpath/uu_exec/uu_alu/sra_24_47_g2726/Y -       C0->Y R     AOI211X4       1   2.9   116   128    1695    (-,-) 
  uu_dtpath/uu_exec/uu_alu/sra_24_47_g2715/Y -       B0->Y F     OAI21X2        1   2.8   135   148    1843    (-,-) 
  uu_dtpath/uu_exec/uu_alu/g4533/Y           -       A1->Y R     AOI221X2       1   2.9   180   222    2065    (-,-) 
  uu_dtpath/uu_exec/uu_alu/g4504/Y           -       B->Y  F     NAND2X2        2   4.2   166   185    2250    (-,-) 
  uu_dtpath/uu_exec/uu_alu/g4490/Y           -       A->Y  R     NOR2X2         1   2.9   101   148    2398    (-,-) 
  uu_dtpath/uu_exec/uu_alu/g4488/Y           -       A->Y  F     NAND2X2        1   3.5   138   143    2541    (-,-) 
  uu_dtpath/uu_exec/uu_alu/g4482/Y           -       B->Y  R     NOR3X4         1   3.7   117   151    2692    (-,-) 
  uu_dtpath/uu_exec/uu_alu/g4480/Y           -       B->Y  F     NAND2X4        1   3.5    96   112    2804    (-,-) 
  uu_dtpath/uu_exec/uu_alu/g4477/Y           -       B->Y  R     NOR2X4         1   2.6    61    79    2882    (-,-) 
  uu_dtpath/uu_exec/uu_alu/g4474/Y           -       A->Y  R     CLKAND2X3      1   2.7    35   120    3003    (-,-) 
  uu_dtpath/uu_exec/g816/Y                   -       B->Y  R     XOR2X4         1   3.7    77   183    3185    (-,-) 
  uu_dtpath/uu_exec/g460/Y                   -       A1->Y F     OAI21X4        3   6.3   143   128    3313    (-,-) 
  uu_dtpath/g2217/Y                          -       B->Y  F     OR2X6          1   4.3    50   180    3494    (-,-) 
  uu_dtpath/uu_dec/g1342/Y                   -       A->Y  R     CLKINVX6       2  16.1    69    61    3554    (-,-) 
  uu_dtpath/uu_dec/g1341/Y                   -       A->Y  F     INVX20       113 152.2   233   163    3718    (-,-) 
  uu_dtpath/uu_dec/g2287/Y                   -       B->Y  R     NOR2BX1        1   2.4   154   207    3924    (-,-) 
  uu_dtpath/uu_dec/rd1_ff_reg[9]/D           -       -     R     DFFRHQX2       1     -     -     0    3924    (-,-) 
#--------------------------------------------------------------------------------------------------------------------



Path 46: MET (4 ps) Setup Check with Pin uu_dtpath/uu_dec/rd1_ff_reg[8]/CK->D
          Group: ACLK_DE_2
     Startpoint: (R) uu_dtpath/uu_dec/immExt_ff_reg[0]/CK
          Clock: (R) ACLK_DE_2
       Endpoint: (R) uu_dtpath/uu_dec/rd1_ff_reg[8]/D
          Clock: (R) ACLK_DE_2

                     Capture       Launch     
        Clock Edge:+    4200            0     
       Src Latency:+       0            0     
       Net Latency:+       0 (I)        0 (I) 
           Arrival:=    4200            0     
                                              
             Setup:-     171                  
       Uncertainty:-     100                  
     Required Time:=    3929                  
      Launch Clock:-       0                  
         Data Path:-    3924                  
             Slack:=       4                  

#--------------------------------------------------------------------------------------------------------------------
#               Timing Point                 Flags   Arc   Edge   Cell     Fanout  Load Trans Delay Arrival Instance 
#                                                                                  (fF)  (ps)  (ps)   (ps)  Location 
#--------------------------------------------------------------------------------------------------------------------
  uu_dtpath/uu_dec/immExt_ff_reg[0]/CK       -       -     R     (arrival)    276     -    50     0       0    (-,-) 
  uu_dtpath/uu_dec/immExt_ff_reg[0]/Q        -       CK->Q R     DFFRHQX1       3   5.8   133   319     319    (-,-) 
  uu_dtpath/uu_exec/g1331/Y                  -       B->Y  R     CLKMX2X3       1   8.5    89   258     577    (-,-) 
  uu_dtpath/uu_exec/uu_alu/g2192/Y           -       A->Y  F     CLKINVX16     11  43.6   102    93     670    (-,-) 
  uu_dtpath/uu_exec/uu_alu/g2186/Y           -       A->Y  R     INVX20        36  59.4    92    95     765    (-,-) 
  uu_dtpath/uu_exec/uu_alu/sra_24_47_g2906/Y -       S0->Y F     MX2X1          2   4.6   135   231     997    (-,-) 
  uu_dtpath/uu_exec/uu_alu/sra_24_47_g2840/Y -       A1->Y R     AOI22X2        2   3.8   144   170    1167    (-,-) 
  uu_dtpath/uu_exec/uu_alu/g4917/Y           -       B1->Y R     OA22X1         2   5.2   127   265    1432    (-,-) 
  uu_dtpath/uu_exec/uu_alu/sra_24_47_g2770/Y -       B->Y  F     NOR2X1         1   3.5   128   136    1567    (-,-) 
  uu_dtpath/uu_exec/uu_alu/sra_24_47_g2726/Y -       C0->Y R     AOI211X4       1   2.9   116   128    1695    (-,-) 
  uu_dtpath/uu_exec/uu_alu/sra_24_47_g2715/Y -       B0->Y F     OAI21X2        1   2.8   135   148    1843    (-,-) 
  uu_dtpath/uu_exec/uu_alu/g4533/Y           -       A1->Y R     AOI221X2       1   2.9   180   222    2065    (-,-) 
  uu_dtpath/uu_exec/uu_alu/g4504/Y           -       B->Y  F     NAND2X2        2   4.2   166   185    2250    (-,-) 
  uu_dtpath/uu_exec/uu_alu/g4490/Y           -       A->Y  R     NOR2X2         1   2.9   101   148    2398    (-,-) 
  uu_dtpath/uu_exec/uu_alu/g4488/Y           -       A->Y  F     NAND2X2        1   3.5   138   143    2541    (-,-) 
  uu_dtpath/uu_exec/uu_alu/g4482/Y           -       B->Y  R     NOR3X4         1   3.7   117   151    2692    (-,-) 
  uu_dtpath/uu_exec/uu_alu/g4480/Y           -       B->Y  F     NAND2X4        1   3.5    96   112    2804    (-,-) 
  uu_dtpath/uu_exec/uu_alu/g4477/Y           -       B->Y  R     NOR2X4         1   2.6    61    79    2882    (-,-) 
  uu_dtpath/uu_exec/uu_alu/g4474/Y           -       A->Y  R     CLKAND2X3      1   2.7    35   120    3003    (-,-) 
  uu_dtpath/uu_exec/g816/Y                   -       B->Y  R     XOR2X4         1   3.7    77   183    3185    (-,-) 
  uu_dtpath/uu_exec/g460/Y                   -       A1->Y F     OAI21X4        3   6.3   143   128    3313    (-,-) 
  uu_dtpath/g2217/Y                          -       B->Y  F     OR2X6          1   4.3    50   180    3494    (-,-) 
  uu_dtpath/uu_dec/g1342/Y                   -       A->Y  R     CLKINVX6       2  16.1    69    61    3554    (-,-) 
  uu_dtpath/uu_dec/g1341/Y                   -       A->Y  F     INVX20       113 152.2   233   163    3718    (-,-) 
  uu_dtpath/uu_dec/g2286/Y                   -       B->Y  R     NOR2BX1        1   2.4   154   207    3924    (-,-) 
  uu_dtpath/uu_dec/rd1_ff_reg[8]/D           -       -     R     DFFRHQX2       1     -     -     0    3924    (-,-) 
#--------------------------------------------------------------------------------------------------------------------



Path 47: MET (4 ps) Setup Check with Pin uu_dtpath/uu_dec/rd1_ff_reg[5]/CK->D
          Group: ACLK_DE_2
     Startpoint: (R) uu_dtpath/uu_dec/immExt_ff_reg[0]/CK
          Clock: (R) ACLK_DE_2
       Endpoint: (R) uu_dtpath/uu_dec/rd1_ff_reg[5]/D
          Clock: (R) ACLK_DE_2

                     Capture       Launch     
        Clock Edge:+    4200            0     
       Src Latency:+       0            0     
       Net Latency:+       0 (I)        0 (I) 
           Arrival:=    4200            0     
                                              
             Setup:-     171                  
       Uncertainty:-     100                  
     Required Time:=    3929                  
      Launch Clock:-       0                  
         Data Path:-    3924                  
             Slack:=       4                  

#--------------------------------------------------------------------------------------------------------------------
#               Timing Point                 Flags   Arc   Edge   Cell     Fanout  Load Trans Delay Arrival Instance 
#                                                                                  (fF)  (ps)  (ps)   (ps)  Location 
#--------------------------------------------------------------------------------------------------------------------
  uu_dtpath/uu_dec/immExt_ff_reg[0]/CK       -       -     R     (arrival)    276     -    50     0       0    (-,-) 
  uu_dtpath/uu_dec/immExt_ff_reg[0]/Q        -       CK->Q R     DFFRHQX1       3   5.8   133   319     319    (-,-) 
  uu_dtpath/uu_exec/g1331/Y                  -       B->Y  R     CLKMX2X3       1   8.5    89   258     577    (-,-) 
  uu_dtpath/uu_exec/uu_alu/g2192/Y           -       A->Y  F     CLKINVX16     11  43.6   102    93     670    (-,-) 
  uu_dtpath/uu_exec/uu_alu/g2186/Y           -       A->Y  R     INVX20        36  59.4    92    95     765    (-,-) 
  uu_dtpath/uu_exec/uu_alu/sra_24_47_g2906/Y -       S0->Y F     MX2X1          2   4.6   135   231     997    (-,-) 
  uu_dtpath/uu_exec/uu_alu/sra_24_47_g2840/Y -       A1->Y R     AOI22X2        2   3.8   144   170    1167    (-,-) 
  uu_dtpath/uu_exec/uu_alu/g4917/Y           -       B1->Y R     OA22X1         2   5.2   127   265    1432    (-,-) 
  uu_dtpath/uu_exec/uu_alu/sra_24_47_g2770/Y -       B->Y  F     NOR2X1         1   3.5   128   136    1567    (-,-) 
  uu_dtpath/uu_exec/uu_alu/sra_24_47_g2726/Y -       C0->Y R     AOI211X4       1   2.9   116   128    1695    (-,-) 
  uu_dtpath/uu_exec/uu_alu/sra_24_47_g2715/Y -       B0->Y F     OAI21X2        1   2.8   135   148    1843    (-,-) 
  uu_dtpath/uu_exec/uu_alu/g4533/Y           -       A1->Y R     AOI221X2       1   2.9   180   222    2065    (-,-) 
  uu_dtpath/uu_exec/uu_alu/g4504/Y           -       B->Y  F     NAND2X2        2   4.2   166   185    2250    (-,-) 
  uu_dtpath/uu_exec/uu_alu/g4490/Y           -       A->Y  R     NOR2X2         1   2.9   101   148    2398    (-,-) 
  uu_dtpath/uu_exec/uu_alu/g4488/Y           -       A->Y  F     NAND2X2        1   3.5   138   143    2541    (-,-) 
  uu_dtpath/uu_exec/uu_alu/g4482/Y           -       B->Y  R     NOR3X4         1   3.7   117   151    2692    (-,-) 
  uu_dtpath/uu_exec/uu_alu/g4480/Y           -       B->Y  F     NAND2X4        1   3.5    96   112    2804    (-,-) 
  uu_dtpath/uu_exec/uu_alu/g4477/Y           -       B->Y  R     NOR2X4         1   2.6    61    79    2882    (-,-) 
  uu_dtpath/uu_exec/uu_alu/g4474/Y           -       A->Y  R     CLKAND2X3      1   2.7    35   120    3003    (-,-) 
  uu_dtpath/uu_exec/g816/Y                   -       B->Y  R     XOR2X4         1   3.7    77   183    3185    (-,-) 
  uu_dtpath/uu_exec/g460/Y                   -       A1->Y F     OAI21X4        3   6.3   143   128    3313    (-,-) 
  uu_dtpath/g2217/Y                          -       B->Y  F     OR2X6          1   4.3    50   180    3494    (-,-) 
  uu_dtpath/uu_dec/g1342/Y                   -       A->Y  R     CLKINVX6       2  16.1    69    61    3554    (-,-) 
  uu_dtpath/uu_dec/g1341/Y                   -       A->Y  F     INVX20       113 152.2   233   163    3718    (-,-) 
  uu_dtpath/uu_dec/g2283/Y                   -       B->Y  R     NOR2BX1        1   2.4   154   207    3924    (-,-) 
  uu_dtpath/uu_dec/rd1_ff_reg[5]/D           -       -     R     DFFRHQX2       1     -     -     0    3924    (-,-) 
#--------------------------------------------------------------------------------------------------------------------



Path 48: MET (4 ps) Setup Check with Pin uu_dtpath/uu_dec/rd1_ff_reg[0]/CK->D
          Group: ACLK_DE_2
     Startpoint: (R) uu_dtpath/uu_dec/immExt_ff_reg[0]/CK
          Clock: (R) ACLK_DE_2
       Endpoint: (R) uu_dtpath/uu_dec/rd1_ff_reg[0]/D
          Clock: (R) ACLK_DE_2

                     Capture       Launch     
        Clock Edge:+    4200            0     
       Src Latency:+       0            0     
       Net Latency:+       0 (I)        0 (I) 
           Arrival:=    4200            0     
                                              
             Setup:-     171                  
       Uncertainty:-     100                  
     Required Time:=    3929                  
      Launch Clock:-       0                  
         Data Path:-    3924                  
             Slack:=       4                  

#--------------------------------------------------------------------------------------------------------------------
#               Timing Point                 Flags   Arc   Edge   Cell     Fanout  Load Trans Delay Arrival Instance 
#                                                                                  (fF)  (ps)  (ps)   (ps)  Location 
#--------------------------------------------------------------------------------------------------------------------
  uu_dtpath/uu_dec/immExt_ff_reg[0]/CK       -       -     R     (arrival)    276     -    50     0       0    (-,-) 
  uu_dtpath/uu_dec/immExt_ff_reg[0]/Q        -       CK->Q R     DFFRHQX1       3   5.8   133   319     319    (-,-) 
  uu_dtpath/uu_exec/g1331/Y                  -       B->Y  R     CLKMX2X3       1   8.5    89   258     577    (-,-) 
  uu_dtpath/uu_exec/uu_alu/g2192/Y           -       A->Y  F     CLKINVX16     11  43.6   102    93     670    (-,-) 
  uu_dtpath/uu_exec/uu_alu/g2186/Y           -       A->Y  R     INVX20        36  59.4    92    95     765    (-,-) 
  uu_dtpath/uu_exec/uu_alu/sra_24_47_g2906/Y -       S0->Y F     MX2X1          2   4.6   135   231     997    (-,-) 
  uu_dtpath/uu_exec/uu_alu/sra_24_47_g2840/Y -       A1->Y R     AOI22X2        2   3.8   144   170    1167    (-,-) 
  uu_dtpath/uu_exec/uu_alu/g4917/Y           -       B1->Y R     OA22X1         2   5.2   127   265    1432    (-,-) 
  uu_dtpath/uu_exec/uu_alu/sra_24_47_g2770/Y -       B->Y  F     NOR2X1         1   3.5   128   136    1567    (-,-) 
  uu_dtpath/uu_exec/uu_alu/sra_24_47_g2726/Y -       C0->Y R     AOI211X4       1   2.9   116   128    1695    (-,-) 
  uu_dtpath/uu_exec/uu_alu/sra_24_47_g2715/Y -       B0->Y F     OAI21X2        1   2.8   135   148    1843    (-,-) 
  uu_dtpath/uu_exec/uu_alu/g4533/Y           -       A1->Y R     AOI221X2       1   2.9   180   222    2065    (-,-) 
  uu_dtpath/uu_exec/uu_alu/g4504/Y           -       B->Y  F     NAND2X2        2   4.2   166   185    2250    (-,-) 
  uu_dtpath/uu_exec/uu_alu/g4490/Y           -       A->Y  R     NOR2X2         1   2.9   101   148    2398    (-,-) 
  uu_dtpath/uu_exec/uu_alu/g4488/Y           -       A->Y  F     NAND2X2        1   3.5   138   143    2541    (-,-) 
  uu_dtpath/uu_exec/uu_alu/g4482/Y           -       B->Y  R     NOR3X4         1   3.7   117   151    2692    (-,-) 
  uu_dtpath/uu_exec/uu_alu/g4480/Y           -       B->Y  F     NAND2X4        1   3.5    96   112    2804    (-,-) 
  uu_dtpath/uu_exec/uu_alu/g4477/Y           -       B->Y  R     NOR2X4         1   2.6    61    79    2882    (-,-) 
  uu_dtpath/uu_exec/uu_alu/g4474/Y           -       A->Y  R     CLKAND2X3      1   2.7    35   120    3003    (-,-) 
  uu_dtpath/uu_exec/g816/Y                   -       B->Y  R     XOR2X4         1   3.7    77   183    3185    (-,-) 
  uu_dtpath/uu_exec/g460/Y                   -       A1->Y F     OAI21X4        3   6.3   143   128    3313    (-,-) 
  uu_dtpath/g2217/Y                          -       B->Y  F     OR2X6          1   4.3    50   180    3494    (-,-) 
  uu_dtpath/uu_dec/g1342/Y                   -       A->Y  R     CLKINVX6       2  16.1    69    61    3554    (-,-) 
  uu_dtpath/uu_dec/g1341/Y                   -       A->Y  F     INVX20       113 152.2   233   163    3718    (-,-) 
  uu_dtpath/uu_dec/g2278/Y                   -       B->Y  R     NOR2BX1        1   2.4   154   207    3924    (-,-) 
  uu_dtpath/uu_dec/rd1_ff_reg[0]/D           -       -     R     DFFRHQX2       1     -     -     0    3924    (-,-) 
#--------------------------------------------------------------------------------------------------------------------



Path 49: MET (4 ps) Setup Check with Pin uu_dtpath/uu_dec/o_aluControl_reg[3]/CK->D
          Group: ACLK_DE_2
     Startpoint: (R) uu_dtpath/uu_dec/immExt_ff_reg[0]/CK
          Clock: (R) ACLK_DE_2
       Endpoint: (R) uu_dtpath/uu_dec/o_aluControl_reg[3]/D
          Clock: (R) ACLK_DE_2

                     Capture       Launch     
        Clock Edge:+    4200            0     
       Src Latency:+       0            0     
       Net Latency:+       0 (I)        0 (I) 
           Arrival:=    4200            0     
                                              
             Setup:-     171                  
       Uncertainty:-     100                  
     Required Time:=    3929                  
      Launch Clock:-       0                  
         Data Path:-    3924                  
             Slack:=       4                  

#--------------------------------------------------------------------------------------------------------------------
#               Timing Point                 Flags   Arc   Edge   Cell     Fanout  Load Trans Delay Arrival Instance 
#                                                                                  (fF)  (ps)  (ps)   (ps)  Location 
#--------------------------------------------------------------------------------------------------------------------
  uu_dtpath/uu_dec/immExt_ff_reg[0]/CK       -       -     R     (arrival)    276     -    50     0       0    (-,-) 
  uu_dtpath/uu_dec/immExt_ff_reg[0]/Q        -       CK->Q R     DFFRHQX1       3   5.8   133   319     319    (-,-) 
  uu_dtpath/uu_exec/g1331/Y                  -       B->Y  R     CLKMX2X3       1   8.5    89   258     577    (-,-) 
  uu_dtpath/uu_exec/uu_alu/g2192/Y           -       A->Y  F     CLKINVX16     11  43.6   102    93     670    (-,-) 
  uu_dtpath/uu_exec/uu_alu/g2186/Y           -       A->Y  R     INVX20        36  59.4    92    95     765    (-,-) 
  uu_dtpath/uu_exec/uu_alu/sra_24_47_g2906/Y -       S0->Y F     MX2X1          2   4.6   135   231     997    (-,-) 
  uu_dtpath/uu_exec/uu_alu/sra_24_47_g2840/Y -       A1->Y R     AOI22X2        2   3.8   144   170    1167    (-,-) 
  uu_dtpath/uu_exec/uu_alu/g4917/Y           -       B1->Y R     OA22X1         2   5.2   127   265    1432    (-,-) 
  uu_dtpath/uu_exec/uu_alu/sra_24_47_g2770/Y -       B->Y  F     NOR2X1         1   3.5   128   136    1567    (-,-) 
  uu_dtpath/uu_exec/uu_alu/sra_24_47_g2726/Y -       C0->Y R     AOI211X4       1   2.9   116   128    1695    (-,-) 
  uu_dtpath/uu_exec/uu_alu/sra_24_47_g2715/Y -       B0->Y F     OAI21X2        1   2.8   135   148    1843    (-,-) 
  uu_dtpath/uu_exec/uu_alu/g4533/Y           -       A1->Y R     AOI221X2       1   2.9   180   222    2065    (-,-) 
  uu_dtpath/uu_exec/uu_alu/g4504/Y           -       B->Y  F     NAND2X2        2   4.2   166   185    2250    (-,-) 
  uu_dtpath/uu_exec/uu_alu/g4490/Y           -       A->Y  R     NOR2X2         1   2.9   101   148    2398    (-,-) 
  uu_dtpath/uu_exec/uu_alu/g4488/Y           -       A->Y  F     NAND2X2        1   3.5   138   143    2541    (-,-) 
  uu_dtpath/uu_exec/uu_alu/g4482/Y           -       B->Y  R     NOR3X4         1   3.7   117   151    2692    (-,-) 
  uu_dtpath/uu_exec/uu_alu/g4480/Y           -       B->Y  F     NAND2X4        1   3.5    96   112    2804    (-,-) 
  uu_dtpath/uu_exec/uu_alu/g4477/Y           -       B->Y  R     NOR2X4         1   2.6    61    79    2882    (-,-) 
  uu_dtpath/uu_exec/uu_alu/g4474/Y           -       A->Y  R     CLKAND2X3      1   2.7    35   120    3003    (-,-) 
  uu_dtpath/uu_exec/g816/Y                   -       B->Y  R     XOR2X4         1   3.7    77   183    3185    (-,-) 
  uu_dtpath/uu_exec/g460/Y                   -       A1->Y F     OAI21X4        3   6.3   143   128    3313    (-,-) 
  uu_dtpath/g2217/Y                          -       B->Y  F     OR2X6          1   4.3    50   180    3494    (-,-) 
  uu_dtpath/uu_dec/g1342/Y                   -       A->Y  R     CLKINVX6       2  16.1    69    61    3554    (-,-) 
  uu_dtpath/uu_dec/g1341/Y                   -       A->Y  F     INVX20       113 152.2   233   163    3718    (-,-) 
  uu_dtpath/uu_dec/g2262/Y                   -       B->Y  R     NOR2BX1        1   2.4   154   207    3924    (-,-) 
  uu_dtpath/uu_dec/o_aluControl_reg[3]/D     -       -     R     DFFRHQX2       1     -     -     0    3924    (-,-) 
#--------------------------------------------------------------------------------------------------------------------



Path 50: MET (4 ps) Setup Check with Pin uu_dtpath/uu_dec/o_aluControl_reg[0]/CK->D
          Group: ACLK_DE_2
     Startpoint: (R) uu_dtpath/uu_dec/immExt_ff_reg[0]/CK
          Clock: (R) ACLK_DE_2
       Endpoint: (R) uu_dtpath/uu_dec/o_aluControl_reg[0]/D
          Clock: (R) ACLK_DE_2

                     Capture       Launch     
        Clock Edge:+    4200            0     
       Src Latency:+       0            0     
       Net Latency:+       0 (I)        0 (I) 
           Arrival:=    4200            0     
                                              
             Setup:-     171                  
       Uncertainty:-     100                  
     Required Time:=    3929                  
      Launch Clock:-       0                  
         Data Path:-    3924                  
             Slack:=       4                  

#--------------------------------------------------------------------------------------------------------------------
#               Timing Point                 Flags   Arc   Edge   Cell     Fanout  Load Trans Delay Arrival Instance 
#                                                                                  (fF)  (ps)  (ps)   (ps)  Location 
#--------------------------------------------------------------------------------------------------------------------
  uu_dtpath/uu_dec/immExt_ff_reg[0]/CK       -       -     R     (arrival)    276     -    50     0       0    (-,-) 
  uu_dtpath/uu_dec/immExt_ff_reg[0]/Q        -       CK->Q R     DFFRHQX1       3   5.8   133   319     319    (-,-) 
  uu_dtpath/uu_exec/g1331/Y                  -       B->Y  R     CLKMX2X3       1   8.5    89   258     577    (-,-) 
  uu_dtpath/uu_exec/uu_alu/g2192/Y           -       A->Y  F     CLKINVX16     11  43.6   102    93     670    (-,-) 
  uu_dtpath/uu_exec/uu_alu/g2186/Y           -       A->Y  R     INVX20        36  59.4    92    95     765    (-,-) 
  uu_dtpath/uu_exec/uu_alu/sra_24_47_g2906/Y -       S0->Y F     MX2X1          2   4.6   135   231     997    (-,-) 
  uu_dtpath/uu_exec/uu_alu/sra_24_47_g2840/Y -       A1->Y R     AOI22X2        2   3.8   144   170    1167    (-,-) 
  uu_dtpath/uu_exec/uu_alu/g4917/Y           -       B1->Y R     OA22X1         2   5.2   127   265    1432    (-,-) 
  uu_dtpath/uu_exec/uu_alu/sra_24_47_g2770/Y -       B->Y  F     NOR2X1         1   3.5   128   136    1567    (-,-) 
  uu_dtpath/uu_exec/uu_alu/sra_24_47_g2726/Y -       C0->Y R     AOI211X4       1   2.9   116   128    1695    (-,-) 
  uu_dtpath/uu_exec/uu_alu/sra_24_47_g2715/Y -       B0->Y F     OAI21X2        1   2.8   135   148    1843    (-,-) 
  uu_dtpath/uu_exec/uu_alu/g4533/Y           -       A1->Y R     AOI221X2       1   2.9   180   222    2065    (-,-) 
  uu_dtpath/uu_exec/uu_alu/g4504/Y           -       B->Y  F     NAND2X2        2   4.2   166   185    2250    (-,-) 
  uu_dtpath/uu_exec/uu_alu/g4490/Y           -       A->Y  R     NOR2X2         1   2.9   101   148    2398    (-,-) 
  uu_dtpath/uu_exec/uu_alu/g4488/Y           -       A->Y  F     NAND2X2        1   3.5   138   143    2541    (-,-) 
  uu_dtpath/uu_exec/uu_alu/g4482/Y           -       B->Y  R     NOR3X4         1   3.7   117   151    2692    (-,-) 
  uu_dtpath/uu_exec/uu_alu/g4480/Y           -       B->Y  F     NAND2X4        1   3.5    96   112    2804    (-,-) 
  uu_dtpath/uu_exec/uu_alu/g4477/Y           -       B->Y  R     NOR2X4         1   2.6    61    79    2882    (-,-) 
  uu_dtpath/uu_exec/uu_alu/g4474/Y           -       A->Y  R     CLKAND2X3      1   2.7    35   120    3003    (-,-) 
  uu_dtpath/uu_exec/g816/Y                   -       B->Y  R     XOR2X4         1   3.7    77   183    3185    (-,-) 
  uu_dtpath/uu_exec/g460/Y                   -       A1->Y F     OAI21X4        3   6.3   143   128    3313    (-,-) 
  uu_dtpath/g2217/Y                          -       B->Y  F     OR2X6          1   4.3    50   180    3494    (-,-) 
  uu_dtpath/uu_dec/g1342/Y                   -       A->Y  R     CLKINVX6       2  16.1    69    61    3554    (-,-) 
  uu_dtpath/uu_dec/g1341/Y                   -       A->Y  F     INVX20       113 152.2   233   163    3718    (-,-) 
  uu_dtpath/uu_dec/g2258/Y                   -       B->Y  R     NOR2BX1        1   2.4   154   207    3924    (-,-) 
  uu_dtpath/uu_dec/o_aluControl_reg[0]/D     -       -     R     DFFRHQX2       1     -     -     0    3924    (-,-) 
#--------------------------------------------------------------------------------------------------------------------

