Power Unit: W
PDB Frame : /stim#1/frame#0 
--------------------------------------------------------
    Leakage    Internal   Switching       Total Instance
--------------------------------------------------------
1.86430e-10 7.19673e-09 4.82813e-08 5.56644e-08 /ariscv/FE_OFC465_n
1.16348e-10 4.65485e-09 2.55537e-08 3.03249e-08 /ariscv/FE_OFC217_rst_async_n
2.34178e-10 9.09953e-09 5.56355e-08 6.49692e-08 /ariscv/FE_OFC216_rst_async_n
5.33870e-11 2.32783e-08 5.33281e-08 7.66598e-08 /ariscv/FE_OFC195_o_writeData_26
5.33300e-11 2.31238e-08 5.50203e-08 7.81974e-08 /ariscv/FE_OFC189_o_writeData_25
5.33300e-11 2.33816e-08 6.94674e-08 9.29023e-08 /ariscv/FE_OFC188_o_writeData_27
5.24240e-11 1.84916e-08 4.18137e-08 6.03577e-08 /ariscv/FE_OFC178_o_writeWidth_1
5.15760e-11 5.62009e-09 1.25229e-08 1.81945e-08 /ariscv/FE_OFC176_o_memWrite
5.21970e-11 1.37154e-08 6.84859e-08 8.22535e-08 /ariscv/FE_OFC165_o_writeWidth_2
8.81780e-11 2.78082e-08 3.85400e-08 6.64364e-08 /ariscv/FE_OFC138_o_writeAddr_25
5.28200e-11 2.15328e-08 5.48958e-08 7.64814e-08 /ariscv/FE_OFC137_o_writeAddr_31
5.28770e-11 1.84730e-08 4.10457e-08 5.95716e-08 /ariscv/FE_OFC136_o_writeAddr_27
8.81780e-11 2.77546e-08 3.31562e-08 6.09989e-08 /ariscv/FE_OFC135_o_writeAddr_20
5.27640e-11 2.00565e-08 4.16721e-08 6.17813e-08 /ariscv/FE_OFC132_o_writeAddr_30
5.29330e-11 2.01212e-08 5.85871e-08 7.87613e-08 /ariscv/FE_OFC131_o_writeAddr_23
5.28770e-11 1.84687e-08 3.81909e-08 5.67125e-08 /ariscv/FE_OFC129_o_writeAddr_28
1.86430e-10 7.14781e-09 3.97340e-08 4.70682e-08 /ariscv/FE_OFC20_rst_async_n
1.89141e-10 7.15356e-09 3.16725e-08 3.90152e-08 /ariscv/FE_OFC10_rst_async_n
1.14641e-10 2.79000e-07 3.92887e-07 6.72002e-07 /ariscv/CTS_cpc_drv_buf_00529
1.14663e-10 2.80563e-07 3.35970e-07 6.16648e-07 /ariscv/CTS_cpc_drv_buf_00534
5.37320e-11 1.42432e-07 0.00000e+00 1.42485e-07 /ariscv/CTS_ccl_a_buf_00139
1.14646e-10 2.76356e-07 3.26262e-07 6.02732e-07 /ariscv/CTS_ccl_a_buf_00311
1.14643e-10 2.76209e-07 3.54321e-07 6.30644e-07 /ariscv/CTS_ccl_a_buf_00398
5.37560e-11 1.45238e-07 1.49729e-07 2.95021e-07 /ariscv/CTS_ccl_a_buf_00403
1.93285e-10 4.19384e-09 4.96311e-08 5.40182e-08 /ariscv/FE_OFC32_rst_async_n
1.45538e-10 3.17024e-09 4.10919e-08 4.44077e-08 /ariscv/FE_OFC31_rst_async_n
9.68090e-11 2.10554e-09 2.83910e-08 3.05933e-08 /ariscv/FE_OFC6_rst_async_n
1.93285e-10 4.11720e-09 4.57971e-08 5.01076e-08 /ariscv/FE_OFC5_rst_async_n
1.94266e-10 4.43227e-09 5.63924e-08 6.10189e-08 /ariscv/FE_OFC0_rst_async_n
5.28200e-11 2.15295e-08 3.66458e-08 5.82281e-08 /ariscv/uu_dtpath/FE_PSC548_FE_OFN144_o_writeAddr_31
5.29330e-11 2.01195e-08 4.56437e-08 6.58161e-08 /ariscv/uu_dtpath/FE_PSC547_FE_OFN138_o_writeAddr_23
5.29330e-11 2.01667e-08 7.71549e-08 9.73745e-08 /ariscv/uu_dtpath/FE_OFC539_o_writeAddr_15
5.21970e-11 2.01275e-08 7.80487e-08 9.82284e-08 /ariscv/uu_dtpath/FE_OFC535_o_writeAddr_7
1.13062e-10 4.67239e-09 2.27205e-08 2.75059e-08 /ariscv/uu_dtpath/FE_OFC534_rst_async_n
5.29330e-11 2.01655e-08 8.46764e-08 1.04895e-07 /ariscv/uu_dtpath/FE_OFC521_o_writeAddr_24
2.34179e-10 9.30559e-09 5.42462e-08 6.37860e-08 /ariscv/uu_dtpath/FE_OFC467_rst_async_n
5.63320e-11 2.43680e-09 1.30217e-08 1.55148e-08 /ariscv/uu_dtpath/FE_OFC466_rst_async_n
1.86430e-10 7.35184e-09 5.05873e-08 5.81256e-08 /ariscv/uu_dtpath/FE_OFC225_rst_async_n
5.23670e-11 1.85710e-08 7.00749e-08 8.86982e-08 /ariscv/uu_dtpath/FE_OFC196_o_writeAddr_9
5.21410e-11 1.69303e-08 6.21469e-08 7.91293e-08 /ariscv/uu_dtpath/FE_OFC191_o_writeAddr_10
5.16880e-11 7.25629e-09 2.91964e-08 3.65044e-08 /ariscv/uu_dtpath/FE_OFC190_o_writeAddr_8
5.28770e-11 1.86064e-08 8.48842e-08 1.03544e-07 /ariscv/uu_dtpath/FE_OFC187_o_writeAddr_14
5.23110e-11 2.01889e-08 8.24588e-08 1.02700e-07 /ariscv/uu_dtpath/FE_OFC184_o_writeAddr_4
5.28200e-11 1.85538e-08 8.06563e-08 9.92629e-08 /ariscv/uu_dtpath/FE_OFC181_o_writeAddr_12
5.24800e-11 2.18434e-08 1.11631e-07 1.33527e-07 /ariscv/uu_dtpath/FE_OFC179_o_writeAddr_11
5.28200e-11 2.02402e-08 8.39513e-08 1.04244e-07 /ariscv/uu_dtpath/FE_OFC174_o_writeAddr_13
5.28770e-11 1.85884e-08 8.27586e-08 1.01400e-07 /ariscv/uu_dtpath/FE_OFC171_o_writeAddr_19
5.29330e-11 2.02063e-08 8.98117e-08 1.10071e-07 /ariscv/uu_dtpath/FE_OFC170_o_writeAddr_16
5.28770e-11 1.85754e-08 9.77619e-08 1.16390e-07 /ariscv/uu_dtpath/FE_OFC168_o_writeAddr_17
5.26510e-11 2.33587e-08 1.28087e-07 1.51499e-07 /ariscv/uu_dtpath/FE_OFC160_o_writeAddr_3
5.29330e-11 2.02387e-08 9.11946e-08 1.11486e-07 /ariscv/uu_dtpath/FE_OFC158_o_writeAddr_18
5.20280e-11 1.37238e-08 6.33712e-08 7.71471e-08 /ariscv/uu_dtpath/FE_OFC151_o_writeAddr_5
5.29330e-11 2.01872e-08 1.14063e-07 1.34303e-07 /ariscv/uu_dtpath/FE_OFC149_o_writeAddr_21
1.88509e-10 7.49472e-08 1.51591e-07 2.26726e-07 /ariscv/uu_dtpath/FE_OFC145_o_writeAddr_2
5.27630e-11 2.99286e-08 1.68052e-07 1.98033e-07 /ariscv/uu_dtpath/FE_OFC143_o_writeAddr_1
5.28770e-11 2.17498e-08 1.05275e-07 1.27077e-07 /ariscv/uu_dtpath/FE_OFC139_o_writeAddr_29
8.81780e-11 2.83028e-08 1.21136e-07 1.49527e-07 /ariscv/uu_dtpath/FE_OFC122_o_writeAddr_22
8.82250e-11 3.07883e-08 1.25961e-07 1.56837e-07 /ariscv/uu_dtpath/FE_OFC114_o_writeAddr_26
5.24800e-11 2.30702e-08 1.01218e-07 1.24340e-07 /ariscv/uu_dtpath/FE_OFC112_o_writeAddr_0
2.34178e-10 9.10783e-09 6.42252e-08 7.35672e-08 /ariscv/uu_dtpath/FE_OFC26_rst_async_n
1.86430e-10 7.17302e-09 4.88955e-08 5.62549e-08 /ariscv/uu_dtpath/FE_OFC24_rst_async_n
3.58979e-10 1.36409e-08 6.95406e-08 8.35405e-08 /ariscv/uu_dtpath/FE_OFC23_rst_async_n
3.58979e-10 1.36301e-08 6.57795e-08 7.97686e-08 /ariscv/uu_dtpath/FE_OFC22_rst_async_n
1.86430e-10 7.15450e-09 5.09435e-08 5.82844e-08 /ariscv/uu_dtpath/FE_OFC21_rst_async_n
5.13120e-11 2.38440e-09 9.49233e-09 1.19280e-08 /ariscv/uu_dtpath/FE_OFC2_rst_async_n
1.45538e-10 3.17083e-09 4.64892e-08 4.98056e-08 /ariscv/uu_dtpath/FE_OFC29_rst_async_n
1.93286e-10 4.13277e-09 5.73162e-08 6.16423e-08 /ariscv/uu_dtpath/FE_OFC18_rst_async_n
2.21110e-11 5.68966e-10 6.01150e-09 6.60258e-09 /ariscv/uu_dtpath/FE_OFC16_rst_async_n
4.55330e-11 1.08201e-09 9.19585e-09 1.03234e-08 /ariscv/uu_dtpath/FE_OFC11_rst_async_n
2.18890e-11 1.71576e-09 8.39951e-09 1.01372e-08 /ariscv/uu_dtpath/uu_wb/g1317
2.20350e-11 1.33455e-09 5.64757e-09 7.00415e-09 /ariscv/uu_dtpath/uu_wb/g1318
2.22342e-10 3.44592e-08 1.22848e-07 1.57529e-07 /ariscv/uu_dtpath/uu_wb/g1313
1.87648e-10 1.35555e-08 5.51771e-08 6.89203e-08 /ariscv/uu_dtpath/uu_wb/g1314
1.13953e-10 1.19437e-08 6.78653e-08 7.99230e-08 /ariscv/uu_dtpath/uu_wb/g1315
1.85050e-10 7.83966e-09 3.34473e-08 4.14720e-08 /ariscv/uu_dtpath/uu_wb/g1316
2.25332e-10 8.37010e-08 4.31086e-07 5.15012e-07 /ariscv/uu_dtpath/uu_wb/g1217
6.01790e-11 2.43732e-08 7.04321e-08 9.48654e-08 /ariscv/uu_dtpath/uu_wb/g1218
1.29392e-10 4.29493e-08 1.87499e-07 2.30578e-07 /ariscv/uu_dtpath/uu_wb/g1219
3.80680e-11 1.51898e-08 1.38241e-08 2.90520e-08 /ariscv/uu_dtpath/uu_wb/g1220
1.33826e-10 2.26697e-08 9.16408e-08 1.14444e-07 /ariscv/uu_dtpath/uu_wb/g1221
1.32526e-10 4.35828e-08 2.01716e-07 2.45431e-07 /ariscv/uu_dtpath/uu_wb/g1222
3.80670e-11 1.52048e-08 1.46073e-08 2.98502e-08 /ariscv/uu_dtpath/uu_wb/g1223
6.07810e-11 2.32975e-08 6.64203e-08 8.97786e-08 /ariscv/uu_dtpath/uu_wb/g1224
1.28958e-10 4.29194e-08 1.20277e-07 1.63326e-07 /ariscv/uu_dtpath/uu_wb/g1225
6.07580e-11 1.88231e-08 5.04456e-08 6.93295e-08 /ariscv/uu_dtpath/uu_wb/g1226
6.12250e-11 2.28168e-08 6.16167e-08 8.44947e-08 /ariscv/uu_dtpath/uu_wb/g1227
6.10810e-11 2.69841e-08 7.39985e-08 1.01044e-07 /ariscv/uu_dtpath/uu_wb/g1228
1.29394e-10 4.30343e-08 1.80332e-07 2.23495e-07 /ariscv/uu_dtpath/uu_wb/g1229
2.71087e-10 9.17353e-08 4.32118e-07 5.24124e-07 /ariscv/uu_dtpath/uu_wb/g1230
1.29392e-10 4.62822e-08 1.15602e-07 1.62013e-07 /ariscv/uu_dtpath/uu_wb/g1231
1.29392e-10 4.63608e-08 1.70917e-07 2.17407e-07 /ariscv/uu_dtpath/uu_wb/g1232
1.32818e-10 3.87887e-08 1.77004e-07 2.15925e-07 /ariscv/uu_dtpath/uu_wb/g1233
5.99600e-11 3.55419e-08 1.00551e-07 1.36153e-07 /ariscv/uu_dtpath/uu_wb/g1234
2.76776e-10 9.94503e-08 4.69272e-07 5.68999e-07 /ariscv/uu_dtpath/uu_wb/g1235
3.78930e-11 1.52347e-08 1.84868e-08 3.37594e-08 /ariscv/uu_dtpath/uu_wb/g1236
1.28865e-10 5.15728e-08 2.40005e-07 2.91707e-07 /ariscv/uu_dtpath/uu_wb/g1237
2.19260e-10 7.38302e-08 3.96128e-07 4.70177e-07 /ariscv/uu_dtpath/uu_wb/g1238
1.29394e-10 4.30180e-08 1.83300e-07 2.26447e-07 /ariscv/uu_dtpath/uu_wb/g1239
1.30989e-10 4.59143e-08 2.03936e-07 2.49981e-07 /ariscv/uu_dtpath/uu_wb/g1240
1.30905e-10 4.60184e-08 2.00593e-07 2.46742e-07 /ariscv/uu_dtpath/uu_wb/g1241
6.09480e-11 2.12760e-08 8.59076e-08 1.07245e-07 /ariscv/uu_dtpath/uu_wb/g1242
6.12210e-11 2.33029e-08 7.63083e-08 9.96724e-08 /ariscv/uu_dtpath/uu_wb/g1243
2.18708e-10 7.37727e-08 3.42798e-07 4.16790e-07 /ariscv/uu_dtpath/uu_wb/g1244
1.30868e-10 4.40585e-08 1.57612e-07 2.01801e-07 /ariscv/uu_dtpath/uu_wb/g1245
1.32573e-10 4.65754e-08 2.01751e-07 2.48459e-07 /ariscv/uu_dtpath/uu_wb/g1246
1.32823e-10 3.67621e-08 1.65828e-07 2.02722e-07 /ariscv/uu_dtpath/uu_wb/g1247
1.28967e-10 4.98345e-08 1.47405e-07 1.97369e-07 /ariscv/uu_dtpath/uu_wb/g1248
4.04880e-11 4.50919e-09 7.73944e-09 1.22891e-08 /ariscv/uu_dtpath/uu_wb/g1249
4.04880e-11 4.51018e-09 2.70101e-09 7.25168e-09 /ariscv/uu_dtpath/uu_wb/g1250
4.01200e-11 2.61628e-09 1.07663e-09 3.73303e-09 /ariscv/uu_dtpath/uu_wb/g1251
4.06710e-11 1.07361e-08 1.18287e-08 2.26055e-08 /ariscv/uu_dtpath/uu_wb/g1252
4.09030e-11 1.87252e-08 3.65618e-08 5.53279e-08 /ariscv/uu_dtpath/uu_wb/g1253
4.09940e-11 2.03591e-08 3.03898e-08 5.07898e-08 /ariscv/uu_dtpath/uu_wb/g1254
4.04060e-11 4.16314e-09 1.83485e-09 6.03840e-09 /ariscv/uu_dtpath/uu_wb/g1255
4.12110e-11 1.80216e-08 2.50262e-08 4.30890e-08 /ariscv/uu_dtpath/uu_wb/g1256
4.04880e-11 4.50933e-09 3.34321e-09 7.89302e-09 /ariscv/uu_dtpath/uu_wb/g1257
4.11220e-11 5.45289e-09 1.67026e-09 7.16426e-09 /ariscv/uu_dtpath/uu_wb/g1258
4.04890e-11 4.50487e-09 4.21679e-09 8.76215e-09 /ariscv/uu_dtpath/uu_wb/g1259
4.04570e-11 1.59999e-08 1.32912e-08 2.93316e-08 /ariscv/uu_dtpath/uu_wb/g1260
4.09030e-11 1.86685e-08 3.25589e-08 5.12683e-08 /ariscv/uu_dtpath/uu_wb/g1261
4.14230e-11 4.79503e-09 3.94527e-09 8.78173e-09 /ariscv/uu_dtpath/uu_wb/g1262
4.04870e-11 4.50543e-09 2.44838e-09 6.99430e-09 /ariscv/uu_dtpath/uu_wb/g1263
4.01280e-11 1.42872e-08 5.32107e-09 1.96484e-08 /ariscv/uu_dtpath/uu_wb/g1264
4.09580e-11 2.03263e-08 2.84166e-08 4.87839e-08 /ariscv/uu_dtpath/uu_wb/g1265
4.04880e-11 4.51006e-09 3.73278e-09 8.28332e-09 /ariscv/uu_dtpath/uu_wb/g1266
4.09030e-11 1.87191e-08 2.19852e-08 4.07452e-08 /ariscv/uu_dtpath/uu_wb/g1267
4.07780e-11 4.63141e-09 2.58532e-09 7.25751e-09 /ariscv/uu_dtpath/uu_wb/g1268
4.13380e-11 1.80066e-08 6.22164e-09 2.42696e-08 /ariscv/uu_dtpath/uu_wb/g1269
4.09920e-11 1.86973e-08 2.78034e-08 4.65418e-08 /ariscv/uu_dtpath/uu_wb/g1270
4.08440e-11 6.29032e-09 6.98863e-10 7.03002e-09 /ariscv/uu_dtpath/uu_wb/g1271
4.16100e-11 2.35634e-08 1.53399e-08 3.89449e-08 /ariscv/uu_dtpath/uu_wb/g1272
4.04880e-11 4.50530e-09 2.27367e-09 6.81945e-09 /ariscv/uu_dtpath/uu_wb/g1273
4.04890e-11 5.11214e-09 1.20642e-08 1.72168e-08 /ariscv/uu_dtpath/uu_wb/g1274
4.10000e-11 4.65757e-09 1.97652e-09 6.67509e-09 /ariscv/uu_dtpath/uu_wb/g1275
4.09030e-11 1.86764e-08 1.58411e-08 3.45585e-08 /ariscv/uu_dtpath/uu_wb/g1276
4.12100e-11 2.66421e-08 1.36973e-08 4.03806e-08 /ariscv/uu_dtpath/uu_wb/g1277
4.04880e-11 4.50883e-09 1.33728e-08 1.79222e-08 /ariscv/uu_dtpath/uu_wb/g1278
4.06160e-11 3.70482e-09 1.51578e-09 5.26122e-09 /ariscv/uu_dtpath/uu_wb/g1279
4.08230e-11 2.89891e-08 9.14897e-09 3.81789e-08 /ariscv/uu_dtpath/uu_wb/g1280
4.07110e-11 7.04656e-09 3.92807e-09 1.10153e-08 /ariscv/uu_dtpath/uu_wb/g1281
4.09190e-11 2.03482e-08 3.34928e-08 5.38819e-08 /ariscv/uu_dtpath/uu_wb/g1282
4.02970e-11 2.53471e-09 1.85104e-09 4.42605e-09 /ariscv/uu_dtpath/uu_wb/g1283
4.09940e-11 2.03311e-08 1.97651e-08 4.01372e-08 /ariscv/uu_dtpath/uu_wb/g1284
4.05830e-11 2.23580e-08 1.92427e-08 4.16413e-08 /ariscv/uu_dtpath/uu_wb/g1285
4.09940e-11 2.03810e-08 2.33657e-08 4.37877e-08 /ariscv/uu_dtpath/uu_wb/g1286
4.09010e-11 1.87002e-08 1.92235e-08 3.79646e-08 /ariscv/uu_dtpath/uu_wb/g1287
4.06000e-11 5.66565e-09 1.36784e-08 1.93847e-08 /ariscv/uu_dtpath/uu_wb/g1288
4.09940e-11 2.03277e-08 6.84697e-09 2.72156e-08 /ariscv/uu_dtpath/uu_wb/g1289
4.04890e-11 4.50563e-09 2.36575e-09 6.91186e-09 /ariscv/uu_dtpath/uu_wb/g1290
4.07940e-11 8.51920e-09 4.21477e-09 1.27748e-08 /ariscv/uu_dtpath/uu_wb/g1291
4.02640e-11 1.84557e-08 1.53446e-08 3.38406e-08 /ariscv/uu_dtpath/uu_wb/g1292
4.09920e-11 1.87388e-08 2.93550e-08 4.81347e-08 /ariscv/uu_dtpath/uu_wb/g1293
4.08430e-11 8.49918e-09 4.11088e-09 1.26509e-08 /ariscv/uu_dtpath/uu_wb/g1294
4.04880e-11 4.50669e-09 5.80812e-09 1.03553e-08 /ariscv/uu_dtpath/uu_wb/g1295
4.02280e-11 2.00603e-08 4.92442e-09 2.50249e-08 /ariscv/uu_dtpath/uu_wb/g1296
4.04880e-11 5.11347e-09 7.31513e-09 1.24691e-08 /ariscv/uu_dtpath/uu_wb/g1297
3.96570e-11 2.24663e-09 1.15758e-09 3.44386e-09 /ariscv/uu_dtpath/uu_wb/g1298
4.16410e-11 2.19879e-08 2.98811e-08 5.19107e-08 /ariscv/uu_dtpath/uu_wb/g1299
4.02650e-11 1.85301e-08 1.50343e-08 3.36047e-08 /ariscv/uu_dtpath/uu_wb/g1300
3.94400e-11 2.51733e-09 1.19603e-09 3.75280e-09 /ariscv/uu_dtpath/uu_wb/g1301
4.12290e-11 2.29025e-08 2.13039e-08 4.42476e-08 /ariscv/uu_dtpath/uu_wb/g1302
4.09000e-11 1.87153e-08 1.72685e-08 3.60248e-08 /ariscv/uu_dtpath/uu_wb/g1303
4.07580e-11 7.02666e-09 7.05474e-09 1.41222e-08 /ariscv/uu_dtpath/uu_wb/g1304
3.94170e-11 1.10575e-09 2.81299e-10 1.42647e-09 /ariscv/uu_dtpath/uu_wb/g1305
4.02990e-11 2.00904e-08 1.14510e-08 3.15817e-08 /ariscv/uu_dtpath/uu_wb/g1306
4.11580e-11 1.80197e-08 1.86416e-08 3.67025e-08 /ariscv/uu_dtpath/uu_wb/g1307
4.08260e-11 2.02900e-08 1.97989e-08 4.01297e-08 /ariscv/uu_dtpath/uu_wb/g1308
4.04880e-11 4.50816e-09 3.92166e-09 8.47031e-09 /ariscv/uu_dtpath/uu_wb/g1309
3.93900e-11 2.40323e-09 2.17552e-09 4.61814e-09 /ariscv/uu_dtpath/uu_wb/g1310
4.04870e-11 4.50631e-09 3.51793e-09 8.06472e-09 /ariscv/uu_dtpath/uu_wb/g1311
4.11560e-11 1.88919e-08 4.63031e-09 2.35634e-08 /ariscv/uu_dtpath/uu_wb/g1312
5.29340e-11 1.98404e-08 4.01627e-08 6.00561e-08 /ariscv/uu_dtpath/uu_mem/FE_OFC507_o_writeAddr_24
5.22560e-11 1.66033e-08 5.22731e-08 6.89287e-08 /ariscv/uu_dtpath/uu_mem/FE_OFC142_o_writeAddr_6
8.88960e-11 2.17239e-07 2.75636e-07 4.92963e-07 /ariscv/uu_dtpath/uu_mem/CTS_csf_buf_00429
8.88960e-11 2.17231e-07 2.30264e-07 4.47584e-07 /ariscv/uu_dtpath/uu_mem/CTS_csf_buf_00428
1.14649e-10 2.76348e-07 4.54199e-07 7.30662e-07 /ariscv/uu_dtpath/uu_mem/CTS_ccl_a_buf_00153
1.14649e-10 2.76338e-07 4.18439e-07 6.94891e-07 /ariscv/uu_dtpath/uu_mem/CTS_ccl_a_buf_00151
1.14648e-10 2.76635e-07 3.64649e-07 6.41399e-07 /ariscv/uu_dtpath/uu_mem/CTS_ccl_a_buf_00265
1.14649e-10 2.76804e-07 3.05605e-07 5.82524e-07 /ariscv/uu_dtpath/uu_mem/CTS_ccl_a_buf_00152
1.14648e-10 2.76608e-07 2.66740e-07 5.43463e-07 /ariscv/uu_dtpath/uu_mem/CTS_ccl_a_buf_00263
8.89000e-11 2.17623e-07 2.63994e-07 4.81706e-07 /ariscv/uu_dtpath/uu_mem/CTS_ccl_a_buf_00143
1.14651e-10 2.76771e-07 3.81245e-07 6.58131e-07 /ariscv/uu_dtpath/uu_mem/CTS_ccl_a_buf_00142
1.14651e-10 2.76771e-07 3.80350e-07 6.57235e-07 /ariscv/uu_dtpath/uu_mem/CTS_ccl_a_buf_00141
8.88960e-11 2.17505e-07 2.36293e-07 4.53887e-07 /ariscv/uu_dtpath/uu_mem/CTS_ccl_a_buf_00260
8.88960e-11 2.17014e-07 2.54741e-07 4.71844e-07 /ariscv/uu_dtpath/uu_mem/CTS_ccl_a_buf_00337
1.14649e-10 2.76820e-07 4.24110e-07 7.01045e-07 /ariscv/uu_dtpath/uu_mem/CTS_ccl_a_buf_00154
1.14649e-10 2.76795e-07 3.32291e-07 6.09201e-07 /ariscv/uu_dtpath/uu_mem/CTS_ccl_a_buf_00146
1.14649e-10 2.76829e-07 4.54975e-07 7.31919e-07 /ariscv/uu_dtpath/uu_mem/CTS_ccl_a_buf_00145
8.88960e-11 2.17205e-07 2.30682e-07 4.47976e-07 /ariscv/uu_dtpath/uu_mem/CTS_ccl_a_buf_00264
1.14649e-10 2.76619e-07 3.72649e-07 6.49382e-07 /ariscv/uu_dtpath/uu_mem/CTS_ccl_a_buf_00150
1.14649e-10 2.76620e-07 3.73902e-07 6.50636e-07 /ariscv/uu_dtpath/uu_mem/CTS_ccl_a_buf_00149
1.14649e-10 2.76617e-07 3.66022e-07 6.42754e-07 /ariscv/uu_dtpath/uu_mem/CTS_ccl_a_buf_00148
1.14649e-10 2.76613e-07 3.50858e-07 6.27586e-07 /ariscv/uu_dtpath/uu_mem/CTS_ccl_a_buf_00147
8.88960e-11 2.17210e-07 2.58263e-07 4.75562e-07 /ariscv/uu_dtpath/uu_mem/CTS_ccl_a_buf_00262
8.88960e-11 2.17023e-07 3.05366e-07 5.22478e-07 /ariscv/uu_dtpath/uu_mem/CTS_ccl_a_buf_00309
8.89000e-11 2.17655e-07 2.00473e-07 4.18218e-07 /ariscv/uu_dtpath/uu_mem/CTS_csf_buf_00432
8.89000e-11 2.17663e-07 2.48353e-07 4.66104e-07 /ariscv/uu_dtpath/uu_mem/CTS_csf_buf_00431
1.14651e-10 2.76822e-07 3.87991e-07 6.64928e-07 /ariscv/uu_dtpath/uu_mem/CTS_ccl_a_buf_00144
1.14648e-10 2.76740e-07 2.68770e-07 5.45625e-07 /ariscv/uu_dtpath/uu_mem/CTS_ccl_a_buf_00261
1.14648e-10 2.76042e-07 2.75934e-07 5.52090e-07 /ariscv/uu_dtpath/uu_mem/CTS_ccl_a_buf_00308
1.14649e-10 2.76359e-07 4.13961e-07 6.90435e-07 /ariscv/uu_dtpath/uu_mem/CTS_ccl_a_buf_00365
8.88920e-11 2.17114e-07 2.97486e-07 5.14689e-07 /ariscv/uu_dtpath/uu_mem/CTS_ccl_a_buf_00372
1.14643e-10 2.76220e-07 3.92111e-07 6.68445e-07 /ariscv/uu_dtpath/uu_mem/CTS_ccl_a_buf_00386
1.34564e-10 2.26328e-07 2.16742e-08 2.48137e-07 /ariscv/uu_dtpath/uu_mem/o_readData_reg[31]
1.34564e-10 2.26328e-07 2.03318e-08 2.46795e-07 /ariscv/uu_dtpath/uu_mem/o_readData_reg[30]
1.34564e-10 2.26328e-07 2.06556e-08 2.47118e-07 /ariscv/uu_dtpath/uu_mem/o_readData_reg[28]
1.34564e-10 2.26328e-07 1.73906e-08 2.43853e-07 /ariscv/uu_dtpath/uu_mem/o_readData_reg[24]
1.34564e-10 2.26327e-07 2.51618e-09 2.28978e-07 /ariscv/uu_dtpath/uu_mem/o_readData_reg[16]
1.33342e-10 2.14996e-07 1.12790e-09 2.16258e-07 /ariscv/uu_dtpath/uu_mem/o_readData_reg[0]
1.34024e-10 2.21931e-07 3.73582e-09 2.25801e-07 /ariscv/uu_dtpath/uu_mem/o_pc_plus4_reg[5]
1.34229e-10 2.37300e-07 3.22954e-09 2.40664e-07 /ariscv/uu_dtpath/uu_mem/o_pc_plus4_reg[4]
1.25437e-10 2.11711e-07 1.05976e-08 2.22434e-07 /ariscv/uu_dtpath/uu_mem/o_wr_addr_reg_reg[4]
1.34437e-10 2.69299e-07 1.25303e-08 2.81964e-07 /ariscv/uu_dtpath/uu_mem/o_pc_plus4_reg[3]
1.34644e-10 3.05060e-07 2.22570e-08 3.27452e-07 /ariscv/uu_dtpath/uu_mem/o_pc_plus4_reg[2]
1.35312e-10 2.28685e-07 8.37826e-10 2.29658e-07 /ariscv/uu_dtpath/uu_mem/o_readData_reg[15]
1.28008e-10 2.29626e-07 4.10656e-08 2.70820e-07 /ariscv/uu_dtpath/uu_mem/o_wr_addr_reg_reg[3]
1.25011e-10 2.06592e-07 3.13004e-10 2.07030e-07 /ariscv/uu_dtpath/uu_mem/o_pc_plus4_reg[1]
1.25011e-10 2.06594e-07 5.57201e-10 2.07276e-07 /ariscv/uu_dtpath/uu_mem/o_pc_plus4_reg[0]
1.31654e-10 2.42437e-07 3.76192e-08 2.80188e-07 /ariscv/uu_dtpath/uu_mem/o_wr_addr_reg_reg[2]
1.30579e-10 2.21959e-07 7.23485e-09 2.29325e-07 /ariscv/uu_dtpath/uu_mem/o_pcTarget_reg[31]
1.30150e-10 2.21957e-07 7.84872e-09 2.29936e-07 /ariscv/uu_dtpath/uu_mem/o_pcTarget_reg[30]
1.34564e-10 2.26328e-07 2.03520e-08 2.46815e-07 /ariscv/uu_dtpath/uu_mem/o_readData_reg[23]
1.35311e-10 2.28685e-07 1.90636e-09 2.30727e-07 /ariscv/uu_dtpath/uu_mem/o_readData_reg[14]
1.30157e-10 2.29638e-07 1.37142e-08 2.43482e-07 /ariscv/uu_dtpath/uu_mem/o_wr_addr_reg_reg[1]
1.30575e-10 2.21941e-07 2.00822e-09 2.24080e-07 /ariscv/uu_dtpath/uu_mem/o_pcTarget_reg[29]
1.30152e-10 2.21940e-07 3.49904e-09 2.25569e-07 /ariscv/uu_dtpath/uu_mem/o_pcTarget_reg[28]
1.30583e-10 2.42414e-07 5.37292e-08 2.96274e-07 /ariscv/uu_dtpath/uu_mem/o_wr_addr_reg_reg[0]
1.30150e-10 2.21964e-07 5.33187e-09 2.27426e-07 /ariscv/uu_dtpath/uu_mem/o_pcTarget_reg[27]
1.30582e-10 2.21947e-07 7.35763e-09 2.29435e-07 /ariscv/uu_dtpath/uu_mem/o_pcTarget_reg[26]
1.35312e-10 2.28692e-07 3.55166e-09 2.32379e-07 /ariscv/uu_dtpath/uu_mem/o_readData_reg[13]
1.25011e-10 2.06589e-07 4.19250e-10 2.07133e-07 /ariscv/uu_dtpath/uu_mem/o_pc_plus4_reg[31]
1.30152e-10 2.21931e-07 6.84899e-09 2.28910e-07 /ariscv/uu_dtpath/uu_mem/o_pcTarget_reg[25]
1.30579e-10 2.21946e-07 7.68210e-09 2.29759e-07 /ariscv/uu_dtpath/uu_mem/o_pcTarget_reg[24]
1.25003e-10 2.06587e-07 1.68644e-10 2.06881e-07 /ariscv/uu_dtpath/uu_mem/o_pc_plus4_reg[30]
1.30579e-10 2.21946e-07 5.86681e-09 2.27943e-07 /ariscv/uu_dtpath/uu_mem/o_pcTarget_reg[23]
1.30156e-10 2.21903e-07 5.36695e-09 2.27400e-07 /ariscv/uu_dtpath/uu_mem/o_pcTarget_reg[22]
1.34564e-10 2.26328e-07 1.92862e-08 2.45749e-07 /ariscv/uu_dtpath/uu_mem/o_readData_reg[27]
1.34564e-10 2.26328e-07 1.48576e-08 2.41320e-07 /ariscv/uu_dtpath/uu_mem/o_readData_reg[22]
1.35312e-10 2.28692e-07 1.07460e-09 2.29902e-07 /ariscv/uu_dtpath/uu_mem/o_readData_reg[12]
1.25011e-10 2.06588e-07 3.95303e-10 2.07108e-07 /ariscv/uu_dtpath/uu_mem/o_pc_plus4_reg[29]
1.30586e-10 2.21964e-07 6.50698e-09 2.28601e-07 /ariscv/uu_dtpath/uu_mem/o_pcTarget_reg[21]
1.30146e-10 2.21941e-07 4.46368e-09 2.26535e-07 /ariscv/uu_dtpath/uu_mem/o_pcTarget_reg[20]
1.25011e-10 2.06587e-07 4.56689e-10 2.07169e-07 /ariscv/uu_dtpath/uu_mem/o_pc_plus4_reg[28]
1.30146e-10 2.21951e-07 4.86708e-09 2.26948e-07 /ariscv/uu_dtpath/uu_mem/o_pcTarget_reg[19]
1.30577e-10 2.21947e-07 3.29734e-09 2.25375e-07 /ariscv/uu_dtpath/uu_mem/o_pcTarget_reg[18]
1.33849e-10 2.30512e-07 1.08067e-09 2.31727e-07 /ariscv/uu_dtpath/uu_mem/o_readData_reg[11]
1.25002e-10 2.06589e-07 3.14690e-10 2.07028e-07 /ariscv/uu_dtpath/uu_mem/o_pc_plus4_reg[27]
1.30146e-10 2.21949e-07 4.53384e-09 2.26613e-07 /ariscv/uu_dtpath/uu_mem/o_pcTarget_reg[17]
1.30582e-10 2.21951e-07 1.20142e-08 2.34096e-07 /ariscv/uu_dtpath/uu_mem/o_pcTarget_reg[16]
1.25001e-10 2.06589e-07 5.80811e-10 2.07295e-07 /ariscv/uu_dtpath/uu_mem/o_pc_plus4_reg[26]
1.30590e-10 2.21940e-07 5.71773e-09 2.27789e-07 /ariscv/uu_dtpath/uu_mem/o_pcTarget_reg[15]
1.30159e-10 2.21867e-07 8.81337e-09 2.30810e-07 /ariscv/uu_dtpath/uu_mem/o_pcTarget_reg[14]
1.34564e-10 2.26328e-07 1.91850e-08 2.45648e-07 /ariscv/uu_dtpath/uu_mem/o_readData_reg[21]
1.34898e-10 2.28692e-07 8.37826e-10 2.29665e-07 /ariscv/uu_dtpath/uu_mem/o_readData_reg[10]
1.25011e-10 2.06589e-07 2.01024e-10 2.06915e-07 /ariscv/uu_dtpath/uu_mem/o_pc_plus4_reg[25]
1.30584e-10 2.21940e-07 5.50726e-09 2.27577e-07 /ariscv/uu_dtpath/uu_mem/o_pcTarget_reg[13]
1.30157e-10 2.21912e-07 4.67415e-09 2.26716e-07 /ariscv/uu_dtpath/uu_mem/o_pcTarget_reg[12]
1.25002e-10 2.06590e-07 3.09294e-10 2.07024e-07 /ariscv/uu_dtpath/uu_mem/o_pc_plus4_reg[24]
1.28224e-10 2.32157e-07 6.71475e-09 2.39000e-07 /ariscv/uu_dtpath/uu_mem/o_pcTarget_reg[11]
1.28012e-10 2.24475e-07 3.47071e-09 2.28073e-07 /ariscv/uu_dtpath/uu_mem/o_pcTarget_reg[10]
1.33863e-10 2.29602e-07 8.31755e-10 2.30568e-07 /ariscv/uu_dtpath/uu_mem/o_readData_reg[9]
1.25002e-10 2.06588e-07 2.14853e-10 2.06928e-07 /ariscv/uu_dtpath/uu_mem/o_pc_plus4_reg[23]
1.27797e-10 2.27056e-07 5.52750e-09 2.32711e-07 /ariscv/uu_dtpath/uu_mem/o_pcTarget_reg[9]
1.28440e-10 2.24484e-07 5.00874e-09 2.29621e-07 /ariscv/uu_dtpath/uu_mem/o_pcTarget_reg[8]
1.25011e-10 2.06593e-07 5.59899e-10 2.07278e-07 /ariscv/uu_dtpath/uu_mem/o_pc_plus4_reg[22]
1.30367e-10 2.32194e-07 5.12815e-09 2.37453e-07 /ariscv/uu_dtpath/uu_mem/o_pcTarget_reg[7]
1.29944e-10 2.39827e-07 9.96285e-09 2.49920e-07 /ariscv/uu_dtpath/uu_mem/o_pcTarget_reg[6]
1.34564e-10 2.26328e-07 1.66351e-08 2.43098e-07 /ariscv/uu_dtpath/uu_mem/o_readData_reg[29]
1.34564e-10 2.26328e-07 1.90299e-08 2.45493e-07 /ariscv/uu_dtpath/uu_mem/o_readData_reg[26]
1.34564e-10 2.26328e-07 1.34106e-08 2.39873e-07 /ariscv/uu_dtpath/uu_mem/o_readData_reg[20]
1.33430e-10 2.28692e-07 2.27063e-09 2.31096e-07 /ariscv/uu_dtpath/uu_mem/o_readData_reg[8]
1.25011e-10 2.06594e-07 4.54665e-10 2.07173e-07 /ariscv/uu_dtpath/uu_mem/o_pc_plus4_reg[21]
1.28440e-10 2.34714e-07 1.08452e-08 2.45688e-07 /ariscv/uu_dtpath/uu_mem/o_pcTarget_reg[5]
1.31440e-10 2.47483e-07 9.03800e-09 2.56652e-07 /ariscv/uu_dtpath/uu_mem/o_pcTarget_reg[4]
1.25011e-10 2.06590e-07 3.00524e-10 2.07015e-07 /ariscv/uu_dtpath/uu_mem/o_pc_plus4_reg[20]
1.31873e-10 2.52610e-07 1.05079e-08 2.63249e-07 /ariscv/uu_dtpath/uu_mem/o_pcTarget_reg[3]
1.32303e-10 2.50051e-07 1.35759e-08 2.63759e-07 /ariscv/uu_dtpath/uu_mem/o_pcTarget_reg[2]
1.35005e-10 2.15907e-07 1.06853e-09 2.17110e-07 /ariscv/uu_dtpath/uu_mem/o_readData_reg[7]
1.25011e-10 2.06588e-07 1.76065e-10 2.06889e-07 /ariscv/uu_dtpath/uu_mem/o_pc_plus4_reg[19]
1.30154e-10 2.44961e-07 1.19198e-08 2.57011e-07 /ariscv/uu_dtpath/uu_mem/o_pcTarget_reg[1]
1.29722e-10 2.37283e-07 9.88257e-09 2.47296e-07 /ariscv/uu_dtpath/uu_mem/o_pcTarget_reg[0]
1.25011e-10 2.06594e-07 3.27845e-10 2.07047e-07 /ariscv/uu_dtpath/uu_mem/o_pc_plus4_reg[18]
1.40236e-10 2.36024e-07 1.35995e-08 2.49764e-07 /ariscv/uu_dtpath/uu_mem/o_regWrite_reg
1.25645e-10 2.14269e-07 8.63663e-09 2.23032e-07 /ariscv/uu_dtpath/uu_mem/o_resultSrc_reg[1]
1.34564e-10 2.26328e-07 1.49419e-08 2.41404e-07 /ariscv/uu_dtpath/uu_mem/o_readData_reg[19]
1.33342e-10 2.15907e-07 1.64057e-09 2.17681e-07 /ariscv/uu_dtpath/uu_mem/o_readData_reg[6]
1.25013e-10 2.06591e-07 6.80986e-10 2.07397e-07 /ariscv/uu_dtpath/uu_mem/o_pc_plus4_reg[17]
1.26717e-10 2.16827e-07 1.11649e-08 2.28119e-07 /ariscv/uu_dtpath/uu_mem/o_resultSrc_reg[0]
1.25013e-10 2.06589e-07 2.99512e-10 2.07014e-07 /ariscv/uu_dtpath/uu_mem/o_pc_plus4_reg[16]
1.35005e-10 2.15907e-07 1.37344e-09 2.17415e-07 /ariscv/uu_dtpath/uu_mem/o_readData_reg[5]
1.25013e-10 2.06589e-07 3.04235e-10 2.07018e-07 /ariscv/uu_dtpath/uu_mem/o_pc_plus4_reg[15]
1.25002e-10 2.06592e-07 2.46221e-10 2.06963e-07 /ariscv/uu_dtpath/uu_mem/o_pc_plus4_reg[14]
1.34564e-10 2.26328e-07 1.59200e-08 2.42383e-07 /ariscv/uu_dtpath/uu_mem/o_readData_reg[25]
1.34564e-10 2.26328e-07 1.37614e-08 2.40224e-07 /ariscv/uu_dtpath/uu_mem/o_readData_reg[18]
1.35436e-10 2.15907e-07 1.10361e-09 2.17146e-07 /ariscv/uu_dtpath/uu_mem/o_readData_reg[4]
1.25002e-10 2.06595e-07 2.88719e-10 2.07008e-07 /ariscv/uu_dtpath/uu_mem/o_pc_plus4_reg[13]
1.25013e-10 2.06589e-07 3.77426e-10 2.07091e-07 /ariscv/uu_dtpath/uu_mem/o_pc_plus4_reg[12]
1.35850e-10 2.15907e-07 8.20287e-10 2.16863e-07 /ariscv/uu_dtpath/uu_mem/o_readData_reg[3]
1.25013e-10 2.06590e-07 4.59725e-10 2.07174e-07 /ariscv/uu_dtpath/uu_mem/o_pc_plus4_reg[11]
1.25013e-10 2.06591e-07 4.35777e-10 2.07152e-07 /ariscv/uu_dtpath/uu_mem/o_pc_plus4_reg[10]
1.34564e-10 2.26327e-07 4.72879e-09 2.31191e-07 /ariscv/uu_dtpath/uu_mem/o_readData_reg[17]
1.35005e-10 2.15907e-07 1.61359e-09 2.17655e-07 /ariscv/uu_dtpath/uu_mem/o_readData_reg[2]
1.25013e-10 2.06587e-07 2.77251e-10 2.06990e-07 /ariscv/uu_dtpath/uu_mem/o_pc_plus4_reg[9]
1.31228e-10 2.07871e-07 8.90443e-10 2.08893e-07 /ariscv/uu_dtpath/uu_mem/o_pc_plus4_reg[8]
1.35420e-10 2.16817e-07 1.12250e-09 2.18075e-07 /ariscv/uu_dtpath/uu_mem/o_readData_reg[1]
1.31866e-10 2.10436e-07 1.58121e-09 2.12149e-07 /ariscv/uu_dtpath/uu_mem/o_pc_plus4_reg[7]
1.33374e-10 2.14260e-07 1.01524e-09 2.15409e-07 /ariscv/uu_dtpath/uu_mem/o_pc_plus4_reg[6]
1.30799e-10 2.34560e-07 4.14414e-08 2.76132e-07 /ariscv/uu_dtpath/uu_mem/o_aluResult_reg[12]
1.30584e-10 2.52251e-07 1.13066e-08 2.63688e-07 /ariscv/uu_dtpath/uu_mem/o_aluResult_reg[1]
1.29509e-10 2.44892e-07 2.67568e-08 2.71778e-07 /ariscv/uu_dtpath/uu_mem/o_aluResult_reg[2]
1.30162e-10 2.42103e-07 4.38989e-08 2.86132e-07 /ariscv/uu_dtpath/uu_mem/o_aluResult_reg[3]
1.28867e-10 2.37108e-07 5.16727e-08 2.88910e-07 /ariscv/uu_dtpath/uu_mem/o_aluResult_reg[4]
1.31008e-10 2.34696e-07 3.05962e-08 2.65423e-07 /ariscv/uu_dtpath/uu_mem/o_aluResult_reg[27]
1.27788e-10 2.26919e-07 1.16513e-08 2.38698e-07 /ariscv/uu_dtpath/uu_mem/o_aluResult_reg[5]
1.28657e-10 2.32074e-07 9.15133e-09 2.41354e-07 /ariscv/uu_dtpath/uu_mem/o_aluResult_reg[6]
1.28439e-10 2.37121e-07 5.16137e-08 2.88863e-07 /ariscv/uu_dtpath/uu_mem/o_aluResult_reg[7]
1.31225e-10 2.37221e-07 2.98417e-08 2.67194e-07 /ariscv/uu_dtpath/uu_mem/o_aluResult_reg[23]
1.26501e-10 2.16765e-07 2.11217e-08 2.38013e-07 /ariscv/uu_dtpath/uu_mem/o_aluResult_reg[8]
1.29081e-10 2.34582e-07 5.92141e-08 2.93925e-07 /ariscv/uu_dtpath/uu_mem/o_aluResult_reg[9]
1.28216e-10 2.32050e-07 4.36034e-08 2.75781e-07 /ariscv/uu_dtpath/uu_mem/o_aluResult_reg[10]
1.31011e-10 2.34555e-07 4.74535e-08 2.82139e-07 /ariscv/uu_dtpath/uu_mem/o_aluResult_reg[19]
1.29508e-10 2.39599e-07 5.52237e-08 2.94952e-07 /ariscv/uu_dtpath/uu_mem/o_aluResult_reg[11]
1.29511e-10 2.42188e-07 2.19983e-08 2.64315e-07 /ariscv/uu_dtpath/uu_mem/o_aluResult_reg[0]
1.30795e-10 2.39808e-07 3.27845e-08 2.72724e-07 /ariscv/uu_dtpath/uu_mem/o_aluResult_reg[31]
1.31009e-10 2.34549e-07 4.43427e-08 2.79022e-07 /ariscv/uu_dtpath/uu_mem/o_aluResult_reg[14]
1.31228e-10 2.37132e-07 2.65278e-08 2.63791e-07 /ariscv/uu_dtpath/uu_mem/o_aluResult_reg[15]
1.31228e-10 2.37096e-07 2.55328e-08 2.62760e-07 /ariscv/uu_dtpath/uu_mem/o_aluResult_reg[16]
1.31017e-10 2.34512e-07 4.40790e-08 2.78722e-07 /ariscv/uu_dtpath/uu_mem/o_aluResult_reg[17]
1.31228e-10 2.37094e-07 4.52473e-08 2.82472e-07 /ariscv/uu_dtpath/uu_mem/o_aluResult_reg[18]
1.31008e-10 2.34561e-07 2.78500e-08 2.62542e-07 /ariscv/uu_dtpath/uu_mem/o_aluResult_reg[20]
1.31227e-10 2.37028e-07 3.60562e-08 2.73215e-07 /ariscv/uu_dtpath/uu_mem/o_aluResult_reg[21]
1.31009e-10 2.34561e-07 1.90916e-08 2.53783e-07 /ariscv/uu_dtpath/uu_mem/o_aluResult_reg[22]
1.31229e-10 2.37234e-07 8.60931e-09 2.45975e-07 /ariscv/uu_dtpath/uu_mem/o_aluResult_reg[24]
1.31008e-10 2.34578e-07 2.93550e-08 2.64064e-07 /ariscv/uu_dtpath/uu_mem/o_aluResult_reg[25]
1.31229e-10 2.37114e-07 1.64513e-08 2.53697e-07 /ariscv/uu_dtpath/uu_mem/o_aluResult_reg[26]
1.31008e-10 2.34694e-07 3.59955e-08 2.70820e-07 /ariscv/uu_dtpath/uu_mem/o_aluResult_reg[28]
1.31013e-10 2.39616e-07 3.97603e-08 2.79507e-07 /ariscv/uu_dtpath/uu_mem/o_aluResult_reg[29]
1.30577e-10 2.37238e-07 4.57870e-08 2.83156e-07 /ariscv/uu_dtpath/uu_mem/o_aluResult_reg[30]
1.30793e-10 2.37114e-07 4.94044e-08 2.86650e-07 /ariscv/uu_dtpath/uu_mem/o_aluResult_reg[13]
5.12920e-11 8.05556e-10 2.87640e-09 3.73325e-09 /ariscv/uu_dtpath/uu_fetch/FE_OFC182_o_pc_0
5.12920e-11 8.08592e-10 3.58639e-09 4.44628e-09 /ariscv/uu_dtpath/uu_fetch/FE_OFC141_o_pc_30
1.14661e-10 2.80164e-07 2.64804e-07 5.45082e-07 /ariscv/uu_dtpath/uu_fetch/CTS_ccl_a_buf_00268_clone
1.14697e-10 2.78176e-07 4.31970e-07 7.10260e-07 /ariscv/uu_dtpath/uu_fetch/CTS_ccl_a_buf_00133
1.14697e-10 2.78202e-07 5.25088e-07 8.03404e-07 /ariscv/uu_dtpath/uu_fetch/CTS_ccl_a_buf_00132
1.14697e-10 2.78175e-07 4.29988e-07 7.08278e-07 /ariscv/uu_dtpath/uu_fetch/CTS_ccl_a_buf_00131
8.89580e-11 2.19297e-07 2.63985e-07 4.83371e-07 /ariscv/uu_dtpath/uu_fetch/CTS_ccl_a_buf_00257
1.14697e-10 2.78310e-07 2.65426e-07 5.43850e-07 /ariscv/uu_dtpath/uu_fetch/CTS_csf_buf_00444
1.14697e-10 2.78321e-07 3.03730e-07 5.82165e-07 /ariscv/uu_dtpath/uu_fetch/CTS_csf_buf_00443
8.89580e-11 2.19293e-07 2.37328e-07 4.56710e-07 /ariscv/uu_dtpath/uu_fetch/CTS_ccl_a_buf_00256
8.89580e-11 2.20789e-07 1.65163e-07 3.86041e-07 /ariscv/uu_dtpath/uu_fetch/CTS_ccl_a_buf_00306
1.14662e-10 2.80510e-07 4.13688e-07 6.94312e-07 /ariscv/uu_dtpath/uu_fetch/CTS_ccl_a_buf_00167
1.14662e-10 2.80490e-07 3.39729e-07 6.20334e-07 /ariscv/uu_dtpath/uu_fetch/CTS_ccl_a_buf_00159
1.14662e-10 2.79989e-07 3.98594e-07 6.78698e-07 /ariscv/uu_dtpath/uu_fetch/CTS_ccl_a_buf_00158
8.89130e-11 2.20324e-07 1.50635e-07 3.71047e-07 /ariscv/uu_dtpath/uu_fetch/CTS_ccl_a_buf_00268
8.89130e-11 2.20135e-07 1.95373e-07 4.15597e-07 /ariscv/uu_dtpath/uu_fetch/CTS_ccl_a_buf_00339
1.14657e-10 2.79771e-07 3.69312e-07 6.49198e-07 /ariscv/uu_dtpath/uu_fetch/CTS_ccl_a_buf_00170
8.89070e-11 2.19969e-07 2.29726e-07 4.49783e-07 /ariscv/uu_dtpath/uu_fetch/CTS_ccl_a_buf_00169
5.37530e-11 1.44483e-07 1.67721e-07 3.12258e-07 /ariscv/uu_dtpath/uu_fetch/CTS_ccl_a_buf_00270
5.37560e-11 1.43816e-07 9.12866e-08 2.35157e-07 /ariscv/uu_dtpath/uu_fetch/CTS_ccl_a_buf_00315
1.14664e-10 2.79606e-07 3.02357e-07 5.82078e-07 /ariscv/uu_dtpath/uu_fetch/CTS_ccl_a_buf_00168
1.14664e-10 2.79621e-07 3.53675e-07 6.33411e-07 /ariscv/uu_dtpath/uu_fetch/CTS_ccl_a_buf_00163
5.37600e-11 1.44136e-07 1.81547e-07 3.25737e-07 /ariscv/uu_dtpath/uu_fetch/CTS_ccl_a_buf_00269
8.89170e-11 2.19975e-07 1.99780e-07 4.19844e-07 /ariscv/uu_dtpath/uu_fetch/CTS_csf_buf_00423
1.14664e-10 2.79768e-07 3.11292e-07 5.91175e-07 /ariscv/uu_dtpath/uu_fetch/CTS_csf_buf_00422
1.14664e-10 2.79805e-07 4.46471e-07 7.26391e-07 /ariscv/uu_dtpath/uu_fetch/CTS_ccl_a_buf_00166
1.14664e-10 2.79795e-07 4.07832e-07 6.87741e-07 /ariscv/uu_dtpath/uu_fetch/CTS_ccl_a_buf_00161
1.14664e-10 2.79769e-07 3.02779e-07 5.82663e-07 /ariscv/uu_dtpath/uu_fetch/CTS_ccl_a_buf_00267
8.89130e-11 2.19418e-07 2.53393e-07 4.72900e-07 /ariscv/uu_dtpath/uu_fetch/CTS_ccl_a_buf_00314
1.14665e-10 2.79421e-07 3.35140e-07 6.14676e-07 /ariscv/uu_dtpath/uu_fetch/CTS_ccl_a_buf_00164
8.89170e-11 2.19680e-07 2.71868e-07 4.91637e-07 /ariscv/uu_dtpath/uu_fetch/CTS_ccl_a_buf_00162
1.14665e-10 2.79455e-07 4.53052e-07 7.32622e-07 /ariscv/uu_dtpath/uu_fetch/CTS_ccl_a_buf_00160
1.14662e-10 2.79539e-07 3.71365e-07 6.51018e-07 /ariscv/uu_dtpath/uu_fetch/CTS_ccl_a_buf_00266
8.89130e-11 2.19424e-07 2.90342e-07 5.09855e-07 /ariscv/uu_dtpath/uu_fetch/CTS_ccl_a_buf_00312
1.14661e-10 2.82161e-07 4.36328e-07 7.18605e-07 /ariscv/uu_dtpath/uu_fetch/CTS_ccl_a_buf_00340
1.95290e-11 1.90893e-10 6.55690e-10 8.66112e-10 /ariscv/uu_dtpath/uu_fetch/FE_OFC483_add_42_30_n_15
1.95290e-11 1.91664e-10 4.16552e-10 6.27745e-10 /ariscv/uu_dtpath/uu_fetch/FE_OFC482_add_42_30_n_22
2.21210e-11 1.90033e-10 3.73379e-10 5.85533e-10 /ariscv/uu_dtpath/uu_fetch/FE_OFC459_n_255
4.95996e-10 7.01182e-08 1.81341e-07 2.51955e-07 /ariscv/uu_dtpath/uu_fetch/g1088
2.21210e-11 1.91919e-10 2.42848e-10 4.56888e-10 /ariscv/uu_dtpath/uu_fetch/add_42_30_g819
2.21210e-11 1.91378e-10 2.77251e-10 4.90750e-10 /ariscv/uu_dtpath/uu_fetch/add_42_30_g820
2.21210e-11 1.91641e-10 2.44197e-10 4.57959e-10 /ariscv/uu_dtpath/uu_fetch/add_42_30_g822
2.21210e-11 1.91234e-10 1.88882e-10 4.02237e-10 /ariscv/uu_dtpath/uu_fetch/add_42_30_g823
2.21210e-11 1.91679e-10 1.76739e-10 3.90539e-10 /ariscv/uu_dtpath/uu_fetch/fopt1090
2.21210e-11 1.91436e-10 5.05596e-10 7.19153e-10 /ariscv/uu_dtpath/uu_fetch/fopt1092
2.08490e-11 1.48030e-08 8.93965e-08 1.04220e-07 /ariscv/uu_dtpath/uu_fetch/fopt1097
2.21210e-11 1.90515e-10 4.57026e-10 6.69662e-10 /ariscv/uu_dtpath/uu_fetch/fopt1108
2.97290e-11 1.55805e-09 1.96707e-09 3.55484e-09 /ariscv/uu_dtpath/uu_fetch/add_42_30_g764
8.83900e-11 1.46207e-09 6.38825e-10 2.18929e-09 /ariscv/uu_dtpath/uu_fetch/add_42_30_g769
1.92449e-10 2.87229e-09 1.13734e-09 4.20208e-09 /ariscv/uu_dtpath/uu_fetch/add_42_30_g770
5.32820e-11 9.38101e-10 6.76601e-10 1.66798e-09 /ariscv/uu_dtpath/uu_fetch/add_42_30_g771
1.92449e-10 2.87972e-09 1.24527e-09 4.31744e-09 /ariscv/uu_dtpath/uu_fetch/add_42_30_g774
1.92449e-10 2.87498e-09 1.45945e-09 4.52687e-09 /ariscv/uu_dtpath/uu_fetch/add_42_30_g775
5.32820e-11 9.38730e-10 4.29031e-10 1.42104e-09 /ariscv/uu_dtpath/uu_fetch/add_42_30_g777
5.32820e-11 9.41256e-10 6.07120e-10 1.60166e-09 /ariscv/uu_dtpath/uu_fetch/add_42_30_g781
2.92930e-11 5.38119e-10 7.77113e-10 1.34452e-09 /ariscv/uu_dtpath/uu_fetch/add_42_30_g783
2.05780e-11 3.81387e-10 2.49594e-10 6.51559e-10 /ariscv/uu_dtpath/uu_fetch/add_42_30_g785
5.32810e-11 9.36913e-10 1.67970e-10 1.15816e-09 /ariscv/uu_dtpath/uu_fetch/add_42_30_g786
5.32810e-11 9.30869e-10 5.31567e-10 1.51572e-09 /ariscv/uu_dtpath/uu_fetch/add_42_30_g787
5.32810e-11 9.39037e-10 1.07258e-09 2.06490e-09 /ariscv/uu_dtpath/uu_fetch/add_42_30_g791
2.92930e-11 5.36695e-10 2.78938e-10 8.44926e-10 /ariscv/uu_dtpath/uu_fetch/add_42_30_g796
5.32820e-11 9.36835e-10 8.71554e-10 1.86167e-09 /ariscv/uu_dtpath/uu_fetch/add_42_30_g801
8.83900e-11 1.45680e-09 1.37681e-09 2.92200e-09 /ariscv/uu_dtpath/uu_fetch/add_42_30_g804
8.83900e-11 1.45584e-09 1.74345e-09 3.28768e-09 /ariscv/uu_dtpath/uu_fetch/add_42_30_g805
9.46310e-11 1.37628e-09 1.53129e-09 3.00220e-09 /ariscv/uu_dtpath/uu_fetch/add_42_30_g812
2.16699e-10 8.67357e-09 8.83967e-09 1.77299e-08 /ariscv/uu_dtpath/uu_fetch/add_42_30_g815
8.83900e-11 1.45397e-09 1.60954e-09 3.15190e-09 /ariscv/uu_dtpath/uu_fetch/add_42_30_g817
2.20871e-10 1.32490e-07 9.48295e-08 2.27540e-07 /ariscv/uu_dtpath/uu_fetch/add_42_30_g1169
2.20091e-10 3.78676e-08 2.04505e-08 5.85382e-08 /ariscv/uu_dtpath/uu_fetch/add_42_30_g1172
5.48520e-11 8.99614e-10 3.33916e-10 1.28838e-09 /ariscv/uu_dtpath/uu_fetch/add_42_30_g1177
5.37100e-11 9.55921e-10 2.73879e-09 3.74842e-09 /ariscv/uu_dtpath/uu_fetch/add_42_30_g766_dup
2.05780e-11 3.79925e-10 2.03722e-10 6.04225e-10 /ariscv/uu_dtpath/uu_fetch/add_42_30_g1182
5.32820e-11 9.34178e-10 2.84672e-10 1.27213e-09 /ariscv/uu_dtpath/uu_fetch/add_42_30_g1183
5.32830e-11 9.33633e-10 4.87045e-10 1.47396e-09 /ariscv/uu_dtpath/uu_fetch/add_42_30_g1184
2.92930e-11 5.37370e-10 8.58063e-10 1.42473e-09 /ariscv/uu_dtpath/uu_fetch/add_42_30_g1187
2.92930e-11 5.34922e-10 8.57388e-10 1.42160e-09 /ariscv/uu_dtpath/uu_fetch/add_42_30_g814_dup
1.92448e-10 2.85472e-09 1.04121e-09 4.08838e-09 /ariscv/uu_dtpath/uu_fetch/add_42_30_g1189
2.92930e-11 5.37654e-10 9.79150e-10 1.54610e-09 /ariscv/uu_dtpath/uu_fetch/add_42_30_g1190
2.92930e-11 5.39531e-10 5.24147e-10 1.09297e-09 /ariscv/uu_dtpath/uu_fetch/add_42_30_g1191
8.83900e-11 1.45532e-09 5.12679e-10 2.05639e-09 /ariscv/uu_dtpath/uu_fetch/add_42_30_g1192
2.92930e-11 5.36086e-10 6.12517e-10 1.17790e-09 /ariscv/uu_dtpath/uu_fetch/add_42_30_g1193
1.92449e-10 2.87655e-09 2.79815e-09 5.86715e-09 /ariscv/uu_dtpath/uu_fetch/add_42_30_g1194
1.92448e-10 2.88718e-09 2.23960e-09 5.31922e-09 /ariscv/uu_dtpath/uu_fetch/add_42_30_g1185_dup
2.43138e-10 3.51162e-09 5.76494e-09 9.51970e-09 /ariscv/uu_dtpath/uu_fetch/add_42_30_g1197
3.72496e-10 5.22363e-09 6.88339e-09 1.24795e-08 /ariscv/uu_dtpath/uu_fetch/add_42_30_g763_dup
2.07506e-10 3.64490e-08 2.42740e-08 6.09306e-08 /ariscv/uu_dtpath/uu_fetch/g1222
2.40280e-11 4.63328e-10 2.12492e-10 6.99848e-10 /ariscv/uu_dtpath/uu_fetch/add_42_30_g768
1.94440e-11 3.26164e-10 3.33241e-10 6.78849e-10 /ariscv/uu_dtpath/uu_fetch/add_42_30_g776
1.23865e-10 1.82454e-09 8.62110e-10 2.81051e-09 /ariscv/uu_dtpath/uu_fetch/add_42_30_g789
1.72776e-10 2.15440e-09 1.18388e-09 3.51106e-09 /ariscv/uu_dtpath/uu_fetch/add_42_30_g793
1.23865e-10 1.82786e-09 8.49968e-10 2.80169e-09 /ariscv/uu_dtpath/uu_fetch/add_42_30_g794
4.02780e-11 6.26947e-10 3.57526e-10 1.02475e-09 /ariscv/uu_dtpath/uu_fetch/add_42_30_g802
4.02780e-11 6.27474e-10 8.28044e-10 1.49580e-09 /ariscv/uu_dtpath/uu_fetch/add_42_30_g806
4.02780e-11 6.22604e-10 7.81161e-10 1.44404e-09 /ariscv/uu_dtpath/uu_fetch/add_42_30_g811
4.02780e-11 6.28235e-10 1.12857e-09 1.79708e-09 /ariscv/uu_dtpath/uu_fetch/add_42_30_g813
1.42681e-10 2.22454e-08 1.37681e-08 3.61562e-08 /ariscv/uu_dtpath/uu_fetch/add_42_30_g773_dup
4.02790e-11 6.29699e-10 3.91930e-10 1.06191e-09 /ariscv/uu_dtpath/uu_fetch/add_42_30_g1178
8.23000e-11 1.22544e-09 4.63435e-10 1.77118e-09 /ariscv/uu_dtpath/uu_fetch/add_42_30_g1179
1.94440e-11 3.25820e-10 3.14353e-10 6.59617e-10 /ariscv/uu_dtpath/uu_fetch/add_42_30_g1181
1.23866e-10 1.81630e-09 1.06516e-09 3.00532e-09 /ariscv/uu_dtpath/uu_fetch/add_42_30_g1196
1.23866e-10 1.82655e-09 9.65321e-10 2.91574e-09 /ariscv/uu_dtpath/uu_fetch/add_42_30_g1201
1.23866e-10 1.81629e-09 9.23497e-10 2.86365e-09 /ariscv/uu_dtpath/uu_fetch/add_42_30_g1202
8.23000e-11 1.22850e-09 1.07595e-09 2.38675e-09 /ariscv/uu_dtpath/uu_fetch/add_42_30_g1203
8.23000e-11 1.23169e-09 1.02873e-09 2.34272e-09 /ariscv/uu_dtpath/uu_fetch/add_42_30_g1204
1.23870e-10 1.81139e-09 8.92129e-10 2.82739e-09 /ariscv/uu_dtpath/uu_fetch/add_42_30_g1205
8.22970e-11 1.23346e-09 9.09331e-10 2.22509e-09 /ariscv/uu_dtpath/uu_fetch/add_42_30_g1206
8.23000e-11 1.23232e-09 5.46408e-10 1.86103e-09 /ariscv/uu_dtpath/uu_fetch/add_42_30_g1207
8.22970e-11 1.22886e-09 9.98375e-10 2.30953e-09 /ariscv/uu_dtpath/uu_fetch/add_42_30_g1208
8.22970e-11 1.23704e-09 1.07865e-09 2.39799e-09 /ariscv/uu_dtpath/uu_fetch/add_42_30_g1209
1.65089e-10 2.42599e-09 1.12250e-09 3.71358e-09 /ariscv/uu_dtpath/uu_fetch/add_42_30_g1210
8.23000e-11 1.23396e-09 1.09113e-09 2.40739e-09 /ariscv/uu_dtpath/uu_fetch/add_42_30_g1211
1.65089e-10 2.42637e-09 1.12688e-09 3.71834e-09 /ariscv/uu_dtpath/uu_fetch/add_42_30_g1212
2.78760e-11 6.40096e-10 3.92604e-10 1.06058e-09 /ariscv/uu_dtpath/uu_fetch/add_42_30_g759
2.78730e-11 6.35271e-10 7.24159e-10 1.38730e-09 /ariscv/uu_dtpath/uu_fetch/add_42_30_g795
9.04800e-11 1.86616e-09 1.43719e-09 3.39383e-09 /ariscv/uu_dtpath/uu_fetch/add_42_30_g1198
9.32240e-11 2.01354e-09 2.18158e-09 4.28835e-09 /ariscv/uu_dtpath/uu_fetch/add_42_30_g1199
8.50930e-11 8.29350e-10 4.67145e-10 1.38159e-09 /ariscv/uu_dtpath/uu_fetch/g2
1.34130e-11 3.28915e-10 3.35940e-10 6.78268e-10 /ariscv/uu_dtpath/uu_fetch/add_42_30_g1213
5.51370e-11 2.91410e-09 2.47705e-09 5.44629e-09 /ariscv/uu_dtpath/uu_fetch/add_42_30_g723
5.72300e-11 9.60386e-09 1.02340e-08 1.98951e-08 /ariscv/uu_dtpath/uu_fetch/add_42_30_g736
5.45760e-11 1.48037e-09 1.82946e-09 3.36441e-09 /ariscv/uu_dtpath/uu_fetch/add_42_30_g748
6.30460e-11 3.74186e-08 3.43691e-08 7.18507e-08 /ariscv/uu_dtpath/uu_fetch/add_42_30_g792
5.24280e-11 7.46245e-10 1.19535e-09 1.99403e-09 /ariscv/uu_dtpath/uu_fetch/add_42_30_g1175
5.24290e-11 7.46658e-10 1.50498e-09 2.30407e-09 /ariscv/uu_dtpath/uu_fetch/g1200
5.28110e-11 7.35892e-10 1.54613e-09 2.33484e-09 /ariscv/uu_dtpath/uu_fetch/add_42_30_g747
1.20887e-10 1.81041e-09 1.05302e-09 2.98431e-09 /ariscv/uu_dtpath/uu_fetch/add_42_30_g716
8.69830e-11 1.44787e-09 1.52590e-09 3.06074e-09 /ariscv/uu_dtpath/uu_fetch/add_42_30_g730
1.20887e-10 1.80993e-09 1.93334e-09 3.86415e-09 /ariscv/uu_dtpath/uu_fetch/add_42_30_g731
1.20888e-10 1.81291e-09 1.78628e-09 3.72008e-09 /ariscv/uu_dtpath/uu_fetch/add_42_30_g732
8.69810e-11 1.44651e-09 1.38322e-09 2.91671e-09 /ariscv/uu_dtpath/uu_fetch/add_42_30_g733
8.69820e-11 1.44871e-09 2.65986e-09 4.19555e-09 /ariscv/uu_dtpath/uu_fetch/add_42_30_g734
1.20888e-10 1.81456e-09 1.16635e-09 3.10179e-09 /ariscv/uu_dtpath/uu_fetch/add_42_30_g735
9.05620e-11 1.97843e-08 1.47065e-08 3.45813e-08 /ariscv/uu_dtpath/uu_fetch/add_42_30_g738
9.11340e-11 3.51661e-08 4.10602e-08 7.63175e-08 /ariscv/uu_dtpath/uu_fetch/add_42_30_g755
1.24964e-10 2.08906e-07 5.83172e-10 2.09614e-07 /ariscv/uu_dtpath/uu_fetch/pc_plus4_ff_reg[27]
1.24960e-10 2.08905e-07 1.47328e-09 2.10503e-07 /ariscv/uu_dtpath/uu_fetch/pc_fd_ff_reg[30]
1.24959e-10 2.08904e-07 1.02266e-09 2.10052e-07 /ariscv/uu_dtpath/uu_fetch/pc_fd_ff_reg[28]
1.24960e-10 2.08909e-07 2.98501e-10 2.09333e-07 /ariscv/uu_dtpath/uu_fetch/pc_fd_ff_reg[24]
1.24953e-10 2.08911e-07 1.92997e-09 2.10965e-07 /ariscv/uu_dtpath/uu_fetch/pc_fd_ff_reg[16]
1.24963e-10 2.08907e-07 4.53991e-10 2.09486e-07 /ariscv/uu_dtpath/uu_fetch/pc_fd_ff_reg[0]
1.25619e-10 2.34810e-07 1.01760e-08 2.45111e-07 /ariscv/uu_dtpath/uu_fetch/inst_ff_reg[30]
1.27423e-10 2.41181e-07 9.79117e-09 2.51100e-07 /ariscv/uu_dtpath/uu_fetch/inst_ff_reg[29]
1.24985e-10 2.08902e-07 2.68145e-10 2.09295e-07 /ariscv/uu_dtpath/uu_fetch/pc_plus4_ff_reg[31]
1.25178e-10 2.22399e-07 1.12722e-09 2.23651e-07 /ariscv/uu_dtpath/uu_fetch/inst_ff_reg[28]
1.25823e-10 2.26784e-07 8.07976e-09 2.34990e-07 /ariscv/uu_dtpath/uu_fetch/inst_ff_reg[27]
1.24960e-10 2.08910e-07 5.87894e-10 2.09623e-07 /ariscv/uu_dtpath/uu_fetch/pc_fd_ff_reg[15]
1.24987e-10 2.08903e-07 5.08632e-10 2.09537e-07 /ariscv/uu_dtpath/uu_fetch/pc_plus4_ff_reg[30]
1.26778e-10 2.40105e-07 1.56759e-08 2.55908e-07 /ariscv/uu_dtpath/uu_fetch/inst_ff_reg[26]
1.26039e-10 2.31169e-07 1.19893e-08 2.43284e-07 /ariscv/uu_dtpath/uu_fetch/inst_ff_reg[25]
1.24963e-10 2.08905e-07 5.77776e-10 2.09608e-07 /ariscv/uu_dtpath/uu_fetch/pc_plus4_ff_reg[29]
1.27001e-10 2.42669e-07 7.03450e-09 2.49830e-07 /ariscv/uu_dtpath/uu_fetch/inst_ff_reg[24]
1.83439e-10 2.13361e-07 4.91768e-08 2.62722e-07 /ariscv/uu_dtpath/uu_fetch/inst_ff_reg[23]
1.24960e-10 2.08910e-07 1.09113e-09 2.10126e-07 /ariscv/uu_dtpath/uu_fetch/pc_fd_ff_reg[23]
1.24953e-10 2.08910e-07 9.43734e-10 2.09979e-07 /ariscv/uu_dtpath/uu_fetch/pc_fd_ff_reg[14]
1.24987e-10 2.08903e-07 3.00187e-10 2.09329e-07 /ariscv/uu_dtpath/uu_fetch/pc_plus4_ff_reg[28]
1.81745e-10 2.04968e-07 5.70390e-08 2.62189e-07 /ariscv/uu_dtpath/uu_fetch/inst_ff_reg[22]
1.36252e-10 2.68315e-07 4.79197e-08 3.16371e-07 /ariscv/uu_dtpath/uu_fetch/inst_ff_reg[21]
1.34762e-10 3.07348e-07 3.21349e-08 3.39618e-07 /ariscv/uu_dtpath/uu_fetch/pc_plus4_ff_reg[2]
1.85797e-10 2.44003e-07 1.13621e-07 3.57809e-07 /ariscv/uu_dtpath/uu_fetch/inst_ff_reg[20]
1.24970e-10 2.08912e-07 1.42673e-10 2.09180e-07 /ariscv/uu_dtpath/uu_fetch/inst_ff_reg[19]
1.24963e-10 2.08910e-07 3.49769e-10 2.09384e-07 /ariscv/uu_dtpath/uu_fetch/pc_fd_ff_reg[13]
1.24987e-10 2.08899e-07 5.73728e-10 2.09598e-07 /ariscv/uu_dtpath/uu_fetch/pc_plus4_ff_reg[26]
1.83692e-10 2.16843e-07 3.63618e-08 2.53389e-07 /ariscv/uu_dtpath/uu_fetch/inst_ff_reg[17]
1.24985e-10 2.08902e-07 3.80462e-10 2.09408e-07 /ariscv/uu_dtpath/uu_fetch/pc_plus4_ff_reg[25]
1.28411e-10 2.49535e-07 6.78457e-08 3.17509e-07 /ariscv/uu_dtpath/uu_fetch/inst_ff_reg[16]
1.24963e-10 2.08907e-07 2.97489e-10 2.09330e-07 /ariscv/uu_dtpath/uu_fetch/pc_fd_ff_reg[27]
1.24960e-10 2.08910e-07 8.15227e-10 2.09850e-07 /ariscv/uu_dtpath/uu_fetch/pc_fd_ff_reg[22]
1.24953e-10 2.08910e-07 1.15825e-09 2.10194e-07 /ariscv/uu_dtpath/uu_fetch/pc_fd_ff_reg[12]
1.24985e-10 2.08902e-07 2.90743e-10 2.09317e-07 /ariscv/uu_dtpath/uu_fetch/pc_plus4_ff_reg[24]
1.28407e-10 2.38531e-07 2.46673e-08 2.63326e-07 /ariscv/uu_dtpath/uu_fetch/inst_ff_reg[14]
1.29266e-10 2.49865e-07 2.96342e-08 2.79628e-07 /ariscv/uu_dtpath/uu_fetch/inst_ff_reg[13]
1.24985e-10 2.08902e-07 1.95965e-10 2.09223e-07 /ariscv/uu_dtpath/uu_fetch/pc_plus4_ff_reg[23]
1.28628e-10 2.54250e-07 3.83329e-08 2.92712e-07 /ariscv/uu_dtpath/uu_fetch/inst_ff_reg[12]
1.25393e-10 2.14042e-07 9.96521e-09 2.24132e-07 /ariscv/uu_dtpath/uu_fetch/inst_ff_reg[11]
1.24953e-10 2.08908e-07 1.25674e-09 2.10290e-07 /ariscv/uu_dtpath/uu_fetch/pc_fd_ff_reg[11]
1.24963e-10 2.08907e-07 1.16162e-09 2.10194e-07 /ariscv/uu_dtpath/uu_fetch/pc_plus4_ff_reg[22]
1.27974e-10 2.41095e-07 2.59736e-08 2.67197e-07 /ariscv/uu_dtpath/uu_fetch/inst_ff_reg[10]
1.31731e-10 2.62110e-07 4.25490e-08 3.04790e-07 /ariscv/uu_dtpath/uu_fetch/inst_ff_reg[9]
1.24963e-10 2.08905e-07 8.10168e-10 2.09840e-07 /ariscv/uu_dtpath/uu_fetch/pc_plus4_ff_reg[21]
1.24964e-10 2.08911e-07 2.18900e-10 2.09254e-07 /ariscv/uu_dtpath/uu_fetch/pc_plus4_ff_reg[14]
1.30564e-10 2.63019e-07 3.38827e-08 2.97033e-07 /ariscv/uu_dtpath/uu_fetch/inst_ff_reg[7]
1.24960e-10 2.08910e-07 6.51642e-10 2.09686e-07 /ariscv/uu_dtpath/uu_fetch/pc_fd_ff_reg[21]
1.24953e-10 2.08911e-07 5.82498e-10 2.09618e-07 /ariscv/uu_dtpath/uu_fetch/pc_fd_ff_reg[10]
1.24978e-10 2.08902e-07 3.06933e-10 2.09334e-07 /ariscv/uu_dtpath/uu_fetch/pc_plus4_ff_reg[20]
1.24978e-10 2.08900e-07 5.44384e-10 2.09570e-07 /ariscv/uu_dtpath/uu_fetch/pc_plus4_ff_reg[19]
1.25186e-10 2.11477e-07 7.51615e-09 2.19119e-07 /ariscv/uu_dtpath/uu_fetch/inst_ff_reg[3]
1.24963e-10 2.08910e-07 2.69831e-10 2.09305e-07 /ariscv/uu_dtpath/uu_fetch/pc_fd_ff_reg[9]
1.24981e-10 2.08902e-07 3.71355e-10 2.09399e-07 /ariscv/uu_dtpath/uu_fetch/pc_plus4_ff_reg[18]
1.25830e-10 2.22068e-07 1.73606e-08 2.39554e-07 /ariscv/uu_dtpath/uu_fetch/inst_ff_reg[2]
1.44186e-10 2.09284e-07 6.92792e-10 2.10121e-07 /ariscv/uu_dtpath/uu_fetch/inst_ff_reg[1]
1.24964e-10 2.08903e-07 5.97001e-10 2.09625e-07 /ariscv/uu_dtpath/uu_fetch/pc_plus4_ff_reg[17]
1.44186e-10 2.09284e-07 4.26333e-10 2.09855e-07 /ariscv/uu_dtpath/uu_fetch/inst_ff_reg[0]
1.24959e-10 2.08903e-07 6.66820e-10 2.09695e-07 /ariscv/uu_dtpath/uu_fetch/pc_fd_ff_reg[31]
1.24960e-10 2.08907e-07 1.91142e-09 2.10943e-07 /ariscv/uu_dtpath/uu_fetch/pc_fd_ff_reg[26]
1.24960e-10 2.08910e-07 1.02232e-09 2.10057e-07 /ariscv/uu_dtpath/uu_fetch/pc_fd_ff_reg[20]
1.31171e-10 2.10188e-07 2.42241e-09 2.12741e-07 /ariscv/uu_dtpath/uu_fetch/pc_fd_ff_reg[8]
1.24964e-10 2.08907e-07 9.88594e-10 2.10020e-07 /ariscv/uu_dtpath/uu_fetch/pc_plus4_ff_reg[16]
1.24963e-10 2.08906e-07 5.95989e-10 2.09627e-07 /ariscv/uu_dtpath/uu_fetch/pc_plus4_ff_reg[15]
1.31825e-10 2.12736e-07 3.33512e-09 2.16203e-07 /ariscv/uu_dtpath/uu_fetch/pc_fd_ff_reg[7]
1.30127e-10 2.35635e-07 4.74549e-08 2.83220e-07 /ariscv/uu_dtpath/uu_fetch/inst_ff_reg[8]
1.24956e-10 2.08911e-07 5.42023e-10 2.09578e-07 /ariscv/uu_dtpath/uu_fetch/pc_plus4_ff_reg[13]
1.24960e-10 2.08910e-07 1.76099e-09 2.10795e-07 /ariscv/uu_dtpath/uu_fetch/pc_fd_ff_reg[19]
1.33355e-10 2.16565e-07 3.93819e-09 2.20637e-07 /ariscv/uu_dtpath/uu_fetch/pc_fd_ff_reg[6]
1.24963e-10 2.08907e-07 4.39150e-10 2.09472e-07 /ariscv/uu_dtpath/uu_fetch/pc_plus4_ff_reg[12]
1.24963e-10 2.08908e-07 9.83534e-10 2.10016e-07 /ariscv/uu_dtpath/uu_fetch/pc_plus4_ff_reg[11]
1.34211e-10 2.24224e-07 4.05590e-09 2.28414e-07 /ariscv/uu_dtpath/uu_fetch/pc_fd_ff_reg[5]
1.24964e-10 2.08904e-07 8.68181e-10 2.09897e-07 /ariscv/uu_dtpath/uu_fetch/pc_plus4_ff_reg[10]
1.24964e-10 2.08902e-07 5.45733e-10 2.09573e-07 /ariscv/uu_dtpath/uu_fetch/pc_plus4_ff_reg[9]
1.24960e-10 2.08908e-07 3.86196e-10 2.09419e-07 /ariscv/uu_dtpath/uu_fetch/pc_fd_ff_reg[29]
1.24960e-10 2.08909e-07 1.74075e-09 2.10775e-07 /ariscv/uu_dtpath/uu_fetch/pc_fd_ff_reg[18]
1.34209e-10 2.39533e-07 3.87630e-08 2.78430e-07 /ariscv/uu_dtpath/uu_fetch/pc_fd_ff_reg[4]
1.31388e-10 2.10181e-07 1.16297e-09 2.11475e-07 /ariscv/uu_dtpath/uu_fetch/pc_plus4_ff_reg[8]
1.32034e-10 2.12744e-07 2.22071e-09 2.15096e-07 /ariscv/uu_dtpath/uu_fetch/pc_plus4_ff_reg[7]
1.34836e-10 2.71309e-07 3.30881e-08 3.04532e-07 /ariscv/uu_dtpath/uu_fetch/pc_fd_ff_reg[3]
1.33370e-10 2.21994e-07 4.28762e-09 2.26415e-07 /ariscv/uu_dtpath/uu_fetch/pc_plus4_ff_reg[6]
1.34009e-10 2.24228e-07 9.80871e-09 2.34171e-07 /ariscv/uu_dtpath/uu_fetch/pc_plus4_ff_reg[5]
1.24960e-10 2.08910e-07 7.85883e-10 2.09821e-07 /ariscv/uu_dtpath/uu_fetch/pc_fd_ff_reg[25]
1.34395e-10 3.06902e-07 1.19704e-08 3.19006e-07 /ariscv/uu_dtpath/uu_fetch/pc_fd_ff_reg[2]
1.34407e-10 2.40745e-07 7.04192e-09 2.47921e-07 /ariscv/uu_dtpath/uu_fetch/pc_plus4_ff_reg[4]
1.34433e-10 2.72766e-07 4.35032e-08 3.16403e-07 /ariscv/uu_dtpath/uu_fetch/pc_plus4_ff_reg[3]
1.24963e-10 2.08911e-07 2.25984e-10 2.09262e-07 /ariscv/uu_dtpath/uu_fetch/pc_fd_ff_reg[17]
1.24963e-10 2.08900e-07 3.52467e-10 2.09377e-07 /ariscv/uu_dtpath/uu_fetch/pc_fd_ff_reg[1]
1.27217e-10 2.46309e-07 2.25579e-09 2.48692e-07 /ariscv/uu_dtpath/uu_fetch/inst_ff_reg[31]
1.65742e-10 2.76822e-07 5.03572e-10 2.77491e-07 /ariscv/uu_dtpath/uu_fetch/pc_ff_reg[0]
1.65940e-10 2.87766e-07 2.71349e-09 2.90645e-07 /ariscv/uu_dtpath/uu_fetch/pc_ff_reg[1]
2.75289e-10 5.30100e-07 4.26567e-07 9.56942e-07 /ariscv/uu_dtpath/uu_fetch/pc_ff_reg[2]
2.74773e-10 4.54237e-07 2.44973e-07 6.99485e-07 /ariscv/uu_dtpath/uu_fetch/pc_ff_reg[3]
2.75011e-10 3.69137e-07 7.95834e-08 4.48995e-07 /ariscv/uu_dtpath/uu_fetch/pc_ff_reg[4]
2.74247e-10 3.22928e-07 3.89367e-08 3.62139e-07 /ariscv/uu_dtpath/uu_fetch/pc_ff_reg[5]
2.73246e-10 3.12903e-07 2.25808e-08 3.35757e-07 /ariscv/uu_dtpath/uu_fetch/pc_ff_reg[6]
2.71089e-10 2.81745e-07 1.36926e-08 2.95708e-07 /ariscv/uu_dtpath/uu_fetch/pc_ff_reg[7]
2.69677e-10 2.64705e-07 5.09846e-09 2.70073e-07 /ariscv/uu_dtpath/uu_fetch/pc_ff_reg[8]
2.57873e-10 2.64452e-07 3.31218e-09 2.68022e-07 /ariscv/uu_dtpath/uu_fetch/pc_ff_reg[9]
2.58274e-10 2.67138e-07 2.62141e-09 2.70018e-07 /ariscv/uu_dtpath/uu_fetch/pc_ff_reg[10]
1.86793e-10 2.71651e-07 2.29222e-09 2.74130e-07 /ariscv/uu_dtpath/uu_fetch/pc_ff_reg[11]
2.59363e-10 2.58946e-07 2.90338e-09 2.62109e-07 /ariscv/uu_dtpath/uu_fetch/pc_ff_reg[12]
2.59280e-10 2.69933e-07 3.44507e-09 2.73637e-07 /ariscv/uu_dtpath/uu_fetch/pc_ff_reg[13]
2.59359e-10 2.67188e-07 3.19547e-09 2.70643e-07 /ariscv/uu_dtpath/uu_fetch/pc_ff_reg[14]
2.59280e-10 2.67230e-07 3.25652e-09 2.70746e-07 /ariscv/uu_dtpath/uu_fetch/pc_ff_reg[15]
2.59567e-10 2.69853e-07 2.84807e-09 2.72961e-07 /ariscv/uu_dtpath/uu_fetch/pc_ff_reg[16]
2.59056e-10 2.70012e-07 2.53135e-09 2.72802e-07 /ariscv/uu_dtpath/uu_fetch/pc_ff_reg[17]
2.59571e-10 2.67149e-07 3.82182e-09 2.71230e-07 /ariscv/uu_dtpath/uu_fetch/pc_ff_reg[18]
2.59048e-10 2.70026e-07 3.56042e-09 2.73846e-07 /ariscv/uu_dtpath/uu_fetch/pc_ff_reg[19]
2.59349e-10 2.67168e-07 3.16444e-09 2.70592e-07 /ariscv/uu_dtpath/uu_fetch/pc_ff_reg[20]
2.59274e-10 2.69948e-07 3.45384e-09 2.73661e-07 /ariscv/uu_dtpath/uu_fetch/pc_ff_reg[21]
2.59353e-10 2.64404e-07 3.51725e-09 2.68181e-07 /ariscv/uu_dtpath/uu_fetch/pc_ff_reg[22]
2.59557e-10 2.69940e-07 3.16782e-09 2.73368e-07 /ariscv/uu_dtpath/uu_fetch/pc_ff_reg[23]
2.59567e-10 2.67113e-07 3.68151e-09 2.71054e-07 /ariscv/uu_dtpath/uu_fetch/pc_ff_reg[24]
2.59351e-10 2.67092e-07 3.29531e-09 2.70647e-07 /ariscv/uu_dtpath/uu_fetch/pc_ff_reg[25]
2.59567e-10 2.67125e-07 2.56879e-09 2.69953e-07 /ariscv/uu_dtpath/uu_fetch/pc_ff_reg[26]
2.59057e-10 2.67164e-07 5.07451e-09 2.72498e-07 /ariscv/uu_dtpath/uu_fetch/pc_ff_reg[27]
1.87626e-10 2.66096e-07 3.76010e-09 2.70044e-07 /ariscv/uu_dtpath/uu_fetch/pc_ff_reg[28]
2.59267e-10 2.69955e-07 4.66066e-09 2.74874e-07 /ariscv/uu_dtpath/uu_fetch/pc_ff_reg[29]
1.66200e-10 2.68738e-07 1.88544e-10 2.69093e-07 /ariscv/uu_dtpath/uu_fetch/pc_ff_reg[30]
2.04821e-10 2.02976e-07 4.00530e-09 2.07186e-07 /ariscv/uu_dtpath/uu_fetch/pc_ff_reg[31]
1.28413e-10 2.49867e-07 6.65917e-08 3.16587e-07 /ariscv/uu_dtpath/uu_fetch/inst_ff_reg[15]
1.90881e-10 2.29910e-07 1.15793e-07 3.45893e-07 /ariscv/uu_dtpath/uu_fetch/inst_ff_reg[4]
1.27980e-10 2.41839e-07 2.50245e-08 2.66992e-07 /ariscv/uu_dtpath/uu_fetch/inst_ff_reg[6]
1.85962e-10 2.56141e-07 1.29165e-07 3.85492e-07 /ariscv/uu_dtpath/uu_fetch/inst_ff_reg[5]
1.25402e-10 2.13297e-07 2.96275e-09 2.16385e-07 /ariscv/uu_dtpath/uu_fetch/inst_ff_reg[18]
2.48648e-10 4.47929e-09 2.13976e-09 6.86770e-09 /ariscv/uu_dtpath/uu_fetch/add_42_30_g715
2.48648e-10 4.48232e-09 1.95830e-09 6.68927e-09 /ariscv/uu_dtpath/uu_fetch/add_42_30_g717
2.48643e-10 4.47586e-09 1.79741e-09 6.52191e-09 /ariscv/uu_dtpath/uu_fetch/add_42_30_g718
2.48648e-10 4.48247e-09 1.70061e-09 6.43173e-09 /ariscv/uu_dtpath/uu_fetch/add_42_30_g719
2.48648e-10 4.47758e-09 1.88511e-09 6.61134e-09 /ariscv/uu_dtpath/uu_fetch/add_42_30_g720
2.48647e-10 4.48021e-09 1.53601e-09 6.26487e-09 /ariscv/uu_dtpath/uu_fetch/add_42_30_g721
2.48653e-10 4.46176e-09 1.46788e-09 6.17829e-09 /ariscv/uu_dtpath/uu_fetch/add_42_30_g722
1.15819e-10 2.26967e-09 1.11440e-09 3.49989e-09 /ariscv/uu_dtpath/uu_fetch/add_42_30_g724
2.48648e-10 4.46563e-09 9.07982e-10 5.62226e-09 /ariscv/uu_dtpath/uu_fetch/add_42_30_g725
2.48647e-10 4.48108e-09 1.73029e-09 6.46002e-09 /ariscv/uu_dtpath/uu_fetch/add_42_30_g726
2.48647e-10 4.47962e-09 1.24257e-09 5.97084e-09 /ariscv/uu_dtpath/uu_fetch/add_42_30_g727
2.48647e-10 4.48282e-09 1.56300e-09 6.29446e-09 /ariscv/uu_dtpath/uu_fetch/add_42_30_g728
2.48654e-10 4.46238e-09 8.62110e-10 5.57314e-09 /ariscv/uu_dtpath/uu_fetch/add_42_30_g729
5.18580e-11 1.18971e-08 4.31005e-08 5.50495e-08 /ariscv/uu_dtpath/uu_exec/FE_OFC529_rd1_10
5.18590e-11 1.19399e-08 2.65615e-08 3.85533e-08 /ariscv/uu_dtpath/uu_exec/FE_OFC504_rd1_10
5.47620e-11 2.54244e-08 1.06519e-07 1.31998e-07 /ariscv/uu_dtpath/uu_exec/FE_OFC496_aluSrc
5.14610e-11 3.99040e-09 5.65971e-09 9.70157e-09 /ariscv/uu_dtpath/uu_exec/FE_OFC194_rd2_8
5.33860e-11 2.33560e-08 6.13489e-08 8.47583e-08 /ariscv/uu_dtpath/uu_exec/FE_OFC192_rd2_15
5.18580e-11 1.04721e-08 3.01452e-08 4.06692e-08 /ariscv/uu_dtpath/uu_exec/FE_OFC183_rd2_9
5.33300e-11 2.34045e-08 7.40647e-08 9.75225e-08 /ariscv/uu_dtpath/uu_exec/FE_OFC175_rd2_14
5.33310e-11 2.44998e-08 3.47870e-08 5.93401e-08 /ariscv/uu_dtpath/uu_exec/FE_OFC167_rd2_13
5.33300e-11 2.34117e-08 7.98846e-08 1.03350e-07 /ariscv/uu_dtpath/uu_exec/FE_OFC166_rd2_28
5.33290e-11 2.33971e-08 8.82868e-08 1.11737e-07 /ariscv/uu_dtpath/uu_exec/FE_OFC163_rd2_22
5.33860e-11 2.34246e-08 7.82706e-08 1.01749e-07 /ariscv/uu_dtpath/uu_exec/FE_OFC162_rd2_16
5.33860e-11 2.34780e-08 9.14266e-08 1.14958e-07 /ariscv/uu_dtpath/uu_exec/FE_OFC161_rd2_21
5.32740e-11 2.34778e-08 8.93921e-08 1.12923e-07 /ariscv/uu_dtpath/uu_exec/FE_OFC159_rd2_12
5.33300e-11 2.33290e-08 8.62523e-08 1.09635e-07 /ariscv/uu_dtpath/uu_exec/FE_OFC156_rd2_19
5.22530e-11 2.17127e-08 6.60881e-08 8.78530e-08 /ariscv/uu_dtpath/uu_exec/FE_OFC154_rd2_11
5.24240e-11 1.68237e-08 5.19827e-08 6.88588e-08 /ariscv/uu_dtpath/uu_exec/FE_OFC150_rd2_10
5.33290e-11 2.33908e-08 8.68294e-08 1.10274e-07 /ariscv/uu_dtpath/uu_exec/FE_OFC148_rd2_17
5.33300e-11 2.34119e-08 9.62586e-08 1.19724e-07 /ariscv/uu_dtpath/uu_exec/FE_OFC147_rd2_20
5.33860e-11 2.34282e-08 9.40187e-08 1.17500e-07 /ariscv/uu_dtpath/uu_exec/FE_OFC146_rd2_18
5.33300e-11 2.49447e-08 1.06860e-07 1.31858e-07 /ariscv/uu_dtpath/uu_exec/FE_OFC134_rd2_29
5.24250e-11 1.66584e-08 3.35383e-08 5.02492e-08 /ariscv/uu_dtpath/uu_exec/FE_OFC127_rd2_7
5.34440e-11 2.31852e-08 7.29300e-08 9.61687e-08 /ariscv/uu_dtpath/uu_exec/FE_OFC124_rd2_3
5.24240e-11 1.83328e-08 5.01998e-08 6.85850e-08 /ariscv/uu_dtpath/uu_exec/FE_OFC117_rd2_5
5.27070e-11 2.46165e-08 7.88589e-08 1.03528e-07 /ariscv/uu_dtpath/uu_exec/FE_OFC113_rd2_4
1.88020e-10 4.08969e-08 1.90962e-07 2.32047e-07 /ariscv/uu_dtpath/uu_exec/FE_OFC99_rd1_12
5.29880e-11 2.63228e-08 1.84277e-07 2.10653e-07 /ariscv/uu_dtpath/uu_exec/FE_OFC72_rd1_1
8.69460e-11 3.66375e-09 2.21063e-08 2.58570e-08 /ariscv/uu_dtpath/uu_exec/FE_OFC68_rd1_0
8.86040e-11 2.09263e-08 1.25578e-07 1.46593e-07 /ariscv/uu_dtpath/uu_exec/FE_OFC65_rd1_29
8.77990e-11 2.06343e-08 1.30429e-07 1.51151e-07 /ariscv/uu_dtpath/uu_exec/FE_OFC62_rd1_2
8.78460e-11 2.07248e-08 1.33078e-07 1.53891e-07 /ariscv/uu_dtpath/uu_exec/FE_OFC55_rd1_4
8.86040e-11 2.07562e-08 1.10905e-07 1.31750e-07 /ariscv/uu_dtpath/uu_exec/FE_OFC50_rd1_16
1.14048e-10 3.58226e-08 2.16376e-07 2.52313e-07 /ariscv/uu_dtpath/uu_exec/FE_OFC46_rd1_11
1.14664e-10 2.76493e-07 3.61962e-07 6.38570e-07 /ariscv/uu_dtpath/uu_exec/CTS_ccl_a_buf_00188_clone
1.14664e-10 2.76624e-07 3.90439e-07 6.67177e-07 /ariscv/uu_dtpath/uu_exec/CTS_ccl_a_buf_00192
1.14664e-10 2.76618e-07 3.71574e-07 6.48307e-07 /ariscv/uu_dtpath/uu_exec/CTS_ccl_a_buf_00179
1.14664e-10 2.76596e-07 2.91038e-07 5.67749e-07 /ariscv/uu_dtpath/uu_exec/CTS_ccl_a_buf_00178
8.89170e-11 2.18313e-07 2.59182e-07 4.77584e-07 /ariscv/uu_dtpath/uu_exec/CTS_ccl_a_buf_00279
1.14664e-10 2.76669e-07 4.10200e-07 6.86984e-07 /ariscv/uu_dtpath/uu_exec/CTS_ccl_a_buf_00191
1.14664e-10 2.76674e-07 4.27991e-07 7.04779e-07 /ariscv/uu_dtpath/uu_exec/CTS_ccl_a_buf_00180
8.89170e-11 2.18312e-07 2.53298e-07 4.71699e-07 /ariscv/uu_dtpath/uu_exec/CTS_ccl_a_buf_00278
1.14664e-10 2.76920e-07 3.06501e-07 5.83535e-07 /ariscv/uu_dtpath/uu_exec/CTS_ccl_a_buf_00177
1.14664e-10 2.76939e-07 3.77186e-07 6.54239e-07 /ariscv/uu_dtpath/uu_exec/CTS_ccl_a_buf_00175
1.14664e-10 2.76948e-07 4.12230e-07 6.89293e-07 /ariscv/uu_dtpath/uu_exec/CTS_ccl_a_buf_00174
8.89170e-11 2.18305e-07 2.12172e-07 4.30567e-07 /ariscv/uu_dtpath/uu_exec/CTS_ccl_a_buf_00273
1.14664e-10 2.76919e-07 4.08290e-07 6.85324e-07 /ariscv/uu_dtpath/uu_exec/CTS_ccl_a_buf_00176
5.37600e-11 1.43084e-07 1.39767e-07 2.82905e-07 /ariscv/uu_dtpath/uu_exec/CTS_ccl_a_buf_00272
1.14662e-10 2.78858e-07 4.02731e-07 6.81704e-07 /ariscv/uu_dtpath/uu_exec/CTS_ccl_a_buf_00342
5.37570e-11 1.43500e-07 1.03385e-07 2.46939e-07 /ariscv/uu_dtpath/uu_exec/CTS_ccl_a_buf_00357
1.14664e-10 2.76477e-07 3.05128e-07 5.81720e-07 /ariscv/uu_dtpath/uu_exec/CTS_ccl_a_buf_00190
1.14664e-10 2.76426e-07 1.25311e-07 4.01852e-07 /ariscv/uu_dtpath/uu_exec/CTS_ccl_a_buf_00188
1.14664e-10 2.76499e-07 3.81604e-07 6.58217e-07 /ariscv/uu_dtpath/uu_exec/CTS_ccl_a_buf_00187
1.14662e-10 2.76770e-07 3.31933e-07 6.08818e-07 /ariscv/uu_dtpath/uu_exec/CTS_ccl_a_buf_00277
1.14664e-10 2.76955e-07 2.59338e-07 5.36407e-07 /ariscv/uu_dtpath/uu_exec/CTS_ccl_a_buf_00189
8.89170e-11 2.17806e-07 2.26085e-07 4.43979e-07 /ariscv/uu_dtpath/uu_exec/CTS_ccl_a_buf_00181
8.89140e-11 2.18855e-07 2.05808e-07 4.24752e-07 /ariscv/uu_dtpath/uu_exec/CTS_ccl_a_buf_00276
8.89140e-11 2.18534e-07 2.35647e-07 4.54270e-07 /ariscv/uu_dtpath/uu_exec/CTS_ccl_a_buf_00319
1.14661e-10 2.76156e-07 3.85006e-07 6.61277e-07 /ariscv/uu_dtpath/uu_exec/CTS_ccl_a_buf_00186
1.14661e-10 2.76150e-07 3.61843e-07 6.38107e-07 /ariscv/uu_dtpath/uu_exec/CTS_ccl_a_buf_00185
8.89130e-11 2.17095e-07 3.05128e-07 5.22311e-07 /ariscv/uu_dtpath/uu_exec/CTS_ccl_a_buf_00184
1.14660e-10 2.76572e-07 3.98618e-07 6.75304e-07 /ariscv/uu_dtpath/uu_exec/CTS_ccl_a_buf_00275
1.14660e-10 2.76716e-07 3.20053e-07 5.96883e-07 /ariscv/uu_dtpath/uu_exec/CTS_ccl_a_buf_00183
1.14660e-10 2.76718e-07 3.27217e-07 6.04049e-07 /ariscv/uu_dtpath/uu_exec/CTS_ccl_a_buf_00182
5.37530e-11 1.42475e-07 1.57191e-07 2.99719e-07 /ariscv/uu_dtpath/uu_exec/CTS_ccl_a_buf_00274
5.37570e-11 1.43210e-07 1.74049e-07 3.17312e-07 /ariscv/uu_dtpath/uu_exec/CTS_ccl_a_buf_00318
1.14662e-10 2.78604e-07 3.50979e-07 6.29698e-07 /ariscv/uu_dtpath/uu_exec/CTS_ccl_a_buf_00356
1.14662e-10 2.77993e-07 2.24000e-07 5.02108e-07 /ariscv/uu_dtpath/uu_exec/CTS_ccl_a_buf_00373
1.14662e-10 2.78063e-07 3.36810e-07 6.14988e-07 /ariscv/uu_dtpath/uu_exec/CTS_ccl_a_buf_00381
6.77630e-11 3.35917e-08 9.79353e-08 1.31595e-07 /ariscv/uu_dtpath/uu_exec/FE_RC_16_0
1.93959e-10 4.35394e-08 2.00107e-07 2.43840e-07 /ariscv/uu_dtpath/uu_exec/FE_OFC498_aluSrc
4.23430e-11 1.15433e-08 1.74948e-07 1.86534e-07 /ariscv/uu_dtpath/uu_exec/FE_OFC497_aluSrc
1.93938e-10 4.88472e-08 4.91990e-07 5.41031e-07 /ariscv/uu_dtpath/uu_exec/FE_OFC474_n_269
1.96780e-11 1.32696e-09 6.03006e-09 7.37669e-09 /ariscv/uu_dtpath/uu_exec/FE_OFC385_add_60_47_Y_add_60_77_n_159
4.17610e-11 9.13573e-09 4.07192e-08 4.98967e-08 /ariscv/uu_dtpath/uu_exec/FE_OFC106_funct3_de_0
4.46630e-11 9.16961e-09 5.26677e-08 6.18820e-08 /ariscv/uu_dtpath/uu_exec/FE_OFC105_funct3_de_0
1.96750e-11 1.33877e-09 4.47414e-09 5.83259e-09 /ariscv/uu_dtpath/uu_exec/add_60_47_Y_add_60_77_g1174
1.99610e-11 4.77157e-09 1.34410e-08 1.82325e-08 /ariscv/uu_dtpath/uu_exec/add_60_47_Y_add_60_77_g1186
1.96740e-11 9.49449e-10 1.09282e-09 2.06194e-09 /ariscv/uu_dtpath/uu_exec/add_60_47_Y_add_60_77_g1207
1.96750e-11 9.62991e-10 1.34916e-09 2.33182e-09 /ariscv/uu_dtpath/uu_exec/add_60_47_Y_add_60_77_g1214
1.96740e-11 9.51461e-10 1.01187e-09 1.98300e-09 /ariscv/uu_dtpath/uu_exec/add_60_47_Y_add_60_77_g1215
2.13650e-11 2.86885e-09 4.33585e-09 7.22607e-09 /ariscv/uu_dtpath/uu_exec/add_60_47_Y_add_60_77_g1294
2.15050e-11 6.49364e-09 5.60777e-09 1.21229e-08 /ariscv/uu_dtpath/uu_exec/FE_RC_23_0
3.03960e-11 5.98573e-09 1.68442e-09 7.70054e-09 /ariscv/uu_dtpath/uu_exec/g775
3.08630e-11 8.06505e-09 8.69194e-09 1.67879e-08 /ariscv/uu_dtpath/uu_exec/add_60_47_Y_add_60_77_g1246
2.97930e-11 2.74467e-09 3.08957e-09 5.86404e-09 /ariscv/uu_dtpath/uu_exec/add_60_47_Y_add_60_77_g1266
3.00540e-11 2.59798e-09 3.46059e-09 6.08862e-09 /ariscv/uu_dtpath/uu_exec/add_60_47_Y_add_60_77_g1279
3.12780e-11 1.12723e-08 1.06813e-08 2.19849e-08 /ariscv/uu_dtpath/uu_exec/add_60_47_Y_add_60_77_g1299
3.00530e-11 2.60456e-09 2.46896e-09 5.10357e-09 /ariscv/uu_dtpath/uu_exec/add_60_47_Y_add_60_77_g1304
2.97930e-11 2.74858e-09 2.75565e-09 5.53402e-09 /ariscv/uu_dtpath/uu_exec/add_60_47_Y_add_60_77_g1305
3.00530e-11 3.72929e-09 1.91715e-09 5.67649e-09 /ariscv/uu_dtpath/uu_exec/add_60_47_Y_add_60_77_g1307
3.01240e-11 2.62016e-09 3.77933e-09 6.42960e-09 /ariscv/uu_dtpath/uu_exec/add_60_47_Y_add_60_77_g1308
2.99010e-11 2.72103e-09 4.10818e-09 6.85911e-09 /ariscv/uu_dtpath/uu_exec/add_60_47_Y_add_60_77_g1312
3.05570e-11 1.26369e-08 2.66243e-08 3.92917e-08 /ariscv/uu_dtpath/uu_exec/g763
8.58230e-11 3.86624e-09 1.03413e-09 4.98619e-09 /ariscv/uu_dtpath/uu_exec/g735
2.16070e-11 3.15752e-09 1.64833e-09 4.82746e-09 /ariscv/uu_dtpath/uu_exec/g741
5.72790e-11 1.40904e-08 4.32567e-08 5.74044e-08 /ariscv/uu_dtpath/uu_exec/g743
4.87280e-11 1.61235e-08 3.97664e-08 5.59387e-08 /ariscv/uu_dtpath/uu_exec/g749
2.22240e-11 4.88296e-09 4.53823e-09 9.44341e-09 /ariscv/uu_dtpath/uu_exec/add_60_47_Y_add_60_77_g1210
2.22210e-11 4.89378e-09 4.05253e-09 8.96852e-09 /ariscv/uu_dtpath/uu_exec/add_60_47_Y_add_60_77_g1217
3.29960e-11 1.75463e-08 7.09825e-09 2.46776e-08 /ariscv/uu_dtpath/uu_exec/add_60_47_Y_add_60_77_g1224
3.66170e-11 1.47929e-08 6.67765e-09 2.15071e-08 /ariscv/uu_dtpath/uu_exec/add_60_47_Y_add_60_77_g1226
2.81710e-11 5.47521e-09 2.47368e-09 7.97706e-09 /ariscv/uu_dtpath/uu_exec/add_60_47_Y_add_60_77_g1229
3.54840e-11 1.83348e-08 3.77022e-09 2.21405e-08 /ariscv/uu_dtpath/uu_exec/add_60_47_Y_add_60_77_g1231
3.89050e-11 7.13936e-09 6.33159e-09 1.35099e-08 /ariscv/uu_dtpath/uu_exec/add_60_47_Y_add_60_77_g1234
3.53950e-11 1.72862e-08 3.58404e-09 2.09057e-08 /ariscv/uu_dtpath/uu_exec/add_60_47_Y_add_60_77_g1235
3.54990e-11 2.80207e-08 5.43036e-09 3.34866e-08 /ariscv/uu_dtpath/uu_exec/add_60_47_Y_add_60_77_g1250
2.96220e-11 1.16592e-08 6.91443e-09 1.86032e-08 /ariscv/uu_dtpath/uu_exec/add_60_47_Y_add_60_77_g1255
3.63170e-11 2.23182e-08 6.66618e-09 2.90207e-08 /ariscv/uu_dtpath/uu_exec/add_60_47_Y_add_60_77_g1259
2.07490e-11 1.71619e-09 2.52124e-09 4.25818e-09 /ariscv/uu_dtpath/uu_exec/add_60_47_Y_add_60_77_g1265
2.05620e-11 9.77871e-10 1.34174e-09 2.34017e-09 /ariscv/uu_dtpath/uu_exec/add_60_47_Y_add_60_77_g1267
2.04420e-11 1.67950e-09 2.60725e-09 4.30719e-09 /ariscv/uu_dtpath/uu_exec/add_60_47_Y_add_60_77_g1268
2.05600e-11 1.73705e-09 3.60899e-09 5.36661e-09 /ariscv/uu_dtpath/uu_exec/add_60_47_Y_add_60_77_g1269
2.01390e-11 9.95032e-10 2.16540e-09 3.18057e-09 /ariscv/uu_dtpath/uu_exec/add_60_47_Y_add_60_77_g1271
2.08750e-11 9.92875e-10 2.38194e-09 3.39569e-09 /ariscv/uu_dtpath/uu_exec/add_60_47_Y_add_60_77_g1272
2.07480e-11 1.72288e-09 3.05247e-09 4.79610e-09 /ariscv/uu_dtpath/uu_exec/add_60_47_Y_add_60_77_g1273
2.07480e-11 1.71589e-09 3.26159e-09 4.99823e-09 /ariscv/uu_dtpath/uu_exec/add_60_47_Y_add_60_77_g1274
2.07480e-11 1.72511e-09 4.13179e-09 5.87765e-09 /ariscv/uu_dtpath/uu_exec/add_60_47_Y_add_60_77_g1276
1.97170e-11 3.30820e-10 7.44734e-10 1.09527e-09 /ariscv/uu_dtpath/uu_exec/add_60_47_Y_add_60_77_g1277
1.97150e-11 1.01704e-09 1.77279e-09 2.80955e-09 /ariscv/uu_dtpath/uu_exec/add_60_47_Y_add_60_77_g1286
2.05360e-11 9.98979e-10 1.96909e-09 2.98861e-09 /ariscv/uu_dtpath/uu_exec/add_60_47_Y_add_60_77_g1287
2.05610e-11 1.73827e-09 6.69856e-09 8.45740e-09 /ariscv/uu_dtpath/uu_exec/add_60_47_Y_add_60_77_g1288
2.07490e-11 1.72393e-09 2.39138e-09 4.13606e-09 /ariscv/uu_dtpath/uu_exec/add_60_47_Y_add_60_77_g1295
2.02540e-11 2.26849e-09 3.45182e-09 5.74056e-09 /ariscv/uu_dtpath/uu_exec/add_60_47_Y_add_60_77_g1296
2.05590e-11 1.73751e-09 1.78426e-09 3.54233e-09 /ariscv/uu_dtpath/uu_exec/add_60_47_Y_add_60_77_g1297
2.07490e-11 1.71449e-09 2.46558e-09 4.20082e-09 /ariscv/uu_dtpath/uu_exec/add_60_47_Y_add_60_77_g1298
2.07480e-11 1.71356e-09 1.95290e-09 3.68722e-09 /ariscv/uu_dtpath/uu_exec/add_60_47_Y_add_60_77_g1300
2.05610e-11 1.74654e-09 3.42011e-09 5.18721e-09 /ariscv/uu_dtpath/uu_exec/add_60_47_Y_add_60_77_g1301
2.29980e-11 3.56828e-09 4.09604e-09 7.68732e-09 /ariscv/uu_dtpath/uu_exec/add_60_47_Y_add_60_77_g1309
2.05610e-11 1.73513e-09 3.54322e-09 5.29892e-09 /ariscv/uu_dtpath/uu_exec/add_60_47_Y_add_60_77_g1316
2.05610e-11 1.73767e-09 4.74566e-09 6.50389e-09 /ariscv/uu_dtpath/uu_exec/add_60_47_Y_add_60_77_g1321
4.30040e-11 6.09002e-10 9.03260e-10 1.55527e-09 /ariscv/uu_dtpath/uu_exec/add_60_47_Y_add_60_77_g1323
2.83019e-10 6.76624e-08 1.76454e-07 2.44399e-07 /ariscv/uu_dtpath/uu_exec/FE_RC_22_0
3.21610e-11 8.10469e-09 6.26346e-09 1.44003e-08 /ariscv/uu_dtpath/uu_exec/add_60_47_Y_add_60_77_g1208
3.03220e-11 1.02067e-09 2.68819e-10 1.31981e-09 /ariscv/uu_dtpath/uu_exec/add_60_47_Y_add_60_77_g1209
3.22530e-11 1.07623e-08 4.05759e-09 1.48522e-08 /ariscv/uu_dtpath/uu_exec/add_60_47_Y_add_60_77_g1216
3.23350e-11 7.96363e-09 6.01555e-09 1.40115e-08 /ariscv/uu_dtpath/uu_exec/add_60_47_Y_add_60_77_g1237
3.23370e-11 7.94480e-09 6.93129e-09 1.49084e-08 /ariscv/uu_dtpath/uu_exec/add_60_47_Y_add_60_77_g1242
3.59270e-11 3.20384e-08 1.41884e-08 4.62628e-08 /ariscv/uu_dtpath/uu_exec/add_60_47_Y_add_60_77_g1245
3.09890e-11 2.70912e-09 1.98326e-09 4.72337e-09 /ariscv/uu_dtpath/uu_exec/add_60_47_Y_add_60_77_g1247
3.46980e-11 2.70869e-08 5.86546e-09 3.29870e-08 /ariscv/uu_dtpath/uu_exec/add_60_47_Y_add_60_77_g1252
3.87840e-11 8.05344e-09 1.50060e-08 2.30982e-08 /ariscv/uu_dtpath/uu_exec/add_60_47_Y_add_60_77_g1278
3.87870e-11 8.06695e-09 1.25421e-08 2.06478e-08 /ariscv/uu_dtpath/uu_exec/add_60_47_Y_add_60_77_g1281
3.87830e-11 8.06908e-09 7.42711e-09 1.55350e-08 /ariscv/uu_dtpath/uu_exec/add_60_47_Y_add_60_77_g1302
3.84290e-11 1.97443e-08 2.87289e-08 4.85116e-08 /ariscv/uu_dtpath/uu_exec/add_60_47_Y_add_60_77_g1313
3.86100e-11 8.04030e-09 9.69369e-09 1.77726e-08 /ariscv/uu_dtpath/uu_exec/add_60_47_Y_add_60_77_g1315
3.86100e-11 8.07812e-09 1.50869e-08 2.32037e-08 /ariscv/uu_dtpath/uu_exec/add_60_47_Y_add_60_77_g1324
4.16820e-11 2.19100e-09 2.57824e-09 4.81092e-09 /ariscv/uu_dtpath/uu_exec/add_60_47_Y_add_60_77_g1136
3.66200e-11 4.12835e-09 1.62438e-09 5.78935e-09 /ariscv/uu_dtpath/uu_exec/add_60_47_Y_add_60_77_g1142
4.17030e-11 2.20312e-09 1.78493e-09 4.02976e-09 /ariscv/uu_dtpath/uu_exec/add_60_47_Y_add_60_77_g1144
8.58970e-11 4.24402e-09 9.02856e-09 1.33585e-08 /ariscv/uu_dtpath/uu_exec/add_60_47_Y_add_60_77_g1146
3.65860e-11 4.14103e-09 3.73042e-09 7.90803e-09 /ariscv/uu_dtpath/uu_exec/add_60_47_Y_add_60_77_g1151
1.76030e-11 2.12061e-09 3.26766e-09 5.40587e-09 /ariscv/uu_dtpath/uu_exec/add_60_47_Y_add_60_77_g1152
8.58970e-11 4.23087e-09 6.45032e-09 1.07671e-08 /ariscv/uu_dtpath/uu_exec/add_60_47_Y_add_60_77_g1156
1.75780e-11 2.13838e-09 3.12127e-09 5.27723e-09 /ariscv/uu_dtpath/uu_exec/add_60_47_Y_add_60_77_g1161
4.16940e-11 2.20202e-09 5.59563e-09 7.83934e-09 /ariscv/uu_dtpath/uu_exec/add_60_47_Y_add_60_77_g1166
1.75730e-11 2.13954e-09 2.35630e-09 4.51341e-09 /ariscv/uu_dtpath/uu_exec/add_60_47_Y_add_60_77_g1170
4.26120e-11 2.70683e-09 3.14961e-09 5.89904e-09 /ariscv/uu_dtpath/uu_exec/add_60_47_Y_add_60_77_g1175
1.36380e-11 3.45787e-10 4.27008e-10 7.86433e-10 /ariscv/uu_dtpath/uu_exec/add_60_47_Y_add_60_77_g1178
4.17480e-11 4.67113e-09 7.00212e-09 1.17150e-08 /ariscv/uu_dtpath/uu_exec/add_60_47_Y_add_60_77_g1182
1.58340e-11 4.53771e-09 9.72540e-09 1.42789e-08 /ariscv/uu_dtpath/uu_exec/add_60_47_Y_add_60_77_g1185
4.01310e-11 9.27219e-09 1.38963e-08 2.32086e-08 /ariscv/uu_dtpath/uu_exec/add_60_47_Y_add_60_77_g1187
2.09940e-11 2.18276e-09 1.35995e-09 3.56370e-09 /ariscv/uu_dtpath/uu_exec/add_60_47_Y_add_60_77_g1189
4.29420e-11 4.25861e-09 8.38366e-09 1.26852e-08 /ariscv/uu_dtpath/uu_exec/add_60_47_Y_add_60_77_g1191
1.95030e-11 4.92985e-09 2.62074e-09 7.57009e-09 /ariscv/uu_dtpath/uu_exec/add_60_47_Y_add_60_77_g1223
2.53710e-11 7.45769e-09 3.57594e-09 1.10590e-08 /ariscv/uu_dtpath/uu_exec/add_60_47_Y_add_60_77_g1225
3.00170e-11 1.03951e-08 7.71549e-09 1.81406e-08 /ariscv/uu_dtpath/uu_exec/add_60_47_Y_add_60_77_g1227
4.15890e-11 6.50327e-09 6.20342e-09 1.27483e-08 /ariscv/uu_dtpath/uu_exec/add_60_47_Y_add_60_77_g1228
4.19510e-11 6.52748e-09 3.81946e-09 1.03889e-08 /ariscv/uu_dtpath/uu_exec/add_60_47_Y_add_60_77_g1230
3.53200e-11 1.53591e-08 4.07580e-09 1.94702e-08 /ariscv/uu_dtpath/uu_exec/add_60_47_Y_add_60_77_g1232
4.15940e-11 6.48008e-09 5.12680e-09 1.16485e-08 /ariscv/uu_dtpath/uu_exec/add_60_47_Y_add_60_77_g1233
4.19500e-11 6.54498e-09 6.51103e-09 1.30980e-08 /ariscv/uu_dtpath/uu_exec/add_60_47_Y_add_60_77_g1236
2.48120e-11 7.40138e-09 1.93537e-09 9.36156e-09 /ariscv/uu_dtpath/uu_exec/add_60_47_Y_add_60_77_g1238
4.19580e-11 6.53202e-09 3.21706e-09 9.79104e-09 /ariscv/uu_dtpath/uu_exec/add_60_47_Y_add_60_77_g1239
4.27030e-11 9.21036e-09 9.61679e-09 1.88699e-08 /ariscv/uu_dtpath/uu_exec/add_60_47_Y_add_60_77_g1240
2.01790e-11 6.22137e-09 9.28591e-09 1.55275e-08 /ariscv/uu_dtpath/uu_exec/add_60_47_Y_add_60_77_g1241
1.96970e-11 4.83317e-09 2.19069e-09 7.04356e-09 /ariscv/uu_dtpath/uu_exec/add_60_47_Y_add_60_77_g1243
4.21600e-11 1.43533e-08 8.03693e-09 2.24324e-08 /ariscv/uu_dtpath/uu_exec/add_60_47_Y_add_60_77_g1248
4.19530e-11 6.55765e-09 3.87073e-09 1.04703e-08 /ariscv/uu_dtpath/uu_exec/add_60_47_Y_add_60_77_g1249
2.48070e-11 7.43266e-09 1.52522e-09 8.98268e-09 /ariscv/uu_dtpath/uu_exec/add_60_47_Y_add_60_77_g1251
4.15970e-11 6.47428e-09 3.06326e-09 9.57913e-09 /ariscv/uu_dtpath/uu_exec/add_60_47_Y_add_60_77_g1253
4.02980e-11 3.52830e-09 1.64732e-09 5.21592e-09 /ariscv/uu_dtpath/uu_exec/add_60_47_Y_add_60_77_g1254
4.19560e-11 6.55117e-09 3.39650e-09 9.98963e-09 /ariscv/uu_dtpath/uu_exec/add_60_47_Y_add_60_77_g1256
4.16000e-11 6.46338e-09 4.05017e-09 1.05551e-08 /ariscv/uu_dtpath/uu_exec/add_60_47_Y_add_60_77_g1257
3.93630e-11 4.90889e-09 3.40932e-09 8.35757e-09 /ariscv/uu_dtpath/uu_exec/add_60_47_Y_add_60_77_g1258
4.19510e-11 6.55135e-09 9.18978e-09 1.57831e-08 /ariscv/uu_dtpath/uu_exec/add_60_47_Y_add_60_77_g1260
4.16020e-11 6.45031e-09 2.60185e-09 9.09376e-09 /ariscv/uu_dtpath/uu_exec/add_60_47_Y_add_60_77_g1261
3.53290e-11 1.54161e-08 3.40932e-09 1.88607e-08 /ariscv/uu_dtpath/uu_exec/add_60_47_Y_add_60_77_g1263
3.75440e-11 4.91298e-09 9.01574e-09 1.39663e-08 /ariscv/uu_dtpath/uu_exec/add_60_47_Y_add_60_77_g1264
3.81370e-11 1.17595e-08 2.59706e-08 3.77682e-08 /ariscv/uu_dtpath/uu_exec/add_60_47_Y_add_60_77_g1270
3.87630e-11 5.95047e-09 1.18301e-08 1.78193e-08 /ariscv/uu_dtpath/uu_exec/add_60_47_Y_add_60_77_g1275
3.75440e-11 4.93289e-09 8.44909e-09 1.34195e-08 /ariscv/uu_dtpath/uu_exec/add_60_47_Y_add_60_77_g1280
3.80570e-11 4.90631e-09 1.84615e-08 2.34059e-08 /ariscv/uu_dtpath/uu_exec/add_60_47_Y_add_60_77_g1282
3.80590e-11 4.93062e-09 1.73383e-08 2.23070e-08 /ariscv/uu_dtpath/uu_exec/add_60_47_Y_add_60_77_g1283
4.17220e-11 3.55592e-09 9.04137e-09 1.26390e-08 /ariscv/uu_dtpath/uu_exec/add_60_47_Y_add_60_77_g1284
3.90100e-11 7.89448e-09 1.55915e-08 2.35250e-08 /ariscv/uu_dtpath/uu_exec/add_60_47_Y_add_60_77_g1285
3.75440e-11 4.93540e-09 1.28102e-08 1.77832e-08 /ariscv/uu_dtpath/uu_exec/add_60_47_Y_add_60_77_g1289
3.75470e-11 4.90675e-09 1.17984e-08 1.67427e-08 /ariscv/uu_dtpath/uu_exec/add_60_47_Y_add_60_77_g1290
4.24620e-11 5.71952e-09 1.86872e-08 2.44492e-08 /ariscv/uu_dtpath/uu_exec/add_60_47_Y_add_60_77_g1291
3.80580e-11 4.90189e-09 1.37007e-08 1.86406e-08 /ariscv/uu_dtpath/uu_exec/add_60_47_Y_add_60_77_g1292
3.80550e-11 4.90851e-09 1.88814e-08 2.38280e-08 /ariscv/uu_dtpath/uu_exec/add_60_47_Y_add_60_77_g1293
3.08870e-11 1.00122e-08 1.61464e-08 2.61894e-08 /ariscv/uu_dtpath/uu_exec/add_60_47_Y_add_60_77_g1303
3.18590e-11 1.41752e-08 2.71535e-08 4.13606e-08 /ariscv/uu_dtpath/uu_exec/add_60_47_Y_add_60_77_g1306
3.80570e-11 4.92467e-09 7.57383e-09 1.25366e-08 /ariscv/uu_dtpath/uu_exec/add_60_47_Y_add_60_77_g1310
3.80640e-11 4.90792e-09 1.25269e-08 1.74729e-08 /ariscv/uu_dtpath/uu_exec/add_60_47_Y_add_60_77_g1311
3.94500e-11 6.78376e-09 2.28935e-08 2.97167e-08 /ariscv/uu_dtpath/uu_exec/add_60_47_Y_add_60_77_g1314
3.74940e-11 8.42040e-09 2.42369e-08 3.26948e-08 /ariscv/uu_dtpath/uu_exec/add_60_47_Y_add_60_77_g1317
3.75460e-11 4.90893e-09 1.22638e-08 1.72103e-08 /ariscv/uu_dtpath/uu_exec/add_60_47_Y_add_60_77_g1318
3.83240e-11 5.55536e-09 1.17147e-08 1.73084e-08 /ariscv/uu_dtpath/uu_exec/add_60_47_Y_add_60_77_g1319
3.75440e-11 4.92969e-09 1.02401e-08 1.52073e-08 /ariscv/uu_dtpath/uu_exec/add_60_47_Y_add_60_77_g1320
3.80550e-11 4.90118e-09 1.13076e-08 1.62468e-08 /ariscv/uu_dtpath/uu_exec/add_60_47_Y_add_60_77_g1322
3.75470e-11 4.91270e-09 1.50667e-08 2.00170e-08 /ariscv/uu_dtpath/uu_exec/add_60_47_Y_add_60_77_g1325
2.83030e-11 5.23312e-09 1.02468e-09 6.28611e-09 /ariscv/uu_dtpath/uu_exec/g1329
5.48420e-11 1.60636e-08 2.96710e-08 4.57894e-08 /ariscv/uu_dtpath/uu_exec/add_60_47_Y_add_60_77_g1127
5.72660e-11 1.42978e-08 1.05484e-08 2.49035e-08 /ariscv/uu_dtpath/uu_exec/add_60_47_Y_add_60_77_g1262
5.47270e-11 1.61105e-08 3.12009e-08 4.73661e-08 /ariscv/uu_dtpath/uu_exec/add_60_47_Y_add_60_77_g2
7.00260e-11 3.49064e-08 7.47365e-08 1.09713e-07 /ariscv/uu_dtpath/uu_exec/add_60_47_Y_add_60_77_g1326
1.73196e-10 8.63769e-08 3.89272e-08 1.25477e-07 /ariscv/uu_dtpath/uu_exec/FE_RC_15_0
5.51920e-11 1.60172e-08 3.69099e-08 5.29823e-08 /ariscv/uu_dtpath/uu_exec/add_60_47_Y_add_60_77_g1120
5.51870e-11 1.59636e-08 3.66053e-08 5.26241e-08 /ariscv/uu_dtpath/uu_exec/add_60_47_Y_add_60_77_g1125
5.50620e-11 1.45133e-08 4.32445e-08 5.78129e-08 /ariscv/uu_dtpath/uu_exec/add_60_47_Y_add_60_77_g1126
5.51800e-11 1.45019e-08 3.99185e-08 5.44756e-08 /ariscv/uu_dtpath/uu_exec/add_60_47_Y_add_60_77_g1129
5.50580e-11 1.45069e-08 4.60450e-08 6.06070e-08 /ariscv/uu_dtpath/uu_exec/add_60_47_Y_add_60_77_g1130
5.50540e-11 1.44993e-08 5.22485e-08 6.68028e-08 /ariscv/uu_dtpath/uu_exec/add_60_47_Y_add_60_77_g1132
5.50510e-11 1.29195e-08 3.44092e-08 4.73838e-08 /ariscv/uu_dtpath/uu_exec/add_60_47_Y_add_60_77_g1135
5.51760e-11 1.60317e-08 3.76819e-08 5.37688e-08 /ariscv/uu_dtpath/uu_exec/add_60_47_Y_add_60_77_g1139
5.50480e-11 1.60179e-08 2.40966e-08 4.01695e-08 /ariscv/uu_dtpath/uu_exec/add_60_47_Y_add_60_77_g1140
5.51780e-11 1.44656e-08 4.23217e-08 5.68424e-08 /ariscv/uu_dtpath/uu_exec/add_60_47_Y_add_60_77_g1141
5.50460e-11 1.44878e-08 3.27538e-08 4.72966e-08 /ariscv/uu_dtpath/uu_exec/add_60_47_Y_add_60_77_g1147
5.51720e-11 1.44556e-08 3.61119e-08 5.06226e-08 /ariscv/uu_dtpath/uu_exec/add_60_47_Y_add_60_77_g1148
5.50420e-11 1.60103e-08 2.69723e-08 4.30377e-08 /ariscv/uu_dtpath/uu_exec/add_60_47_Y_add_60_77_g1149
5.51710e-11 1.44935e-08 3.26321e-08 4.71807e-08 /ariscv/uu_dtpath/uu_exec/add_60_47_Y_add_60_77_g1150
6.97340e-11 1.59900e-08 4.56858e-08 6.17456e-08 /ariscv/uu_dtpath/uu_exec/add_60_47_Y_add_60_77_g1157
5.50370e-11 1.44331e-08 2.99597e-08 4.44478e-08 /ariscv/uu_dtpath/uu_exec/add_60_47_Y_add_60_77_g1158
6.97400e-11 1.59884e-08 4.12660e-08 5.73241e-08 /ariscv/uu_dtpath/uu_exec/add_60_47_Y_add_60_77_g1159
7.04840e-11 1.81017e-08 4.55374e-08 6.37096e-08 /ariscv/uu_dtpath/uu_exec/add_60_47_Y_add_60_77_g1160
6.97510e-11 9.91073e-09 2.62033e-08 3.61838e-08 /ariscv/uu_dtpath/uu_exec/add_60_47_Y_add_60_77_g1167
5.46350e-11 1.47577e-08 3.73038e-08 5.21162e-08 /ariscv/uu_dtpath/uu_exec/add_60_47_Y_add_60_77_g1168
7.04890e-11 1.33720e-08 3.63186e-08 4.97611e-08 /ariscv/uu_dtpath/uu_exec/add_60_47_Y_add_60_77_g1169
6.90040e-11 1.73770e-08 5.42803e-08 7.17263e-08 /ariscv/uu_dtpath/uu_exec/add_60_47_Y_add_60_77_g1171
5.43820e-11 1.11118e-08 3.43478e-08 4.55141e-08 /ariscv/uu_dtpath/uu_exec/add_60_47_Y_add_60_77_g1176
5.62670e-11 2.49663e-08 5.84353e-08 8.34579e-08 /ariscv/uu_dtpath/uu_exec/add_60_47_Y_add_60_77_g1179
6.89520e-11 2.49742e-08 7.71013e-08 1.02144e-07 /ariscv/uu_dtpath/uu_exec/add_60_47_Y_add_60_77_g1180
6.82090e-11 2.93015e-08 9.02120e-08 1.19582e-07 /ariscv/uu_dtpath/uu_exec/add_60_47_Y_add_60_77_g1184
6.82520e-11 3.01105e-08 7.85310e-08 1.08710e-07 /ariscv/uu_dtpath/uu_exec/add_60_47_Y_add_60_77_g1192
6.73630e-11 2.41097e-08 8.03693e-08 1.04546e-07 /ariscv/uu_dtpath/uu_exec/add_60_47_Y_add_60_77_g1206
5.24250e-11 1.12633e-08 7.46151e-09 1.87772e-08 /ariscv/uu_dtpath/uu_exec/g692
5.24220e-11 1.12729e-08 5.33963e-09 1.66650e-08 /ariscv/uu_dtpath/uu_exec/g693
5.24220e-11 1.12690e-08 7.82578e-09 1.91472e-08 /ariscv/uu_dtpath/uu_exec/g694
5.24230e-11 1.12692e-08 8.31755e-09 1.96392e-08 /ariscv/uu_dtpath/uu_exec/g695
5.22930e-11 3.06806e-08 1.85199e-08 4.92527e-08 /ariscv/uu_dtpath/uu_exec/g698
5.24220e-11 1.12642e-08 4.47448e-09 1.57911e-08 /ariscv/uu_dtpath/uu_exec/g699
5.24240e-11 1.12646e-08 2.06117e-09 1.33782e-08 /ariscv/uu_dtpath/uu_exec/g700
5.21020e-11 3.07742e-08 1.59366e-08 4.67629e-08 /ariscv/uu_dtpath/uu_exec/g701
5.24220e-11 1.12713e-08 6.84832e-09 1.81720e-08 /ariscv/uu_dtpath/uu_exec/g702
5.19600e-11 1.25572e-08 5.02359e-09 1.76328e-08 /ariscv/uu_dtpath/uu_exec/g703
5.24220e-11 1.12676e-08 4.17092e-09 1.54909e-08 /ariscv/uu_dtpath/uu_exec/g705
5.24220e-11 1.12684e-08 7.15795e-09 1.84787e-08 /ariscv/uu_dtpath/uu_exec/g706
5.24220e-11 1.12586e-08 3.89771e-09 1.52088e-08 /ariscv/uu_dtpath/uu_exec/g707
5.20800e-11 2.38451e-08 2.23845e-08 4.62817e-08 /ariscv/uu_dtpath/uu_exec/g708
5.22820e-11 1.10381e-08 5.99835e-09 1.70888e-08 /ariscv/uu_dtpath/uu_exec/g709
5.22810e-11 1.13968e-08 6.64190e-09 1.80909e-08 /ariscv/uu_dtpath/uu_exec/g710
5.22820e-11 1.10438e-08 3.15703e-09 1.42531e-08 /ariscv/uu_dtpath/uu_exec/g711
5.22820e-11 1.10362e-08 7.33402e-09 1.84225e-08 /ariscv/uu_dtpath/uu_exec/g712
5.24240e-11 1.12752e-08 5.00267e-09 1.63303e-08 /ariscv/uu_dtpath/uu_exec/g713
5.17640e-11 1.39852e-08 1.22335e-08 2.62704e-08 /ariscv/uu_dtpath/uu_exec/g714
5.22820e-11 1.10458e-08 4.83875e-09 1.59368e-08 /ariscv/uu_dtpath/uu_exec/g715
5.22820e-11 1.10316e-08 2.66526e-09 1.37491e-08 /ariscv/uu_dtpath/uu_exec/g716
5.22820e-11 1.10554e-08 7.70436e-09 1.88120e-08 /ariscv/uu_dtpath/uu_exec/g718
5.15570e-11 1.55107e-08 1.08270e-08 2.63893e-08 /ariscv/uu_dtpath/uu_exec/g719
5.12450e-11 1.42334e-08 5.99835e-09 2.02830e-08 /ariscv/uu_dtpath/uu_exec/g720
5.24230e-11 1.12637e-08 8.14756e-09 1.94637e-08 /ariscv/uu_dtpath/uu_exec/g721
5.14250e-11 2.12537e-08 1.04418e-08 3.17469e-08 /ariscv/uu_dtpath/uu_exec/g722
5.22810e-11 1.14089e-08 8.34183e-09 1.98030e-08 /ariscv/uu_dtpath/uu_exec/g723
5.06460e-11 1.39639e-08 6.25267e-09 2.02673e-08 /ariscv/uu_dtpath/uu_exec/g750
7.32860e-11 4.25920e-08 1.32784e-07 1.75449e-07 /ariscv/uu_dtpath/uu_exec/g754
5.10410e-11 1.54554e-08 3.20964e-08 4.76029e-08 /ariscv/uu_dtpath/uu_exec/g756
7.32860e-11 4.32156e-08 1.26295e-07 1.69583e-07 /ariscv/uu_dtpath/uu_exec/g760
7.34020e-11 4.52770e-08 1.01367e-07 1.46717e-07 /ariscv/uu_dtpath/uu_exec/g762
7.34020e-11 4.45707e-08 1.20164e-07 1.64808e-07 /ariscv/uu_dtpath/uu_exec/g766
7.35050e-11 4.50279e-08 1.40422e-07 1.85523e-07 /ariscv/uu_dtpath/uu_exec/g767
5.17370e-11 3.22616e-08 9.52107e-08 1.27524e-07 /ariscv/uu_dtpath/uu_exec/g768
7.32450e-11 4.25169e-08 1.38038e-07 1.80628e-07 /ariscv/uu_dtpath/uu_exec/g769
7.35050e-11 4.50213e-08 1.17862e-07 1.62957e-07 /ariscv/uu_dtpath/uu_exec/g770
7.32450e-11 4.31996e-08 1.07375e-07 1.50648e-07 /ariscv/uu_dtpath/uu_exec/g771
5.09280e-11 2.66555e-08 8.34281e-08 1.10135e-07 /ariscv/uu_dtpath/uu_exec/g724
1.18925e-10 6.76493e-08 1.34989e-07 2.02757e-07 /ariscv/uu_dtpath/uu_exec/g773
7.24970e-11 1.42149e-08 2.74904e-08 4.17778e-08 /ariscv/uu_dtpath/uu_exec/g727
5.16910e-11 3.08760e-08 1.04280e-07 1.35208e-07 /ariscv/uu_dtpath/uu_exec/g728
5.15490e-11 3.10616e-08 1.08573e-07 1.39686e-07 /ariscv/uu_dtpath/uu_exec/g731
5.08580e-11 1.13906e-08 1.66412e-08 2.80826e-08 /ariscv/uu_dtpath/uu_exec/g732
5.15480e-11 3.10627e-08 8.09433e-08 1.12058e-07 /ariscv/uu_dtpath/uu_exec/g733
5.01180e-11 7.01778e-09 1.64428e-09 8.71218e-09 /ariscv/uu_dtpath/uu_exec/g1327
2.19086e-10 1.11556e-07 2.32112e-07 3.43887e-07 /ariscv/uu_dtpath/uu_exec/g2
5.00340e-11 8.52184e-09 9.98713e-09 1.85590e-08 /ariscv/uu_dtpath/uu_exec/g1328
7.35430e-11 4.71571e-08 1.26257e-07 1.73488e-07 /ariscv/uu_dtpath/uu_exec/g1339
8.73740e-11 5.81804e-09 1.97382e-09 7.87924e-09 /ariscv/uu_dtpath/uu_exec/add_60_47_Y_add_60_77_g1121
4.23990e-11 2.95924e-09 4.24040e-09 7.24204e-09 /ariscv/uu_dtpath/uu_exec/add_60_47_Y_add_60_77_g1143
4.23040e-11 2.95635e-09 3.03628e-09 6.03493e-09 /ariscv/uu_dtpath/uu_exec/add_60_47_Y_add_60_77_g1153
4.23990e-11 2.96105e-09 1.75660e-09 4.76005e-09 /ariscv/uu_dtpath/uu_exec/add_60_47_Y_add_60_77_g1154
4.23060e-11 2.94911e-09 4.04680e-09 7.03821e-09 /ariscv/uu_dtpath/uu_exec/add_60_47_Y_add_60_77_g1162
8.64460e-11 7.59435e-09 7.69829e-09 1.53791e-08 /ariscv/uu_dtpath/uu_exec/add_60_47_Y_add_60_77_g1181
4.15430e-11 2.28258e-09 2.37958e-09 4.70369e-09 /ariscv/uu_dtpath/uu_exec/add_60_47_Y_add_60_77_g1213
4.15340e-11 2.27396e-09 2.11986e-09 4.43536e-09 /ariscv/uu_dtpath/uu_exec/add_60_47_Y_add_60_77_g1221
4.22330e-11 1.32660e-08 7.49153e-09 2.07998e-08 /ariscv/uu_dtpath/uu_exec/g1334
5.18350e-11 9.61023e-09 6.66281e-09 1.63249e-08 /ariscv/uu_dtpath/uu_exec/g1344
7.62990e-11 7.02722e-09 4.48595e-09 1.15895e-08 /ariscv/uu_dtpath/uu_exec/add_60_47_Y_add_60_77_g1124
3.62910e-11 3.55433e-09 1.87465e-09 5.46527e-09 /ariscv/uu_dtpath/uu_exec/add_60_47_Y_add_60_77_g1134
4.82130e-11 9.70175e-09 1.75188e-09 1.15018e-08 /ariscv/uu_dtpath/uu_exec/add_60_47_Y_add_60_77_g1163
3.43020e-11 7.14047e-10 2.22611e-10 9.70960e-10 /ariscv/uu_dtpath/uu_exec/add_60_47_Y_add_60_77_g1164
3.48990e-11 9.75392e-10 3.16377e-10 1.32667e-09 /ariscv/uu_dtpath/uu_exec/add_60_47_Y_add_60_77_g1173
3.71610e-11 6.95824e-09 2.80625e-09 9.80165e-09 /ariscv/uu_dtpath/uu_exec/add_60_47_Y_add_60_77_g1177
4.84520e-11 2.87799e-08 3.68117e-09 3.25096e-08 /ariscv/uu_dtpath/uu_exec/add_60_47_Y_add_60_77_g1183
3.62780e-11 2.58555e-09 2.20587e-09 4.82770e-09 /ariscv/uu_dtpath/uu_exec/add_60_47_Y_add_60_77_g1194
3.55690e-11 3.32585e-09 2.17214e-09 5.53357e-09 /ariscv/uu_dtpath/uu_exec/add_60_47_Y_add_60_77_g1195
3.65600e-11 2.58069e-09 1.34578e-09 3.96303e-09 /ariscv/uu_dtpath/uu_exec/add_60_47_Y_add_60_77_g1196
3.65610e-11 2.58224e-09 2.20924e-09 4.82805e-09 /ariscv/uu_dtpath/uu_exec/add_60_47_Y_add_60_77_g1197
3.41460e-11 6.43639e-09 4.58578e-09 1.10563e-08 /ariscv/uu_dtpath/uu_exec/add_60_47_Y_add_60_77_g1205
3.46430e-11 2.73606e-09 8.35802e-10 3.60651e-09 /ariscv/uu_dtpath/uu_exec/add_60_47_Y_add_60_77_g1218
3.56950e-11 4.40423e-09 3.55166e-09 7.99158e-09 /ariscv/uu_dtpath/uu_exec/add_60_47_Y_add_60_77_g1222
4.83360e-11 2.43061e-08 9.38069e-09 3.37352e-08 /ariscv/uu_dtpath/uu_exec/g1336
8.81970e-11 4.84069e-08 1.34916e-08 6.19866e-08 /ariscv/uu_dtpath/uu_exec/g1337
5.07530e-11 4.99179e-09 1.81462e-09 6.85716e-09 /ariscv/uu_dtpath/uu_exec/g1345
4.02310e-11 2.29013e-08 9.05153e-08 1.13457e-07 /ariscv/uu_dtpath/uu_exec/g783
3.99480e-11 3.03113e-09 1.96977e-09 5.04084e-09 /ariscv/uu_dtpath/uu_exec/add_60_47_Y_add_60_77_g1203
4.25960e-11 2.03541e-08 2.67619e-08 4.71586e-08 /ariscv/uu_dtpath/uu_exec/g1330
4.27520e-11 2.43300e-08 1.69629e-08 4.13357e-08 /ariscv/uu_dtpath/uu_exec/g1331
6.30180e-11 4.03627e-08 9.69865e-08 1.37412e-07 /ariscv/uu_dtpath/uu_exec/g1332
4.11880e-11 2.73903e-08 5.74316e-08 8.48630e-08 /ariscv/uu_dtpath/uu_exec/g1333
4.12630e-11 2.87953e-08 6.44148e-08 9.32514e-08 /ariscv/uu_dtpath/uu_exec/g1335
4.11880e-11 2.74082e-08 1.05300e-07 1.32749e-07 /ariscv/uu_dtpath/uu_exec/g1338
6.37220e-11 4.23277e-08 1.13561e-07 1.55952e-07 /ariscv/uu_dtpath/uu_exec/g1340
4.15620e-11 8.55029e-09 2.49213e-08 3.35131e-08 /ariscv/uu_dtpath/uu_exec/g1341
4.17810e-11 1.14738e-08 2.75936e-08 3.91092e-08 /ariscv/uu_dtpath/uu_exec/g1343
4.17200e-11 4.44769e-09 1.78021e-09 6.26962e-09 /ariscv/uu_dtpath/uu_exec/add_60_47_Y_add_60_77_g1128
4.15680e-11 4.46513e-09 3.99958e-09 8.50628e-09 /ariscv/uu_dtpath/uu_exec/add_60_47_Y_add_60_77_g1137
4.17210e-11 4.43056e-09 1.64800e-09 6.12027e-09 /ariscv/uu_dtpath/uu_exec/add_60_47_Y_add_60_77_g1138
4.17190e-11 4.43162e-09 2.39880e-09 6.87214e-09 /ariscv/uu_dtpath/uu_exec/add_60_47_Y_add_60_77_g1145
4.15730e-11 4.43125e-09 2.12492e-09 6.59774e-09 /ariscv/uu_dtpath/uu_exec/add_60_47_Y_add_60_77_g1155
3.97440e-11 2.09334e-09 2.17653e-09 4.30961e-09 /ariscv/uu_dtpath/uu_exec/add_60_47_Y_add_60_77_g1172
4.07910e-11 2.01674e-09 9.71393e-10 3.02892e-09 /ariscv/uu_dtpath/uu_exec/add_60_47_Y_add_60_77_g1199
4.17190e-11 3.17885e-09 1.78763e-09 5.00820e-09 /ariscv/uu_dtpath/uu_exec/add_60_47_Y_add_60_77_g1200
4.15720e-11 3.18451e-09 1.37951e-09 4.60560e-09 /ariscv/uu_dtpath/uu_exec/add_60_47_Y_add_60_77_g1201
4.15750e-11 3.16667e-09 1.30194e-09 4.51018e-09 /ariscv/uu_dtpath/uu_exec/add_60_47_Y_add_60_77_g1202
4.10590e-11 1.90978e-09 9.77464e-10 2.92830e-09 /ariscv/uu_dtpath/uu_exec/add_60_47_Y_add_60_77_g1211
4.15760e-11 3.17375e-09 4.41849e-09 7.63381e-09 /ariscv/uu_dtpath/uu_exec/add_60_47_Y_add_60_77_g1212
4.17190e-11 3.18736e-09 2.48245e-09 5.71152e-09 /ariscv/uu_dtpath/uu_exec/add_60_47_Y_add_60_77_g1220
4.01220e-11 1.80865e-08 7.01588e-08 8.82855e-08 /ariscv/uu_dtpath/uu_exec/add_60_47_Y_add_60_77_g1244
1.29499e-10 2.60423e-07 4.59432e-08 3.06496e-07 /ariscv/uu_dtpath/uu_exec/aluResult_ff_reg[0]
1.30616e-10 2.83142e-07 6.23985e-09 2.89512e-07 /ariscv/uu_dtpath/uu_exec/aluResult_ff_reg[1]
1.29498e-10 2.64543e-07 1.95527e-08 2.84225e-07 /ariscv/uu_dtpath/uu_exec/aluResult_ff_reg[2]
1.30271e-10 2.83718e-07 1.54839e-08 2.99333e-07 /ariscv/uu_dtpath/uu_exec/aluResult_ff_reg[3]
1.28896e-10 2.67915e-07 7.38663e-09 2.75430e-07 /ariscv/uu_dtpath/uu_exec/aluResult_ff_reg[4]
1.27783e-10 2.52306e-07 5.61924e-09 2.58053e-07 /ariscv/uu_dtpath/uu_exec/aluResult_ff_reg[5]
1.28649e-10 2.51977e-07 4.37521e-08 2.95858e-07 /ariscv/uu_dtpath/uu_exec/aluResult_ff_reg[6]
1.28361e-10 2.49866e-07 1.38963e-08 2.63891e-07 /ariscv/uu_dtpath/uu_exec/aluResult_ff_reg[7]
1.26505e-10 2.42183e-07 3.90379e-09 2.46213e-07 /ariscv/uu_dtpath/uu_exec/aluResult_ff_reg[8]
1.29085e-10 2.56293e-07 7.03619e-09 2.63458e-07 /ariscv/uu_dtpath/uu_exec/aluResult_ff_reg[9]
1.28220e-10 2.48377e-07 9.14425e-09 2.57650e-07 /ariscv/uu_dtpath/uu_exec/aluResult_ff_reg[10]
1.29548e-10 2.70576e-07 4.05253e-09 2.74758e-07 /ariscv/uu_dtpath/uu_exec/aluResult_ff_reg[11]
1.30828e-10 2.58152e-07 9.01439e-09 2.67297e-07 /ariscv/uu_dtpath/uu_exec/aluResult_ff_reg[12]
1.30852e-10 2.58999e-07 1.94785e-09 2.61077e-07 /ariscv/uu_dtpath/uu_exec/aluResult_ff_reg[13]
1.31015e-10 2.58274e-07 3.42112e-09 2.61826e-07 /ariscv/uu_dtpath/uu_exec/aluResult_ff_reg[14]
1.31230e-10 2.57190e-07 9.68863e-09 2.67010e-07 /ariscv/uu_dtpath/uu_exec/aluResult_ff_reg[15]
1.31259e-10 2.67660e-07 5.63273e-09 2.73424e-07 /ariscv/uu_dtpath/uu_exec/aluResult_ff_reg[16]
1.31031e-10 2.52501e-07 6.90431e-09 2.59536e-07 /ariscv/uu_dtpath/uu_exec/aluResult_ff_reg[17]
1.31248e-10 2.55084e-07 2.16708e-09 2.57382e-07 /ariscv/uu_dtpath/uu_exec/aluResult_ff_reg[18]
1.31037e-10 2.54299e-07 5.33726e-09 2.59768e-07 /ariscv/uu_dtpath/uu_exec/aluResult_ff_reg[19]
1.53023e-10 2.71308e-07 7.66456e-08 3.48107e-07 /ariscv/uu_dtpath/uu_exec/aluResult_ff_reg[20]
1.31248e-10 2.58782e-07 7.97689e-09 2.66890e-07 /ariscv/uu_dtpath/uu_exec/aluResult_ff_reg[21]
1.31053e-10 2.54448e-07 1.05194e-08 2.65098e-07 /ariscv/uu_dtpath/uu_exec/aluResult_ff_reg[22]
1.31227e-10 2.60714e-07 1.43011e-08 2.75146e-07 /ariscv/uu_dtpath/uu_exec/aluResult_ff_reg[23]
1.31250e-10 2.66258e-07 9.92473e-09 2.76314e-07 /ariscv/uu_dtpath/uu_exec/aluResult_ff_reg[24]
1.53015e-10 2.62128e-07 7.07187e-08 3.33000e-07 /ariscv/uu_dtpath/uu_exec/aluResult_ff_reg[25]
1.31263e-10 2.64121e-07 9.99219e-09 2.74245e-07 /ariscv/uu_dtpath/uu_exec/aluResult_ff_reg[26]
2.28068e-10 2.82925e-07 5.42880e-08 3.37441e-07 /ariscv/uu_dtpath/uu_exec/aluResult_ff_reg[27]
2.28074e-10 2.88268e-07 5.59249e-08 3.44421e-07 /ariscv/uu_dtpath/uu_exec/aluResult_ff_reg[28]
1.31015e-10 2.68821e-07 1.39972e-08 2.82949e-07 /ariscv/uu_dtpath/uu_exec/aluResult_ff_reg[29]
2.27304e-10 3.00668e-07 6.84613e-08 3.69357e-07 /ariscv/uu_dtpath/uu_exec/aluResult_ff_reg[30]
1.30828e-10 2.73924e-07 3.63179e-08 3.10372e-07 /ariscv/uu_dtpath/uu_exec/aluResult_ff_reg[31]
1.28614e-10 2.37215e-07 5.38061e-08 2.91149e-07 /ariscv/uu_dtpath/uu_exec/o_funct3_reg[0]
2.25040e-10 2.64965e-07 4.64683e-08 3.11658e-07 /ariscv/uu_dtpath/uu_exec/o_funct3_reg[1]
1.28403e-10 2.26878e-07 6.58254e-09 2.33589e-07 /ariscv/uu_dtpath/uu_exec/o_funct3_reg[2]
2.19493e-10 2.23345e-07 1.74102e-08 2.40974e-07 /ariscv/uu_dtpath/uu_exec/o_memWrite_reg
1.29695e-10 2.38765e-07 1.28591e-08 2.51754e-07 /ariscv/uu_dtpath/uu_exec/o_pcTarget_ff_reg[0]
1.30171e-10 2.48213e-07 1.50775e-08 2.63421e-07 /ariscv/uu_dtpath/uu_exec/o_pcTarget_ff_reg[1]
1.32300e-10 2.53348e-07 2.16034e-08 2.75084e-07 /ariscv/uu_dtpath/uu_exec/o_pcTarget_ff_reg[2]
1.31871e-10 2.59565e-07 2.23012e-08 2.81998e-07 /ariscv/uu_dtpath/uu_exec/o_pcTarget_ff_reg[3]
1.31452e-10 2.52537e-07 2.23613e-08 2.75030e-07 /ariscv/uu_dtpath/uu_exec/o_pcTarget_ff_reg[4]
1.28459e-10 2.43433e-07 1.39172e-08 2.57479e-07 /ariscv/uu_dtpath/uu_exec/o_pcTarget_ff_reg[5]
1.29907e-10 2.45029e-07 1.63285e-08 2.61488e-07 /ariscv/uu_dtpath/uu_exec/o_pcTarget_ff_reg[6]
1.30363e-10 2.33730e-07 6.14102e-09 2.40002e-07 /ariscv/uu_dtpath/uu_exec/o_pcTarget_ff_reg[7]
1.28415e-10 2.24330e-07 8.32767e-09 2.32786e-07 /ariscv/uu_dtpath/uu_exec/o_pcTarget_ff_reg[8]
1.27783e-10 2.26890e-07 8.25684e-09 2.35275e-07 /ariscv/uu_dtpath/uu_exec/o_pcTarget_ff_reg[9]
1.27998e-10 2.27948e-07 9.92136e-09 2.37997e-07 /ariscv/uu_dtpath/uu_exec/o_pcTarget_ff_reg[10]
1.28202e-10 2.33770e-07 1.09221e-08 2.44820e-07 /ariscv/uu_dtpath/uu_exec/o_pcTarget_ff_reg[11]
1.30145e-10 2.21822e-07 1.00148e-08 2.31967e-07 /ariscv/uu_dtpath/uu_exec/o_pcTarget_ff_reg[12]
1.30544e-10 2.29006e-07 6.42806e-09 2.35564e-07 /ariscv/uu_dtpath/uu_exec/o_pcTarget_ff_reg[13]
1.30128e-10 2.27253e-07 1.93894e-08 2.46773e-07 /ariscv/uu_dtpath/uu_exec/o_pcTarget_ff_reg[14]
1.30546e-10 2.27238e-07 6.27459e-09 2.33643e-07 /ariscv/uu_dtpath/uu_exec/o_pcTarget_ff_reg[15]
1.30529e-10 2.28981e-07 4.40668e-09 2.33518e-07 /ariscv/uu_dtpath/uu_exec/o_pcTarget_ff_reg[16]
1.30098e-10 2.29086e-07 4.76185e-09 2.33978e-07 /ariscv/uu_dtpath/uu_exec/o_pcTarget_ff_reg[17]
1.30545e-10 2.27218e-07 5.08194e-09 2.32430e-07 /ariscv/uu_dtpath/uu_exec/o_pcTarget_ff_reg[18]
1.30097e-10 2.29103e-07 4.45492e-09 2.33688e-07 /ariscv/uu_dtpath/uu_exec/o_pcTarget_ff_reg[19]
1.30124e-10 2.27237e-07 6.19128e-09 2.33558e-07 /ariscv/uu_dtpath/uu_exec/o_pcTarget_ff_reg[20]
1.30537e-10 2.29026e-07 2.17923e-09 2.31336e-07 /ariscv/uu_dtpath/uu_exec/o_pcTarget_ff_reg[21]
1.30141e-10 2.25402e-07 1.29087e-08 2.38440e-07 /ariscv/uu_dtpath/uu_exec/o_pcTarget_ff_reg[22]
1.30530e-10 2.29071e-07 5.35379e-09 2.34555e-07 /ariscv/uu_dtpath/uu_exec/o_pcTarget_ff_reg[23]
1.30545e-10 2.27183e-07 5.31871e-09 2.32632e-07 /ariscv/uu_dtpath/uu_exec/o_pcTarget_ff_reg[24]
1.30119e-10 2.27162e-07 7.94518e-09 2.35237e-07 /ariscv/uu_dtpath/uu_exec/o_pcTarget_ff_reg[25]
1.30539e-10 2.27196e-07 5.16963e-09 2.32496e-07 /ariscv/uu_dtpath/uu_exec/o_pcTarget_ff_reg[26]
1.30108e-10 2.27177e-07 2.17484e-09 2.29482e-07 /ariscv/uu_dtpath/uu_exec/o_pcTarget_ff_reg[27]
1.30114e-10 2.27127e-07 6.32282e-09 2.33579e-07 /ariscv/uu_dtpath/uu_exec/o_pcTarget_ff_reg[28]
1.30525e-10 2.29032e-07 6.13428e-09 2.35297e-07 /ariscv/uu_dtpath/uu_exec/o_pcTarget_ff_reg[29]
1.30088e-10 2.29062e-07 3.32365e-09 2.32516e-07 /ariscv/uu_dtpath/uu_exec/o_pcTarget_ff_reg[30]
1.30512e-10 2.29030e-07 2.95971e-09 2.32120e-07 /ariscv/uu_dtpath/uu_exec/o_pcTarget_ff_reg[31]
1.40299e-10 2.36032e-07 7.01022e-09 2.43183e-07 /ariscv/uu_dtpath/uu_exec/o_regWrite_reg
1.26680e-10 2.16817e-07 3.98878e-09 2.20933e-07 /ariscv/uu_dtpath/uu_exec/o_resultSrc_reg[0]
1.25604e-10 2.14276e-07 2.98670e-09 2.17388e-07 /ariscv/uu_dtpath/uu_exec/o_resultSrc_reg[1]
1.24964e-10 2.06584e-07 3.55840e-10 2.07065e-07 /ariscv/uu_dtpath/uu_exec/pc_plus4_ff_reg[0]
1.24964e-10 2.06583e-07 6.83347e-10 2.07391e-07 /ariscv/uu_dtpath/uu_exec/pc_plus4_ff_reg[1]
1.34637e-10 3.05981e-07 3.96207e-08 3.45736e-07 /ariscv/uu_dtpath/uu_exec/pc_plus4_ff_reg[2]
1.34421e-10 2.70166e-07 1.73198e-08 2.87620e-07 /ariscv/uu_dtpath/uu_exec/pc_plus4_ff_reg[3]
1.34272e-10 2.38199e-07 9.84041e-09 2.48174e-07 /ariscv/uu_dtpath/uu_exec/pc_plus4_ff_reg[4]
1.33999e-10 2.21946e-07 7.98903e-09 2.30069e-07 /ariscv/uu_dtpath/uu_exec/pc_plus4_ff_reg[5]
1.33356e-10 2.14269e-07 4.48595e-09 2.18889e-07 /ariscv/uu_dtpath/uu_exec/pc_plus4_ff_reg[6]
1.31911e-10 2.10432e-07 9.09332e-10 2.11473e-07 /ariscv/uu_dtpath/uu_exec/pc_plus4_ff_reg[7]
1.31266e-10 2.07862e-07 3.35265e-10 2.08329e-07 /ariscv/uu_dtpath/uu_exec/pc_plus4_ff_reg[8]
1.24961e-10 2.06588e-07 7.38325e-10 2.07452e-07 /ariscv/uu_dtpath/uu_exec/pc_plus4_ff_reg[9]
1.24961e-10 2.06587e-07 1.66958e-10 2.06879e-07 /ariscv/uu_dtpath/uu_exec/pc_plus4_ff_reg[10]
1.24964e-10 2.06589e-07 3.42685e-10 2.07057e-07 /ariscv/uu_dtpath/uu_exec/pc_plus4_ff_reg[11]
1.24964e-10 2.06589e-07 4.60399e-10 2.07174e-07 /ariscv/uu_dtpath/uu_exec/pc_plus4_ff_reg[12]
1.24961e-10 2.06592e-07 2.40150e-10 2.06957e-07 /ariscv/uu_dtpath/uu_exec/pc_plus4_ff_reg[13]
1.24961e-10 2.06594e-07 7.09993e-10 2.07429e-07 /ariscv/uu_dtpath/uu_exec/pc_plus4_ff_reg[14]
1.24961e-10 2.06588e-07 5.24147e-10 2.07237e-07 /ariscv/uu_dtpath/uu_exec/pc_plus4_ff_reg[15]
1.24964e-10 2.06590e-07 4.11155e-10 2.07126e-07 /ariscv/uu_dtpath/uu_exec/pc_plus4_ff_reg[16]
1.24964e-10 2.06590e-07 1.66283e-10 2.06881e-07 /ariscv/uu_dtpath/uu_exec/pc_plus4_ff_reg[17]
1.24969e-10 2.06592e-07 3.30880e-10 2.07048e-07 /ariscv/uu_dtpath/uu_exec/pc_plus4_ff_reg[18]
1.24969e-10 2.06589e-07 5.94303e-10 2.07309e-07 /ariscv/uu_dtpath/uu_exec/pc_plus4_ff_reg[19]
1.24969e-10 2.06590e-07 3.55502e-10 2.07070e-07 /ariscv/uu_dtpath/uu_exec/pc_plus4_ff_reg[20]
1.24961e-10 2.06594e-07 4.26333e-10 2.07145e-07 /ariscv/uu_dtpath/uu_exec/pc_plus4_ff_reg[21]
1.24961e-10 2.06593e-07 4.68831e-10 2.07187e-07 /ariscv/uu_dtpath/uu_exec/pc_plus4_ff_reg[22]
1.24969e-10 2.06588e-07 5.84522e-10 2.07298e-07 /ariscv/uu_dtpath/uu_exec/pc_plus4_ff_reg[23]
1.24969e-10 2.06587e-07 3.59213e-10 2.07072e-07 /ariscv/uu_dtpath/uu_exec/pc_plus4_ff_reg[24]
1.24969e-10 2.06590e-07 4.74228e-10 2.07189e-07 /ariscv/uu_dtpath/uu_exec/pc_plus4_ff_reg[25]
1.24977e-10 2.06586e-07 3.90580e-10 2.07101e-07 /ariscv/uu_dtpath/uu_exec/pc_plus4_ff_reg[26]
1.24969e-10 2.06595e-07 5.08632e-10 2.07228e-07 /ariscv/uu_dtpath/uu_exec/pc_plus4_ff_reg[27]
1.24975e-10 2.06591e-07 8.35127e-10 2.07551e-07 /ariscv/uu_dtpath/uu_exec/pc_plus4_ff_reg[28]
1.24978e-10 2.06592e-07 7.17413e-10 2.07434e-07 /ariscv/uu_dtpath/uu_exec/pc_plus4_ff_reg[29]
1.24976e-10 2.06587e-07 7.08307e-10 2.07420e-07 /ariscv/uu_dtpath/uu_exec/pc_plus4_ff_reg[30]
1.24978e-10 2.06589e-07 5.23472e-10 2.07237e-07 /ariscv/uu_dtpath/uu_exec/pc_plus4_ff_reg[31]
1.30554e-10 2.42430e-07 1.04563e-08 2.53017e-07 /ariscv/uu_dtpath/uu_exec/wr_addr_reg_ff_reg[0]
1.30122e-10 2.29632e-07 3.17861e-09 2.32941e-07 /ariscv/uu_dtpath/uu_exec/wr_addr_reg_ff_reg[1]
1.31627e-10 2.42456e-07 6.27965e-09 2.48867e-07 /ariscv/uu_dtpath/uu_exec/wr_addr_reg_ff_reg[2]
1.27967e-10 2.29638e-07 5.52412e-09 2.35290e-07 /ariscv/uu_dtpath/uu_exec/wr_addr_reg_ff_reg[3]
1.25390e-10 2.11708e-07 1.08944e-09 2.12922e-07 /ariscv/uu_dtpath/uu_exec/wr_addr_reg_ff_reg[4]
1.25392e-10 2.11674e-07 8.37320e-09 2.20172e-07 /ariscv/uu_dtpath/uu_exec/writeData_ff_reg[0]
1.33356e-10 2.39643e-07 3.17554e-08 2.71532e-07 /ariscv/uu_dtpath/uu_exec/writeData_ff_reg[1]
1.29053e-10 2.31934e-07 2.03284e-08 2.52392e-07 /ariscv/uu_dtpath/uu_exec/writeData_ff_reg[2]
1.33137e-10 2.42256e-07 9.03800e-09 2.51427e-07 /ariscv/uu_dtpath/uu_exec/writeData_ff_reg[3]
1.30340e-10 2.44801e-07 1.25367e-08 2.57468e-07 /ariscv/uu_dtpath/uu_exec/writeData_ff_reg[4]
1.29266e-10 2.34634e-07 8.26190e-09 2.43025e-07 /ariscv/uu_dtpath/uu_exec/writeData_ff_reg[5]
1.26250e-10 2.19278e-07 4.13314e-09 2.23538e-07 /ariscv/uu_dtpath/uu_exec/writeData_ff_reg[6]
1.29268e-10 2.32118e-07 7.55764e-09 2.39805e-07 /ariscv/uu_dtpath/uu_exec/writeData_ff_reg[7]
1.25604e-10 2.11705e-07 4.63604e-09 2.16467e-07 /ariscv/uu_dtpath/uu_exec/writeData_ff_reg[8]
1.27112e-10 2.21888e-07 1.33077e-08 2.35323e-07 /ariscv/uu_dtpath/uu_exec/writeData_ff_reg[9]
1.29266e-10 2.32076e-07 1.19704e-08 2.44176e-07 /ariscv/uu_dtpath/uu_exec/writeData_ff_reg[10]
1.28619e-10 2.39726e-07 2.12553e-08 2.61109e-07 /ariscv/uu_dtpath/uu_exec/writeData_ff_reg[11]
1.32492e-10 2.42223e-07 2.42774e-08 2.66633e-07 /ariscv/uu_dtpath/uu_exec/writeData_ff_reg[12]
1.32709e-10 2.44938e-07 2.19993e-08 2.67070e-07 /ariscv/uu_dtpath/uu_exec/writeData_ff_reg[13]
1.32705e-10 2.42266e-07 2.22722e-08 2.64671e-07 /ariscv/uu_dtpath/uu_exec/writeData_ff_reg[14]
1.32921e-10 2.42302e-07 2.38177e-08 2.66253e-07 /ariscv/uu_dtpath/uu_exec/writeData_ff_reg[15]
1.32921e-10 2.42254e-07 2.18614e-08 2.64249e-07 /ariscv/uu_dtpath/uu_exec/writeData_ff_reg[16]
1.32705e-10 2.42229e-07 1.56698e-08 2.58032e-07 /ariscv/uu_dtpath/uu_exec/writeData_ff_reg[17]
1.32919e-10 2.42209e-07 1.68631e-08 2.59205e-07 /ariscv/uu_dtpath/uu_exec/writeData_ff_reg[18]
1.32709e-10 2.42231e-07 1.72446e-08 2.59608e-07 /ariscv/uu_dtpath/uu_exec/writeData_ff_reg[19]
1.32707e-10 2.42203e-07 1.71174e-08 2.59453e-07 /ariscv/uu_dtpath/uu_exec/writeData_ff_reg[20]
1.32923e-10 2.42217e-07 1.69022e-08 2.59252e-07 /ariscv/uu_dtpath/uu_exec/writeData_ff_reg[21]
1.32707e-10 2.42226e-07 2.50012e-08 2.67360e-07 /ariscv/uu_dtpath/uu_exec/writeData_ff_reg[22]
1.32926e-10 2.42178e-07 2.68988e-08 2.69210e-07 /ariscv/uu_dtpath/uu_exec/writeData_ff_reg[23]
1.32920e-10 2.42270e-07 5.78373e-08 3.00241e-07 /ariscv/uu_dtpath/uu_exec/writeData_ff_reg[24]
1.32705e-10 2.42331e-07 3.93603e-08 2.81824e-07 /ariscv/uu_dtpath/uu_exec/writeData_ff_reg[25]
1.32921e-10 2.42308e-07 2.29569e-08 2.65398e-07 /ariscv/uu_dtpath/uu_exec/writeData_ff_reg[26]
1.32705e-10 2.42318e-07 1.22463e-08 2.54697e-07 /ariscv/uu_dtpath/uu_exec/writeData_ff_reg[27]
1.32707e-10 2.42250e-07 2.98332e-08 2.72216e-07 /ariscv/uu_dtpath/uu_exec/writeData_ff_reg[28]
1.32707e-10 2.44736e-07 3.98581e-08 2.84727e-07 /ariscv/uu_dtpath/uu_exec/writeData_ff_reg[29]
1.32492e-10 2.44635e-07 2.97890e-08 2.74556e-07 /ariscv/uu_dtpath/uu_exec/writeData_ff_reg[30]
1.32707e-10 2.44658e-07 4.42601e-08 2.89051e-07 /ariscv/uu_dtpath/uu_exec/writeData_ff_reg[31]
5.24340e-11 1.49699e-08 3.96045e-09 1.89828e-08 /ariscv/uu_dtpath/uu_exec/uu_alu/FE_OFC545_sll_22_38_n_130
5.57640e-11 2.45844e-08 1.88207e-08 4.34609e-08 /ariscv/uu_dtpath/uu_exec/uu_alu/FE_OFC543_lt_21_38_n_86
5.60740e-11 1.03124e-08 5.29679e-09 1.56653e-08 /ariscv/uu_dtpath/uu_exec/uu_alu/FE_OFC540_n_550
5.61280e-11 7.17079e-09 8.89128e-09 1.61182e-08 /ariscv/uu_dtpath/uu_exec/uu_alu/FE_OFC538_n_65
5.33870e-11 1.34612e-08 6.05731e-08 7.40877e-08 /ariscv/uu_dtpath/uu_exec/uu_alu/FE_OFC528_rd1_14
5.60170e-11 8.73702e-09 8.11417e-09 1.69072e-08 /ariscv/uu_dtpath/uu_exec/uu_alu/FE_OFC523_n_186
5.24310e-11 1.49865e-08 9.93317e-09 2.49720e-08 /ariscv/uu_dtpath/uu_exec/uu_alu/FE_OFC520_sll_22_38_n_129
5.61290e-11 7.11900e-09 5.91032e-09 1.30855e-08 /ariscv/uu_dtpath/uu_exec/uu_alu/FE_OFC518_n_552
5.33870e-11 1.34729e-08 1.30275e-08 2.65537e-08 /ariscv/uu_dtpath/uu_exec/uu_alu/FE_OFC506_rd1_14
5.33870e-11 1.33614e-08 2.41857e-08 3.76005e-08 /ariscv/uu_dtpath/uu_exec/uu_alu/FE_OFC505_rd1_13
2.35106e-10 5.74207e-08 2.64927e-07 3.22583e-07 /ariscv/uu_dtpath/uu_exec/uu_alu/FE_OFC472_n_276
5.41730e-11 2.45364e-08 8.88757e-08 1.13466e-07 /ariscv/uu_dtpath/uu_exec/uu_alu/FE_OFC452_alu_srcB_w_1
9.08020e-11 1.34210e-08 7.00408e-08 8.35526e-08 /ariscv/uu_dtpath/uu_exec/uu_alu/FE_OFC431_n_106
5.24310e-11 1.49729e-08 1.45473e-08 2.95726e-08 /ariscv/uu_dtpath/uu_exec/uu_alu/FE_OFC401_sll_22_38_n_128
8.92850e-11 5.25966e-08 9.82898e-08 1.50976e-07 /ariscv/uu_dtpath/uu_exec/uu_alu/FE_OFC384_n_242
1.13638e-10 3.87818e-08 9.28979e-08 1.31793e-07 /ariscv/uu_dtpath/uu_exec/uu_alu/FE_OFC382_n_279
3.68223e-10 1.13882e-07 3.35991e-07 4.50241e-07 /ariscv/uu_dtpath/uu_exec/uu_alu/FE_OFC381_n_279
3.63811e-10 1.77748e-07 8.87756e-07 1.06587e-06 /ariscv/uu_dtpath/uu_exec/uu_alu/FE_OFC378_alu_srcB_w_1
1.13638e-10 3.88180e-08 2.02660e-07 2.41592e-07 /ariscv/uu_dtpath/uu_exec/uu_alu/FE_OFC371_n_279
3.68226e-10 1.14190e-07 2.81485e-07 3.96043e-07 /ariscv/uu_dtpath/uu_exec/uu_alu/FE_OFC369_n_279
3.69095e-10 7.78112e-08 3.83788e-07 4.61969e-07 /ariscv/uu_dtpath/uu_exec/uu_alu/FE_OFC366_n_278
5.22050e-11 2.13130e-08 2.10914e-08 4.24566e-08 /ariscv/uu_dtpath/uu_exec/uu_alu/FE_OFC364_srl_23_38_n_155
5.61280e-11 7.17551e-09 7.80150e-09 1.50331e-08 /ariscv/uu_dtpath/uu_exec/uu_alu/FE_OFC363_n_54
5.61290e-11 7.10592e-09 5.55515e-09 1.27172e-08 /ariscv/uu_dtpath/uu_exec/uu_alu/FE_OFC362_n_551
5.24340e-11 1.49405e-08 1.18557e-08 2.68487e-08 /ariscv/uu_dtpath/uu_exec/uu_alu/FE_OFC353_sll_22_38_n_131
5.24320e-11 1.53314e-08 5.88300e-09 2.12669e-08 /ariscv/uu_dtpath/uu_exec/uu_alu/FE_OFC352_sll_22_38_n_129
5.62380e-11 5.58331e-09 6.83280e-09 1.24724e-08 /ariscv/uu_dtpath/uu_exec/uu_alu/FE_OFC351_n_58
5.32200e-11 1.34736e-08 2.19265e-08 3.54533e-08 /ariscv/uu_dtpath/uu_exec/uu_alu/FE_OFC350_n_580
5.21440e-11 8.66955e-09 1.10934e-08 1.98151e-08 /ariscv/uu_dtpath/uu_exec/uu_alu/FE_OFC349_srl_23_38_n_154
5.62380e-11 5.58926e-09 9.65659e-09 1.53021e-08 /ariscv/uu_dtpath/uu_exec/uu_alu/FE_OFC348_n_70
5.24350e-11 1.53605e-08 1.16378e-08 2.70507e-08 /ariscv/uu_dtpath/uu_exec/uu_alu/FE_OFC285_sll_22_38_n_130
5.61300e-11 7.25670e-09 2.45277e-09 9.76560e-09 /ariscv/uu_dtpath/uu_exec/uu_alu/FE_OFC281_n_552
5.14160e-11 1.34741e-08 2.09517e-08 3.44772e-08 /ariscv/uu_dtpath/uu_exec/uu_alu/FE_OFC279_sll_22_38_n_159
5.48320e-11 2.61439e-08 2.87613e-08 5.49600e-08 /ariscv/uu_dtpath/uu_exec/uu_alu/FE_OFC277_n_576
5.61290e-11 7.18079e-09 1.20696e-08 1.93065e-08 /ariscv/uu_dtpath/uu_exec/uu_alu/FE_OFC274_n_55
5.31630e-11 3.73240e-08 4.97771e-08 8.71543e-08 /ariscv/uu_dtpath/uu_exec/uu_alu/FE_OFC272_lt_20_49_n_103
5.31580e-11 3.87565e-08 4.84577e-08 8.72674e-08 /ariscv/uu_dtpath/uu_exec/uu_alu/FE_OFC271_lt_21_38_n_103
5.44260e-11 1.50955e-08 2.88062e-08 4.39561e-08 /ariscv/uu_dtpath/uu_exec/uu_alu/FE_OFC270_srl_23_38_n_169
5.54400e-11 3.12295e-08 8.50819e-08 1.16367e-07 /ariscv/uu_dtpath/uu_exec/uu_alu/FE_OFC267_n_230
5.60710e-11 1.18545e-08 7.32086e-09 1.92314e-08 /ariscv/uu_dtpath/uu_exec/uu_alu/FE_OFC265_n_170
5.60730e-11 5.59652e-09 5.45869e-09 1.11113e-08 /ariscv/uu_dtpath/uu_exec/uu_alu/FE_OFC264_n_152
5.61310e-11 7.19081e-09 7.96846e-09 1.52154e-08 /ariscv/uu_dtpath/uu_exec/uu_alu/FE_OFC262_n_153
5.61280e-11 7.18241e-09 1.11528e-08 1.83913e-08 /ariscv/uu_dtpath/uu_exec/uu_alu/FE_OFC172_n_56
8.86040e-11 2.06018e-08 1.16674e-07 1.37364e-07 /ariscv/uu_dtpath/uu_exec/uu_alu/FE_OFC49_rd1_20
2.02840e-11 4.42131e-09 2.50650e-08 2.95066e-08 /ariscv/uu_dtpath/uu_exec/uu_alu/FE_OFC503_rd1_9
2.13670e-11 4.29241e-09 6.93534e-09 1.12491e-08 /ariscv/uu_dtpath/uu_exec/uu_alu/FE_OFC502_rd1_9
1.95870e-11 5.65179e-10 2.45681e-09 3.04158e-09 /ariscv/uu_dtpath/uu_exec/uu_alu/FE_OFC501_rd1_8
2.20630e-11 5.62941e-10 4.92982e-09 5.51482e-09 /ariscv/uu_dtpath/uu_exec/uu_alu/FE_OFC500_rd1_8
2.10480e-11 3.17221e-09 1.75745e-08 2.07677e-08 /ariscv/uu_dtpath/uu_exec/uu_alu/FE_OFC499_rd1_15
2.10480e-11 3.19167e-09 1.48623e-08 1.80750e-08 /ariscv/uu_dtpath/uu_exec/uu_alu/FE_OFC495_rd1_16
2.15120e-11 3.16893e-09 8.48620e-09 1.16766e-08 /ariscv/uu_dtpath/uu_exec/uu_alu/FE_OFC494_rd1_4
2.13380e-11 4.30218e-09 1.81994e-08 2.25230e-08 /ariscv/uu_dtpath/uu_exec/uu_alu/FE_OFC489_rd1_11
2.10480e-11 3.20507e-09 1.52981e-08 1.85242e-08 /ariscv/uu_dtpath/uu_exec/uu_alu/FE_OFC488_rd1_12
1.94103e-10 2.57424e-08 2.70041e-07 2.95978e-07 /ariscv/uu_dtpath/uu_exec/uu_alu/FE_OFC473_n_276
1.95860e-11 9.38968e-10 2.36440e-09 3.32295e-09 /ariscv/uu_dtpath/uu_exec/uu_alu/FE_OFC471_n_23
1.95860e-11 9.38905e-10 1.62236e-09 2.58085e-09 /ariscv/uu_dtpath/uu_exec/uu_alu/FE_OFC470_n_23
1.45502e-10 5.18266e-09 5.89700e-08 6.42981e-08 /ariscv/uu_dtpath/uu_exec/uu_alu/FE_OFC469_n_23
5.00191e-10 1.28032e-07 8.38006e-07 9.66539e-07 /ariscv/uu_dtpath/uu_exec/uu_alu/FE_OFC451_alu_srcB_w_1
6.89550e-11 1.88503e-08 1.43149e-07 1.62068e-07 /ariscv/uu_dtpath/uu_exec/uu_alu/FE_OFC440_srl_23_38_n_8
4.18590e-11 8.96610e-09 9.19450e-08 1.00953e-07 /ariscv/uu_dtpath/uu_exec/uu_alu/FE_OFC434_n_601
2.06670e-11 5.77230e-09 2.24176e-08 2.82105e-08 /ariscv/uu_dtpath/uu_exec/uu_alu/FE_OFC433_sra_24_47_n_38
6.51870e-11 5.85652e-09 6.21270e-08 6.80487e-08 /ariscv/uu_dtpath/uu_exec/uu_alu/FE_OFC432_n_106
2.01670e-11 4.71744e-09 4.97502e-09 9.71262e-09 /ariscv/uu_dtpath/uu_exec/uu_alu/FE_OFC430_sll_22_38_n_42
2.06040e-11 3.20003e-09 8.73849e-09 1.19591e-08 /ariscv/uu_dtpath/uu_exec/uu_alu/FE_OFC429_sll_22_38_n_52
1.98450e-11 2.43146e-09 2.73609e-09 5.18739e-09 /ariscv/uu_dtpath/uu_exec/uu_alu/FE_OFC428_srl_23_38_n_54
2.06020e-11 3.21635e-09 7.44262e-09 1.06796e-08 /ariscv/uu_dtpath/uu_exec/uu_alu/FE_OFC427_srl_23_38_n_44
2.06020e-11 3.22791e-09 6.93804e-09 1.01866e-08 /ariscv/uu_dtpath/uu_exec/uu_alu/FE_OFC426_sra_24_47_n_22
4.36150e-11 6.25904e-09 8.64674e-09 1.49494e-08 /ariscv/uu_dtpath/uu_exec/uu_alu/FE_OFC425_srl_23_38_n_31
2.06020e-11 3.19707e-09 9.50683e-09 1.27245e-08 /ariscv/uu_dtpath/uu_exec/uu_alu/FE_OFC424_srl_23_38_n_31
2.06020e-11 3.26398e-09 1.34804e-08 1.67650e-08 /ariscv/uu_dtpath/uu_exec/uu_alu/FE_OFC423_n_587
2.04230e-11 7.44026e-09 1.91789e-08 2.66396e-08 /ariscv/uu_dtpath/uu_exec/uu_alu/FE_OFC422_sub_16_37_Y_add_15_37_n_206
2.06000e-11 3.17639e-09 1.29242e-08 1.61212e-08 /ariscv/uu_dtpath/uu_exec/uu_alu/FE_OFC421_sra_24_47_n_90
2.06010e-11 3.25252e-09 1.60206e-08 1.92937e-08 /ariscv/uu_dtpath/uu_exec/uu_alu/FE_OFC414_sra_24_47_n_78
2.10490e-11 3.22990e-09 1.37385e-08 1.69894e-08 /ariscv/uu_dtpath/uu_exec/uu_alu/FE_OFC413_sra_24_47_n_78
2.10500e-11 3.25727e-09 1.07339e-08 1.40122e-08 /ariscv/uu_dtpath/uu_exec/uu_alu/FE_OFC408_srl_23_38_n_93
2.06000e-11 3.23475e-09 1.21846e-08 1.54399e-08 /ariscv/uu_dtpath/uu_exec/uu_alu/FE_OFC407_srl_23_38_n_93
2.15970e-11 6.71858e-09 1.55473e-08 2.22875e-08 /ariscv/uu_dtpath/uu_exec/uu_alu/FE_OFC406_sra_24_47_n_88
2.00530e-11 6.61988e-09 1.83924e-08 2.50323e-08 /ariscv/uu_dtpath/uu_exec/uu_alu/FE_OFC405_sra_24_47_n_88
2.06020e-11 3.21513e-09 1.26720e-08 1.59077e-08 /ariscv/uu_dtpath/uu_exec/uu_alu/FE_OFC404_sra_24_47_n_92
2.06010e-11 6.25979e-09 1.98346e-08 2.61150e-08 /ariscv/uu_dtpath/uu_exec/uu_alu/FE_OFC403_sll_22_38_n_75
2.06020e-11 3.21107e-09 1.06536e-08 1.38853e-08 /ariscv/uu_dtpath/uu_exec/uu_alu/FE_OFC402_sra_24_47_n_106
4.96536e-10 8.48804e-08 5.50152e-07 6.35529e-07 /ariscv/uu_dtpath/uu_exec/uu_alu/FE_OFC370_n_279
1.93381e-10 2.30342e-08 3.04173e-07 3.27400e-07 /ariscv/uu_dtpath/uu_exec/uu_alu/FE_OFC367_n_278
2.16010e-11 4.75120e-09 1.07089e-08 1.54817e-08 /ariscv/uu_dtpath/uu_exec/uu_alu/g2336
6.50380e-11 2.68534e-09 3.65132e-08 3.92636e-08 /ariscv/uu_dtpath/uu_exec/uu_alu/g4916
6.48820e-11 2.65451e-09 4.14174e-08 4.41368e-08 /ariscv/uu_dtpath/uu_exec/uu_alu/g4917
2.13670e-11 5.86832e-09 4.41346e-08 5.00243e-08 /ariscv/uu_dtpath/uu_exec/uu_alu/g4932
2.18310e-11 2.43888e-09 1.85125e-08 2.09732e-08 /ariscv/uu_dtpath/uu_exec/uu_alu/g4933
2.17740e-11 2.85433e-09 2.01058e-08 2.29819e-08 /ariscv/uu_dtpath/uu_exec/uu_alu/g4934
2.16570e-11 3.60499e-09 2.19427e-08 2.55693e-08 /ariscv/uu_dtpath/uu_exec/uu_alu/g4935
2.10480e-11 3.21698e-09 1.39449e-08 1.71829e-08 /ariscv/uu_dtpath/uu_exec/uu_alu/lt_20_49_g862
2.10480e-11 3.18558e-09 8.02175e-09 1.12284e-08 /ariscv/uu_dtpath/uu_exec/uu_alu/lt_20_49_g863
2.10480e-11 3.22370e-09 1.30963e-08 1.63410e-08 /ariscv/uu_dtpath/uu_exec/uu_alu/lt_20_49_g864
2.10480e-11 3.20162e-09 8.66968e-09 1.18923e-08 /ariscv/uu_dtpath/uu_exec/uu_alu/lt_20_49_g865
2.14300e-11 7.24662e-09 2.02707e-08 2.75388e-08 /ariscv/uu_dtpath/uu_exec/uu_alu/lt_20_49_g866
2.13980e-11 7.33317e-09 1.61271e-08 2.34817e-08 /ariscv/uu_dtpath/uu_exec/uu_alu/lt_20_49_g868
2.14550e-11 3.93101e-09 8.33678e-09 1.22892e-08 /ariscv/uu_dtpath/uu_exec/uu_alu/lt_20_49_g873
2.10480e-11 3.17012e-09 9.68458e-09 1.28758e-08 /ariscv/uu_dtpath/uu_exec/uu_alu/lt_20_49_g874
2.10480e-11 3.18316e-09 6.57680e-09 9.78101e-09 /ariscv/uu_dtpath/uu_exec/uu_alu/lt_21_38_g869
2.14250e-11 6.85472e-09 1.66978e-08 2.35740e-08 /ariscv/uu_dtpath/uu_exec/uu_alu/lt_21_38_g871
2.10480e-11 3.19656e-09 1.89678e-08 2.21854e-08 /ariscv/uu_dtpath/uu_exec/uu_alu/lt_21_38_g873
1.99650e-11 5.15616e-09 3.19649e-09 8.37261e-09 /ariscv/uu_dtpath/uu_exec/uu_alu/sll_22_38_g2765
2.06020e-11 3.27753e-09 2.51146e-09 5.80959e-09 /ariscv/uu_dtpath/uu_exec/uu_alu/sll_22_38_g2766
1.96480e-11 3.27199e-09 3.06765e-09 6.35928e-09 /ariscv/uu_dtpath/uu_exec/uu_alu/sll_22_38_g2767
2.06040e-11 3.27097e-09 1.60550e-09 4.89707e-09 /ariscv/uu_dtpath/uu_exec/uu_alu/sll_22_38_g2782
2.10500e-11 3.27310e-09 3.47475e-09 6.76890e-09 /ariscv/uu_dtpath/uu_exec/uu_alu/sll_22_38_g2783
1.99920e-11 6.34813e-09 5.42057e-09 1.17887e-08 /ariscv/uu_dtpath/uu_exec/uu_alu/sll_22_38_g2785
2.10460e-11 3.27991e-09 4.81076e-09 8.11171e-09 /ariscv/uu_dtpath/uu_exec/uu_alu/sll_22_38_g2786
2.00230e-11 3.61936e-09 7.69660e-09 1.13360e-08 /ariscv/uu_dtpath/uu_exec/uu_alu/sll_22_38_g2809
2.06020e-11 3.19073e-09 3.00457e-09 6.21590e-09 /ariscv/uu_dtpath/uu_exec/uu_alu/sll_22_38_g2811
2.00470e-11 4.77846e-09 9.10681e-09 1.39053e-08 /ariscv/uu_dtpath/uu_exec/uu_alu/sll_22_38_g2814
2.01060e-11 4.33585e-09 4.22792e-09 8.58388e-09 /ariscv/uu_dtpath/uu_exec/uu_alu/sll_22_38_g2815
2.06020e-11 3.17430e-09 2.58026e-09 5.77517e-09 /ariscv/uu_dtpath/uu_exec/uu_alu/sll_22_38_g2833
2.06020e-11 3.18566e-09 2.59746e-09 5.80372e-09 /ariscv/uu_dtpath/uu_exec/uu_alu/sll_22_38_g2834
4.18640e-11 8.90825e-09 7.93979e-08 8.83480e-08 /ariscv/uu_dtpath/uu_exec/uu_alu/sll_22_38_g2855
4.37660e-11 1.23514e-08 1.42688e-07 1.55084e-07 /ariscv/uu_dtpath/uu_exec/uu_alu/sll_22_38_g2857
2.10480e-11 3.56399e-09 3.98608e-09 7.57112e-09 /ariscv/uu_dtpath/uu_exec/uu_alu/sra_24_47_g2740
2.00190e-11 4.02899e-09 6.28977e-09 1.03388e-08 /ariscv/uu_dtpath/uu_exec/uu_alu/sra_24_47_g2806
2.05150e-11 3.26763e-09 1.04816e-08 1.37697e-08 /ariscv/uu_dtpath/uu_exec/uu_alu/sra_24_47_g2808
1.97900e-11 4.73450e-09 9.78139e-09 1.45357e-08 /ariscv/uu_dtpath/uu_exec/uu_alu/sra_24_47_g2809
2.06040e-11 3.26286e-09 1.21215e-08 1.54050e-08 /ariscv/uu_dtpath/uu_exec/uu_alu/sra_24_47_g2811
2.06020e-11 3.26839e-09 1.02866e-08 1.35756e-08 /ariscv/uu_dtpath/uu_exec/uu_alu/sra_24_47_g2829
2.13040e-11 4.41859e-09 2.07750e-08 2.52149e-08 /ariscv/uu_dtpath/uu_exec/uu_alu/sra_24_47_g2855
1.99980e-11 5.86127e-09 1.11042e-08 1.69855e-08 /ariscv/uu_dtpath/uu_exec/uu_alu/sra_24_47_g2866
1.96740e-11 2.07750e-09 9.76520e-09 1.18624e-08 /ariscv/uu_dtpath/uu_exec/uu_alu/sra_24_47_g2869
2.10480e-11 3.27401e-09 4.24310e-09 7.53816e-09 /ariscv/uu_dtpath/uu_exec/uu_alu/sra_24_47_g2889
2.10480e-11 3.17754e-09 1.08486e-08 1.40472e-08 /ariscv/uu_dtpath/uu_exec/uu_alu/sra_24_47_g2915
2.06020e-11 3.24188e-09 3.11925e-09 6.38173e-09 /ariscv/uu_dtpath/uu_exec/uu_alu/srl_23_38_g2761
2.06040e-11 3.20243e-09 4.42085e-09 7.64389e-09 /ariscv/uu_dtpath/uu_exec/uu_alu/srl_23_38_g2800
2.06040e-11 3.27073e-09 2.67774e-09 5.96908e-09 /ariscv/uu_dtpath/uu_exec/uu_alu/srl_23_38_g2804
2.03420e-11 5.17855e-09 4.37127e-09 9.57016e-09 /ariscv/uu_dtpath/uu_exec/uu_alu/srl_23_38_g2805
2.01630e-11 3.64493e-09 1.51881e-08 1.88532e-08 /ariscv/uu_dtpath/uu_exec/uu_alu/srl_23_38_g2822
2.06020e-11 3.22077e-09 1.54414e-08 1.86828e-08 /ariscv/uu_dtpath/uu_exec/uu_alu/srl_23_38_g2848
2.01040e-11 5.49433e-09 1.07791e-08 1.62935e-08 /ariscv/uu_dtpath/uu_exec/uu_alu/srl_23_38_g2850
2.06020e-11 3.21495e-09 5.99768e-09 9.23323e-09 /ariscv/uu_dtpath/uu_exec/uu_alu/srl_23_38_g2870
1.98160e-11 3.60794e-09 3.76820e-09 7.39595e-09 /ariscv/uu_dtpath/uu_exec/uu_alu/srl_23_38_g2871
2.06010e-11 3.21083e-09 9.97701e-09 1.32084e-08 /ariscv/uu_dtpath/uu_exec/uu_alu/srl_23_38_g2872
1.45152e-10 2.45046e-08 5.66231e-08 8.12728e-08 /ariscv/uu_dtpath/uu_exec/uu_alu/sub_16_37_Y_add_15_37_g1157
1.98510e-11 3.24325e-09 2.29242e-08 2.61873e-08 /ariscv/uu_dtpath/uu_exec/uu_alu/sub_16_37_Y_add_15_37_g1185
1.98480e-11 3.21630e-09 8.01602e-09 1.12522e-08 /ariscv/uu_dtpath/uu_exec/uu_alu/sub_16_37_Y_add_15_37_g1206
2.07670e-11 5.85626e-09 1.56421e-08 2.15191e-08 /ariscv/uu_dtpath/uu_exec/uu_alu/sub_16_37_Y_add_15_37_g1215
2.08890e-11 5.88880e-09 1.25262e-08 1.84359e-08 /ariscv/uu_dtpath/uu_exec/uu_alu/sub_16_37_Y_add_15_37_g1222
2.17720e-11 2.49358e-09 5.13455e-09 7.64990e-09 /ariscv/uu_dtpath/uu_exec/uu_alu/sub_16_37_Y_add_15_37_g1325
1.98430e-11 3.23977e-09 6.46212e-09 9.72174e-09 /ariscv/uu_dtpath/uu_exec/uu_alu/sub_16_37_Y_add_15_37_g1326
2.10440e-11 6.69545e-09 7.62611e-09 1.43426e-08 /ariscv/uu_dtpath/uu_exec/uu_alu/sub_16_37_Y_add_15_37_g1327
2.09270e-11 6.27687e-09 1.63730e-08 2.26708e-08 /ariscv/uu_dtpath/uu_exec/uu_alu/sub_16_37_Y_add_15_37_g1328
1.45350e-10 1.10853e-08 8.20729e-08 9.33035e-08 /ariscv/uu_dtpath/uu_exec/uu_alu/sub_16_37_Y_add_15_37_g1401
1.30888e-10 1.90491e-08 9.70398e-08 1.16220e-07 /ariscv/uu_dtpath/uu_exec/uu_alu/g2335
1.85225e-10 1.31966e-08 5.69631e-08 7.03449e-08 /ariscv/uu_dtpath/uu_exec/uu_alu/g4918
1.88904e-10 1.34267e-08 5.45903e-08 6.82058e-08 /ariscv/uu_dtpath/uu_exec/uu_alu/g4919
1.91850e-10 1.46026e-08 5.26087e-08 6.74031e-08 /ariscv/uu_dtpath/uu_exec/uu_alu/g4925
1.28649e-10 3.13317e-08 1.73190e-07 2.04650e-07 /ariscv/uu_dtpath/uu_exec/uu_alu/g4927
4.02410e-11 1.95369e-08 9.38473e-09 2.89619e-08 /ariscv/uu_dtpath/uu_exec/uu_alu/lt_20_49_g784
4.02450e-11 1.97456e-08 1.14064e-08 3.11922e-08 /ariscv/uu_dtpath/uu_exec/uu_alu/lt_21_38_g784
3.24610e-11 1.47514e-08 6.76872e-09 2.15525e-08 /ariscv/uu_dtpath/uu_exec/uu_alu/lt_21_38_g820
3.27910e-11 1.08890e-08 1.61140e-08 2.70358e-08 /ariscv/uu_dtpath/uu_exec/uu_alu/sll_22_38_g2728
3.23790e-11 9.84265e-09 1.32912e-08 2.31662e-08 /ariscv/uu_dtpath/uu_exec/uu_alu/sll_22_38_g2729
3.23690e-11 1.09934e-08 9.78881e-09 2.08146e-08 /ariscv/uu_dtpath/uu_exec/uu_alu/sll_22_38_g2731
3.07470e-11 3.55760e-09 5.18953e-09 8.77788e-09 /ariscv/uu_dtpath/uu_exec/uu_alu/sll_22_38_g2768
2.42350e-11 5.77984e-09 1.51055e-08 2.09096e-08 /ariscv/uu_dtpath/uu_exec/uu_alu/sll_22_38_g2807
3.34600e-11 1.20637e-08 1.64307e-08 2.85279e-08 /ariscv/uu_dtpath/uu_exec/uu_alu/sra_24_47_g2865
3.31250e-11 9.92368e-09 1.02985e-08 2.02553e-08 /ariscv/uu_dtpath/uu_exec/uu_alu/sra_24_47_g2908
3.34930e-11 6.99232e-09 1.91526e-08 2.61784e-08 /ariscv/uu_dtpath/uu_exec/uu_alu/srl_23_38_g2739
3.37530e-11 7.00828e-09 1.71181e-08 2.41601e-08 /ariscv/uu_dtpath/uu_exec/uu_alu/srl_23_38_g2740
3.34930e-11 7.99258e-09 2.23926e-08 3.04187e-08 /ariscv/uu_dtpath/uu_exec/uu_alu/srl_23_38_g2741
3.37510e-11 7.00175e-09 2.18449e-08 2.88804e-08 /ariscv/uu_dtpath/uu_exec/uu_alu/srl_23_38_g2742
3.07470e-11 3.55976e-09 9.76520e-09 1.33557e-08 /ariscv/uu_dtpath/uu_exec/uu_alu/srl_23_38_g2787
2.54170e-11 8.25039e-09 1.31118e-08 2.13876e-08 /ariscv/uu_dtpath/uu_exec/uu_alu/srl_23_38_g2866
3.38130e-11 1.64496e-08 6.73364e-09 2.32171e-08 /ariscv/uu_dtpath/uu_exec/uu_alu/sub_16_37_Y_add_15_37_g1199
3.37850e-11 1.65155e-08 7.40282e-09 2.39521e-08 /ariscv/uu_dtpath/uu_exec/uu_alu/sub_16_37_Y_add_15_37_g1202
3.38190e-11 1.65317e-08 9.78678e-09 2.63523e-08 /ariscv/uu_dtpath/uu_exec/uu_alu/sub_16_37_Y_add_15_37_g1221
3.39450e-11 1.65002e-08 7.25644e-09 2.37905e-08 /ariscv/uu_dtpath/uu_exec/uu_alu/sub_16_37_Y_add_15_37_g1224
3.38450e-11 1.64018e-08 4.59017e-09 2.10258e-08 /ariscv/uu_dtpath/uu_exec/uu_alu/sub_16_37_Y_add_15_37_g1228
3.39160e-11 1.65205e-08 8.77255e-09 2.53270e-08 /ariscv/uu_dtpath/uu_exec/uu_alu/sub_16_37_Y_add_15_37_g1230
3.61880e-11 2.78643e-08 1.28669e-08 4.07674e-08 /ariscv/uu_dtpath/uu_exec/uu_alu/sub_16_37_Y_add_15_37_g1254
3.63150e-11 2.68634e-08 7.07363e-09 3.39733e-08 /ariscv/uu_dtpath/uu_exec/uu_alu/sub_16_37_Y_add_15_37_g1274
3.22900e-11 1.76601e-08 1.38909e-08 3.15833e-08 /ariscv/uu_dtpath/uu_exec/uu_alu/sub_16_37_Y_add_15_37_g1299
3.02650e-11 5.81731e-09 5.56898e-09 1.14166e-08 /ariscv/uu_dtpath/uu_exec/uu_alu/sub_16_37_Y_add_15_37_g1329
2.97490e-11 5.43829e-10 2.92092e-10 8.65670e-10 /ariscv/uu_dtpath/uu_exec/uu_alu/sub_16_37_Y_add_15_37_g1330
2.95340e-11 5.26809e-10 3.47745e-10 9.04088e-10 /ariscv/uu_dtpath/uu_exec/uu_alu/sub_16_37_Y_add_15_37_g1397
3.24540e-11 8.70815e-09 5.48162e-09 1.42222e-08 /ariscv/uu_dtpath/uu_exec/uu_alu/lt_21_38_g5030
1.17657e-10 5.11026e-08 4.54248e-08 9.66450e-08 /ariscv/uu_dtpath/uu_exec/uu_alu/g4662
3.50170e-11 1.70616e-08 1.80807e-08 3.51774e-08 /ariscv/uu_dtpath/uu_exec/uu_alu/g4672
3.42740e-11 2.68768e-08 4.59388e-08 7.28499e-08 /ariscv/uu_dtpath/uu_exec/uu_alu/g4689
7.50330e-11 3.36438e-08 4.06359e-08 7.43548e-08 /ariscv/uu_dtpath/uu_exec/uu_alu/g4703
3.71190e-11 5.50238e-09 8.57220e-09 1.41117e-08 /ariscv/uu_dtpath/uu_exec/uu_alu/g4720
7.82510e-11 1.23728e-08 1.33873e-08 2.58384e-08 /ariscv/uu_dtpath/uu_exec/uu_alu/g4721
3.71260e-11 6.25044e-09 8.56175e-09 1.48493e-08 /ariscv/uu_dtpath/uu_exec/uu_alu/g4722
1.77800e-10 1.49022e-08 1.34481e-08 2.85281e-08 /ariscv/uu_dtpath/uu_exec/uu_alu/g4723
3.71210e-11 5.45048e-09 4.83369e-09 1.03213e-08 /ariscv/uu_dtpath/uu_exec/uu_alu/g4724
3.69360e-11 6.94078e-09 5.53896e-09 1.25167e-08 /ariscv/uu_dtpath/uu_exec/uu_alu/g4725
3.71300e-11 6.19706e-09 1.07470e-08 1.69812e-08 /ariscv/uu_dtpath/uu_exec/uu_alu/g4726
3.69280e-11 6.23459e-09 3.14016e-09 9.41168e-09 /ariscv/uu_dtpath/uu_exec/uu_alu/g4727
7.71710e-11 1.21195e-08 2.34807e-08 3.56774e-08 /ariscv/uu_dtpath/uu_exec/uu_alu/g4728
3.71240e-11 4.85545e-09 1.05487e-08 1.54413e-08 /ariscv/uu_dtpath/uu_exec/uu_alu/g4729
3.69370e-11 4.88542e-09 8.03929e-09 1.29616e-08 /ariscv/uu_dtpath/uu_exec/uu_alu/g4730
3.72060e-11 6.43850e-09 1.36181e-08 2.00938e-08 /ariscv/uu_dtpath/uu_exec/uu_alu/g4731
3.71170e-11 6.14150e-09 1.42140e-08 2.03927e-08 /ariscv/uu_dtpath/uu_exec/uu_alu/g4732
3.69370e-11 6.26252e-09 1.33489e-08 1.96484e-08 /ariscv/uu_dtpath/uu_exec/uu_alu/g4733
7.92370e-11 7.84156e-09 1.34261e-08 2.13469e-08 /ariscv/uu_dtpath/uu_exec/uu_alu/g4735
7.83860e-11 9.37839e-09 1.62708e-08 2.57276e-08 /ariscv/uu_dtpath/uu_exec/uu_alu/g4741
3.69650e-11 4.32951e-09 2.90271e-09 7.26919e-09 /ariscv/uu_dtpath/uu_exec/uu_alu/g4824
3.71120e-11 3.73267e-09 2.54518e-09 6.31496e-09 /ariscv/uu_dtpath/uu_exec/uu_alu/g4825
3.75490e-11 4.51611e-09 5.83173e-09 1.03854e-08 /ariscv/uu_dtpath/uu_exec/uu_alu/g4826
3.75470e-11 5.09488e-09 3.84004e-09 8.97247e-09 /ariscv/uu_dtpath/uu_exec/uu_alu/g4827
3.53210e-11 9.89398e-09 8.55298e-09 1.84823e-08 /ariscv/uu_dtpath/uu_exec/uu_alu/lt_20_49_g786
3.17660e-11 8.08490e-09 4.03061e-09 1.21473e-08 /ariscv/uu_dtpath/uu_exec/uu_alu/lt_20_49_g790
4.80850e-11 1.47564e-08 6.94546e-09 2.17500e-08 /ariscv/uu_dtpath/uu_exec/uu_alu/lt_20_49_g799
3.56010e-11 1.01234e-08 2.22085e-08 3.23674e-08 /ariscv/uu_dtpath/uu_exec/uu_alu/lt_20_49_g809
3.56430e-11 1.00175e-08 1.87162e-08 2.87694e-08 /ariscv/uu_dtpath/uu_exec/uu_alu/lt_20_49_g812
4.26420e-11 2.32904e-08 8.74422e-09 3.20773e-08 /ariscv/uu_dtpath/uu_exec/uu_alu/lt_20_49_g817
2.72130e-11 1.58499e-08 5.96159e-09 2.18387e-08 /ariscv/uu_dtpath/uu_exec/uu_alu/lt_20_49_g819
7.73810e-11 4.00991e-08 1.14172e-08 5.15937e-08 /ariscv/uu_dtpath/uu_exec/uu_alu/lt_20_49_g822
4.27250e-11 2.24177e-08 7.52155e-09 2.99820e-08 /ariscv/uu_dtpath/uu_exec/uu_alu/lt_20_49_g823
3.56880e-11 1.43197e-08 7.81061e-09 2.21660e-08 /ariscv/uu_dtpath/uu_exec/uu_alu/lt_20_49_g825
3.55880e-11 1.36062e-08 5.39933e-09 1.90412e-08 /ariscv/uu_dtpath/uu_exec/uu_alu/lt_20_49_g826
2.51060e-11 9.13290e-09 1.57781e-08 2.49361e-08 /ariscv/uu_dtpath/uu_exec/uu_alu/lt_20_49_g834
3.56870e-11 1.43015e-08 1.29027e-08 2.72399e-08 /ariscv/uu_dtpath/uu_exec/uu_alu/lt_20_49_g840
2.50160e-11 8.45945e-09 1.11606e-08 1.96450e-08 /ariscv/uu_dtpath/uu_exec/uu_alu/lt_20_49_g854
2.51100e-11 7.37912e-09 1.81546e-08 2.55588e-08 /ariscv/uu_dtpath/uu_exec/uu_alu/lt_20_49_g857
3.55760e-11 1.22932e-08 1.26652e-08 2.49940e-08 /ariscv/uu_dtpath/uu_exec/uu_alu/lt_20_49_g859
5.85110e-11 2.34334e-08 1.57258e-08 3.92177e-08 /ariscv/uu_dtpath/uu_exec/uu_alu/lt_21_38_g797
5.85960e-11 2.29222e-08 1.57831e-08 3.87639e-08 /ariscv/uu_dtpath/uu_exec/uu_alu/lt_21_38_g798
3.54320e-11 1.00371e-08 3.17234e-08 4.17959e-08 /ariscv/uu_dtpath/uu_exec/uu_alu/lt_21_38_g800
3.56570e-11 1.01438e-08 3.67632e-08 4.69427e-08 /ariscv/uu_dtpath/uu_exec/uu_alu/lt_21_38_g807
2.72380e-11 1.48599e-08 6.94816e-09 2.18353e-08 /ariscv/uu_dtpath/uu_exec/uu_alu/lt_21_38_g818
3.56840e-11 1.43166e-08 1.05187e-08 2.48710e-08 /ariscv/uu_dtpath/uu_exec/uu_alu/lt_21_38_g832
3.82590e-11 2.07562e-08 4.98345e-09 2.57779e-08 /ariscv/uu_dtpath/uu_exec/uu_alu/lt_21_38_g841
3.82620e-11 2.08442e-08 4.91599e-09 2.57984e-08 /ariscv/uu_dtpath/uu_exec/uu_alu/lt_21_38_g845
3.82710e-11 2.13498e-08 7.35290e-09 2.87410e-08 /ariscv/uu_dtpath/uu_exec/uu_alu/lt_21_38_g846
3.83690e-11 2.01109e-08 6.56871e-09 2.67180e-08 /ariscv/uu_dtpath/uu_exec/uu_alu/lt_21_38_g848
2.39180e-11 8.78765e-09 6.21455e-09 1.50261e-08 /ariscv/uu_dtpath/uu_exec/uu_alu/lt_21_38_g856
2.30710e-11 2.33154e-09 1.91074e-09 4.26536e-09 /ariscv/uu_dtpath/uu_exec/uu_alu/sll_22_38_g2808
1.13657e-10 3.25058e-08 1.90778e-08 5.16972e-08 /ariscv/uu_dtpath/uu_exec/uu_alu/sll_22_38_g2832
3.28190e-11 1.17970e-08 2.20334e-08 3.38632e-08 /ariscv/uu_dtpath/uu_exec/uu_alu/sll_22_38_g2852
2.10790e-11 1.05637e-09 1.33769e-09 2.41514e-09 /ariscv/uu_dtpath/uu_exec/uu_alu/sll_22_38_g2853
2.64200e-11 1.08839e-08 2.93917e-08 4.03020e-08 /ariscv/uu_dtpath/uu_exec/uu_alu/sll_22_38_g2854
2.60380e-11 8.73511e-09 2.58026e-08 3.45638e-08 /ariscv/uu_dtpath/uu_exec/uu_alu/sll_22_38_g2856
5.68590e-11 1.19073e-08 2.79923e-08 3.99565e-08 /ariscv/uu_dtpath/uu_exec/uu_alu/sra_24_47_g2854
1.04906e-10 2.14678e-08 5.22677e-08 7.38404e-08 /ariscv/uu_dtpath/uu_exec/uu_alu/sra_24_47_g2909
3.50000e-11 1.39569e-08 1.31135e-08 2.71054e-08 /ariscv/uu_dtpath/uu_exec/uu_alu/srl_23_38_g2776
3.64280e-11 1.20785e-08 1.44960e-08 2.66110e-08 /ariscv/uu_dtpath/uu_exec/uu_alu/srl_23_38_g2778
2.30840e-11 4.35624e-09 1.47227e-08 1.91020e-08 /ariscv/uu_dtpath/uu_exec/uu_alu/srl_23_38_g2832
6.71350e-11 1.80446e-08 4.88921e-08 6.70038e-08 /ariscv/uu_dtpath/uu_exec/uu_alu/srl_23_38_g2867
2.64200e-11 1.08840e-08 3.28108e-08 4.37213e-08 /ariscv/uu_dtpath/uu_exec/uu_alu/srl_23_38_g2892
3.12530e-11 1.19082e-08 3.23933e-08 4.43327e-08 /ariscv/uu_dtpath/uu_exec/uu_alu/srl_23_38_g2894
3.67730e-11 1.65317e-08 2.00380e-08 3.66065e-08 /ariscv/uu_dtpath/uu_exec/uu_alu/srl_23_38_g2
3.71900e-11 2.12523e-08 1.48788e-08 3.61684e-08 /ariscv/uu_dtpath/uu_exec/uu_alu/sub_16_37_Y_add_15_37_g1225
2.65700e-11 1.00175e-08 1.79947e-08 2.80388e-08 /ariscv/uu_dtpath/uu_exec/uu_alu/sub_16_37_Y_add_15_37_g1226
3.71980e-11 2.12643e-08 1.88835e-08 4.01849e-08 /ariscv/uu_dtpath/uu_exec/uu_alu/sub_16_37_Y_add_15_37_g1227
3.71910e-11 2.26163e-08 1.75869e-08 4.02404e-08 /ariscv/uu_dtpath/uu_exec/uu_alu/sub_16_37_Y_add_15_37_g1229
5.51280e-11 1.92472e-08 4.04228e-08 5.97251e-08 /ariscv/uu_dtpath/uu_exec/uu_alu/sub_16_37_Y_add_15_37_g1233
5.51590e-11 1.93068e-08 4.65081e-08 6.58701e-08 /ariscv/uu_dtpath/uu_exec/uu_alu/sub_16_37_Y_add_15_37_g1234
3.61650e-11 3.12465e-08 1.84524e-08 4.97351e-08 /ariscv/uu_dtpath/uu_exec/uu_alu/sub_16_37_Y_add_15_37_g1249
4.00710e-11 3.59690e-08 1.63073e-08 5.23163e-08 /ariscv/uu_dtpath/uu_exec/uu_alu/sub_16_37_Y_add_15_37_g1251
2.97470e-11 1.06039e-08 5.81554e-09 1.64492e-08 /ariscv/uu_dtpath/uu_exec/uu_alu/sub_16_37_Y_add_15_37_g1265
2.15210e-11 4.27503e-09 1.15495e-08 1.58460e-08 /ariscv/uu_dtpath/uu_exec/uu_alu/sub_16_37_Y_add_15_37_g1266
3.73030e-11 2.10094e-08 1.89880e-08 4.00347e-08 /ariscv/uu_dtpath/uu_exec/uu_alu/sub_16_37_Y_add_15_37_g1269
4.04620e-11 4.72754e-08 1.00539e-08 5.73698e-08 /ariscv/uu_dtpath/uu_exec/uu_alu/sub_16_37_Y_add_15_37_g1275
4.00430e-11 3.24679e-08 7.48242e-09 3.99904e-08 /ariscv/uu_dtpath/uu_exec/uu_alu/sub_16_37_Y_add_15_37_g1276
4.02290e-11 3.41968e-08 1.52711e-08 4.95081e-08 /ariscv/uu_dtpath/uu_exec/uu_alu/sub_16_37_Y_add_15_37_g1280
4.02270e-11 3.42159e-08 2.06590e-08 5.49151e-08 /ariscv/uu_dtpath/uu_exec/uu_alu/sub_16_37_Y_add_15_37_g1287
4.00510e-11 3.24145e-08 1.61696e-08 4.86242e-08 /ariscv/uu_dtpath/uu_exec/uu_alu/sub_16_37_Y_add_15_37_g1288
3.08230e-11 1.42182e-08 1.63916e-08 3.06406e-08 /ariscv/uu_dtpath/uu_exec/uu_alu/sub_16_37_Y_add_15_37_g1289
3.09750e-11 1.48090e-08 1.14368e-08 2.62768e-08 /ariscv/uu_dtpath/uu_exec/uu_alu/sub_16_37_Y_add_15_37_g1290
3.86650e-11 3.85056e-08 1.21444e-08 5.06887e-08 /ariscv/uu_dtpath/uu_exec/uu_alu/sub_16_37_Y_add_15_37_g1291
2.33470e-11 5.15292e-09 6.34171e-09 1.15180e-08 /ariscv/uu_dtpath/uu_exec/uu_alu/sub_16_37_Y_add_15_37_g1295
2.33150e-11 7.99777e-09 1.84329e-08 2.64539e-08 /ariscv/uu_dtpath/uu_exec/uu_alu/sub_16_37_Y_add_15_37_g1297
2.32770e-11 5.14965e-09 5.61924e-09 1.07922e-08 /ariscv/uu_dtpath/uu_exec/uu_alu/sub_16_37_Y_add_15_37_g1298
2.32690e-11 5.13546e-09 7.51143e-09 1.26702e-08 /ariscv/uu_dtpath/uu_exec/uu_alu/sub_16_37_Y_add_15_37_g1301
2.33510e-11 5.15037e-09 7.85547e-09 1.30292e-08 /ariscv/uu_dtpath/uu_exec/uu_alu/sub_16_37_Y_add_15_37_g1302
2.33500e-11 5.14152e-09 1.11009e-08 1.62657e-08 /ariscv/uu_dtpath/uu_exec/uu_alu/sub_16_37_Y_add_15_37_g1303
2.14430e-11 1.58947e-09 4.53485e-09 6.14577e-09 /ariscv/uu_dtpath/uu_exec/uu_alu/sub_16_37_Y_add_15_37_g1305
2.26940e-11 5.92102e-09 1.02580e-08 1.62017e-08 /ariscv/uu_dtpath/uu_exec/uu_alu/sub_16_37_Y_add_15_37_g1308
2.25760e-11 5.90793e-09 9.29468e-09 1.52252e-08 /ariscv/uu_dtpath/uu_exec/uu_alu/sub_16_37_Y_add_15_37_g1309
4.83300e-11 9.94579e-09 1.77981e-08 2.77922e-08 /ariscv/uu_dtpath/uu_exec/uu_alu/sub_16_37_Y_add_15_37_g1318
2.32780e-11 5.07391e-09 1.05103e-08 1.56075e-08 /ariscv/uu_dtpath/uu_exec/uu_alu/sub_16_37_Y_add_15_37_g1319
4.51530e-11 4.27564e-09 3.73514e-09 8.05593e-09 /ariscv/uu_dtpath/uu_exec/uu_alu/sub_16_37_Y_add_15_37_g1320
2.25760e-11 5.91915e-09 1.13761e-08 1.73178e-08 /ariscv/uu_dtpath/uu_exec/uu_alu/sub_16_37_Y_add_15_37_g1322
2.18730e-11 4.37809e-09 8.02411e-09 1.24241e-08 /ariscv/uu_dtpath/uu_exec/uu_alu/sub_16_37_Y_add_15_37_g1331
2.33490e-11 5.12526e-09 8.68115e-09 1.38298e-08 /ariscv/uu_dtpath/uu_exec/uu_alu/sub_16_37_Y_add_15_37_g1332
2.32660e-11 5.13157e-09 8.66968e-09 1.38245e-08 /ariscv/uu_dtpath/uu_exec/uu_alu/sub_16_37_Y_add_15_37_g1333
2.33580e-11 5.06602e-09 1.15252e-08 1.66145e-08 /ariscv/uu_dtpath/uu_exec/uu_alu/sub_16_37_Y_add_15_37_g1334
2.32800e-11 5.14222e-09 7.30501e-09 1.24705e-08 /ariscv/uu_dtpath/uu_exec/uu_alu/sub_16_37_Y_add_15_37_g1335
4.72290e-11 5.02692e-09 5.65634e-09 1.07305e-08 /ariscv/uu_dtpath/uu_exec/uu_alu/sub_16_37_Y_add_15_37_g1339
3.99960e-11 1.70266e-08 2.37664e-08 4.08330e-08 /ariscv/uu_dtpath/uu_exec/uu_alu/sub_16_37_Y_add_15_37_g1340
2.33430e-11 5.14105e-09 1.33715e-08 1.85359e-08 /ariscv/uu_dtpath/uu_exec/uu_alu/sub_16_37_Y_add_15_37_g1341
2.05370e-11 9.74979e-10 2.10064e-09 3.09615e-09 /ariscv/uu_dtpath/uu_exec/uu_alu/sub_16_37_Y_add_15_37_g1343
2.32800e-11 5.15108e-09 1.23738e-08 1.75482e-08 /ariscv/uu_dtpath/uu_exec/uu_alu/sub_16_37_Y_add_15_37_g1346
3.99830e-11 1.82343e-08 2.37047e-08 4.19790e-08 /ariscv/uu_dtpath/uu_exec/uu_alu/sub_16_37_Y_add_15_37_g1356
3.98890e-11 1.75530e-08 2.38861e-08 4.14791e-08 /ariscv/uu_dtpath/uu_exec/uu_alu/sub_16_37_Y_add_15_37_g1357
3.34010e-11 1.67287e-08 8.96785e-09 2.57299e-08 /ariscv/uu_dtpath/uu_exec/uu_alu/sub_16_37_Y_add_15_37_g1408
3.32910e-11 1.72283e-08 1.04357e-08 2.76974e-08 /ariscv/uu_dtpath/uu_exec/uu_alu/sub_16_37_Y_add_15_37_g1410
3.22160e-11 8.00011e-09 3.98305e-09 1.20154e-08 /ariscv/uu_dtpath/uu_exec/uu_alu/sub_16_37_Y_add_15_37_g1411
3.09380e-11 5.79717e-09 3.17389e-09 9.00200e-09 /ariscv/uu_dtpath/uu_exec/uu_alu/sub_16_37_Y_add_15_37_g1412
4.16680e-11 2.08382e-08 1.38002e-08 3.46801e-08 /ariscv/uu_dtpath/uu_exec/uu_alu/sub_16_37_Y_add_15_37_g1414
3.54580e-11 5.66850e-09 2.54991e-09 8.25387e-09 /ariscv/uu_dtpath/uu_exec/uu_alu/lt_20_49_g4959
3.55900e-11 1.36651e-08 6.53397e-09 2.02346e-08 /ariscv/uu_dtpath/uu_exec/uu_alu/lt_20_49_g4961
3.59500e-11 6.32563e-09 3.46969e-09 9.83128e-09 /ariscv/uu_dtpath/uu_exec/uu_alu/lt_21_38_g4964
3.74310e-11 1.06195e-08 1.00580e-08 2.07149e-08 /ariscv/uu_dtpath/uu_exec/uu_alu/lt_20_49_g4965
3.72450e-11 2.20024e-08 3.21808e-08 5.42204e-08 /ariscv/uu_dtpath/uu_exec/uu_alu/lt_21_38_g4966
3.56780e-11 1.29237e-08 1.15110e-08 2.44704e-08 /ariscv/uu_dtpath/uu_exec/uu_alu/lt_20_49_g4968
3.83870e-11 2.07880e-08 1.30025e-08 3.38289e-08 /ariscv/uu_dtpath/uu_exec/uu_alu/lt_20_49_g4969
1.42144e-10 4.47788e-08 1.74551e-07 2.19471e-07 /ariscv/uu_dtpath/uu_exec/uu_alu/sra_24_47_g5022
2.36990e-11 9.36563e-09 1.52084e-08 2.45977e-08 /ariscv/uu_dtpath/uu_exec/uu_alu/lt_21_38_g5025
3.92060e-11 2.80283e-08 1.32548e-08 4.13223e-08 /ariscv/uu_dtpath/uu_exec/uu_alu/lt_21_38_g5028
3.65830e-11 9.80430e-09 2.14374e-08 3.12783e-08 /ariscv/uu_dtpath/uu_exec/uu_alu/lt_21_38_g5031
6.56520e-11 1.82397e-08 7.90134e-09 2.62066e-08 /ariscv/uu_dtpath/uu_exec/uu_alu/lt_21_38_g5032
3.76570e-11 1.11316e-08 9.25049e-09 2.04197e-08 /ariscv/uu_dtpath/uu_exec/uu_alu/lt_21_38_g5033
3.76470e-11 7.30336e-09 6.08976e-09 1.34308e-08 /ariscv/uu_dtpath/uu_exec/uu_alu/lt_21_38_g5035
2.61040e-11 1.86725e-08 5.13664e-08 7.00651e-08 /ariscv/uu_dtpath/uu_exec/uu_alu/FE_RC_1_0
3.94230e-11 2.97279e-08 2.10522e-08 5.08195e-08 /ariscv/uu_dtpath/uu_exec/uu_alu/g4665
4.03490e-11 4.08434e-08 7.24760e-08 1.13360e-07 /ariscv/uu_dtpath/uu_exec/uu_alu/g4666
2.32736e-10 1.72258e-07 7.11657e-08 2.43657e-07 /ariscv/uu_dtpath/uu_exec/uu_alu/g4667
3.73250e-11 3.67621e-08 1.26605e-08 4.94599e-08 /ariscv/uu_dtpath/uu_exec/uu_alu/g4668
4.13040e-11 3.54436e-08 2.80301e-08 6.35150e-08 /ariscv/uu_dtpath/uu_exec/uu_alu/g4669
4.10140e-11 3.45896e-08 5.24404e-08 8.70710e-08 /ariscv/uu_dtpath/uu_exec/uu_alu/g4670
4.75140e-11 3.31181e-08 1.61949e-08 4.93606e-08 /ariscv/uu_dtpath/uu_exec/uu_alu/g4671
4.60610e-11 3.22588e-08 1.84261e-08 5.07310e-08 /ariscv/uu_dtpath/uu_exec/uu_alu/g4673
6.26940e-11 4.79389e-09 1.62877e-08 2.11443e-08 /ariscv/uu_dtpath/uu_exec/uu_alu/g4920
1.79065e-10 1.58053e-08 6.20848e-08 7.80692e-08 /ariscv/uu_dtpath/uu_exec/uu_alu/g4921
3.95090e-11 1.14220e-08 5.64757e-09 1.71091e-08 /ariscv/uu_dtpath/uu_exec/uu_alu/g4926
4.45740e-11 2.67457e-08 3.83761e-08 6.51664e-08 /ariscv/uu_dtpath/uu_exec/uu_alu/lt_20_49_g773
3.81400e-11 2.85831e-08 4.42254e-08 7.28466e-08 /ariscv/uu_dtpath/uu_exec/uu_alu/lt_20_49_g785
4.42170e-11 2.82654e-08 1.85104e-08 4.68201e-08 /ariscv/uu_dtpath/uu_exec/uu_alu/lt_20_49_g787
4.77780e-11 1.40721e-08 5.75618e-09 1.98761e-08 /ariscv/uu_dtpath/uu_exec/uu_alu/lt_20_49_g797
3.82110e-11 2.75356e-08 4.22239e-08 6.97977e-08 /ariscv/uu_dtpath/uu_exec/uu_alu/lt_20_49_g801
3.57940e-11 1.16345e-08 3.99081e-09 1.56611e-08 /ariscv/uu_dtpath/uu_exec/uu_alu/lt_20_49_g813
3.69310e-11 1.36493e-09 3.49094e-10 1.75095e-09 /ariscv/uu_dtpath/uu_exec/uu_alu/lt_20_49_g818
3.62470e-11 1.08236e-08 4.85899e-09 1.57188e-08 /ariscv/uu_dtpath/uu_exec/uu_alu/lt_20_49_g820
4.45790e-11 2.80176e-08 5.47623e-08 8.28245e-08 /ariscv/uu_dtpath/uu_exec/uu_alu/lt_21_38_g773
4.16520e-11 1.57503e-08 6.67833e-09 2.24703e-08 /ariscv/uu_dtpath/uu_exec/uu_alu/lt_21_38_g781
3.89840e-11 1.76362e-08 1.95564e-08 3.72315e-08 /ariscv/uu_dtpath/uu_exec/uu_alu/lt_21_38_g785
4.42170e-11 2.82688e-08 1.97169e-08 4.80300e-08 /ariscv/uu_dtpath/uu_exec/uu_alu/lt_21_38_g787
4.77780e-11 1.40726e-08 1.12331e-08 2.53534e-08 /ariscv/uu_dtpath/uu_exec/uu_alu/lt_21_38_g796
4.63310e-11 1.94772e-08 1.30804e-08 3.26040e-08 /ariscv/uu_dtpath/uu_exec/uu_alu/lt_21_38_g799
3.74720e-11 1.59867e-08 5.80137e-09 2.18256e-08 /ariscv/uu_dtpath/uu_exec/uu_alu/lt_21_38_g812
3.57940e-11 1.16345e-08 3.53209e-09 1.52023e-08 /ariscv/uu_dtpath/uu_exec/uu_alu/lt_21_38_g816
3.62470e-11 1.08261e-08 7.79846e-09 1.86608e-08 /ariscv/uu_dtpath/uu_exec/uu_alu/lt_21_38_g817
3.62040e-11 1.34957e-08 3.92942e-09 1.74614e-08 /ariscv/uu_dtpath/uu_exec/uu_alu/lt_21_38_g825
3.39930e-11 3.53459e-09 5.97575e-09 9.54433e-09 /ariscv/uu_dtpath/uu_exec/uu_alu/sll_22_38_g2763
3.47990e-11 1.18820e-08 1.85873e-08 3.05041e-08 /ariscv/uu_dtpath/uu_exec/uu_alu/sll_22_38_g2764
3.38780e-11 5.70380e-10 6.65134e-10 1.26939e-09 /ariscv/uu_dtpath/uu_exec/uu_alu/sll_22_38_g2801
3.54320e-11 1.02765e-08 1.85910e-08 2.89029e-08 /ariscv/uu_dtpath/uu_exec/uu_alu/sll_22_38_g2802
3.43490e-11 1.24386e-08 2.11396e-08 3.36125e-08 /ariscv/uu_dtpath/uu_exec/uu_alu/sll_22_38_g2805
3.25670e-11 5.67830e-10 1.53939e-09 2.13978e-09 /ariscv/uu_dtpath/uu_exec/uu_alu/sll_22_38_g2830
3.81930e-11 1.56837e-08 5.16211e-08 6.73430e-08 /ariscv/uu_dtpath/uu_exec/uu_alu/sll_22_38_g2831
3.19670e-11 6.08833e-09 1.98866e-08 2.60069e-08 /ariscv/uu_dtpath/uu_exec/uu_alu/sra_24_47_g2885
1.17226e-10 1.79028e-08 4.77946e-08 6.58146e-08 /ariscv/uu_dtpath/uu_exec/uu_alu/sra_24_47_g2912
3.54330e-11 1.02742e-08 1.55406e-08 2.58503e-08 /ariscv/uu_dtpath/uu_exec/uu_alu/srl_23_38_g2833
5.52720e-11 9.77113e-09 2.75370e-08 3.73634e-08 /ariscv/uu_dtpath/uu_exec/uu_alu/srl_23_38_g2868
2.25580e-10 6.25120e-08 1.10376e-07 1.73113e-07 /ariscv/uu_dtpath/uu_exec/uu_alu/sub_16_37_Y_add_15_37_g1158
3.14070e-11 2.76228e-09 3.25821e-09 6.05190e-09 /ariscv/uu_dtpath/uu_exec/uu_alu/sub_16_37_Y_add_15_37_g1217
3.05260e-11 3.80450e-09 9.17966e-09 1.30147e-08 /ariscv/uu_dtpath/uu_exec/uu_alu/sub_16_37_Y_add_15_37_g1232
3.30180e-11 1.87051e-08 3.80951e-08 5.68333e-08 /ariscv/uu_dtpath/uu_exec/uu_alu/sub_16_37_Y_add_15_37_g1250
5.57400e-11 1.83343e-08 1.82318e-08 3.66219e-08 /ariscv/uu_dtpath/uu_exec/uu_alu/sub_16_37_Y_add_15_37_g1252
3.77740e-11 1.41458e-08 9.85964e-09 2.40432e-08 /ariscv/uu_dtpath/uu_exec/uu_alu/sub_16_37_Y_add_15_37_g1258
3.24090e-11 7.04031e-09 4.16114e-09 1.12339e-08 /ariscv/uu_dtpath/uu_exec/uu_alu/sub_16_37_Y_add_15_37_g1260
3.72570e-11 1.75627e-08 1.35759e-08 3.11758e-08 /ariscv/uu_dtpath/uu_exec/uu_alu/sub_16_37_Y_add_15_37_g1264
3.50400e-11 1.86392e-08 2.32797e-08 4.19539e-08 /ariscv/uu_dtpath/uu_exec/uu_alu/sub_16_37_Y_add_15_37_g1267
3.73420e-11 2.37963e-08 1.00188e-08 3.38525e-08 /ariscv/uu_dtpath/uu_exec/uu_alu/sub_16_37_Y_add_15_37_g1292
3.79190e-11 1.74955e-08 2.27954e-08 4.03288e-08 /ariscv/uu_dtpath/uu_exec/uu_alu/sub_16_37_Y_add_15_37_g1307
3.70430e-11 1.68472e-08 2.55126e-08 4.23968e-08 /ariscv/uu_dtpath/uu_exec/uu_alu/sub_16_37_Y_add_15_37_g1358
3.62040e-11 1.73419e-08 2.64462e-08 4.38243e-08 /ariscv/uu_dtpath/uu_exec/uu_alu/sub_16_37_Y_add_15_37_g1409
4.59820e-11 2.07236e-08 7.10129e-09 2.78709e-08 /ariscv/uu_dtpath/uu_exec/uu_alu/g3
1.25081e-10 4.04213e-08 1.62573e-07 2.03120e-07 /ariscv/uu_dtpath/uu_exec/uu_alu/sra_24_47_g5024
2.69279e-10 1.46857e-07 3.46747e-08 1.81801e-07 /ariscv/uu_dtpath/uu_exec/uu_alu/FE_RC_0_0
7.81920e-11 1.38969e-08 3.59490e-08 4.99241e-08 /ariscv/uu_dtpath/uu_exec/uu_alu/g2338
3.54160e-11 2.22238e-08 1.49925e-08 3.72517e-08 /ariscv/uu_dtpath/uu_exec/uu_alu/g2
8.17880e-11 5.52467e-08 3.35131e-08 8.88415e-08 /ariscv/uu_dtpath/uu_exec/uu_alu/g4663
7.40200e-11 6.03295e-08 3.42315e-08 9.46350e-08 /ariscv/uu_dtpath/uu_exec/uu_alu/g4664
4.31320e-11 2.92060e-09 2.69562e-09 5.65935e-09 /ariscv/uu_dtpath/uu_exec/uu_alu/g4850
2.01600e-11 2.14979e-09 2.79006e-09 4.96001e-09 /ariscv/uu_dtpath/uu_exec/uu_alu/g4870
1.78100e-11 1.70354e-09 3.90244e-09 5.62379e-09 /ariscv/uu_dtpath/uu_exec/uu_alu/g4913
3.54430e-11 5.15344e-09 7.04192e-09 1.22308e-08 /ariscv/uu_dtpath/uu_exec/uu_alu/g4923
3.84220e-11 6.43329e-09 1.32808e-08 1.97525e-08 /ariscv/uu_dtpath/uu_exec/uu_alu/g4928
2.67330e-11 1.97202e-09 4.79288e-09 6.79163e-09 /ariscv/uu_dtpath/uu_exec/uu_alu/g4929
1.83700e-11 3.61300e-09 9.25319e-09 1.28846e-08 /ariscv/uu_dtpath/uu_exec/uu_alu/g4930
4.59490e-11 4.64219e-08 2.37637e-08 7.02316e-08 /ariscv/uu_dtpath/uu_exec/uu_alu/lt_20_49_g769
4.01260e-11 2.62841e-08 3.68745e-08 6.31987e-08 /ariscv/uu_dtpath/uu_exec/uu_alu/lt_20_49_g770
3.42700e-11 8.22392e-09 1.12570e-08 1.95152e-08 /ariscv/uu_dtpath/uu_exec/uu_alu/lt_20_49_g788
3.92840e-11 9.80367e-09 8.26359e-09 1.81065e-08 /ariscv/uu_dtpath/uu_exec/uu_alu/lt_20_49_g789
3.42920e-11 8.48359e-09 1.47395e-08 2.32574e-08 /ariscv/uu_dtpath/uu_exec/uu_alu/lt_20_49_g791
3.43000e-11 8.43390e-09 1.33735e-08 2.18417e-08 /ariscv/uu_dtpath/uu_exec/uu_alu/lt_20_49_g792
4.22580e-11 1.86253e-08 6.34104e-09 2.50086e-08 /ariscv/uu_dtpath/uu_exec/uu_alu/lt_20_49_g804
3.39860e-11 9.79193e-09 5.61384e-09 1.54398e-08 /ariscv/uu_dtpath/uu_exec/uu_alu/lt_20_49_g805
3.17360e-11 1.29006e-08 5.56527e-09 1.84976e-08 /ariscv/uu_dtpath/uu_exec/uu_alu/lt_20_49_g814
2.99750e-11 3.20280e-09 6.43548e-10 3.87632e-09 /ariscv/uu_dtpath/uu_exec/uu_alu/lt_20_49_g815
3.38210e-11 9.95168e-09 4.80637e-09 1.47919e-08 /ariscv/uu_dtpath/uu_exec/uu_alu/lt_20_49_g821
3.06120e-11 1.06298e-08 7.27870e-09 1.79391e-08 /ariscv/uu_dtpath/uu_exec/uu_alu/lt_20_49_g835
2.46920e-11 8.48906e-09 1.66145e-08 2.51283e-08 /ariscv/uu_dtpath/uu_exec/uu_alu/lt_20_49_g837
3.26240e-11 2.71056e-08 1.48475e-08 4.19857e-08 /ariscv/uu_dtpath/uu_exec/uu_alu/lt_20_49_g839
2.63580e-11 7.95092e-09 5.13523e-09 1.31125e-08 /ariscv/uu_dtpath/uu_exec/uu_alu/lt_20_49_g846
3.68200e-11 1.43210e-08 5.92786e-09 2.02857e-08 /ariscv/uu_dtpath/uu_exec/uu_alu/lt_20_49_g847
3.69210e-11 1.44933e-08 5.61587e-09 2.01460e-08 /ariscv/uu_dtpath/uu_exec/uu_alu/lt_20_49_g849
3.68150e-11 1.43355e-08 6.45909e-09 2.08314e-08 /ariscv/uu_dtpath/uu_exec/uu_alu/lt_20_49_g853
3.42150e-11 2.58530e-08 1.27731e-08 3.86603e-08 /ariscv/uu_dtpath/uu_exec/uu_alu/lt_20_49_g856
3.03470e-11 8.80129e-09 3.30881e-09 1.21404e-08 /ariscv/uu_dtpath/uu_exec/uu_alu/lt_20_49_g858
3.24040e-11 2.52784e-08 1.58556e-08 4.11664e-08 /ariscv/uu_dtpath/uu_exec/uu_alu/lt_20_49_g860
5.93110e-11 1.31288e-08 1.17933e-08 2.49814e-08 /ariscv/uu_dtpath/uu_exec/uu_alu/lt_21_38_g795
4.22630e-11 1.86290e-08 2.44535e-09 2.11167e-08 /ariscv/uu_dtpath/uu_exec/uu_alu/lt_21_38_g801
3.95850e-11 1.02820e-08 2.13511e-08 3.16726e-08 /ariscv/uu_dtpath/uu_exec/uu_alu/lt_21_38_g804
3.17570e-11 1.29012e-08 9.01405e-09 2.19470e-08 /ariscv/uu_dtpath/uu_exec/uu_alu/lt_21_38_g811
4.22280e-11 1.86622e-08 7.36977e-09 2.60742e-08 /ariscv/uu_dtpath/uu_exec/uu_alu/lt_21_38_g815
4.65090e-11 2.03483e-08 4.67989e-09 2.50747e-08 /ariscv/uu_dtpath/uu_exec/uu_alu/lt_21_38_g819
3.69360e-11 1.44124e-08 5.14366e-09 1.95930e-08 /ariscv/uu_dtpath/uu_exec/uu_alu/lt_21_38_g821
3.26330e-11 2.69803e-08 7.12051e-09 3.41335e-08 /ariscv/uu_dtpath/uu_exec/uu_alu/lt_21_38_g826
3.26240e-11 2.71055e-08 1.17316e-08 3.88697e-08 /ariscv/uu_dtpath/uu_exec/uu_alu/lt_21_38_g833
3.23660e-11 2.67309e-08 1.34359e-08 4.01992e-08 /ariscv/uu_dtpath/uu_exec/uu_alu/lt_21_38_g835
3.26280e-11 2.69868e-08 1.88416e-08 4.58611e-08 /ariscv/uu_dtpath/uu_exec/uu_alu/lt_21_38_g836
3.26210e-11 2.68933e-08 1.54853e-08 4.24112e-08 /ariscv/uu_dtpath/uu_exec/uu_alu/lt_21_38_g837
3.26460e-11 2.67381e-08 2.75410e-08 5.43118e-08 /ariscv/uu_dtpath/uu_exec/uu_alu/lt_21_38_g839
3.68210e-11 1.43615e-08 5.17739e-09 1.95757e-08 /ariscv/uu_dtpath/uu_exec/uu_alu/lt_21_38_g843
3.24040e-11 2.52782e-08 1.20115e-08 3.73222e-08 /ariscv/uu_dtpath/uu_exec/uu_alu/lt_21_38_g857
3.42150e-11 2.58529e-08 1.16280e-08 3.75152e-08 /ariscv/uu_dtpath/uu_exec/uu_alu/lt_21_38_g858
3.03470e-11 8.80129e-09 3.31488e-09 1.21465e-08 /ariscv/uu_dtpath/uu_exec/uu_alu/lt_21_38_g860
3.23620e-11 2.36105e-08 1.69656e-08 4.06085e-08 /ariscv/uu_dtpath/uu_exec/uu_alu/lt_21_38_g861
2.47100e-11 7.96609e-09 1.17181e-08 1.97089e-08 /ariscv/uu_dtpath/uu_exec/uu_alu/lt_21_38_g862
3.27950e-11 2.95291e-08 1.76753e-08 4.72372e-08 /ariscv/uu_dtpath/uu_exec/uu_alu/sll_22_38_g2688
2.85190e-11 1.49743e-08 7.80959e-09 2.28125e-08 /ariscv/uu_dtpath/uu_exec/uu_alu/sll_22_38_g2689
3.44300e-11 1.91032e-08 8.79718e-09 2.79348e-08 /ariscv/uu_dtpath/uu_exec/uu_alu/sll_22_38_g2690
3.49440e-11 2.58489e-08 1.47638e-08 4.06476e-08 /ariscv/uu_dtpath/uu_exec/uu_alu/sll_22_38_g2691
3.32850e-11 2.59562e-08 1.82352e-08 4.42247e-08 /ariscv/uu_dtpath/uu_exec/uu_alu/sll_22_38_g2692
3.38290e-11 2.50063e-08 9.94767e-09 3.49878e-08 /ariscv/uu_dtpath/uu_exec/uu_alu/sll_22_38_g2693
3.22420e-11 2.60339e-08 2.18739e-08 4.79400e-08 /ariscv/uu_dtpath/uu_exec/uu_alu/sll_22_38_g2694
2.93350e-11 1.67479e-08 9.61274e-09 2.63900e-08 /ariscv/uu_dtpath/uu_exec/uu_alu/sll_22_38_g2695
2.52500e-11 1.85489e-09 3.52737e-09 5.40751e-09 /ariscv/uu_dtpath/uu_exec/uu_alu/sll_22_38_g2737
2.63900e-11 6.04334e-09 1.36224e-08 1.96922e-08 /ariscv/uu_dtpath/uu_exec/uu_alu/sll_22_38_g2738
2.49190e-11 3.04241e-10 4.20262e-10 7.49422e-10 /ariscv/uu_dtpath/uu_exec/uu_alu/sll_22_38_g2769
2.61260e-11 6.61799e-09 1.18878e-08 1.85319e-08 /ariscv/uu_dtpath/uu_exec/uu_alu/sll_22_38_g2804
2.87920e-11 5.16355e-09 1.30221e-08 1.82144e-08 /ariscv/uu_dtpath/uu_exec/uu_alu/sra_24_47_g2791
3.22940e-11 9.11511e-09 1.14867e-08 2.06341e-08 /ariscv/uu_dtpath/uu_exec/uu_alu/sra_24_47_g2798
1.73500e-11 2.61971e-09 6.14811e-09 8.78517e-09 /ariscv/uu_dtpath/uu_exec/uu_alu/sra_24_47_g2801
3.11520e-11 1.72381e-08 4.55003e-09 2.18192e-08 /ariscv/uu_dtpath/uu_exec/uu_alu/sra_24_47_g2812
2.61280e-11 6.63277e-09 7.67738e-09 1.43363e-08 /ariscv/uu_dtpath/uu_exec/uu_alu/sra_24_47_g2847
2.61280e-11 6.62491e-09 6.99167e-09 1.36427e-08 /ariscv/uu_dtpath/uu_exec/uu_alu/sra_24_47_g2852
2.61260e-11 6.63210e-09 1.17019e-08 1.83601e-08 /ariscv/uu_dtpath/uu_exec/uu_alu/sra_24_47_g2857
2.35350e-11 7.48400e-09 5.00065e-09 1.25082e-08 /ariscv/uu_dtpath/uu_exec/uu_alu/sra_24_47_g2859
2.22820e-11 4.36954e-09 3.61304e-09 8.00486e-09 /ariscv/uu_dtpath/uu_exec/uu_alu/sra_24_47_g2864
3.55030e-11 8.78987e-09 4.10083e-08 4.98337e-08 /ariscv/uu_dtpath/uu_exec/uu_alu/sra_24_47_g2884
2.01320e-11 1.99280e-09 7.53875e-09 9.55168e-09 /ariscv/uu_dtpath/uu_exec/uu_alu/sra_24_47_g2910
3.05760e-11 6.31814e-09 5.63813e-09 1.19868e-08 /ariscv/uu_dtpath/uu_exec/uu_alu/srl_23_38_g2699
3.05650e-11 6.23962e-09 4.17901e-09 1.04492e-08 /ariscv/uu_dtpath/uu_exec/uu_alu/srl_23_38_g2702
2.83910e-11 3.78437e-09 1.22335e-08 1.60462e-08 /ariscv/uu_dtpath/uu_exec/uu_alu/srl_23_38_g2703
3.10670e-11 6.38184e-09 5.72312e-09 1.21360e-08 /ariscv/uu_dtpath/uu_exec/uu_alu/srl_23_38_g2704
3.10610e-11 6.98006e-09 5.24417e-09 1.22553e-08 /ariscv/uu_dtpath/uu_exec/uu_alu/srl_23_38_g2705
2.84030e-11 4.82358e-09 7.76372e-09 1.26157e-08 /ariscv/uu_dtpath/uu_exec/uu_alu/srl_23_38_g2706
2.67300e-11 4.58138e-09 5.67658e-09 1.02847e-08 /ariscv/uu_dtpath/uu_exec/uu_alu/srl_23_38_g2751
2.80700e-11 4.74732e-09 6.33024e-09 1.11056e-08 /ariscv/uu_dtpath/uu_exec/uu_alu/srl_23_38_g2754
3.23080e-11 5.63469e-09 1.70979e-08 2.27649e-08 /ariscv/uu_dtpath/uu_exec/uu_alu/srl_23_38_g2781
1.49370e-11 3.89092e-10 2.41162e-10 6.45191e-10 /ariscv/uu_dtpath/uu_exec/uu_alu/srl_23_38_g2783
2.50960e-11 1.29245e-09 6.00037e-09 7.31792e-09 /ariscv/uu_dtpath/uu_exec/uu_alu/srl_23_38_g2788
2.58820e-11 6.14388e-09 1.94886e-09 8.11862e-09 /ariscv/uu_dtpath/uu_exec/uu_alu/srl_23_38_g2824
5.41790e-11 1.27659e-08 1.46755e-08 2.74956e-08 /ariscv/uu_dtpath/uu_exec/uu_alu/srl_23_38_g2825
2.61250e-11 6.62588e-09 5.51131e-09 1.21633e-08 /ariscv/uu_dtpath/uu_exec/uu_alu/srl_23_38_g2828
2.35330e-11 7.48705e-09 6.83517e-09 1.43458e-08 /ariscv/uu_dtpath/uu_exec/uu_alu/srl_23_38_g2841
6.60990e-11 1.70307e-08 2.25687e-08 3.96655e-08 /ariscv/uu_dtpath/uu_exec/uu_alu/srl_23_38_g2843
3.41480e-11 1.19268e-08 2.68357e-08 3.87967e-08 /ariscv/uu_dtpath/uu_exec/uu_alu/srl_23_38_g2890
6.75650e-11 5.99291e-09 2.45041e-09 8.51088e-09 /ariscv/uu_dtpath/uu_exec/uu_alu/sub_16_37_Y_add_15_37_g1164
2.67760e-10 2.79958e-08 5.37555e-08 8.20190e-08 /ariscv/uu_dtpath/uu_exec/uu_alu/sub_16_37_Y_add_15_37_g1168
7.45130e-11 3.09051e-08 1.54107e-08 4.63904e-08 /ariscv/uu_dtpath/uu_exec/uu_alu/sub_16_37_Y_add_15_37_g1169
2.50683e-10 8.89859e-08 9.03375e-08 1.79574e-07 /ariscv/uu_dtpath/uu_exec/uu_alu/sub_16_37_Y_add_15_37_g1176
4.13730e-11 1.95122e-08 2.48838e-08 4.44374e-08 /ariscv/uu_dtpath/uu_exec/uu_alu/sub_16_37_Y_add_15_37_g1178
5.49120e-11 1.95077e-08 5.40782e-08 7.36408e-08 /ariscv/uu_dtpath/uu_exec/uu_alu/sub_16_37_Y_add_15_37_g1216
2.65160e-11 1.01438e-08 1.95945e-08 2.97648e-08 /ariscv/uu_dtpath/uu_exec/uu_alu/sub_16_37_Y_add_15_37_g1218
2.65990e-11 1.02478e-08 1.37600e-08 2.40345e-08 /ariscv/uu_dtpath/uu_exec/uu_alu/sub_16_37_Y_add_15_37_g1219
2.65610e-11 1.03373e-08 1.20034e-08 2.23673e-08 /ariscv/uu_dtpath/uu_exec/uu_alu/sub_16_37_Y_add_15_37_g1220
3.74770e-11 2.16694e-08 2.44460e-08 4.61529e-08 /ariscv/uu_dtpath/uu_exec/uu_alu/sub_16_37_Y_add_15_37_g1253
4.01260e-11 5.70053e-09 5.96327e-09 1.17039e-08 /ariscv/uu_dtpath/uu_exec/uu_alu/sub_16_37_Y_add_15_37_g1255
3.73580e-11 2.11221e-08 1.24635e-08 3.36229e-08 /ariscv/uu_dtpath/uu_exec/uu_alu/sub_16_37_Y_add_15_37_g1256
4.11730e-11 3.32411e-08 1.11285e-08 4.44108e-08 /ariscv/uu_dtpath/uu_exec/uu_alu/sub_16_37_Y_add_15_37_g1257
3.73760e-11 2.22577e-08 1.38646e-08 3.61596e-08 /ariscv/uu_dtpath/uu_exec/uu_alu/sub_16_37_Y_add_15_37_g1259
3.25800e-11 2.22346e-08 1.27401e-08 3.50073e-08 /ariscv/uu_dtpath/uu_exec/uu_alu/sub_16_37_Y_add_15_37_g1261
3.74510e-11 2.18648e-08 2.61817e-08 4.80839e-08 /ariscv/uu_dtpath/uu_exec/uu_alu/sub_16_37_Y_add_15_37_g1262
4.32310e-11 1.29215e-08 1.54330e-08 2.83977e-08 /ariscv/uu_dtpath/uu_exec/uu_alu/sub_16_37_Y_add_15_37_g1263
2.68330e-11 1.01701e-08 2.50002e-08 3.51971e-08 /ariscv/uu_dtpath/uu_exec/uu_alu/sub_16_37_Y_add_15_37_g1268
2.68180e-11 1.01366e-08 3.23089e-08 4.24723e-08 /ariscv/uu_dtpath/uu_exec/uu_alu/sub_16_37_Y_add_15_37_g1270
2.67410e-11 1.00520e-08 3.80806e-08 4.81594e-08 /ariscv/uu_dtpath/uu_exec/uu_alu/sub_16_37_Y_add_15_37_g1271
4.44380e-11 2.02860e-08 8.27505e-09 2.86055e-08 /ariscv/uu_dtpath/uu_exec/uu_alu/sub_16_37_Y_add_15_37_g1273
4.41440e-11 1.31014e-08 5.47623e-09 1.86217e-08 /ariscv/uu_dtpath/uu_exec/uu_alu/sub_16_37_Y_add_15_37_g1277
4.46020e-11 2.07616e-08 6.04894e-09 2.68551e-08 /ariscv/uu_dtpath/uu_exec/uu_alu/sub_16_37_Y_add_15_37_g1278
4.46020e-11 2.08227e-08 1.96343e-08 4.05016e-08 /ariscv/uu_dtpath/uu_exec/uu_alu/sub_16_37_Y_add_15_37_g1279
4.44220e-11 2.01913e-08 1.06212e-08 3.08570e-08 /ariscv/uu_dtpath/uu_exec/uu_alu/sub_16_37_Y_add_15_37_g1281
4.18180e-11 8.10952e-09 5.14501e-09 1.32963e-08 /ariscv/uu_dtpath/uu_exec/uu_alu/sub_16_37_Y_add_15_37_g1282
4.44430e-11 2.02486e-08 1.12553e-08 3.15483e-08 /ariscv/uu_dtpath/uu_exec/uu_alu/sub_16_37_Y_add_15_37_g1283
4.14560e-11 3.49212e-08 9.15605e-09 4.41187e-08 /ariscv/uu_dtpath/uu_exec/uu_alu/sub_16_37_Y_add_15_37_g1284
4.44330e-11 2.02895e-08 9.70179e-09 3.00357e-08 /ariscv/uu_dtpath/uu_exec/uu_alu/sub_16_37_Y_add_15_37_g1285
4.45850e-11 2.07739e-08 1.22632e-08 3.30817e-08 /ariscv/uu_dtpath/uu_exec/uu_alu/sub_16_37_Y_add_15_37_g1286
4.46070e-11 2.17133e-08 8.15161e-09 2.99095e-08 /ariscv/uu_dtpath/uu_exec/uu_alu/sub_16_37_Y_add_15_37_g1294
3.20150e-11 9.71298e-09 6.57107e-09 1.63161e-08 /ariscv/uu_dtpath/uu_exec/uu_alu/sub_16_37_Y_add_15_37_g1296
2.85370e-11 1.18967e-08 1.29175e-08 2.48427e-08 /ariscv/uu_dtpath/uu_exec/uu_alu/sub_16_37_Y_add_15_37_g1300
3.60870e-11 8.47479e-09 9.61274e-09 1.81236e-08 /ariscv/uu_dtpath/uu_exec/uu_alu/sub_16_37_Y_add_15_37_g1304
3.08140e-11 1.47999e-08 3.82031e-08 5.30338e-08 /ariscv/uu_dtpath/uu_exec/uu_alu/sub_16_37_Y_add_15_37_g1306
3.82650e-11 9.51786e-09 1.72935e-08 2.68496e-08 /ariscv/uu_dtpath/uu_exec/uu_alu/sub_16_37_Y_add_15_37_g1310
3.04950e-11 1.12794e-08 2.90527e-08 4.03626e-08 /ariscv/uu_dtpath/uu_exec/uu_alu/sub_16_37_Y_add_15_37_g1311
3.06230e-11 9.66878e-09 2.30868e-08 3.27862e-08 /ariscv/uu_dtpath/uu_exec/uu_alu/sub_16_37_Y_add_15_37_g1312
3.06430e-11 9.67616e-09 2.72482e-08 3.69550e-08 /ariscv/uu_dtpath/uu_exec/uu_alu/sub_16_37_Y_add_15_37_g1313
3.19930e-11 1.13435e-08 2.36858e-08 3.50613e-08 /ariscv/uu_dtpath/uu_exec/uu_alu/sub_16_37_Y_add_15_37_g1314
3.04980e-11 1.02106e-08 2.40197e-08 3.42608e-08 /ariscv/uu_dtpath/uu_exec/uu_alu/sub_16_37_Y_add_15_37_g1315
3.06370e-11 9.67525e-09 1.91972e-08 2.89030e-08 /ariscv/uu_dtpath/uu_exec/uu_alu/sub_16_37_Y_add_15_37_g1316
3.45710e-11 1.07908e-08 2.09895e-08 3.18149e-08 /ariscv/uu_dtpath/uu_exec/uu_alu/sub_16_37_Y_add_15_37_g1317
3.04910e-11 1.01969e-08 2.24726e-08 3.27000e-08 /ariscv/uu_dtpath/uu_exec/uu_alu/sub_16_37_Y_add_15_37_g1321
3.06190e-11 1.07286e-08 2.66324e-08 3.73915e-08 /ariscv/uu_dtpath/uu_exec/uu_alu/sub_16_37_Y_add_15_37_g1323
3.05070e-11 1.02117e-08 3.20114e-08 4.22537e-08 /ariscv/uu_dtpath/uu_exec/uu_alu/sub_16_37_Y_add_15_37_g1324
3.00270e-11 1.06519e-08 6.93669e-09 1.76186e-08 /ariscv/uu_dtpath/uu_exec/uu_alu/sub_16_37_Y_add_15_37_g1336
3.04930e-11 1.01844e-08 2.27508e-08 3.29658e-08 /ariscv/uu_dtpath/uu_exec/uu_alu/sub_16_37_Y_add_15_37_g1337
3.42790e-11 1.28817e-08 2.75977e-08 4.05137e-08 /ariscv/uu_dtpath/uu_exec/uu_alu/sub_16_37_Y_add_15_37_g1344
3.06170e-11 9.65680e-09 2.80220e-08 3.77094e-08 /ariscv/uu_dtpath/uu_exec/uu_alu/sub_16_37_Y_add_15_37_g1345
3.04770e-11 1.01049e-08 1.74527e-08 2.75881e-08 /ariscv/uu_dtpath/uu_exec/uu_alu/sub_16_37_Y_add_15_37_g1349
3.06170e-11 9.67767e-09 2.67150e-08 3.64233e-08 /ariscv/uu_dtpath/uu_exec/uu_alu/sub_16_37_Y_add_15_37_g1351
3.89110e-11 8.81794e-09 2.23663e-08 3.12232e-08 /ariscv/uu_dtpath/uu_exec/uu_alu/sub_16_37_Y_add_15_37_g1353
3.22210e-11 1.05501e-08 2.96113e-08 4.01936e-08 /ariscv/uu_dtpath/uu_exec/uu_alu/sub_16_37_Y_add_15_37_g1354
4.61650e-11 1.99903e-08 3.19683e-08 5.20047e-08 /ariscv/uu_dtpath/uu_exec/uu_alu/sub_16_37_Y_add_15_37_g1413
3.68210e-11 1.43299e-08 2.02626e-08 3.46294e-08 /ariscv/uu_dtpath/uu_exec/uu_alu/lt_21_38_g4958
3.51350e-11 1.95799e-08 6.33260e-09 2.59476e-08 /ariscv/uu_dtpath/uu_exec/uu_alu/lt_20_49_g4960
2.92240e-11 4.37134e-09 1.28507e-09 5.68564e-09 /ariscv/uu_dtpath/uu_exec/uu_alu/lt_20_49_g4962
3.08360e-11 1.27563e-08 6.80987e-09 1.95970e-08 /ariscv/uu_dtpath/uu_exec/uu_alu/lt_20_49_g4963
3.68120e-11 1.42959e-08 1.51696e-08 2.95023e-08 /ariscv/uu_dtpath/uu_exec/uu_alu/lt_20_49_g4967
1.11147e-10 5.92125e-09 1.80922e-08 2.41246e-08 /ariscv/uu_dtpath/uu_exec/uu_alu/sll_22_38_g5023
4.41760e-11 1.37121e-08 1.28622e-08 2.66185e-08 /ariscv/uu_dtpath/uu_exec/uu_alu/lt_21_38_g5026
3.24400e-11 1.78289e-08 7.35425e-09 2.52156e-08 /ariscv/uu_dtpath/uu_exec/uu_alu/lt_21_38_g5029
3.00230e-11 1.17391e-08 5.83611e-09 1.76053e-08 /ariscv/uu_dtpath/uu_exec/uu_alu/lt_21_38_g5034
5.76300e-11 2.06347e-08 7.10129e-09 2.77936e-08 /ariscv/uu_dtpath/uu_exec/uu_alu/sub_16_37_Y_add_15_37_g1272
5.78020e-11 2.21774e-08 1.51193e-08 3.73545e-08 /ariscv/uu_dtpath/uu_exec/uu_alu/sub_16_37_Y_add_15_37_g1368
5.79700e-11 2.36236e-08 1.98569e-08 4.35385e-08 /ariscv/uu_dtpath/uu_exec/uu_alu/sub_16_37_Y_add_15_37_g1369
5.48320e-11 1.53172e-08 1.15454e-08 2.69174e-08 /ariscv/uu_dtpath/uu_exec/uu_alu/sub_16_37_Y_add_15_37_g1370
5.79950e-11 2.36747e-08 1.45031e-08 3.82358e-08 /ariscv/uu_dtpath/uu_exec/uu_alu/sub_16_37_Y_add_15_37_g1371
6.31350e-11 2.78674e-08 1.50222e-08 4.29527e-08 /ariscv/uu_dtpath/uu_exec/uu_alu/sub_16_37_Y_add_15_37_g1372
6.13650e-11 2.21672e-08 1.42619e-08 3.64905e-08 /ariscv/uu_dtpath/uu_exec/uu_alu/sub_16_37_Y_add_15_37_g1374
5.70130e-11 2.06788e-08 1.79977e-08 3.87336e-08 /ariscv/uu_dtpath/uu_exec/uu_alu/sub_16_37_Y_add_15_37_g1383
5.77960e-11 2.22319e-08 2.19784e-08 4.42681e-08 /ariscv/uu_dtpath/uu_exec/uu_alu/sub_16_37_Y_add_15_37_g1386
5.40350e-11 1.11547e-08 1.43786e-08 2.55873e-08 /ariscv/uu_dtpath/uu_exec/uu_alu/sub_16_37_Y_add_15_37_g1387
5.78040e-11 2.19841e-08 1.57467e-08 3.77885e-08 /ariscv/uu_dtpath/uu_exec/uu_alu/sub_16_37_Y_add_15_37_g1389
5.79880e-11 2.64900e-08 1.69474e-08 4.34954e-08 /ariscv/uu_dtpath/uu_exec/uu_alu/sub_16_37_Y_add_15_37_g1394
5.77960e-11 2.21177e-08 1.37078e-08 3.58833e-08 /ariscv/uu_dtpath/uu_exec/uu_alu/sub_16_37_Y_add_15_37_g1395
6.62250e-11 3.73478e-08 1.54451e-08 5.28592e-08 /ariscv/uu_dtpath/uu_exec/uu_alu/g4922
6.72820e-11 1.59130e-08 4.65459e-09 2.06349e-08 /ariscv/uu_dtpath/uu_exec/uu_alu/g4924
6.76110e-11 3.23536e-08 3.62876e-08 6.87088e-08 /ariscv/uu_dtpath/uu_exec/uu_alu/sub_16_37_Y_add_15_37_g1116
5.83370e-11 4.74645e-08 3.97785e-08 8.73013e-08 /ariscv/uu_dtpath/uu_exec/uu_alu/sub_16_37_Y_add_15_37_g1117
5.84030e-11 4.16638e-08 5.25733e-08 9.42954e-08 /ariscv/uu_dtpath/uu_exec/uu_alu/sub_16_37_Y_add_15_37_g1118
6.76250e-11 4.30678e-08 4.85636e-08 9.16990e-08 /ariscv/uu_dtpath/uu_exec/uu_alu/sub_16_37_Y_add_15_37_g1119
5.83420e-11 3.24394e-08 3.46632e-08 6.71610e-08 /ariscv/uu_dtpath/uu_exec/uu_alu/sub_16_37_Y_add_15_37_g1120
5.84130e-11 3.99792e-08 2.97998e-08 6.98375e-08 /ariscv/uu_dtpath/uu_exec/uu_alu/sub_16_37_Y_add_15_37_g1121
5.84100e-11 5.37826e-08 3.73581e-08 9.11991e-08 /ariscv/uu_dtpath/uu_exec/uu_alu/sub_16_37_Y_add_15_37_g1122
5.83410e-11 4.16668e-08 2.48953e-08 6.66204e-08 /ariscv/uu_dtpath/uu_exec/uu_alu/sub_16_37_Y_add_15_37_g1123
5.83910e-11 4.75957e-08 2.12492e-08 6.89033e-08 /ariscv/uu_dtpath/uu_exec/uu_alu/sub_16_37_Y_add_15_37_g1124
5.83640e-11 3.70560e-08 9.94936e-09 4.70637e-08 /ariscv/uu_dtpath/uu_exec/uu_alu/sub_16_37_Y_add_15_37_g1125
6.76040e-11 4.45034e-08 8.15903e-09 5.27301e-08 /ariscv/uu_dtpath/uu_exec/uu_alu/sub_16_37_Y_add_15_37_g1126
5.83930e-11 5.04945e-08 4.14002e-08 9.19531e-08 /ariscv/uu_dtpath/uu_exec/uu_alu/sub_16_37_Y_add_15_37_g1127
5.83500e-11 3.08272e-08 1.99136e-08 5.07991e-08 /ariscv/uu_dtpath/uu_exec/uu_alu/sub_16_37_Y_add_15_37_g1128
5.83960e-11 3.25369e-08 2.37566e-08 5.63519e-08 /ariscv/uu_dtpath/uu_exec/uu_alu/sub_16_37_Y_add_15_37_g1129
5.83500e-11 3.25006e-08 3.03702e-08 6.29292e-08 /ariscv/uu_dtpath/uu_exec/uu_alu/sub_16_37_Y_add_15_37_g1130
6.76420e-11 3.23864e-08 5.20963e-08 8.45503e-08 /ariscv/uu_dtpath/uu_exec/uu_alu/sub_16_37_Y_add_15_37_g1142
6.91460e-11 3.46229e-08 1.71208e-08 5.18128e-08 /ariscv/uu_dtpath/uu_exec/uu_alu/sub_16_37_Y_add_15_37_g1143
5.75930e-11 2.61963e-08 2.59713e-08 5.22251e-08 /ariscv/uu_dtpath/uu_exec/uu_alu/sub_16_37_Y_add_15_37_g1144
6.91190e-11 4.54531e-08 2.17707e-08 6.72929e-08 /ariscv/uu_dtpath/uu_exec/uu_alu/sub_16_37_Y_add_15_37_g1145
5.83850e-11 4.62207e-08 7.96650e-08 1.25944e-07 /ariscv/uu_dtpath/uu_exec/uu_alu/sub_16_37_Y_add_15_37_g1146
6.76130e-11 3.24612e-08 4.11027e-08 7.36316e-08 /ariscv/uu_dtpath/uu_exec/uu_alu/sub_16_37_Y_add_15_37_g1147
6.82720e-11 3.88186e-08 5.75570e-08 9.64439e-08 /ariscv/uu_dtpath/uu_exec/uu_alu/sub_16_37_Y_add_15_37_g1148
6.76180e-11 3.09167e-08 6.15384e-08 9.25228e-08 /ariscv/uu_dtpath/uu_exec/uu_alu/sub_16_37_Y_add_15_37_g1149
5.61640e-11 2.13452e-08 2.02083e-08 4.16097e-08 /ariscv/uu_dtpath/uu_exec/uu_alu/sub_16_37_Y_add_15_37_g1163
5.85520e-11 3.67418e-08 3.42608e-08 7.10611e-08 /ariscv/uu_dtpath/uu_exec/uu_alu/sub_16_37_Y_add_15_37_g1165
6.71780e-11 3.62037e-08 2.80797e-08 6.43505e-08 /ariscv/uu_dtpath/uu_exec/uu_alu/sub_16_37_Y_add_15_37_g1166
6.72550e-11 2.86575e-08 3.25042e-08 6.12289e-08 /ariscv/uu_dtpath/uu_exec/uu_alu/sub_16_37_Y_add_15_37_g1167
5.98050e-11 4.18143e-08 4.81022e-08 8.99762e-08 /ariscv/uu_dtpath/uu_exec/uu_alu/sub_16_37_Y_add_15_37_g1173
6.76130e-11 6.28825e-08 1.79168e-08 8.08669e-08 /ariscv/uu_dtpath/uu_exec/uu_alu/sub_16_37_Y_add_15_37_g1174
6.57600e-11 3.75934e-08 4.43805e-09 4.20972e-08 /ariscv/uu_dtpath/uu_exec/uu_alu/sub_16_37_Y_add_15_37_g1177
5.68280e-11 5.18495e-08 1.59093e-08 6.78156e-08 /ariscv/uu_dtpath/uu_exec/uu_alu/sub_16_37_Y_add_15_37_g1196
6.70940e-11 2.79191e-08 2.24412e-08 5.04274e-08 /ariscv/uu_dtpath/uu_exec/uu_alu/sub_16_37_Y_add_15_37_g1210
5.90520e-11 3.80852e-08 7.90134e-09 4.60456e-08 /ariscv/uu_dtpath/uu_exec/uu_alu/sub_16_37_Y_add_15_37_g1293
5.51900e-11 1.54909e-08 9.37799e-09 2.49241e-08 /ariscv/uu_dtpath/uu_exec/uu_alu/sub_16_37_Y_add_15_37_g1376
5.50680e-11 1.08719e-08 7.75091e-09 1.86779e-08 /ariscv/uu_dtpath/uu_exec/uu_alu/sub_16_37_Y_add_15_37_g1385
6.56640e-11 2.57371e-08 7.33806e-09 3.31409e-08 /ariscv/uu_dtpath/uu_exec/uu_alu/sub_16_37_Y_add_15_37_g1390
5.00310e-11 4.39158e-09 9.28894e-10 5.37050e-09 /ariscv/uu_dtpath/uu_exec/uu_alu/g4882
5.01860e-11 6.02168e-09 9.22486e-10 6.99435e-09 /ariscv/uu_dtpath/uu_exec/uu_alu/g4883
5.01860e-11 6.03335e-09 4.46908e-10 6.53044e-09 /ariscv/uu_dtpath/uu_exec/uu_alu/g4884
5.01860e-11 5.97001e-09 1.38289e-09 7.40308e-09 /ariscv/uu_dtpath/uu_exec/uu_alu/g4885
3.05180e-11 6.03533e-09 1.93604e-09 8.00189e-09 /ariscv/uu_dtpath/uu_exec/uu_alu/g4886
3.03960e-11 2.17016e-09 1.32723e-09 3.52779e-09 /ariscv/uu_dtpath/uu_exec/uu_alu/g4887
3.04310e-11 3.34127e-09 5.16052e-10 3.88775e-09 /ariscv/uu_dtpath/uu_exec/uu_alu/g4888
5.01860e-11 6.00161e-09 7.79138e-10 6.83093e-09 /ariscv/uu_dtpath/uu_exec/uu_alu/g4889
5.03420e-11 8.78243e-09 1.35759e-09 1.01904e-08 /ariscv/uu_dtpath/uu_exec/uu_alu/g4890
5.03140e-11 7.99787e-09 1.00580e-09 9.05399e-09 /ariscv/uu_dtpath/uu_exec/uu_alu/g4891
5.01860e-11 6.03207e-09 3.96315e-10 6.47858e-09 /ariscv/uu_dtpath/uu_exec/uu_alu/g4892
5.03010e-11 5.70011e-09 8.53342e-10 6.60375e-09 /ariscv/uu_dtpath/uu_exec/uu_alu/g4893
5.03090e-11 4.61459e-09 7.27533e-10 5.39243e-09 /ariscv/uu_dtpath/uu_exec/uu_alu/g4894
5.01860e-11 6.00285e-09 9.00562e-10 6.95359e-09 /ariscv/uu_dtpath/uu_exec/uu_alu/g4895
5.00890e-11 5.97775e-09 1.74547e-09 7.77331e-09 /ariscv/uu_dtpath/uu_exec/uu_alu/g4896
5.01860e-11 6.04176e-09 9.73079e-10 7.06502e-09 /ariscv/uu_dtpath/uu_exec/uu_alu/g4897
5.01870e-11 5.98662e-09 4.40162e-10 6.47697e-09 /ariscv/uu_dtpath/uu_exec/uu_alu/g4898
5.01470e-11 6.98640e-09 3.76415e-10 7.41296e-09 /ariscv/uu_dtpath/uu_exec/uu_alu/g4899
3.05750e-11 4.39357e-09 1.43854e-09 5.86269e-09 /ariscv/uu_dtpath/uu_exec/uu_alu/g4900
3.05750e-11 4.37061e-09 9.19113e-10 5.32030e-09 /ariscv/uu_dtpath/uu_exec/uu_alu/g4901
3.05740e-11 4.36310e-09 2.02036e-09 6.41403e-09 /ariscv/uu_dtpath/uu_exec/uu_alu/g4902
3.05750e-11 4.39945e-09 8.76952e-10 5.30697e-09 /ariscv/uu_dtpath/uu_exec/uu_alu/g4903
3.05740e-11 4.41263e-09 1.53804e-09 5.98124e-09 /ariscv/uu_dtpath/uu_exec/uu_alu/g4904
5.01860e-11 5.97640e-09 1.28001e-09 7.30660e-09 /ariscv/uu_dtpath/uu_exec/uu_alu/g4905
5.01870e-11 6.00392e-09 9.86571e-10 7.04068e-09 /ariscv/uu_dtpath/uu_exec/uu_alu/g4906
3.05740e-11 4.36626e-09 1.55996e-09 5.95679e-09 /ariscv/uu_dtpath/uu_exec/uu_alu/g4907
3.05750e-11 4.43552e-09 8.98876e-10 5.36497e-09 /ariscv/uu_dtpath/uu_exec/uu_alu/g4908
5.03540e-11 6.04770e-09 1.45372e-09 7.55177e-09 /ariscv/uu_dtpath/uu_exec/uu_alu/g4909
5.01860e-11 5.99988e-09 1.10125e-09 7.15131e-09 /ariscv/uu_dtpath/uu_exec/uu_alu/g4910
3.05230e-11 6.04759e-09 5.69007e-10 6.64712e-09 /ariscv/uu_dtpath/uu_exec/uu_alu/g4911
5.09970e-11 2.68658e-08 3.78924e-08 6.48092e-08 /ariscv/uu_dtpath/uu_exec/uu_alu/sll_22_38_g2723
5.21060e-11 2.83831e-08 3.92129e-08 6.76481e-08 /ariscv/uu_dtpath/uu_exec/uu_alu/sll_22_38_g2724
5.16350e-11 2.83474e-08 3.21673e-08 6.05663e-08 /ariscv/uu_dtpath/uu_exec/uu_alu/sll_22_38_g2725
5.15240e-11 3.24541e-08 1.56141e-08 4.81197e-08 /ariscv/uu_dtpath/uu_exec/uu_alu/sll_22_38_g2726
5.21940e-11 2.27734e-08 1.92002e-08 4.20258e-08 /ariscv/uu_dtpath/uu_exec/uu_alu/sll_22_38_g2727
5.21370e-11 1.44996e-08 1.27752e-08 2.73269e-08 /ariscv/uu_dtpath/uu_exec/uu_alu/sll_22_38_g2743
5.21310e-11 1.44966e-08 9.02518e-09 2.35739e-08 /ariscv/uu_dtpath/uu_exec/uu_alu/sll_22_38_g2744
5.14260e-11 2.12938e-08 2.51985e-08 4.65437e-08 /ariscv/uu_dtpath/uu_exec/uu_alu/sll_22_38_g2745
5.18090e-11 1.71072e-08 3.20155e-08 4.91745e-08 /ariscv/uu_dtpath/uu_exec/uu_alu/sll_22_38_g2746
8.16750e-11 4.55170e-08 4.35137e-08 8.91123e-08 /ariscv/uu_dtpath/uu_exec/uu_alu/sll_22_38_g2749
5.26280e-11 1.99793e-08 1.44613e-08 3.44932e-08 /ariscv/uu_dtpath/uu_exec/uu_alu/sll_22_38_g2750
5.24370e-11 1.44116e-08 1.98910e-08 3.43550e-08 /ariscv/uu_dtpath/uu_exec/uu_alu/sll_22_38_g2751
5.18010e-11 1.57190e-08 2.46727e-08 4.04435e-08 /ariscv/uu_dtpath/uu_exec/uu_alu/sll_22_38_g2753
5.24400e-11 1.43975e-08 1.37614e-08 2.82114e-08 /ariscv/uu_dtpath/uu_exec/uu_alu/sll_22_38_g2754
8.28010e-11 4.08502e-08 3.19848e-08 7.29178e-08 /ariscv/uu_dtpath/uu_exec/uu_alu/sll_22_38_g2755
5.27020e-11 1.43948e-08 1.66742e-08 3.11217e-08 /ariscv/uu_dtpath/uu_exec/uu_alu/sll_22_38_g2756
1.18072e-10 4.60599e-08 3.53344e-08 8.15123e-08 /ariscv/uu_dtpath/uu_exec/uu_alu/sll_22_38_g2757
5.06670e-11 1.44713e-08 1.12385e-08 2.57604e-08 /ariscv/uu_dtpath/uu_exec/uu_alu/sll_22_38_g2758
5.27070e-11 1.57758e-08 2.00586e-08 3.58871e-08 /ariscv/uu_dtpath/uu_exec/uu_alu/sll_22_38_g2759
5.03590e-11 1.44545e-08 1.56995e-08 3.02043e-08 /ariscv/uu_dtpath/uu_exec/uu_alu/sll_22_38_g2760
5.14300e-11 1.85658e-08 1.86416e-08 3.72589e-08 /ariscv/uu_dtpath/uu_exec/uu_alu/sll_22_38_g2761
5.23390e-11 1.67670e-08 1.09174e-08 2.77367e-08 /ariscv/uu_dtpath/uu_exec/uu_alu/sll_22_38_g2770
5.23400e-11 1.67429e-08 9.73619e-09 2.65314e-08 /ariscv/uu_dtpath/uu_exec/uu_alu/sll_22_38_g2771
5.20630e-11 2.51676e-08 2.15190e-08 4.67388e-08 /ariscv/uu_dtpath/uu_exec/uu_alu/sll_22_38_g2774
5.23110e-11 1.68020e-08 1.03784e-08 2.72327e-08 /ariscv/uu_dtpath/uu_exec/uu_alu/sll_22_38_g2775
5.23390e-11 1.67892e-08 7.24767e-09 2.40892e-08 /ariscv/uu_dtpath/uu_exec/uu_alu/sll_22_38_g2776
5.23130e-11 1.68120e-08 7.30501e-09 2.41693e-08 /ariscv/uu_dtpath/uu_exec/uu_alu/sll_22_38_g2777
5.23390e-11 1.67356e-08 1.11582e-08 2.79462e-08 /ariscv/uu_dtpath/uu_exec/uu_alu/sll_22_38_g2778
5.12530e-11 1.66403e-08 8.94491e-09 2.56365e-08 /ariscv/uu_dtpath/uu_exec/uu_alu/sll_22_38_g2779
5.23110e-11 2.09857e-08 1.39172e-08 3.49552e-08 /ariscv/uu_dtpath/uu_exec/uu_alu/sll_22_38_g2780
5.22860e-11 1.80292e-08 9.20867e-09 2.72902e-08 /ariscv/uu_dtpath/uu_exec/uu_alu/sll_22_38_g2787
5.22600e-11 1.80940e-08 8.72129e-09 2.68676e-08 /ariscv/uu_dtpath/uu_exec/uu_alu/sll_22_38_g2788
5.22860e-11 1.80730e-08 6.15823e-09 2.42835e-08 /ariscv/uu_dtpath/uu_exec/uu_alu/sll_22_38_g2789
5.15040e-11 2.91188e-08 1.86548e-08 4.78250e-08 /ariscv/uu_dtpath/uu_exec/uu_alu/sll_22_38_g2794
5.20230e-11 2.21562e-08 1.41500e-08 3.63582e-08 /ariscv/uu_dtpath/uu_exec/uu_alu/sll_22_38_g2795
5.22860e-11 1.80555e-08 1.07396e-08 2.88474e-08 /ariscv/uu_dtpath/uu_exec/uu_alu/sll_22_38_g2796
5.22600e-11 1.80859e-08 6.46212e-09 2.46003e-08 /ariscv/uu_dtpath/uu_exec/uu_alu/sll_22_38_g2797
5.20350e-11 1.79034e-08 1.07798e-08 2.87352e-08 /ariscv/uu_dtpath/uu_exec/uu_alu/sll_22_38_g2798
5.21630e-11 1.56997e-08 1.05561e-08 2.63080e-08 /ariscv/uu_dtpath/uu_exec/uu_alu/sll_22_38_g2816
5.18880e-11 1.63554e-08 8.06189e-09 2.44692e-08 /ariscv/uu_dtpath/uu_exec/uu_alu/sll_22_38_g2819
8.58180e-11 2.53885e-08 7.20180e-09 3.26761e-08 /ariscv/uu_dtpath/uu_exec/uu_alu/sll_22_38_g2820
5.18850e-11 1.63356e-08 1.15825e-08 2.79700e-08 /ariscv/uu_dtpath/uu_exec/uu_alu/sll_22_38_g2821
5.15760e-11 2.26000e-08 1.79404e-08 4.05920e-08 /ariscv/uu_dtpath/uu_exec/uu_alu/sll_22_38_g2822
5.22700e-11 1.98259e-08 9.44106e-09 2.93192e-08 /ariscv/uu_dtpath/uu_exec/uu_alu/sll_22_38_g2824
3.15610e-11 1.04504e-08 5.95181e-09 1.64338e-08 /ariscv/uu_dtpath/uu_exec/uu_alu/sll_22_38_g2826
5.21620e-11 1.56676e-08 1.24598e-08 2.81796e-08 /ariscv/uu_dtpath/uu_exec/uu_alu/sll_22_38_g2827
5.21310e-11 1.64023e-08 1.64678e-08 3.29223e-08 /ariscv/uu_dtpath/uu_exec/uu_alu/sll_22_38_g2835
5.21320e-11 1.63995e-08 8.36005e-09 2.48117e-08 /ariscv/uu_dtpath/uu_exec/uu_alu/sll_22_38_g2836
8.60630e-11 2.55170e-08 1.76834e-08 4.32865e-08 /ariscv/uu_dtpath/uu_exec/uu_alu/sll_22_38_g2837
3.15590e-11 1.04472e-08 7.79813e-09 1.82769e-08 /ariscv/uu_dtpath/uu_exec/uu_alu/sll_22_38_g2839
5.21640e-11 1.56500e-08 8.42312e-09 2.41253e-08 /ariscv/uu_dtpath/uu_exec/uu_alu/sll_22_38_g2840
5.18180e-11 1.71253e-08 1.05099e-08 2.76871e-08 /ariscv/uu_dtpath/uu_exec/uu_alu/sll_22_38_g2841
5.21380e-11 3.21160e-08 3.47104e-08 6.68786e-08 /ariscv/uu_dtpath/uu_exec/uu_alu/sll_22_38_g2842
3.15590e-11 1.04439e-08 8.11349e-09 1.85889e-08 /ariscv/uu_dtpath/uu_exec/uu_alu/sll_22_38_g2843
8.58180e-11 2.53937e-08 1.37729e-08 3.92523e-08 /ariscv/uu_dtpath/uu_exec/uu_alu/sll_22_38_g2844
5.21640e-11 1.57407e-08 1.88244e-08 3.46173e-08 /ariscv/uu_dtpath/uu_exec/uu_alu/sll_22_38_g2845
5.21320e-11 1.64047e-08 1.58084e-08 3.22653e-08 /ariscv/uu_dtpath/uu_exec/uu_alu/sll_22_38_g2846
5.18880e-11 1.63561e-08 1.04816e-08 2.68896e-08 /ariscv/uu_dtpath/uu_exec/uu_alu/sll_22_38_g2847
5.14380e-11 1.69985e-08 1.13751e-08 2.84250e-08 /ariscv/uu_dtpath/uu_exec/uu_alu/sll_22_38_g2848
5.18880e-11 1.63570e-08 6.20410e-09 2.26129e-08 /ariscv/uu_dtpath/uu_exec/uu_alu/sll_22_38_g2850
5.20210e-11 2.94059e-08 4.36789e-08 7.31369e-08 /ariscv/uu_dtpath/uu_exec/uu_alu/sll_22_38_g2851
5.22500e-11 1.87087e-08 2.54417e-08 4.42027e-08 /ariscv/uu_dtpath/uu_exec/uu_alu/sra_24_47_g2750
5.22490e-11 1.73251e-08 2.18520e-08 3.92293e-08 /ariscv/uu_dtpath/uu_exec/uu_alu/sra_24_47_g2751
5.22490e-11 1.73244e-08 1.82797e-08 3.56563e-08 /ariscv/uu_dtpath/uu_exec/uu_alu/sra_24_47_g2752
5.22500e-11 1.73219e-08 1.86582e-08 3.60324e-08 /ariscv/uu_dtpath/uu_exec/uu_alu/sra_24_47_g2753
5.21600e-11 1.44090e-08 2.21788e-08 3.66400e-08 /ariscv/uu_dtpath/uu_exec/uu_alu/sra_24_47_g2772
5.21580e-11 1.44078e-08 1.50229e-08 2.94828e-08 /ariscv/uu_dtpath/uu_exec/uu_alu/sra_24_47_g2783
5.24680e-11 1.43852e-08 2.62785e-08 4.07162e-08 /ariscv/uu_dtpath/uu_exec/uu_alu/sra_24_47_g2787
5.21610e-11 1.44496e-08 1.78898e-08 3.23915e-08 /ariscv/uu_dtpath/uu_exec/uu_alu/sra_24_47_g2790
5.05090e-11 1.69871e-08 1.43550e-08 3.13927e-08 /ariscv/uu_dtpath/uu_exec/uu_alu/sra_24_47_g2870
5.21630e-11 1.58044e-08 8.45179e-09 2.43084e-08 /ariscv/uu_dtpath/uu_exec/uu_alu/sra_24_47_g2871
5.21630e-11 1.58072e-08 1.14105e-08 2.72699e-08 /ariscv/uu_dtpath/uu_exec/uu_alu/sra_24_47_g2873
5.21330e-11 2.81661e-08 1.63383e-08 4.45565e-08 /ariscv/uu_dtpath/uu_exec/uu_alu/sra_24_47_g2880
5.21620e-11 1.58742e-08 1.26949e-08 2.86212e-08 /ariscv/uu_dtpath/uu_exec/uu_alu/sra_24_47_g2881
5.19850e-11 2.67322e-08 8.05851e-09 3.48427e-08 /ariscv/uu_dtpath/uu_exec/uu_alu/sra_24_47_g2891
5.28570e-11 1.26791e-08 3.79181e-09 1.65238e-08 /ariscv/uu_dtpath/uu_exec/uu_alu/sra_24_47_g2892
5.24080e-11 1.57822e-08 1.06421e-08 2.64768e-08 /ariscv/uu_dtpath/uu_exec/uu_alu/sra_24_47_g2893
5.21640e-11 1.58791e-08 1.68004e-08 3.27317e-08 /ariscv/uu_dtpath/uu_exec/uu_alu/sra_24_47_g2895
8.65170e-11 2.28416e-08 1.34882e-08 3.64164e-08 /ariscv/uu_dtpath/uu_exec/uu_alu/sra_24_47_g2899
5.24080e-11 1.57745e-08 1.21100e-08 2.79369e-08 /ariscv/uu_dtpath/uu_exec/uu_alu/sra_24_47_g2900
5.21620e-11 1.58103e-08 8.28551e-09 2.41480e-08 /ariscv/uu_dtpath/uu_exec/uu_alu/sra_24_47_g2903
8.58790e-11 2.72153e-08 2.41111e-08 5.14123e-08 /ariscv/uu_dtpath/uu_exec/uu_alu/srl_23_38_g2734
8.58780e-11 2.71644e-08 2.19724e-08 4.92227e-08 /ariscv/uu_dtpath/uu_exec/uu_alu/srl_23_38_g2735
8.59640e-11 2.71632e-08 2.52636e-08 5.25128e-08 /ariscv/uu_dtpath/uu_exec/uu_alu/srl_23_38_g2736
3.16510e-11 1.29435e-08 4.62052e-09 1.75957e-08 /ariscv/uu_dtpath/uu_exec/uu_alu/srl_23_38_g2738
8.45030e-11 2.40439e-08 1.90022e-08 4.31306e-08 /ariscv/uu_dtpath/uu_exec/uu_alu/srl_23_38_g2759
5.24360e-11 1.43590e-08 1.55160e-08 2.99274e-08 /ariscv/uu_dtpath/uu_exec/uu_alu/srl_23_38_g2766
7.41410e-11 3.01330e-08 2.66647e-08 5.68719e-08 /ariscv/uu_dtpath/uu_exec/uu_alu/srl_23_38_g2773
5.26570e-11 1.72361e-08 3.04005e-08 4.76893e-08 /ariscv/uu_dtpath/uu_exec/uu_alu/srl_23_38_g2774
8.43750e-11 2.38697e-08 2.55618e-08 4.95158e-08 /ariscv/uu_dtpath/uu_exec/uu_alu/srl_23_38_g2775
5.23390e-11 1.79246e-08 1.94265e-08 3.74034e-08 /ariscv/uu_dtpath/uu_exec/uu_alu/srl_23_38_g2798
5.25650e-11 2.71021e-08 1.66216e-08 4.37762e-08 /ariscv/uu_dtpath/uu_exec/uu_alu/srl_23_38_g2852
5.28570e-11 1.26790e-08 4.96422e-09 1.76960e-08 /ariscv/uu_dtpath/uu_exec/uu_alu/srl_23_38_g2853
5.21610e-11 1.58615e-08 1.59747e-08 3.18883e-08 /ariscv/uu_dtpath/uu_exec/uu_alu/srl_23_38_g2854
3.10380e-11 9.17082e-09 5.96327e-09 1.51651e-08 /ariscv/uu_dtpath/uu_exec/uu_alu/srl_23_38_g2855
5.15610e-11 2.39962e-08 1.96606e-08 4.37084e-08 /ariscv/uu_dtpath/uu_exec/uu_alu/srl_23_38_g2856
5.21640e-11 1.58105e-08 1.22362e-08 2.80989e-08 /ariscv/uu_dtpath/uu_exec/uu_alu/srl_23_38_g2857
5.14610e-11 1.99298e-08 1.39172e-08 3.38985e-08 /ariscv/uu_dtpath/uu_exec/uu_alu/srl_23_38_g2873
8.63160e-11 4.75263e-08 1.73535e-08 6.49661e-08 /ariscv/uu_dtpath/uu_exec/uu_alu/srl_23_38_g2876
5.24080e-11 1.57825e-08 1.29357e-08 2.87706e-08 /ariscv/uu_dtpath/uu_exec/uu_alu/srl_23_38_g2878
8.65150e-11 3.28793e-08 1.33742e-08 4.63400e-08 /ariscv/uu_dtpath/uu_exec/uu_alu/srl_23_38_g2879
5.15220e-11 1.71245e-08 1.16506e-08 2.88266e-08 /ariscv/uu_dtpath/uu_exec/uu_alu/srl_23_38_g2888
5.28000e-11 2.95685e-08 1.24217e-08 4.20430e-08 /ariscv/uu_dtpath/uu_exec/uu_alu/sub_16_37_Y_add_15_37_g1362
5.22520e-11 2.04777e-08 1.93773e-08 3.99072e-08 /ariscv/uu_dtpath/uu_exec/uu_alu/sub_16_37_Y_add_15_37_g1363
5.30740e-11 3.01949e-08 2.08478e-08 5.10958e-08 /ariscv/uu_dtpath/uu_exec/uu_alu/sub_16_37_Y_add_15_37_g1364
5.27930e-11 2.98015e-08 2.54444e-08 5.52987e-08 /ariscv/uu_dtpath/uu_exec/uu_alu/sub_16_37_Y_add_15_37_g1366
5.27980e-11 2.96377e-08 1.78311e-08 4.75216e-08 /ariscv/uu_dtpath/uu_exec/uu_alu/sub_16_37_Y_add_15_37_g1367
5.27370e-11 2.76650e-08 2.92976e-08 5.70154e-08 /ariscv/uu_dtpath/uu_exec/uu_alu/sub_16_37_Y_add_15_37_g1375
5.23010e-11 2.59897e-08 2.68300e-08 5.28720e-08 /ariscv/uu_dtpath/uu_exec/uu_alu/sub_16_37_Y_add_15_37_g1377
5.27470e-11 2.72869e-08 1.86744e-08 4.60140e-08 /ariscv/uu_dtpath/uu_exec/uu_alu/sub_16_37_Y_add_15_37_g1380
5.27990e-11 2.94743e-08 1.33121e-08 4.28392e-08 /ariscv/uu_dtpath/uu_exec/uu_alu/sub_16_37_Y_add_15_37_g1381
5.42810e-11 3.22919e-08 1.90535e-08 5.13996e-08 /ariscv/uu_dtpath/uu_exec/uu_alu/sub_16_37_Y_add_15_37_g1382
5.27370e-11 2.81437e-08 3.28526e-08 6.10491e-08 /ariscv/uu_dtpath/uu_exec/uu_alu/sub_16_37_Y_add_15_37_g1388
5.42920e-11 3.13223e-08 2.48211e-08 5.61977e-08 /ariscv/uu_dtpath/uu_exec/uu_alu/sub_16_37_Y_add_15_37_g1392
3.18820e-11 9.93569e-09 1.16021e-08 2.15696e-08 /ariscv/uu_dtpath/uu_exec/uu_alu/sub_16_37_Y_add_15_37_g1415
5.15930e-11 2.76616e-08 2.04310e-08 4.81441e-08 /ariscv/uu_dtpath/uu_exec/uu_alu/g4945
5.24650e-11 1.43054e-08 2.21100e-08 3.64678e-08 /ariscv/uu_dtpath/uu_exec/uu_alu/g4946
5.14100e-11 2.05848e-08 1.53703e-08 3.60065e-08 /ariscv/uu_dtpath/uu_exec/uu_alu/g4947
5.21590e-11 1.80365e-08 1.05619e-08 2.86505e-08 /ariscv/uu_dtpath/uu_exec/uu_alu/g4948
5.14150e-11 2.60858e-08 2.47665e-08 5.09037e-08 /ariscv/uu_dtpath/uu_exec/uu_alu/g4949
5.17890e-11 2.47811e-08 2.92511e-08 5.40839e-08 /ariscv/uu_dtpath/uu_exec/uu_alu/g4950
5.22860e-11 1.80268e-08 1.20642e-08 3.01432e-08 /ariscv/uu_dtpath/uu_exec/uu_alu/g4951
5.22860e-11 1.80874e-08 1.47476e-08 3.28873e-08 /ariscv/uu_dtpath/uu_exec/uu_alu/g4952
5.17880e-11 2.47519e-08 2.01989e-08 4.50026e-08 /ariscv/uu_dtpath/uu_exec/uu_alu/g4953
3.24280e-11 2.02023e-08 1.04293e-08 3.06640e-08 /ariscv/uu_dtpath/uu_exec/uu_alu/g4954
3.23940e-11 2.05667e-08 1.30565e-08 3.36556e-08 /ariscv/uu_dtpath/uu_exec/uu_alu/g4955
5.58710e-11 1.11519e-08 5.95484e-09 1.71627e-08 /ariscv/uu_dtpath/uu_exec/uu_alu/g4956
5.43910e-11 1.98400e-08 1.45034e-08 3.43978e-08 /ariscv/uu_dtpath/uu_exec/uu_alu/g4957
8.44970e-11 2.39565e-08 2.13990e-08 4.54399e-08 /ariscv/uu_dtpath/uu_exec/uu_alu/g4971
5.06670e-11 1.44400e-08 1.53096e-08 2.98002e-08 /ariscv/uu_dtpath/uu_exec/uu_alu/g4972
4.06260e-11 1.38207e-08 8.43189e-09 2.22932e-08 /ariscv/uu_dtpath/uu_exec/uu_alu/g4681
6.05210e-11 8.60354e-09 9.38001e-09 1.80441e-08 /ariscv/uu_dtpath/uu_exec/uu_alu/g4688
4.13010e-11 4.45856e-09 4.57094e-09 9.07080e-09 /ariscv/uu_dtpath/uu_exec/uu_alu/g4704
4.14640e-11 5.35046e-09 1.11943e-08 1.65862e-08 /ariscv/uu_dtpath/uu_exec/uu_alu/g4705
4.11990e-11 6.47114e-09 9.20294e-09 1.57153e-08 /ariscv/uu_dtpath/uu_exec/uu_alu/g4707
4.13010e-11 6.09802e-09 1.15151e-08 1.76544e-08 /ariscv/uu_dtpath/uu_exec/uu_alu/g4708
1.25351e-10 1.69189e-08 1.49696e-08 3.20138e-08 /ariscv/uu_dtpath/uu_exec/uu_alu/g4710
1.25288e-10 1.69557e-08 1.42505e-08 3.13315e-08 /ariscv/uu_dtpath/uu_exec/uu_alu/g4711
4.12990e-11 5.23567e-09 9.77801e-09 1.50550e-08 /ariscv/uu_dtpath/uu_exec/uu_alu/g4712
4.01580e-11 1.88262e-08 2.00930e-08 3.89594e-08 /ariscv/uu_dtpath/uu_exec/uu_alu/g4713
3.98200e-11 2.44286e-08 3.24425e-08 5.69109e-08 /ariscv/uu_dtpath/uu_exec/uu_alu/g4714
4.23340e-11 3.28393e-08 1.95958e-08 5.24775e-08 /ariscv/uu_dtpath/uu_exec/uu_alu/g4734
6.08990e-11 7.21517e-09 7.36100e-09 1.46371e-08 /ariscv/uu_dtpath/uu_exec/uu_alu/g4738
4.14410e-11 4.57949e-09 1.05889e-08 1.52098e-08 /ariscv/uu_dtpath/uu_exec/uu_alu/g4739
6.28730e-11 2.33617e-08 1.23245e-08 3.57491e-08 /ariscv/uu_dtpath/uu_exec/uu_alu/g4744
6.08690e-11 8.46545e-09 2.25377e-09 1.07801e-08 /ariscv/uu_dtpath/uu_exec/uu_alu/g4745
6.10940e-11 6.43616e-09 5.62194e-09 1.21192e-08 /ariscv/uu_dtpath/uu_exec/uu_alu/g4746
6.24780e-11 7.27579e-09 2.22982e-09 9.56808e-09 /ariscv/uu_dtpath/uu_exec/uu_alu/g4749
4.15330e-11 2.08342e-09 2.32392e-09 4.44888e-09 /ariscv/uu_dtpath/uu_exec/uu_alu/g4750
4.15020e-11 5.26648e-09 3.51658e-09 8.82456e-09 /ariscv/uu_dtpath/uu_exec/uu_alu/g4751
4.17260e-11 2.40758e-09 3.38301e-09 5.83232e-09 /ariscv/uu_dtpath/uu_exec/uu_alu/g4752
6.24770e-11 7.42246e-09 2.63052e-09 1.01155e-08 /ariscv/uu_dtpath/uu_exec/uu_alu/g4753
6.22970e-11 8.24115e-09 3.45958e-09 1.17630e-08 /ariscv/uu_dtpath/uu_exec/uu_alu/g4754
6.25120e-11 6.19320e-09 3.36648e-09 9.62220e-09 /ariscv/uu_dtpath/uu_exec/uu_alu/g4757
6.22960e-11 8.26808e-09 7.59002e-09 1.59204e-08 /ariscv/uu_dtpath/uu_exec/uu_alu/g4760
4.15200e-11 4.41408e-09 4.28897e-09 8.74457e-09 /ariscv/uu_dtpath/uu_exec/uu_alu/g4762
6.24740e-11 7.34372e-09 3.59145e-09 1.09976e-08 /ariscv/uu_dtpath/uu_exec/uu_alu/g4764
6.19060e-11 9.31249e-09 5.56527e-09 1.49397e-08 /ariscv/uu_dtpath/uu_exec/uu_alu/g4765
4.14910e-11 4.33572e-09 3.75099e-09 8.12820e-09 /ariscv/uu_dtpath/uu_exec/uu_alu/g4766
4.16050e-11 5.26870e-09 6.18251e-09 1.14928e-08 /ariscv/uu_dtpath/uu_exec/uu_alu/g4767
4.16220e-11 3.87872e-09 1.96100e-09 5.88134e-09 /ariscv/uu_dtpath/uu_exec/uu_alu/g4768
6.23280e-11 3.61957e-09 7.82511e-10 4.46441e-09 /ariscv/uu_dtpath/uu_exec/uu_alu/g4769
6.22990e-11 7.26718e-09 2.54889e-09 9.87837e-09 /ariscv/uu_dtpath/uu_exec/uu_alu/g4770
4.15270e-11 5.18254e-09 2.35023e-09 7.57430e-09 /ariscv/uu_dtpath/uu_exec/uu_alu/g4771
4.16190e-11 4.53374e-09 2.52292e-09 7.09828e-09 /ariscv/uu_dtpath/uu_exec/uu_alu/g4772
6.25360e-11 6.20828e-09 3.42720e-09 9.69801e-09 /ariscv/uu_dtpath/uu_exec/uu_alu/g4773
4.15080e-11 3.89115e-09 3.82486e-09 7.75752e-09 /ariscv/uu_dtpath/uu_exec/uu_alu/g4774
6.24760e-11 6.34173e-09 2.83829e-09 9.24250e-09 /ariscv/uu_dtpath/uu_exec/uu_alu/g4775
1.27411e-10 1.19481e-08 7.23081e-09 1.93064e-08 /ariscv/uu_dtpath/uu_exec/uu_alu/g4776
4.09440e-11 6.83486e-09 8.59075e-10 7.73487e-09 /ariscv/uu_dtpath/uu_exec/uu_alu/g4782
4.00150e-11 5.24190e-09 6.28032e-10 5.90995e-09 /ariscv/uu_dtpath/uu_exec/uu_alu/g4783
4.11940e-11 5.59561e-09 2.27603e-09 7.91283e-09 /ariscv/uu_dtpath/uu_exec/uu_alu/g4784
4.26780e-11 1.08397e-08 6.30528e-09 1.71876e-08 /ariscv/uu_dtpath/uu_exec/uu_alu/g4786
4.18450e-11 7.30780e-09 2.99783e-09 1.03475e-08 /ariscv/uu_dtpath/uu_exec/uu_alu/g4793
4.02790e-11 1.20996e-09 9.72066e-10 2.22231e-09 /ariscv/uu_dtpath/uu_exec/uu_alu/g4810
3.99180e-11 5.46339e-09 9.60937e-10 6.46425e-09 /ariscv/uu_dtpath/uu_exec/uu_alu/g4864
8.26560e-11 1.31716e-08 1.20088e-08 2.52631e-08 /ariscv/uu_dtpath/uu_exec/uu_alu/g4865
4.01820e-11 6.64567e-09 7.75596e-09 1.44418e-08 /ariscv/uu_dtpath/uu_exec/uu_alu/g4867
9.30460e-11 4.76446e-08 1.80790e-08 6.58167e-08 /ariscv/uu_dtpath/uu_exec/uu_alu/g4868
4.01820e-11 6.69046e-09 1.97921e-09 8.70986e-09 /ariscv/uu_dtpath/uu_exec/uu_alu/g4869
4.02600e-11 6.84664e-09 3.99485e-09 1.08818e-08 /ariscv/uu_dtpath/uu_exec/uu_alu/g4871
4.01820e-11 6.69011e-09 4.72340e-09 1.14537e-08 /ariscv/uu_dtpath/uu_exec/uu_alu/g4872
4.01810e-11 6.67204e-09 2.66222e-09 9.37444e-09 /ariscv/uu_dtpath/uu_exec/uu_alu/g4873
8.25470e-11 1.23938e-08 7.56472e-09 2.00411e-08 /ariscv/uu_dtpath/uu_exec/uu_alu/g4874
8.26890e-11 1.28332e-08 6.98189e-09 1.98978e-08 /ariscv/uu_dtpath/uu_exec/uu_alu/g4875
4.01790e-11 6.71223e-09 8.70611e-09 1.54585e-08 /ariscv/uu_dtpath/uu_exec/uu_alu/g4876
3.99310e-11 5.35829e-09 1.21357e-09 6.61178e-09 /ariscv/uu_dtpath/uu_exec/uu_alu/g4877
8.25860e-11 1.55097e-08 1.17650e-08 2.73572e-08 /ariscv/uu_dtpath/uu_exec/uu_alu/g4878
4.00310e-11 6.77651e-09 1.39031e-09 8.20685e-09 /ariscv/uu_dtpath/uu_exec/uu_alu/g4879
4.01440e-11 7.93756e-09 1.84396e-09 9.82166e-09 /ariscv/uu_dtpath/uu_exec/uu_alu/g4880
4.01800e-11 6.68420e-09 1.73333e-09 8.45771e-09 /ariscv/uu_dtpath/uu_exec/uu_alu/g4881
4.48300e-11 3.51703e-08 8.68722e-09 4.39024e-08 /ariscv/uu_dtpath/uu_exec/uu_alu/lt_20_49_g771
5.18940e-11 4.86062e-08 1.11191e-08 5.97771e-08 /ariscv/uu_dtpath/uu_exec/uu_alu/lt_20_49_g774
3.97210e-11 1.10035e-08 9.02249e-09 2.00657e-08 /ariscv/uu_dtpath/uu_exec/uu_alu/lt_20_49_g775
4.54530e-11 2.69303e-08 1.96572e-08 4.66330e-08 /ariscv/uu_dtpath/uu_exec/uu_alu/lt_20_49_g776
5.01510e-11 2.01063e-08 5.53154e-09 2.56880e-08 /ariscv/uu_dtpath/uu_exec/uu_alu/lt_20_49_g780
3.60880e-11 1.28865e-08 4.94129e-09 1.78638e-08 /ariscv/uu_dtpath/uu_exec/uu_alu/lt_20_49_g783
3.79290e-11 1.18231e-08 1.24797e-08 2.43408e-08 /ariscv/uu_dtpath/uu_exec/uu_alu/lt_20_49_g793
5.42030e-11 1.87478e-08 2.22294e-08 4.10313e-08 /ariscv/uu_dtpath/uu_exec/uu_alu/lt_20_49_g794
2.66240e-11 1.08806e-08 1.53075e-08 2.62147e-08 /ariscv/uu_dtpath/uu_exec/uu_alu/lt_20_49_g798
5.51620e-11 1.84168e-08 1.78170e-08 3.62889e-08 /ariscv/uu_dtpath/uu_exec/uu_alu/lt_20_49_g800
4.15670e-11 1.43776e-08 1.88774e-08 3.32966e-08 /ariscv/uu_dtpath/uu_exec/uu_alu/lt_20_49_g811
4.48190e-11 3.65942e-08 1.66594e-08 5.32984e-08 /ariscv/uu_dtpath/uu_exec/uu_alu/lt_21_38_g771
4.98550e-11 2.78338e-08 1.50431e-08 4.29268e-08 /ariscv/uu_dtpath/uu_exec/uu_alu/lt_21_38_g774
9.40620e-11 5.21824e-08 2.35887e-08 7.58651e-08 /ariscv/uu_dtpath/uu_exec/uu_alu/lt_21_38_g775
9.47100e-11 3.06120e-08 2.30874e-08 5.37941e-08 /ariscv/uu_dtpath/uu_exec/uu_alu/lt_21_38_g776
5.01660e-11 1.99213e-08 1.13161e-08 3.12875e-08 /ariscv/uu_dtpath/uu_exec/uu_alu/lt_21_38_g778
2.35080e-11 8.85074e-09 5.70019e-09 1.45744e-08 /ariscv/uu_dtpath/uu_exec/uu_alu/lt_21_38_g779
3.74610e-11 1.22272e-08 1.01187e-08 2.23833e-08 /ariscv/uu_dtpath/uu_exec/uu_alu/lt_21_38_g782
3.60880e-11 1.28875e-08 5.53154e-09 1.84551e-08 /ariscv/uu_dtpath/uu_exec/uu_alu/lt_21_38_g783
4.71010e-11 2.80377e-08 1.03716e-08 3.84564e-08 /ariscv/uu_dtpath/uu_exec/uu_alu/lt_21_38_g792
2.65470e-11 1.08283e-08 5.86580e-09 1.67207e-08 /ariscv/uu_dtpath/uu_exec/uu_alu/lt_21_38_g793
4.14930e-11 1.33423e-08 5.47893e-09 1.88627e-08 /ariscv/uu_dtpath/uu_exec/uu_alu/lt_21_38_g802
4.15750e-11 1.43856e-08 1.68739e-08 3.13011e-08 /ariscv/uu_dtpath/uu_exec/uu_alu/lt_21_38_g805
4.14880e-11 1.33363e-08 1.82143e-08 3.15921e-08 /ariscv/uu_dtpath/uu_exec/uu_alu/lt_21_38_g806
3.96610e-11 9.91589e-09 5.19763e-09 1.51532e-08 /ariscv/uu_dtpath/uu_exec/uu_alu/sll_22_38_g2705
3.96620e-11 9.89440e-09 9.68931e-09 1.96234e-08 /ariscv/uu_dtpath/uu_exec/uu_alu/sll_22_38_g2706
3.96540e-11 9.93699e-09 9.02990e-09 1.90066e-08 /ariscv/uu_dtpath/uu_exec/uu_alu/sll_22_38_g2707
4.07410e-11 5.66329e-09 2.71990e-09 8.42393e-09 /ariscv/uu_dtpath/uu_exec/uu_alu/sll_22_38_g2708
4.02220e-11 4.66327e-09 1.62742e-09 6.33092e-09 /ariscv/uu_dtpath/uu_exec/uu_alu/sll_22_38_g2709
4.13650e-11 1.05427e-08 3.05179e-09 1.36358e-08 /ariscv/uu_dtpath/uu_exec/uu_alu/sll_22_38_g2710
3.96560e-11 9.93858e-09 8.73512e-09 1.87134e-08 /ariscv/uu_dtpath/uu_exec/uu_alu/sll_22_38_g2712
4.06130e-11 7.33999e-09 2.02171e-09 9.40231e-09 /ariscv/uu_dtpath/uu_exec/uu_alu/sll_22_38_g2716
4.05760e-11 7.49995e-09 2.92936e-09 1.04699e-08 /ariscv/uu_dtpath/uu_exec/uu_alu/sll_22_38_g2721
4.44320e-11 2.23171e-08 3.40595e-08 5.64209e-08 /ariscv/uu_dtpath/uu_exec/uu_alu/sll_22_38_g2772
1.93335e-10 1.05807e-07 8.12169e-08 1.87217e-07 /ariscv/uu_dtpath/uu_exec/uu_alu/sll_22_38_g2781
9.23490e-11 2.77944e-08 2.24425e-08 5.03293e-08 /ariscv/uu_dtpath/uu_exec/uu_alu/sll_22_38_g2790
4.44660e-11 2.67822e-08 3.37060e-08 6.05327e-08 /ariscv/uu_dtpath/uu_exec/uu_alu/sll_22_38_g2791
4.43640e-11 3.25521e-08 2.43314e-08 5.69278e-08 /ariscv/uu_dtpath/uu_exec/uu_alu/sll_22_38_g2792
9.19170e-11 3.21955e-08 2.00070e-08 5.22944e-08 /ariscv/uu_dtpath/uu_exec/uu_alu/sll_22_38_g2799
1.14396e-10 3.57209e-08 2.32436e-08 5.90789e-08 /ariscv/uu_dtpath/uu_exec/uu_alu/sll_22_38_g2800
1.85942e-10 6.09636e-08 1.57777e-08 7.69272e-08 /ariscv/uu_dtpath/uu_exec/uu_alu/sll_22_38_g2817
4.25980e-11 1.34215e-08 8.65821e-09 2.21223e-08 /ariscv/uu_dtpath/uu_exec/uu_alu/sll_22_38_g2818
8.91700e-11 3.96668e-08 1.30774e-08 5.28333e-08 /ariscv/uu_dtpath/uu_exec/uu_alu/sll_22_38_g2823
4.35160e-11 1.78258e-08 1.13245e-08 2.91938e-08 /ariscv/uu_dtpath/uu_exec/uu_alu/sll_22_38_g2825
1.78571e-10 7.08280e-08 9.49469e-09 8.05012e-08 /ariscv/uu_dtpath/uu_exec/uu_alu/sll_22_38_g2828
4.44740e-11 1.59350e-08 1.14736e-08 2.74530e-08 /ariscv/uu_dtpath/uu_exec/uu_alu/sll_22_38_g2829
4.42810e-11 7.78037e-09 6.16261e-09 1.39873e-08 /ariscv/uu_dtpath/uu_exec/uu_alu/sll_22_38_g2838
4.25990e-11 1.34750e-08 1.17775e-08 2.52950e-08 /ariscv/uu_dtpath/uu_exec/uu_alu/sll_22_38_g2849
5.01370e-11 2.49622e-08 1.17114e-08 3.67237e-08 /ariscv/uu_dtpath/uu_exec/uu_alu/sra_24_47_g2726
4.86690e-11 1.95291e-08 5.48972e-09 2.50675e-08 /ariscv/uu_dtpath/uu_exec/uu_alu/sra_24_47_g2728
4.76680e-11 2.65818e-08 1.50040e-08 4.16335e-08 /ariscv/uu_dtpath/uu_exec/uu_alu/sra_24_47_g2731
9.19060e-11 4.07884e-08 1.81954e-08 5.90757e-08 /ariscv/uu_dtpath/uu_exec/uu_alu/sra_24_47_g2746
5.91160e-11 1.94547e-08 1.64621e-08 3.59759e-08 /ariscv/uu_dtpath/uu_exec/uu_alu/sra_24_47_g2761
4.22550e-11 1.76385e-08 1.08917e-08 2.85725e-08 /ariscv/uu_dtpath/uu_exec/uu_alu/sra_24_47_g2763
5.32270e-11 2.05900e-08 9.02383e-09 2.96671e-08 /ariscv/uu_dtpath/uu_exec/uu_alu/sra_24_47_g2767
5.32250e-11 2.07248e-08 1.45699e-08 3.53479e-08 /ariscv/uu_dtpath/uu_exec/uu_alu/sra_24_47_g2768
5.32350e-11 2.06816e-08 1.78423e-08 3.85771e-08 /ariscv/uu_dtpath/uu_exec/uu_alu/sra_24_47_g2769
8.79340e-11 2.55026e-08 2.40251e-08 4.96156e-08 /ariscv/uu_dtpath/uu_exec/uu_alu/sra_24_47_g2773
1.87298e-10 6.09584e-08 3.65628e-08 9.77085e-08 /ariscv/uu_dtpath/uu_exec/uu_alu/sra_24_47_g2774
5.32260e-11 2.06047e-08 2.11784e-08 4.18363e-08 /ariscv/uu_dtpath/uu_exec/uu_alu/sra_24_47_g2775
7.96480e-11 3.79393e-08 2.23549e-08 6.03738e-08 /ariscv/uu_dtpath/uu_exec/uu_alu/sra_24_47_g2777
1.75352e-10 3.54443e-08 3.26287e-08 6.82483e-08 /ariscv/uu_dtpath/uu_exec/uu_alu/sra_24_47_g2781
8.79350e-11 2.56768e-08 3.06191e-08 5.63838e-08 /ariscv/uu_dtpath/uu_exec/uu_alu/sra_24_47_g2788
1.83423e-10 3.87648e-08 2.67457e-08 6.56939e-08 /ariscv/uu_dtpath/uu_exec/uu_alu/sra_24_47_g2789
7.86490e-11 3.69637e-08 1.78038e-08 5.48461e-08 /ariscv/uu_dtpath/uu_exec/uu_alu/sra_24_47_g2813
4.43900e-11 2.46008e-08 1.62155e-08 4.08607e-08 /ariscv/uu_dtpath/uu_exec/uu_alu/sra_24_47_g2814
9.13260e-11 2.57749e-08 2.03898e-08 4.62560e-08 /ariscv/uu_dtpath/uu_exec/uu_alu/sra_24_47_g2816
7.73500e-11 1.53063e-08 2.17430e-08 3.71266e-08 /ariscv/uu_dtpath/uu_exec/uu_alu/sra_24_47_g2819
4.35980e-11 1.10956e-08 1.35928e-08 2.47319e-08 /ariscv/uu_dtpath/uu_exec/uu_alu/sra_24_47_g2822
4.40910e-11 1.31415e-08 1.22935e-08 2.54791e-08 /ariscv/uu_dtpath/uu_exec/uu_alu/sra_24_47_g2823
7.73650e-11 2.85429e-08 3.15440e-08 6.01642e-08 /ariscv/uu_dtpath/uu_exec/uu_alu/sra_24_47_g2831
4.16000e-11 8.13076e-09 9.98848e-09 1.81608e-08 /ariscv/uu_dtpath/uu_exec/uu_alu/sra_24_47_g2832
4.40910e-11 1.31420e-08 1.29128e-08 2.60989e-08 /ariscv/uu_dtpath/uu_exec/uu_alu/sra_24_47_g2833
4.46280e-11 2.19172e-08 1.37648e-08 3.57266e-08 /ariscv/uu_dtpath/uu_exec/uu_alu/sra_24_47_g2834
4.40920e-11 1.31420e-08 1.06536e-08 2.38397e-08 /ariscv/uu_dtpath/uu_exec/uu_alu/sra_24_47_g2835
9.13270e-11 2.57920e-08 1.89506e-08 4.48339e-08 /ariscv/uu_dtpath/uu_exec/uu_alu/sra_24_47_g2836
7.73480e-11 1.52971e-08 1.88072e-08 3.41817e-08 /ariscv/uu_dtpath/uu_exec/uu_alu/sra_24_47_g2844
8.80970e-11 2.61678e-08 9.69032e-09 3.59462e-08 /ariscv/uu_dtpath/uu_exec/uu_alu/sra_24_47_g2872
8.80950e-11 2.61430e-08 1.33142e-08 3.95452e-08 /ariscv/uu_dtpath/uu_exec/uu_alu/sra_24_47_g2874
1.87408e-10 5.13096e-08 1.20183e-08 6.35153e-08 /ariscv/uu_dtpath/uu_exec/uu_alu/sra_24_47_g2875
4.07170e-11 2.48896e-08 1.28504e-08 3.77807e-08 /ariscv/uu_dtpath/uu_exec/uu_alu/sra_24_47_g2876
8.49180e-11 2.66425e-08 8.48620e-09 3.52136e-08 /ariscv/uu_dtpath/uu_exec/uu_alu/sra_24_47_g2877
4.25980e-11 1.34369e-08 1.41054e-08 2.75850e-08 /ariscv/uu_dtpath/uu_exec/uu_alu/sra_24_47_g2878
4.05220e-11 2.28048e-08 1.17181e-08 3.45634e-08 /ariscv/uu_dtpath/uu_exec/uu_alu/sra_24_47_g2879
8.67110e-11 1.67399e-08 9.47546e-09 2.63021e-08 /ariscv/uu_dtpath/uu_exec/uu_alu/sra_24_47_g2882
8.80950e-11 2.61866e-08 1.61295e-08 4.24042e-08 /ariscv/uu_dtpath/uu_exec/uu_alu/sra_24_47_g2883
8.53140e-11 3.49825e-08 1.53912e-08 5.04590e-08 /ariscv/uu_dtpath/uu_exec/uu_alu/sra_24_47_g2894
8.55080e-11 4.08443e-08 1.42026e-08 5.51324e-08 /ariscv/uu_dtpath/uu_exec/uu_alu/sra_24_47_g2896
4.14370e-11 1.72103e-08 1.01703e-08 2.74220e-08 /ariscv/uu_dtpath/uu_exec/uu_alu/sra_24_47_g2897
8.80940e-11 2.61681e-08 9.10546e-09 3.53616e-08 /ariscv/uu_dtpath/uu_exec/uu_alu/sra_24_47_g2898
8.80950e-11 2.61936e-08 1.21330e-08 3.84147e-08 /ariscv/uu_dtpath/uu_exec/uu_alu/sra_24_47_g2901
8.80970e-11 2.61936e-08 1.00917e-08 3.63734e-08 /ariscv/uu_dtpath/uu_exec/uu_alu/sra_24_47_g2902
4.25980e-11 1.34436e-08 1.35435e-08 2.70297e-08 /ariscv/uu_dtpath/uu_exec/uu_alu/sra_24_47_g2904
8.94080e-11 2.48577e-08 7.77519e-09 3.27223e-08 /ariscv/uu_dtpath/uu_exec/uu_alu/sra_24_47_g2905
4.25990e-11 1.34441e-08 1.08142e-08 2.43009e-08 /ariscv/uu_dtpath/uu_exec/uu_alu/sra_24_47_g2906
8.49120e-11 3.11515e-08 1.43220e-08 4.55584e-08 /ariscv/uu_dtpath/uu_exec/uu_alu/sra_24_47_g2907
4.24660e-11 1.48511e-08 4.61412e-09 1.95077e-08 /ariscv/uu_dtpath/uu_exec/uu_alu/srl_23_38_g2715
4.03480e-11 1.28587e-08 2.48643e-08 3.77633e-08 /ariscv/uu_dtpath/uu_exec/uu_alu/srl_23_38_g2716
4.06730e-11 5.05382e-09 6.06244e-09 1.11569e-08 /ariscv/uu_dtpath/uu_exec/uu_alu/srl_23_38_g2717
4.01230e-11 7.60120e-09 7.39473e-09 1.50360e-08 /ariscv/uu_dtpath/uu_exec/uu_alu/srl_23_38_g2721
4.25590e-11 1.47648e-08 4.31933e-09 1.91267e-08 /ariscv/uu_dtpath/uu_exec/uu_alu/srl_23_38_g2722
4.08940e-11 1.31243e-08 2.89003e-08 4.20654e-08 /ariscv/uu_dtpath/uu_exec/uu_alu/srl_23_38_g2723
2.00900e-10 6.60021e-08 2.19373e-08 8.81403e-08 /ariscv/uu_dtpath/uu_exec/uu_alu/srl_23_38_g2726
8.93300e-11 3.55103e-08 7.18426e-09 4.27839e-08 /ariscv/uu_dtpath/uu_exec/uu_alu/srl_23_38_g2728
1.80166e-10 4.90495e-08 3.38669e-08 8.30966e-08 /ariscv/uu_dtpath/uu_exec/uu_alu/srl_23_38_g2729
8.41620e-11 2.07091e-08 2.08951e-08 4.16883e-08 /ariscv/uu_dtpath/uu_exec/uu_alu/srl_23_38_g2730
4.28310e-11 1.62426e-08 7.98971e-09 2.42752e-08 /ariscv/uu_dtpath/uu_exec/uu_alu/srl_23_38_g2733
5.31190e-11 1.78693e-08 2.13403e-09 2.00564e-08 /ariscv/uu_dtpath/uu_exec/uu_alu/srl_23_38_g2749
1.87308e-10 6.07155e-08 2.56832e-08 8.65860e-08 /ariscv/uu_dtpath/uu_exec/uu_alu/srl_23_38_g2756
1.67981e-10 5.13008e-08 1.24082e-08 6.38770e-08 /ariscv/uu_dtpath/uu_exec/uu_alu/srl_23_38_g2771
9.13230e-11 2.57758e-08 2.02751e-08 4.61423e-08 /ariscv/uu_dtpath/uu_exec/uu_alu/srl_23_38_g2789
9.13240e-11 2.57832e-08 2.19150e-08 4.77896e-08 /ariscv/uu_dtpath/uu_exec/uu_alu/srl_23_38_g2790
9.30650e-11 2.77540e-08 1.44576e-08 4.23046e-08 /ariscv/uu_dtpath/uu_exec/uu_alu/srl_23_38_g2793
2.04641e-10 8.17314e-08 3.23292e-08 1.14265e-07 /ariscv/uu_dtpath/uu_exec/uu_alu/srl_23_38_g2799
4.43020e-11 1.62171e-08 1.34083e-08 2.96697e-08 /ariscv/uu_dtpath/uu_exec/uu_alu/srl_23_38_g2808
7.73360e-11 1.53046e-08 2.43118e-08 3.96938e-08 /ariscv/uu_dtpath/uu_exec/uu_alu/srl_23_38_g2809
4.39080e-11 1.75192e-08 2.45762e-08 4.21394e-08 /ariscv/uu_dtpath/uu_exec/uu_alu/srl_23_38_g2810
9.17820e-11 4.22274e-08 2.87836e-08 7.11028e-08 /ariscv/uu_dtpath/uu_exec/uu_alu/srl_23_38_g2811
4.40920e-11 1.31331e-08 3.64677e-09 1.68239e-08 /ariscv/uu_dtpath/uu_exec/uu_alu/srl_23_38_g2812
3.73570e-11 7.79116e-09 1.46674e-08 2.24959e-08 /ariscv/uu_dtpath/uu_exec/uu_alu/srl_23_38_g2817
8.58710e-11 1.59589e-08 1.44151e-08 3.04598e-08 /ariscv/uu_dtpath/uu_exec/uu_alu/srl_23_38_g2820
4.13440e-11 1.80170e-08 1.45378e-08 3.25961e-08 /ariscv/uu_dtpath/uu_exec/uu_alu/srl_23_38_g2858
8.80950e-11 2.61935e-08 9.48390e-09 3.57655e-08 /ariscv/uu_dtpath/uu_exec/uu_alu/srl_23_38_g2859
8.80950e-11 2.61595e-08 1.12729e-08 3.75205e-08 /ariscv/uu_dtpath/uu_exec/uu_alu/srl_23_38_g2860
8.80970e-11 2.62093e-08 1.37270e-08 4.00244e-08 /ariscv/uu_dtpath/uu_exec/uu_alu/srl_23_38_g2861
4.25990e-11 1.34439e-08 6.66281e-09 2.01493e-08 /ariscv/uu_dtpath/uu_exec/uu_alu/srl_23_38_g2862
8.55080e-11 4.08447e-08 2.02866e-08 6.12168e-08 /ariscv/uu_dtpath/uu_exec/uu_alu/srl_23_38_g2863
8.80950e-11 2.61430e-08 1.41169e-08 4.03480e-08 /ariscv/uu_dtpath/uu_exec/uu_alu/srl_23_38_g2864
4.11290e-11 1.36961e-08 1.15309e-08 2.52682e-08 /ariscv/uu_dtpath/uu_exec/uu_alu/srl_23_38_g2865
2.12780e-11 7.53596e-09 5.07452e-09 1.26318e-08 /ariscv/uu_dtpath/uu_exec/uu_alu/srl_23_38_g2874
8.80950e-11 2.61390e-08 1.01032e-08 3.63303e-08 /ariscv/uu_dtpath/uu_exec/uu_alu/srl_23_38_g2875
8.49150e-11 2.66797e-08 1.37155e-08 4.04801e-08 /ariscv/uu_dtpath/uu_exec/uu_alu/srl_23_38_g2877
4.25990e-11 1.34378e-08 8.08482e-09 2.15653e-08 /ariscv/uu_dtpath/uu_exec/uu_alu/srl_23_38_g2880
4.25980e-11 1.34400e-08 4.70181e-09 1.81844e-08 /ariscv/uu_dtpath/uu_exec/uu_alu/srl_23_38_g2881
8.31490e-11 2.97567e-08 1.00165e-08 3.98563e-08 /ariscv/uu_dtpath/uu_exec/uu_alu/srl_23_38_g2882
4.07170e-11 2.48896e-08 1.49311e-08 3.98615e-08 /ariscv/uu_dtpath/uu_exec/uu_alu/srl_23_38_g2883
8.80950e-11 2.61734e-08 9.71899e-09 3.59805e-08 /ariscv/uu_dtpath/uu_exec/uu_alu/srl_23_38_g2884
8.94080e-11 2.48578e-08 8.99078e-09 3.39380e-08 /ariscv/uu_dtpath/uu_exec/uu_alu/srl_23_38_g2885
4.26000e-11 1.34228e-08 5.79125e-09 1.92566e-08 /ariscv/uu_dtpath/uu_exec/uu_alu/srl_23_38_g2886
4.11280e-11 1.37013e-08 7.63758e-09 2.13800e-08 /ariscv/uu_dtpath/uu_exec/uu_alu/srl_23_38_g2887
8.80970e-11 2.61831e-08 1.40710e-08 4.03422e-08 /ariscv/uu_dtpath/uu_exec/uu_alu/srl_23_38_g2889
4.47580e-11 1.21810e-08 7.81971e-09 2.00455e-08 /ariscv/uu_dtpath/uu_exec/uu_alu/sub_16_37_Y_add_15_37_g1131
4.47490e-11 1.21925e-08 5.08902e-09 1.73263e-08 /ariscv/uu_dtpath/uu_exec/uu_alu/sub_16_37_Y_add_15_37_g1132
4.16660e-11 1.02041e-08 1.51584e-08 2.54042e-08 /ariscv/uu_dtpath/uu_exec/uu_alu/sub_16_37_Y_add_15_37_g1135
4.16870e-11 1.01695e-08 5.12005e-09 1.53312e-08 /ariscv/uu_dtpath/uu_exec/uu_alu/sub_16_37_Y_add_15_37_g1136
6.01020e-11 1.72512e-08 9.06094e-09 2.63723e-08 /ariscv/uu_dtpath/uu_exec/uu_alu/sub_16_37_Y_add_15_37_g1139
6.00440e-11 1.72632e-08 5.43036e-09 2.27536e-08 /ariscv/uu_dtpath/uu_exec/uu_alu/sub_16_37_Y_add_15_37_g1140
6.00790e-11 1.72475e-08 5.50793e-09 2.28155e-08 /ariscv/uu_dtpath/uu_exec/uu_alu/sub_16_37_Y_add_15_37_g1152
6.01210e-11 1.73314e-08 6.99740e-09 2.43890e-08 /ariscv/uu_dtpath/uu_exec/uu_alu/sub_16_37_Y_add_15_37_g1153
5.16830e-11 2.30303e-08 5.75685e-09 2.88389e-08 /ariscv/uu_dtpath/uu_exec/uu_alu/sub_16_37_Y_add_15_37_g1187
5.17870e-11 2.14731e-08 5.02426e-09 2.65492e-08 /ariscv/uu_dtpath/uu_exec/uu_alu/sub_16_37_Y_add_15_37_g1189
5.17230e-11 2.15377e-08 8.15160e-09 2.97410e-08 /ariscv/uu_dtpath/uu_exec/uu_alu/sub_16_37_Y_add_15_37_g1195
4.92660e-11 3.26738e-08 2.25333e-08 5.52564e-08 /ariscv/uu_dtpath/uu_exec/uu_alu/sub_16_37_Y_add_15_37_g1197
4.21750e-11 7.27984e-09 3.64677e-09 1.09688e-08 /ariscv/uu_dtpath/uu_exec/uu_alu/sub_16_37_Y_add_15_37_g1204
4.21560e-11 7.28236e-09 3.64677e-09 1.09713e-08 /ariscv/uu_dtpath/uu_exec/uu_alu/sub_16_37_Y_add_15_37_g1208
4.21600e-11 7.25871e-09 3.25686e-09 1.05577e-08 /ariscv/uu_dtpath/uu_exec/uu_alu/sub_16_37_Y_add_15_37_g1209
1.28692e-10 2.13906e-08 5.74842e-09 2.72677e-08 /ariscv/uu_dtpath/uu_exec/uu_alu/sub_16_37_Y_add_15_37_g1211
8.71430e-11 1.42063e-08 2.06364e-08 3.49298e-08 /ariscv/uu_dtpath/uu_exec/uu_alu/sub_16_37_Y_add_15_37_g1212
9.41500e-11 2.04661e-08 1.73066e-08 3.78669e-08 /ariscv/uu_dtpath/uu_exec/uu_alu/sub_16_37_Y_add_15_37_g1213
8.71130e-11 1.41438e-08 1.79472e-08 3.21780e-08 /ariscv/uu_dtpath/uu_exec/uu_alu/sub_16_37_Y_add_15_37_g1214
5.32510e-11 1.23564e-08 1.38525e-09 1.37949e-08 /ariscv/uu_dtpath/uu_exec/uu_alu/sub_16_37_Y_add_15_37_g1237
4.94290e-11 1.55733e-08 8.13811e-09 2.37608e-08 /ariscv/uu_dtpath/uu_exec/uu_alu/sub_16_37_Y_add_15_37_g1246
9.53930e-11 2.19280e-08 1.16129e-08 3.36363e-08 /ariscv/uu_dtpath/uu_exec/uu_alu/sub_16_37_Y_add_15_37_g1247
4.34410e-11 7.42645e-09 4.73048e-09 1.22004e-08 /ariscv/uu_dtpath/uu_exec/uu_alu/g4973
4.10850e-11 7.40009e-09 2.49830e-09 9.93948e-09 /ariscv/uu_dtpath/uu_exec/uu_alu/g4975
4.10960e-11 7.41557e-09 1.99439e-09 9.45106e-09 /ariscv/uu_dtpath/uu_exec/uu_alu/g4976
6.38880e-11 2.17496e-08 2.45547e-09 2.42690e-08 /ariscv/uu_dtpath/uu_exec/uu_alu/g4983
6.37120e-11 3.39358e-08 7.66456e-09 4.16640e-08 /ariscv/uu_dtpath/uu_exec/uu_alu/g4985
2.94320e-11 1.55613e-08 4.96996e-09 2.05606e-08 /ariscv/uu_dtpath/uu_exec/uu_alu/g5000
8.78730e-11 2.86109e-08 2.31880e-08 5.18867e-08 /ariscv/uu_dtpath/uu_exec/uu_alu/g5002
4.73010e-11 4.33281e-08 2.45985e-08 6.79739e-08 /ariscv/uu_dtpath/uu_exec/uu_alu/g5017
4.16950e-11 1.03100e-08 1.00849e-08 2.04367e-08 /ariscv/uu_dtpath/uu_exec/uu_alu/g5018
4.16810e-11 1.03121e-08 5.05799e-09 1.54118e-08 /ariscv/uu_dtpath/uu_exec/uu_alu/g5020
3.85000e-11 2.43461e-08 2.80962e-08 5.24808e-08 /ariscv/uu_dtpath/uu_exec/uu_alu/lt_21_38_g5036
4.76020e-11 5.63489e-08 3.74917e-08 9.38882e-08 /ariscv/uu_dtpath/uu_exec/uu_alu/g4674
4.70990e-11 5.06243e-08 4.46520e-08 9.53235e-08 /ariscv/uu_dtpath/uu_exec/uu_alu/g4676
8.71190e-11 5.90712e-08 2.40460e-08 8.32044e-08 /ariscv/uu_dtpath/uu_exec/uu_alu/g4677
8.66920e-11 6.75393e-08 2.84557e-08 9.60818e-08 /ariscv/uu_dtpath/uu_exec/uu_alu/g4678
8.71040e-11 6.93670e-08 2.71383e-08 9.65924e-08 /ariscv/uu_dtpath/uu_exec/uu_alu/g4679
4.74120e-11 6.18592e-08 4.03836e-08 1.02290e-07 /ariscv/uu_dtpath/uu_exec/uu_alu/g4680
4.48220e-11 2.85941e-08 4.52271e-08 7.38660e-08 /ariscv/uu_dtpath/uu_exec/uu_alu/g4682
8.08810e-11 6.64745e-08 7.63926e-08 1.42948e-07 /ariscv/uu_dtpath/uu_exec/uu_alu/g4684
8.30340e-11 6.62937e-08 4.61789e-08 1.12556e-07 /ariscv/uu_dtpath/uu_exec/uu_alu/g4686
4.72760e-11 4.24916e-08 1.95796e-08 6.21186e-08 /ariscv/uu_dtpath/uu_exec/uu_alu/g4687
4.63880e-11 2.06888e-08 6.70868e-09 2.74439e-08 /ariscv/uu_dtpath/uu_exec/uu_alu/g4706
8.78210e-11 2.22798e-08 1.81428e-08 4.05104e-08 /ariscv/uu_dtpath/uu_exec/uu_alu/g4709
8.78320e-11 2.16414e-08 1.96437e-08 4.13730e-08 /ariscv/uu_dtpath/uu_exec/uu_alu/g4715
4.70510e-11 1.12983e-08 9.72540e-09 2.10708e-08 /ariscv/uu_dtpath/uu_exec/uu_alu/g4716
4.74220e-11 1.45865e-08 5.69951e-09 2.03334e-08 /ariscv/uu_dtpath/uu_exec/uu_alu/g4736
4.74140e-11 1.62323e-08 1.08675e-08 2.71472e-08 /ariscv/uu_dtpath/uu_exec/uu_alu/g4737
4.76160e-11 1.31175e-08 4.24445e-09 1.74096e-08 /ariscv/uu_dtpath/uu_exec/uu_alu/g4740
4.82880e-11 4.89436e-08 1.00114e-08 5.90034e-08 /ariscv/uu_dtpath/uu_exec/uu_alu/g4742
4.84130e-11 6.04372e-08 1.77144e-08 7.82000e-08 /ariscv/uu_dtpath/uu_exec/uu_alu/g4743
4.80250e-11 1.06414e-08 2.50741e-09 1.31969e-08 /ariscv/uu_dtpath/uu_exec/uu_alu/g4747
4.76250e-11 1.18085e-08 3.73244e-09 1.55886e-08 /ariscv/uu_dtpath/uu_exec/uu_alu/g4748
4.80020e-11 1.18664e-08 4.91093e-09 1.68253e-08 /ariscv/uu_dtpath/uu_exec/uu_alu/g4756
4.77920e-11 1.16351e-08 5.01988e-09 1.67028e-08 /ariscv/uu_dtpath/uu_exec/uu_alu/g4758
4.81940e-11 1.16894e-08 4.96422e-09 1.67018e-08 /ariscv/uu_dtpath/uu_exec/uu_alu/g4759
4.77950e-11 1.41815e-08 1.34862e-08 2.77155e-08 /ariscv/uu_dtpath/uu_exec/uu_alu/g4761
3.44510e-11 7.93031e-09 5.40944e-09 1.33742e-08 /ariscv/uu_dtpath/uu_exec/uu_alu/g4763
4.86190e-11 9.08902e-09 2.98838e-09 1.21260e-08 /ariscv/uu_dtpath/uu_exec/uu_alu/g4777
4.85310e-11 1.02700e-08 3.57594e-09 1.38945e-08 /ariscv/uu_dtpath/uu_exec/uu_alu/g4778
4.86930e-11 1.21413e-08 8.33576e-09 2.05258e-08 /ariscv/uu_dtpath/uu_exec/uu_alu/g4779
9.13220e-11 5.48786e-09 1.22638e-09 6.80556e-09 /ariscv/uu_dtpath/uu_exec/uu_alu/g4780
8.96220e-11 1.68764e-08 1.49446e-08 3.19106e-08 /ariscv/uu_dtpath/uu_exec/uu_alu/g4781
8.98010e-11 1.45676e-08 1.34862e-08 2.81436e-08 /ariscv/uu_dtpath/uu_exec/uu_alu/g4785
4.78290e-11 9.84291e-09 6.60547e-09 1.64962e-08 /ariscv/uu_dtpath/uu_exec/uu_alu/g4787
8.98120e-11 1.45931e-08 1.11299e-08 2.58128e-08 /ariscv/uu_dtpath/uu_exec/uu_alu/g4788
8.98070e-11 1.60296e-08 1.54026e-08 3.15221e-08 /ariscv/uu_dtpath/uu_exec/uu_alu/g4789
9.02290e-11 1.31497e-08 8.19275e-09 2.14327e-08 /ariscv/uu_dtpath/uu_exec/uu_alu/g4790
8.95260e-11 1.26676e-08 1.04728e-08 2.32300e-08 /ariscv/uu_dtpath/uu_exec/uu_alu/g4791
8.98000e-11 1.60255e-08 1.42370e-08 3.03522e-08 /ariscv/uu_dtpath/uu_exec/uu_alu/g4792
8.95010e-11 1.41499e-08 1.15501e-08 2.57896e-08 /ariscv/uu_dtpath/uu_exec/uu_alu/g4794
4.82080e-11 1.06767e-08 6.43143e-09 1.71563e-08 /ariscv/uu_dtpath/uu_exec/uu_alu/g4795
3.40250e-11 1.74456e-09 2.86696e-10 2.06528e-09 /ariscv/uu_dtpath/uu_exec/uu_alu/g4796
3.00070e-11 1.66547e-09 9.05621e-10 2.60110e-09 /ariscv/uu_dtpath/uu_exec/uu_alu/g4798
3.26980e-11 4.65162e-09 2.84740e-09 7.53171e-09 /ariscv/uu_dtpath/uu_exec/uu_alu/g4799
4.08890e-11 8.82222e-09 2.47435e-09 1.13375e-08 /ariscv/uu_dtpath/uu_exec/uu_alu/g4800
4.02760e-11 5.17362e-09 4.46570e-10 5.66047e-09 /ariscv/uu_dtpath/uu_exec/uu_alu/g4801
4.07900e-11 8.99195e-09 3.17524e-09 1.22080e-08 /ariscv/uu_dtpath/uu_exec/uu_alu/g4804
4.18710e-11 8.16918e-09 2.34214e-09 1.05532e-08 /ariscv/uu_dtpath/uu_exec/uu_alu/g4807
4.18720e-11 9.15524e-09 2.68347e-09 1.18806e-08 /ariscv/uu_dtpath/uu_exec/uu_alu/g4813
4.18650e-11 8.14794e-09 3.03156e-09 1.12214e-08 /ariscv/uu_dtpath/uu_exec/uu_alu/g4814
4.18720e-11 9.14236e-09 3.46666e-09 1.26509e-08 /ariscv/uu_dtpath/uu_exec/uu_alu/g4815
4.17960e-11 7.16232e-09 1.77414e-09 8.97826e-09 /ariscv/uu_dtpath/uu_exec/uu_alu/g4816
4.17900e-11 7.17738e-09 1.63585e-09 8.85502e-09 /ariscv/uu_dtpath/uu_exec/uu_alu/g4817
4.18770e-11 9.13185e-09 3.90379e-09 1.30775e-08 /ariscv/uu_dtpath/uu_exec/uu_alu/g4819
4.17960e-11 8.20525e-09 2.93239e-09 1.11794e-08 /ariscv/uu_dtpath/uu_exec/uu_alu/g4820
4.14390e-11 7.70747e-09 9.98376e-10 8.74729e-09 /ariscv/uu_dtpath/uu_exec/uu_alu/g4822
4.80280e-11 1.47844e-08 1.45675e-09 1.62891e-08 /ariscv/uu_dtpath/uu_exec/uu_alu/g4828
3.64490e-11 4.44573e-09 1.05572e-09 5.53789e-09 /ariscv/uu_dtpath/uu_exec/uu_alu/g4830
4.54140e-11 4.14219e-09 1.38424e-09 5.57184e-09 /ariscv/uu_dtpath/uu_exec/uu_alu/g4833
3.64590e-11 4.54265e-09 2.58026e-09 7.15937e-09 /ariscv/uu_dtpath/uu_exec/uu_alu/g4834
3.64030e-11 4.55549e-09 5.56527e-10 5.14842e-09 /ariscv/uu_dtpath/uu_exec/uu_alu/g4835
3.70150e-11 3.30401e-09 1.04728e-09 4.38830e-09 /ariscv/uu_dtpath/uu_exec/uu_alu/g4836
3.75820e-11 4.80488e-09 1.33567e-09 6.17813e-09 /ariscv/uu_dtpath/uu_exec/uu_alu/g4837
3.64490e-11 4.43581e-09 2.85684e-09 7.32910e-09 /ariscv/uu_dtpath/uu_exec/uu_alu/g4838
4.49700e-11 3.28935e-09 1.62675e-09 4.96106e-09 /ariscv/uu_dtpath/uu_exec/uu_alu/g4839
3.72710e-11 4.09789e-09 1.64327e-09 5.77843e-09 /ariscv/uu_dtpath/uu_exec/uu_alu/g4840
3.64050e-11 4.65813e-09 1.37614e-09 6.07068e-09 /ariscv/uu_dtpath/uu_exec/uu_alu/g4841
3.64490e-11 4.43461e-09 1.21424e-09 5.68530e-09 /ariscv/uu_dtpath/uu_exec/uu_alu/g4842
4.46760e-11 2.45600e-09 1.32892e-09 3.82959e-09 /ariscv/uu_dtpath/uu_exec/uu_alu/g4843
3.69140e-11 5.48556e-09 1.96707e-09 7.48955e-09 /ariscv/uu_dtpath/uu_exec/uu_alu/g4844
3.63990e-11 4.55249e-09 1.94279e-09 6.53168e-09 /ariscv/uu_dtpath/uu_exec/uu_alu/g4845
3.61440e-11 5.29122e-09 1.73771e-09 7.06508e-09 /ariscv/uu_dtpath/uu_exec/uu_alu/g4846
3.64010e-11 4.55195e-09 1.59032e-09 6.17867e-09 /ariscv/uu_dtpath/uu_exec/uu_alu/g4847
3.72180e-11 4.41042e-09 2.40352e-09 6.85116e-09 /ariscv/uu_dtpath/uu_exec/uu_alu/g4848
3.64590e-11 4.55647e-09 3.36615e-09 7.95907e-09 /ariscv/uu_dtpath/uu_exec/uu_alu/g4849
3.50690e-11 5.41890e-09 2.05409e-09 7.50806e-09 /ariscv/uu_dtpath/uu_exec/uu_alu/g4851
4.24520e-11 2.58458e-09 8.36477e-10 3.46351e-09 /ariscv/uu_dtpath/uu_exec/uu_alu/g4852
3.64050e-11 4.65921e-09 1.14678e-09 5.84240e-09 /ariscv/uu_dtpath/uu_exec/uu_alu/g4853
3.64000e-11 4.55491e-09 1.01018e-09 5.60149e-09 /ariscv/uu_dtpath/uu_exec/uu_alu/g4854
3.64540e-11 4.44503e-09 1.16365e-09 5.64513e-09 /ariscv/uu_dtpath/uu_exec/uu_alu/g4855
4.26020e-11 2.55142e-09 7.25172e-10 3.31920e-09 /ariscv/uu_dtpath/uu_exec/uu_alu/g4856
3.64020e-11 4.55164e-09 1.73367e-09 6.32171e-09 /ariscv/uu_dtpath/uu_exec/uu_alu/g4857
3.63970e-11 4.54305e-09 6.94816e-10 5.27426e-09 /ariscv/uu_dtpath/uu_exec/uu_alu/g4858
4.26020e-11 2.56961e-09 1.06921e-09 3.68142e-09 /ariscv/uu_dtpath/uu_exec/uu_alu/g4859
3.64550e-11 4.44424e-09 1.59538e-09 6.07608e-09 /ariscv/uu_dtpath/uu_exec/uu_alu/g4860
3.64520e-11 4.44011e-09 1.18726e-09 5.66382e-09 /ariscv/uu_dtpath/uu_exec/uu_alu/g4861
4.31880e-11 2.51021e-09 9.68020e-10 3.52142e-09 /ariscv/uu_dtpath/uu_exec/uu_alu/g4862
1.67749e-10 3.29559e-08 1.19137e-08 4.50374e-08 /ariscv/uu_dtpath/uu_exec/uu_alu/g4915
1.13925e-10 5.80733e-08 2.64222e-08 8.46094e-08 /ariscv/uu_dtpath/uu_exec/uu_alu/lt_20_49_g777
1.08498e-10 4.42731e-08 1.25303e-08 5.69118e-08 /ariscv/uu_dtpath/uu_exec/uu_alu/lt_20_49_g779
1.08596e-10 4.44270e-08 8.19613e-09 5.27317e-08 /ariscv/uu_dtpath/uu_exec/uu_alu/lt_20_49_g781
5.23100e-11 2.28378e-08 6.03748e-09 2.89276e-08 /ariscv/uu_dtpath/uu_exec/uu_alu/lt_20_49_g782
4.74530e-11 2.98328e-08 1.44188e-08 4.42991e-08 /ariscv/uu_dtpath/uu_exec/uu_alu/lt_20_49_g802
4.96100e-11 2.38951e-08 8.65990e-09 3.26046e-08 /ariscv/uu_dtpath/uu_exec/uu_alu/lt_21_38_g772
1.22860e-10 4.27177e-08 1.92171e-08 6.20576e-08 /ariscv/uu_dtpath/uu_exec/uu_alu/lt_21_38_g777
5.23370e-11 2.27921e-08 5.68332e-09 2.85277e-08 /ariscv/uu_dtpath/uu_exec/uu_alu/lt_21_38_g780
4.09700e-11 1.25440e-08 1.07848e-08 2.33697e-08 /ariscv/uu_dtpath/uu_exec/uu_alu/lt_21_38_g790
4.46710e-11 1.79764e-08 9.49469e-09 2.75158e-08 /ariscv/uu_dtpath/uu_exec/uu_alu/lt_21_38_g791
4.74540e-11 2.97669e-08 2.03055e-08 5.01199e-08 /ariscv/uu_dtpath/uu_exec/uu_alu/lt_21_38_g808
4.34490e-11 2.31737e-08 1.64091e-08 3.96262e-08 /ariscv/uu_dtpath/uu_exec/uu_alu/sll_22_38_g2684
4.34640e-11 2.45909e-08 6.85776e-09 3.14921e-08 /ariscv/uu_dtpath/uu_exec/uu_alu/sll_22_38_g2685
4.34460e-11 2.53554e-08 1.15606e-08 3.69595e-08 /ariscv/uu_dtpath/uu_exec/uu_alu/sll_22_38_g2686
4.34510e-11 2.61851e-08 3.99519e-09 3.02238e-08 /ariscv/uu_dtpath/uu_exec/uu_alu/sll_22_38_g2687
4.75860e-11 2.59051e-08 1.34450e-08 3.93977e-08 /ariscv/uu_dtpath/uu_exec/uu_alu/sll_22_38_g2696
4.80730e-11 2.60565e-08 8.65147e-09 3.47560e-08 /ariscv/uu_dtpath/uu_exec/uu_alu/sll_22_38_g2697
4.83100e-11 2.46078e-08 4.67483e-09 2.93309e-08 /ariscv/uu_dtpath/uu_exec/uu_alu/sll_22_38_g2698
4.50730e-11 2.59565e-08 5.46004e-09 3.14616e-08 /ariscv/uu_dtpath/uu_exec/uu_alu/sll_22_38_g2699
4.88930e-11 2.43460e-08 8.39850e-09 3.27934e-08 /ariscv/uu_dtpath/uu_exec/uu_alu/sll_22_38_g2700
4.77480e-11 2.49049e-08 9.33482e-09 3.42875e-08 /ariscv/uu_dtpath/uu_exec/uu_alu/sll_22_38_g2701
4.87290e-11 2.72982e-08 1.88126e-08 4.61595e-08 /ariscv/uu_dtpath/uu_exec/uu_alu/sll_22_38_g2702
4.88910e-11 2.53261e-08 1.91513e-08 4.45262e-08 /ariscv/uu_dtpath/uu_exec/uu_alu/sll_22_38_g2703
4.50610e-11 2.31203e-08 7.32322e-09 3.04886e-08 /ariscv/uu_dtpath/uu_exec/uu_alu/sll_22_38_g2704
4.50630e-11 2.30929e-08 1.25907e-08 3.57287e-08 /ariscv/uu_dtpath/uu_exec/uu_alu/sll_22_38_g2711
2.15050e-11 7.15427e-09 3.67544e-09 1.08512e-08 /ariscv/uu_dtpath/uu_exec/uu_alu/sll_22_38_g2713
7.87990e-11 3.57238e-08 1.92235e-08 5.50261e-08 /ariscv/uu_dtpath/uu_exec/uu_alu/sll_22_38_g2714
8.60000e-11 4.98506e-08 4.52345e-08 9.51711e-08 /ariscv/uu_dtpath/uu_exec/uu_alu/sll_22_38_g2715
4.50750e-11 2.29434e-08 9.52673e-09 3.25152e-08 /ariscv/uu_dtpath/uu_exec/uu_alu/sll_22_38_g2717
4.50590e-11 2.31036e-08 1.06668e-08 3.38155e-08 /ariscv/uu_dtpath/uu_exec/uu_alu/sll_22_38_g2722
5.41680e-11 2.16183e-08 4.89609e-09 2.65685e-08 /ariscv/uu_dtpath/uu_exec/uu_alu/sll_22_38_g2732
5.41720e-11 2.16287e-08 3.65284e-09 2.53358e-08 /ariscv/uu_dtpath/uu_exec/uu_alu/sll_22_38_g2733
5.41750e-11 2.16071e-08 2.97354e-09 2.46348e-08 /ariscv/uu_dtpath/uu_exec/uu_alu/sll_22_38_g2734
5.41690e-11 2.16279e-08 3.68488e-09 2.53670e-08 /ariscv/uu_dtpath/uu_exec/uu_alu/sll_22_38_g2735
8.51740e-11 4.33507e-08 3.81278e-08 8.15637e-08 /ariscv/uu_dtpath/uu_exec/uu_alu/sll_22_38_g2747
9.10600e-11 3.99075e-08 4.54973e-08 8.54958e-08 /ariscv/uu_dtpath/uu_exec/uu_alu/sll_22_38_g2748
8.68690e-11 5.05248e-08 3.12768e-08 8.18885e-08 /ariscv/uu_dtpath/uu_exec/uu_alu/sll_22_38_g2752
1.87866e-10 6.94991e-08 2.82331e-08 9.79201e-08 /ariscv/uu_dtpath/uu_exec/uu_alu/sll_22_38_g2762
4.15560e-11 1.15277e-08 6.92758e-09 1.84968e-08 /ariscv/uu_dtpath/uu_exec/uu_alu/sra_24_47_g2694
4.15570e-11 9.74164e-09 8.77323e-09 1.85564e-08 /ariscv/uu_dtpath/uu_exec/uu_alu/sra_24_47_g2695
4.15540e-11 1.06832e-08 7.59305e-09 1.83178e-08 /ariscv/uu_dtpath/uu_exec/uu_alu/sra_24_47_g2696
4.15570e-11 1.06697e-08 4.56150e-09 1.52728e-08 /ariscv/uu_dtpath/uu_exec/uu_alu/sra_24_47_g2697
4.15550e-11 1.06531e-08 6.96266e-09 1.76573e-08 /ariscv/uu_dtpath/uu_exec/uu_alu/sra_24_47_g2698
4.15530e-11 1.15226e-08 6.15958e-09 1.77237e-08 /ariscv/uu_dtpath/uu_exec/uu_alu/sra_24_47_g2699
4.15530e-11 1.15293e-08 6.39230e-09 1.79631e-08 /ariscv/uu_dtpath/uu_exec/uu_alu/sra_24_47_g2700
7.30140e-11 3.55442e-08 2.53213e-08 6.09385e-08 /ariscv/uu_dtpath/uu_exec/uu_alu/sra_24_47_g2702
7.36350e-11 3.38444e-08 2.37755e-08 5.76936e-08 /ariscv/uu_dtpath/uu_exec/uu_alu/sra_24_47_g2703
4.15620e-11 9.76190e-09 9.59992e-09 1.94034e-08 /ariscv/uu_dtpath/uu_exec/uu_alu/sra_24_47_g2705
8.62890e-11 1.89780e-08 2.38396e-08 4.29039e-08 /ariscv/uu_dtpath/uu_exec/uu_alu/sra_24_47_g2706
8.62900e-11 1.89838e-08 2.42113e-08 4.32814e-08 /ariscv/uu_dtpath/uu_exec/uu_alu/sra_24_47_g2707
4.15640e-11 9.74478e-09 1.07791e-08 2.05654e-08 /ariscv/uu_dtpath/uu_exec/uu_alu/sra_24_47_g2708
3.53080e-11 9.11723e-09 9.16280e-09 1.83153e-08 /ariscv/uu_dtpath/uu_exec/uu_alu/sra_24_47_g2709
4.75810e-11 2.08218e-08 1.82339e-08 3.91033e-08 /ariscv/uu_dtpath/uu_exec/uu_alu/sra_24_47_g2710
4.75800e-11 2.29251e-08 6.40006e-09 2.93727e-08 /ariscv/uu_dtpath/uu_exec/uu_alu/sra_24_47_g2711
4.75790e-11 2.13254e-08 2.02407e-08 4.16137e-08 /ariscv/uu_dtpath/uu_exec/uu_alu/sra_24_47_g2712
3.45100e-11 2.00017e-08 2.22783e-08 4.23145e-08 /ariscv/uu_dtpath/uu_exec/uu_alu/sra_24_47_g2713
3.51650e-11 1.35661e-08 1.37786e-08 2.73798e-08 /ariscv/uu_dtpath/uu_exec/uu_alu/sra_24_47_g2714
4.75780e-11 2.52298e-08 2.34281e-08 4.87055e-08 /ariscv/uu_dtpath/uu_exec/uu_alu/sra_24_47_g2716
4.34940e-11 2.15154e-08 7.44431e-09 2.90033e-08 /ariscv/uu_dtpath/uu_exec/uu_alu/sra_24_47_g2717
4.49980e-11 2.50302e-08 7.77721e-09 3.28524e-08 /ariscv/uu_dtpath/uu_exec/uu_alu/sra_24_47_g2718
4.42900e-11 2.41430e-08 1.26767e-08 3.68640e-08 /ariscv/uu_dtpath/uu_exec/uu_alu/sra_24_47_g2719
3.44280e-11 1.09728e-08 1.72402e-08 2.82475e-08 /ariscv/uu_dtpath/uu_exec/uu_alu/sra_24_47_g2720
7.17460e-11 1.96698e-08 4.10785e-09 2.38494e-08 /ariscv/uu_dtpath/uu_exec/uu_alu/sra_24_47_g2721
3.44250e-11 1.09796e-08 1.79485e-08 2.89626e-08 /ariscv/uu_dtpath/uu_exec/uu_alu/sra_24_47_g2722
1.08305e-10 3.47497e-08 1.46883e-08 4.95463e-08 /ariscv/uu_dtpath/uu_exec/uu_alu/sra_24_47_g2724
8.13870e-11 2.33458e-08 2.70897e-08 5.05169e-08 /ariscv/uu_dtpath/uu_exec/uu_alu/sra_24_47_g2732
8.13880e-11 2.51699e-08 2.85094e-08 5.37606e-08 /ariscv/uu_dtpath/uu_exec/uu_alu/sra_24_47_g2734
8.13910e-11 2.15056e-08 1.64752e-08 3.80622e-08 /ariscv/uu_dtpath/uu_exec/uu_alu/sra_24_47_g2735
8.13880e-11 1.78399e-08 1.96903e-08 3.76116e-08 /ariscv/uu_dtpath/uu_exec/uu_alu/sra_24_47_g2736
3.66400e-11 1.39421e-08 1.35783e-08 2.75570e-08 /ariscv/uu_dtpath/uu_exec/uu_alu/sra_24_47_g2741
3.64200e-11 1.47673e-08 1.30484e-08 2.78520e-08 /ariscv/uu_dtpath/uu_exec/uu_alu/sra_24_47_g2745
8.83610e-11 3.15435e-08 2.47752e-08 5.64071e-08 /ariscv/uu_dtpath/uu_exec/uu_alu/sra_24_47_g2755
1.00080e-10 3.06452e-08 4.68596e-09 3.54312e-08 /ariscv/uu_dtpath/uu_exec/uu_alu/sra_24_47_g2758
1.02333e-10 4.38635e-08 8.57457e-09 5.25404e-08 /ariscv/uu_dtpath/uu_exec/uu_alu/sra_24_47_g2759
3.70470e-11 1.36474e-08 1.25765e-08 2.62610e-08 /ariscv/uu_dtpath/uu_exec/uu_alu/sra_24_47_g2760
3.77150e-11 1.69036e-08 1.05892e-08 2.75305e-08 /ariscv/uu_dtpath/uu_exec/uu_alu/sra_24_47_g2762
8.93660e-11 2.80734e-08 2.88531e-08 5.70159e-08 /ariscv/uu_dtpath/uu_exec/uu_alu/sra_24_47_g2818
4.30980e-11 1.43164e-08 3.93347e-09 1.82930e-08 /ariscv/uu_dtpath/uu_exec/uu_alu/sra_24_47_g2842
7.26570e-11 3.09424e-08 8.38130e-09 3.93964e-08 /ariscv/uu_dtpath/uu_exec/uu_alu/srl_23_38_g2691
7.18930e-11 2.75862e-08 2.32993e-08 5.09573e-08 /ariscv/uu_dtpath/uu_exec/uu_alu/srl_23_38_g2694
3.44050e-11 1.90851e-08 9.52370e-09 2.86432e-08 /ariscv/uu_dtpath/uu_exec/uu_alu/srl_23_38_g2695
3.50560e-11 1.52549e-08 1.45965e-08 2.98865e-08 /ariscv/uu_dtpath/uu_exec/uu_alu/srl_23_38_g2696
3.47150e-11 1.71252e-08 1.29856e-08 3.01456e-08 /ariscv/uu_dtpath/uu_exec/uu_alu/srl_23_38_g2697
3.53040e-11 9.16221e-09 1.42430e-08 2.34406e-08 /ariscv/uu_dtpath/uu_exec/uu_alu/srl_23_38_g2698
8.25730e-11 2.41965e-08 1.27070e-08 3.69861e-08 /ariscv/uu_dtpath/uu_exec/uu_alu/srl_23_38_g2707
8.45520e-11 3.92271e-08 2.82999e-08 6.76116e-08 /ariscv/uu_dtpath/uu_exec/uu_alu/srl_23_38_g2708
4.34880e-11 1.45755e-08 1.13046e-08 2.59235e-08 /ariscv/uu_dtpath/uu_exec/uu_alu/srl_23_38_g2709
4.32770e-11 1.27629e-08 1.16628e-08 2.44689e-08 /ariscv/uu_dtpath/uu_exec/uu_alu/srl_23_38_g2710
4.75830e-11 2.58875e-08 1.82129e-08 4.41480e-08 /ariscv/uu_dtpath/uu_exec/uu_alu/srl_23_38_g2711
4.41060e-11 1.50647e-08 2.09301e-08 3.60389e-08 /ariscv/uu_dtpath/uu_exec/uu_alu/srl_23_38_g2712
8.45390e-11 4.13251e-08 2.60020e-08 6.74116e-08 /ariscv/uu_dtpath/uu_exec/uu_alu/srl_23_38_g2713
8.45560e-11 3.96347e-08 2.80948e-08 6.78141e-08 /ariscv/uu_dtpath/uu_exec/uu_alu/srl_23_38_g2714
8.74370e-11 2.88106e-08 2.79815e-08 5.68795e-08 /ariscv/uu_dtpath/uu_exec/uu_alu/srl_23_38_g2725
7.56730e-11 2.36543e-08 1.40724e-08 3.78023e-08 /ariscv/uu_dtpath/uu_exec/uu_alu/srl_23_38_g2731
4.82440e-11 2.52945e-08 2.26395e-08 4.79823e-08 /ariscv/uu_dtpath/uu_exec/uu_alu/srl_23_38_g2732
4.87270e-11 2.24237e-08 1.15279e-08 3.40003e-08 /ariscv/uu_dtpath/uu_exec/uu_alu/srl_23_38_g2744
5.07660e-11 3.14868e-08 3.12364e-09 3.46612e-08 /ariscv/uu_dtpath/uu_exec/uu_alu/srl_23_38_g2745
4.82070e-11 1.82407e-08 2.46424e-09 2.07532e-08 /ariscv/uu_dtpath/uu_exec/uu_alu/srl_23_38_g2746
3.77380e-11 1.69699e-08 1.56961e-08 3.27037e-08 /ariscv/uu_dtpath/uu_exec/uu_alu/srl_23_38_g2747
3.53850e-11 1.20034e-08 5.90189e-09 1.79406e-08 /ariscv/uu_dtpath/uu_exec/uu_alu/srl_23_38_g2748
7.84460e-11 3.96924e-08 2.37789e-08 6.35497e-08 /ariscv/uu_dtpath/uu_exec/uu_alu/srl_23_38_g2750
8.92990e-11 2.74483e-08 9.94261e-09 3.74803e-08 /ariscv/uu_dtpath/uu_exec/uu_alu/srl_23_38_g2755
1.90785e-10 5.40588e-08 1.93004e-08 7.35499e-08 /ariscv/uu_dtpath/uu_exec/uu_alu/srl_23_38_g2757
8.93020e-11 2.74690e-08 1.74082e-08 4.49665e-08 /ariscv/uu_dtpath/uu_exec/uu_alu/srl_23_38_g2762
4.31310e-11 1.40970e-08 1.24999e-08 2.66401e-08 /ariscv/uu_dtpath/uu_exec/uu_alu/srl_23_38_g2763
1.90733e-10 5.42174e-08 1.85320e-08 7.29401e-08 /ariscv/uu_dtpath/uu_exec/uu_alu/srl_23_38_g2767
8.87960e-11 3.22780e-08 2.90902e-08 6.14569e-08 /ariscv/uu_dtpath/uu_exec/uu_alu/srl_23_38_g2768
8.93110e-11 2.74977e-08 1.19781e-08 3.95652e-08 /ariscv/uu_dtpath/uu_exec/uu_alu/srl_23_38_g2769
8.92900e-11 2.74995e-08 1.05619e-08 3.81507e-08 /ariscv/uu_dtpath/uu_exec/uu_alu/srl_23_38_g2772
8.93710e-11 2.80988e-08 2.27981e-08 5.09862e-08 /ariscv/uu_dtpath/uu_exec/uu_alu/srl_23_38_g2792
4.15200e-11 1.62096e-08 4.42186e-09 2.06730e-08 /ariscv/uu_dtpath/uu_exec/uu_alu/sub_16_37_Y_add_15_37_g1141
4.16820e-11 1.61864e-08 9.80567e-09 2.60338e-08 /ariscv/uu_dtpath/uu_exec/uu_alu/sub_16_37_Y_add_15_37_g1150
4.15810e-11 1.61532e-08 4.63908e-09 2.08339e-08 /ariscv/uu_dtpath/uu_exec/uu_alu/sub_16_37_Y_add_15_37_g1151
3.39450e-11 8.61878e-09 4.23163e-09 1.28844e-08 /ariscv/uu_dtpath/uu_exec/uu_alu/sub_16_37_Y_add_15_37_g1154
3.52090e-11 6.99952e-09 2.61332e-09 9.64805e-09 /ariscv/uu_dtpath/uu_exec/uu_alu/sub_16_37_Y_add_15_37_g1156
7.42270e-11 3.10887e-08 4.71665e-09 3.58796e-08 /ariscv/uu_dtpath/uu_exec/uu_alu/sub_16_37_Y_add_15_37_g1159
3.77530e-11 1.52184e-08 4.93387e-09 2.01900e-08 /ariscv/uu_dtpath/uu_exec/uu_alu/sub_16_37_Y_add_15_37_g1160
3.77520e-11 1.51997e-08 6.76467e-09 2.20021e-08 /ariscv/uu_dtpath/uu_exec/uu_alu/sub_16_37_Y_add_15_37_g1161
3.62040e-11 8.22439e-09 2.93846e-09 1.11991e-08 /ariscv/uu_dtpath/uu_exec/uu_alu/sub_16_37_Y_add_15_37_g1162
3.83870e-11 1.79452e-08 7.83590e-09 2.58195e-08 /ariscv/uu_dtpath/uu_exec/uu_alu/sub_16_37_Y_add_15_37_g1171
3.78670e-11 2.14380e-08 7.60992e-09 2.90858e-08 /ariscv/uu_dtpath/uu_exec/uu_alu/sub_16_37_Y_add_15_37_g1172
4.84200e-11 3.89539e-08 9.93317e-09 4.89355e-08 /ariscv/uu_dtpath/uu_exec/uu_alu/sub_16_37_Y_add_15_37_g1175
4.74130e-11 2.21486e-08 4.93117e-09 2.71272e-08 /ariscv/uu_dtpath/uu_exec/uu_alu/sub_16_37_Y_add_15_37_g1182
3.88810e-11 8.68533e-09 3.83026e-09 1.25545e-08 /ariscv/uu_dtpath/uu_exec/uu_alu/sub_16_37_Y_add_15_37_g1186
3.88260e-11 9.36442e-09 8.77964e-09 1.81829e-08 /ariscv/uu_dtpath/uu_exec/uu_alu/sub_16_37_Y_add_15_37_g1192
3.88080e-11 8.67469e-09 1.07339e-08 1.94474e-08 /ariscv/uu_dtpath/uu_exec/uu_alu/sub_16_37_Y_add_15_37_g1193
4.74690e-11 2.27639e-08 3.78439e-09 2.65958e-08 /ariscv/uu_dtpath/uu_exec/uu_alu/sub_16_37_Y_add_15_37_g1200
4.74460e-11 2.33056e-08 5.55043e-09 2.89035e-08 /ariscv/uu_dtpath/uu_exec/uu_alu/sub_16_37_Y_add_15_37_g1201
4.74390e-11 2.20118e-08 7.75799e-09 2.98172e-08 /ariscv/uu_dtpath/uu_exec/uu_alu/sub_16_37_Y_add_15_37_g1203
7.43140e-11 7.83617e-09 6.11505e-09 1.40255e-08 /ariscv/uu_dtpath/uu_exec/uu_alu/sub_16_37_Y_add_15_37_g1207
7.32530e-11 3.03345e-08 2.66249e-08 5.70327e-08 /ariscv/uu_dtpath/uu_exec/uu_alu/sub_16_37_Y_add_15_37_g1223
3.57070e-11 9.85272e-09 1.93978e-08 2.92863e-08 /ariscv/uu_dtpath/uu_exec/uu_alu/sub_16_37_Y_add_15_37_g1231
3.57000e-11 9.84807e-09 6.18116e-09 1.60649e-08 /ariscv/uu_dtpath/uu_exec/uu_alu/sub_16_37_Y_add_15_37_g1238
3.57420e-11 9.96088e-09 3.96787e-09 1.39645e-08 /ariscv/uu_dtpath/uu_exec/uu_alu/sub_16_37_Y_add_15_37_g1239
3.57410e-11 9.95600e-09 3.95640e-09 1.39481e-08 /ariscv/uu_dtpath/uu_exec/uu_alu/sub_16_37_Y_add_15_37_g1240
3.45970e-11 8.04335e-09 4.45930e-09 1.25372e-08 /ariscv/uu_dtpath/uu_exec/uu_alu/sub_16_37_Y_add_15_37_g1241
3.57050e-11 9.85015e-09 6.07795e-09 1.59638e-08 /ariscv/uu_dtpath/uu_exec/uu_alu/sub_16_37_Y_add_15_37_g1242
3.57420e-11 1.01557e-08 1.23050e-08 2.24964e-08 /ariscv/uu_dtpath/uu_exec/uu_alu/sub_16_37_Y_add_15_37_g1243
8.12950e-11 1.69862e-08 1.73623e-08 3.44298e-08 /ariscv/uu_dtpath/uu_exec/uu_alu/sub_16_37_Y_add_15_37_g1244
3.57480e-11 9.95590e-09 1.71444e-08 2.71361e-08 /ariscv/uu_dtpath/uu_exec/uu_alu/sub_16_37_Y_add_15_37_g1245
8.10230e-11 1.69603e-08 1.80389e-08 3.50802e-08 /ariscv/uu_dtpath/uu_exec/uu_alu/sub_16_37_Y_add_15_37_g1248
4.04810e-11 1.62346e-08 1.95560e-09 1.82307e-08 /ariscv/uu_dtpath/uu_exec/uu_alu/g4974
4.60990e-11 1.76834e-08 8.66833e-09 2.63978e-08 /ariscv/uu_dtpath/uu_exec/uu_alu/g4977
1.02786e-10 5.91573e-08 2.99014e-08 8.91615e-08 /ariscv/uu_dtpath/uu_exec/uu_alu/g4979
2.40532e-10 8.88405e-08 1.68159e-08 1.05897e-07 /ariscv/uu_dtpath/uu_exec/uu_alu/g4980
8.65020e-11 3.20203e-08 3.11453e-08 6.32521e-08 /ariscv/uu_dtpath/uu_exec/uu_alu/g5001
4.87580e-11 1.55778e-08 3.09632e-09 1.87229e-08 /ariscv/uu_dtpath/uu_exec/uu_alu/g5004
4.84020e-11 1.58024e-08 1.13828e-08 2.72337e-08 /ariscv/uu_dtpath/uu_exec/uu_alu/lt_21_38_g5027
4.06670e-11 3.64339e-08 2.79994e-08 6.44740e-08 /ariscv/uu_dtpath/uu_exec/uu_alu/g4675
4.06750e-11 3.04647e-08 6.76788e-08 9.81841e-08 /ariscv/uu_dtpath/uu_exec/uu_alu/g4683
4.06150e-11 3.55421e-08 2.80115e-08 6.35943e-08 /ariscv/uu_dtpath/uu_exec/uu_alu/g4685
4.06900e-11 2.99930e-08 4.26566e-08 7.26904e-08 /ariscv/uu_dtpath/uu_exec/uu_alu/g4690
4.08560e-11 2.85217e-08 5.01576e-08 7.87202e-08 /ariscv/uu_dtpath/uu_exec/uu_alu/g4691
4.10100e-11 2.22344e-08 1.67727e-08 3.90481e-08 /ariscv/uu_dtpath/uu_exec/uu_alu/g4692
4.06720e-11 3.39080e-08 2.98299e-08 6.37785e-08 /ariscv/uu_dtpath/uu_exec/uu_alu/g4693
4.06720e-11 2.76939e-08 8.12934e-08 1.09028e-07 /ariscv/uu_dtpath/uu_exec/uu_alu/g4694
4.06150e-11 2.75764e-08 7.41598e-08 1.01777e-07 /ariscv/uu_dtpath/uu_exec/uu_alu/g4695
4.06740e-11 2.63899e-08 7.80140e-08 1.04445e-07 /ariscv/uu_dtpath/uu_exec/uu_alu/g4696
4.06160e-11 3.63328e-08 9.95600e-08 1.35933e-07 /ariscv/uu_dtpath/uu_exec/uu_alu/g4697
4.06170e-11 3.17884e-08 4.44837e-08 7.63128e-08 /ariscv/uu_dtpath/uu_exec/uu_alu/g4698
4.06120e-11 2.87691e-08 2.31923e-08 5.20020e-08 /ariscv/uu_dtpath/uu_exec/uu_alu/g4699
4.06730e-11 3.01105e-08 2.10391e-08 5.11903e-08 /ariscv/uu_dtpath/uu_exec/uu_alu/g4700
4.07110e-11 2.98889e-08 2.45924e-08 5.45220e-08 /ariscv/uu_dtpath/uu_exec/uu_alu/g4701
4.06710e-11 2.78554e-08 5.67658e-08 8.46618e-08 /ariscv/uu_dtpath/uu_exec/uu_alu/g4702
4.09160e-11 2.38184e-08 3.28725e-08 5.67319e-08 /ariscv/uu_dtpath/uu_exec/uu_alu/g4717
4.06170e-11 3.03743e-08 6.22083e-08 9.26232e-08 /ariscv/uu_dtpath/uu_exec/uu_alu/g4718
4.08170e-11 3.75817e-08 3.69521e-08 7.45746e-08 /ariscv/uu_dtpath/uu_exec/uu_alu/g4719
3.98430e-11 3.79213e-09 1.40953e-09 5.24151e-09 /ariscv/uu_dtpath/uu_exec/uu_alu/g4832
4.01950e-11 3.09809e-08 3.01216e-08 6.11427e-08 /ariscv/uu_dtpath/uu_exec/uu_alu/lt_20_49_g807
3.99470e-11 1.21387e-08 6.75725e-09 1.89359e-08 /ariscv/uu_dtpath/uu_exec/uu_alu/sll_22_38_g2680
4.01200e-11 1.28453e-08 5.20538e-09 1.80908e-08 /ariscv/uu_dtpath/uu_exec/uu_alu/sll_22_38_g2681
4.00900e-11 1.18272e-08 4.49067e-09 1.63580e-08 /ariscv/uu_dtpath/uu_exec/uu_alu/sll_22_38_g2682
3.99850e-11 1.32234e-08 4.54598e-09 1.78094e-08 /ariscv/uu_dtpath/uu_exec/uu_alu/sll_22_38_g2683
3.99490e-11 2.11056e-08 9.21002e-09 3.03556e-08 /ariscv/uu_dtpath/uu_exec/uu_alu/sra_24_47_g2701
3.99850e-11 2.00751e-08 2.61838e-08 4.62989e-08 /ariscv/uu_dtpath/uu_exec/uu_alu/sra_24_47_g2704
3.99600e-11 1.55707e-08 1.34599e-08 2.90706e-08 /ariscv/uu_dtpath/uu_exec/uu_alu/srl_23_38_g2692
3.99940e-11 1.77349e-08 7.48647e-09 2.52614e-08 /ariscv/uu_dtpath/uu_exec/uu_alu/srl_23_38_g2693
4.05370e-11 1.00398e-08 3.84172e-09 1.39221e-08 /ariscv/uu_dtpath/uu_exec/uu_alu/sub_16_37_Y_add_15_37_g1181
4.05010e-11 1.37688e-08 6.99740e-09 2.08067e-08 /ariscv/uu_dtpath/uu_exec/uu_alu/g5019
4.05050e-11 1.38562e-08 4.80974e-09 1.87064e-08 /ariscv/uu_dtpath/uu_exec/uu_alu/g5021
3.56840e-11 3.24779e-09 3.19076e-09 6.47423e-09 /ariscv/uu_dtpath/uu_exec/uu_alu/g4797
3.56850e-11 3.26299e-09 1.34578e-09 4.64446e-09 /ariscv/uu_dtpath/uu_exec/uu_alu/g4802
3.56930e-11 4.48027e-09 1.60077e-09 6.11674e-09 /ariscv/uu_dtpath/uu_exec/uu_alu/g4803
3.57460e-11 5.74014e-09 2.14921e-09 7.92510e-09 /ariscv/uu_dtpath/uu_exec/uu_alu/g4805
3.56930e-11 4.47699e-09 1.63855e-09 6.15123e-09 /ariscv/uu_dtpath/uu_exec/uu_alu/g4806
3.57530e-11 5.74470e-09 4.33484e-09 1.01153e-08 /ariscv/uu_dtpath/uu_exec/uu_alu/g4808
3.47680e-11 3.24637e-09 1.99338e-09 5.27452e-09 /ariscv/uu_dtpath/uu_exec/uu_alu/g4809
3.56930e-11 4.50349e-09 2.00687e-09 6.54605e-09 /ariscv/uu_dtpath/uu_exec/uu_alu/g4811
3.71920e-11 8.37649e-09 5.80542e-09 1.42191e-08 /ariscv/uu_dtpath/uu_exec/uu_alu/g4812
3.57500e-11 4.50635e-09 1.48744e-09 6.02955e-09 /ariscv/uu_dtpath/uu_exec/uu_alu/g4818
3.56910e-11 4.48924e-09 2.11548e-09 6.64041e-09 /ariscv/uu_dtpath/uu_exec/uu_alu/g4821
3.56820e-11 4.50884e-09 2.63963e-09 7.18415e-09 /ariscv/uu_dtpath/uu_exec/uu_alu/g4823
4.26210e-11 3.68440e-08 1.12037e-08 4.80903e-08 /ariscv/uu_dtpath/uu_exec/uu_alu/lt_20_49_g772
3.97420e-11 7.34091e-09 2.20992e-09 9.59057e-09 /ariscv/uu_dtpath/uu_exec/uu_alu/sll_22_38_g2718
3.93570e-11 2.88950e-09 5.90931e-10 3.51979e-09 /ariscv/uu_dtpath/uu_exec/uu_alu/sll_22_38_g2719
3.95010e-11 4.75990e-09 7.97689e-10 5.59709e-09 /ariscv/uu_dtpath/uu_exec/uu_alu/sll_22_38_g2720
4.17430e-11 1.51252e-08 5.43440e-09 2.06013e-08 /ariscv/uu_dtpath/uu_exec/uu_alu/sll_22_38_g2739
4.17440e-11 1.51281e-08 5.63307e-09 2.08029e-08 /ariscv/uu_dtpath/uu_exec/uu_alu/sll_22_38_g2740
4.17400e-11 1.51201e-08 7.55562e-09 2.27174e-08 /ariscv/uu_dtpath/uu_exec/uu_alu/sll_22_38_g2741
4.17420e-11 1.20757e-08 4.58882e-09 1.67062e-08 /ariscv/uu_dtpath/uu_exec/uu_alu/sll_22_38_g2742
4.26210e-11 1.18932e-08 5.45397e-09 1.73898e-08 /ariscv/uu_dtpath/uu_exec/uu_alu/sra_24_47_g2725
4.25800e-11 1.34340e-08 1.41857e-08 2.76623e-08 /ariscv/uu_dtpath/uu_exec/uu_alu/sra_24_47_g2730
4.15050e-11 1.23482e-08 2.19427e-08 3.43324e-08 /ariscv/uu_dtpath/uu_exec/uu_alu/sra_24_47_g2733
4.15050e-11 1.23218e-08 1.15609e-08 2.39242e-08 /ariscv/uu_dtpath/uu_exec/uu_alu/sra_24_47_g2737
4.15030e-11 1.23372e-08 2.38268e-08 3.62055e-08 /ariscv/uu_dtpath/uu_exec/uu_alu/sra_24_47_g2738
4.15070e-11 1.23293e-08 2.22375e-08 3.46083e-08 /ariscv/uu_dtpath/uu_exec/uu_alu/sra_24_47_g2739
4.27400e-11 1.35262e-08 4.18002e-09 1.77490e-08 /ariscv/uu_dtpath/uu_exec/uu_alu/sra_24_47_g2742
4.25810e-11 1.34486e-08 7.64904e-09 2.11402e-08 /ariscv/uu_dtpath/uu_exec/uu_alu/sra_24_47_g2744
4.12590e-11 1.85227e-08 1.16007e-08 3.01647e-08 /ariscv/uu_dtpath/uu_exec/uu_alu/sra_24_47_g2747
4.25820e-11 1.34655e-08 3.95067e-09 1.74587e-08 /ariscv/uu_dtpath/uu_exec/uu_alu/sra_24_47_g2748
4.00970e-11 1.05244e-08 1.41408e-08 2.47053e-08 /ariscv/uu_dtpath/uu_exec/uu_alu/srl_23_38_g2719
3.98440e-11 9.08441e-09 6.08470e-09 1.52089e-08 /ariscv/uu_dtpath/uu_exec/uu_alu/srl_23_38_g2720
4.03050e-11 1.05455e-08 1.20844e-08 2.26702e-08 /ariscv/uu_dtpath/uu_exec/uu_alu/srl_23_38_g2727
4.13550e-11 1.50540e-08 1.00165e-08 2.51118e-08 /ariscv/uu_dtpath/uu_exec/uu_alu/srl_23_38_g2753
4.22420e-11 1.46418e-08 4.76320e-09 1.94472e-08 /ariscv/uu_dtpath/uu_exec/uu_alu/sub_16_37_Y_add_15_37_g1133
4.23190e-11 1.58791e-08 5.71705e-09 2.16385e-08 /ariscv/uu_dtpath/uu_exec/uu_alu/sub_16_37_Y_add_15_37_g1134
4.24560e-11 1.07660e-08 3.45182e-09 1.42603e-08 /ariscv/uu_dtpath/uu_exec/uu_alu/sub_16_37_Y_add_15_37_g1179
4.25320e-11 1.07877e-08 4.61007e-09 1.54403e-08 /ariscv/uu_dtpath/uu_exec/uu_alu/sub_16_37_Y_add_15_37_g1180
4.24690e-11 1.07466e-08 4.25457e-09 1.50436e-08 /ariscv/uu_dtpath/uu_exec/uu_alu/sub_16_37_Y_add_15_37_g1188
4.25570e-11 1.18453e-08 5.28060e-09 1.71684e-08 /ariscv/uu_dtpath/uu_exec/uu_alu/sub_16_37_Y_add_15_37_g1190
4.24340e-11 1.08034e-08 1.91169e-08 2.99627e-08 /ariscv/uu_dtpath/uu_exec/uu_alu/sub_16_37_Y_add_15_37_g1191
4.21900e-11 9.49308e-09 3.48082e-09 1.30161e-08 /ariscv/uu_dtpath/uu_exec/uu_alu/sub_16_37_Y_add_15_37_g1198
4.17530e-11 2.26551e-09 7.37651e-10 3.04492e-09 /ariscv/uu_dtpath/uu_exec/uu_alu/sub_16_37_Y_add_15_37_g1205
4.03070e-11 1.32167e-08 5.15648e-09 1.84135e-08 /ariscv/uu_dtpath/uu_exec/uu_alu/sub_16_37_Y_add_15_37_g2
4.11520e-11 1.81610e-08 5.84657e-09 2.40487e-08 /ariscv/uu_dtpath/uu_exec/uu_alu/sub_16_37_Y_add_15_37_g1407
4.36750e-11 1.87513e-08 1.05740e-08 2.93690e-08 /ariscv/uu_dtpath/uu_exec/uu_alu/g4970
4.38620e-11 1.87833e-08 2.68742e-08 4.57013e-08 /ariscv/uu_dtpath/uu_exec/uu_alu/g4978
1.37265e-10 4.09623e-08 2.80051e-08 6.91047e-08 /ariscv/uu_dtpath/uu_exec/uu_alu/g4981
4.32120e-11 1.52236e-08 2.42369e-08 3.95038e-08 /ariscv/uu_dtpath/uu_exec/uu_alu/g4982
4.19080e-11 1.52445e-08 9.57631e-09 2.48628e-08 /ariscv/uu_dtpath/uu_exec/uu_alu/g4984
4.34870e-11 1.17273e-08 2.11581e-08 3.29289e-08 /ariscv/uu_dtpath/uu_exec/uu_alu/g4986
4.33670e-11 1.32209e-08 2.74655e-08 4.07298e-08 /ariscv/uu_dtpath/uu_exec/uu_alu/g4987
4.44480e-11 1.74680e-08 3.68910e-08 5.44035e-08 /ariscv/uu_dtpath/uu_exec/uu_alu/g4988
4.33620e-11 1.32305e-08 2.48336e-08 3.81074e-08 /ariscv/uu_dtpath/uu_exec/uu_alu/g4989
4.43430e-11 1.22735e-08 1.71559e-08 2.94737e-08 /ariscv/uu_dtpath/uu_exec/uu_alu/g4990
4.33680e-11 1.31756e-08 2.35435e-08 3.67624e-08 /ariscv/uu_dtpath/uu_exec/uu_alu/g4991
4.33640e-11 1.32256e-08 1.31307e-08 2.63996e-08 /ariscv/uu_dtpath/uu_exec/uu_alu/g4992
4.32540e-11 1.33983e-08 1.59346e-08 2.93761e-08 /ariscv/uu_dtpath/uu_exec/uu_alu/g4993
4.31810e-11 1.32835e-08 2.00458e-08 3.33725e-08 /ariscv/uu_dtpath/uu_exec/uu_alu/g4994
4.32540e-11 1.33910e-08 1.12385e-08 2.46727e-08 /ariscv/uu_dtpath/uu_exec/uu_alu/g4995
4.37250e-11 1.53729e-08 1.97830e-08 3.51996e-08 /ariscv/uu_dtpath/uu_exec/uu_alu/g4996
4.32520e-11 1.33956e-08 9.78206e-09 2.32209e-08 /ariscv/uu_dtpath/uu_exec/uu_alu/g4997
4.32530e-11 1.33784e-08 1.18348e-08 2.52565e-08 /ariscv/uu_dtpath/uu_exec/uu_alu/g4998
4.34230e-11 1.32523e-08 1.03383e-08 2.36340e-08 /ariscv/uu_dtpath/uu_exec/uu_alu/g4999
4.17880e-11 1.16656e-08 1.16365e-08 2.33438e-08 /ariscv/uu_dtpath/uu_exec/uu_alu/g5003
4.33680e-11 1.31624e-08 1.11811e-08 2.43869e-08 /ariscv/uu_dtpath/uu_exec/uu_alu/g5005
4.43430e-11 1.23274e-08 1.84403e-08 3.08120e-08 /ariscv/uu_dtpath/uu_exec/uu_alu/g5006
4.32090e-11 1.33387e-08 2.11582e-08 3.45400e-08 /ariscv/uu_dtpath/uu_exec/uu_alu/g5007
4.34230e-11 1.32517e-08 2.32109e-08 3.65061e-08 /ariscv/uu_dtpath/uu_exec/uu_alu/g5008
4.32540e-11 1.33896e-08 2.61237e-08 3.95566e-08 /ariscv/uu_dtpath/uu_exec/uu_alu/g5009
4.35220e-11 1.64930e-08 2.15042e-08 3.80408e-08 /ariscv/uu_dtpath/uu_exec/uu_alu/g5010
4.32530e-11 1.33883e-08 1.12843e-08 2.47159e-08 /ariscv/uu_dtpath/uu_exec/uu_alu/g5011
4.34240e-11 1.32624e-08 2.11868e-08 3.44926e-08 /ariscv/uu_dtpath/uu_exec/uu_alu/g5012
4.37680e-11 2.35362e-08 3.57513e-08 5.93312e-08 /ariscv/uu_dtpath/uu_exec/uu_alu/g5013
4.32520e-11 1.33774e-08 1.00344e-08 2.34550e-08 /ariscv/uu_dtpath/uu_exec/uu_alu/g5014
4.32550e-11 1.33910e-08 8.87610e-09 2.23104e-08 /ariscv/uu_dtpath/uu_exec/uu_alu/g5015
4.32560e-11 1.33911e-08 1.70871e-08 3.05214e-08 /ariscv/uu_dtpath/uu_exec/uu_alu/g5016
4.43430e-11 1.22287e-08 1.53612e-08 2.76342e-08 /ariscv/uu_dtpath/uu_exec/uu_alu/g5037
4.34230e-11 1.32603e-08 2.80733e-08 4.13769e-08 /ariscv/uu_dtpath/uu_exec/uu_alu/g5038
5.12920e-11 8.08957e-10 3.02211e-09 3.88236e-09 /ariscv/uu_dtpath/uu_dec/FE_OFC537_inst_fd_19
5.17930e-11 7.22716e-09 1.28102e-08 2.00892e-08 /ariscv/uu_dtpath/uu_dec/FE_OFC536_immExt_w_9
5.22010e-11 1.80174e-08 8.76847e-08 1.05754e-07 /ariscv/uu_dtpath/uu_dec/FE_OFC510_inst_fd_15
5.22000e-11 2.12464e-08 9.99654e-08 1.21264e-07 /ariscv/uu_dtpath/uu_dec/FE_OFC509_inst_fd_16
5.12920e-11 7.95776e-10 3.72569e-09 4.57276e-09 /ariscv/uu_dtpath/uu_dec/FE_OFC508_inst_fd_19
8.87010e-11 3.79138e-08 1.03420e-07 1.41422e-07 /ariscv/uu_dtpath/uu_dec/FE_OFC375_rd2_w_1
8.86020e-11 4.54595e-08 1.55784e-07 2.01332e-07 /ariscv/uu_dtpath/uu_dec/FE_OFC374_rd2_w_26
5.33890e-11 1.36389e-08 6.38758e-08 7.75682e-08 /ariscv/uu_dtpath/uu_dec/FE_OFC373_rd1_w_23
8.85080e-11 4.54130e-08 1.36528e-07 1.82029e-07 /ariscv/uu_dtpath/uu_dec/FE_OFC372_rd2_w_30
5.27640e-11 2.31821e-08 9.42926e-08 1.17527e-07 /ariscv/uu_dtpath/uu_dec/FE_OFC123_inst_fd_7
5.26520e-11 1.49452e-08 3.52211e-08 5.02189e-08 /ariscv/uu_dtpath/uu_dec/FE_OFC121_inst_fd_8
5.20840e-11 1.51515e-08 5.47285e-08 6.99321e-08 /ariscv/uu_dtpath/uu_dec/FE_OFC115_inst_fd_10
5.14050e-11 3.95718e-09 1.13161e-08 1.53246e-08 /ariscv/uu_dtpath/uu_dec/FE_OFC111_inst_fd_11
5.30370e-11 2.31006e-08 9.34905e-08 1.16644e-07 /ariscv/uu_dtpath/uu_dec/FE_OFC109_inst_fd_9
5.47580e-11 3.18172e-08 8.66294e-08 1.18501e-07 /ariscv/uu_dtpath/uu_dec/FE_OFC107_aluSrc_w
5.22440e-11 1.19048e-08 5.77928e-08 6.97499e-08 /ariscv/uu_dtpath/uu_dec/FE_OFC104_inst_fd_23
8.77510e-11 2.31654e-08 9.89728e-08 1.22226e-07 /ariscv/uu_dtpath/uu_dec/FE_OFC97_inst_fd_17
5.14620e-11 5.57816e-09 2.95034e-08 3.51330e-08 /ariscv/uu_dtpath/uu_dec/FE_OFC74_inst_fd_30
8.71840e-11 1.80422e-08 7.39979e-08 9.21272e-08 /ariscv/uu_dtpath/uu_dec/FE_OFC70_inst_fd_22
5.22540e-11 1.99057e-08 1.16955e-07 1.36913e-07 /ariscv/uu_dtpath/uu_dec/FE_OFC63_inst_fd_12
8.73170e-11 1.35862e-08 7.28012e-08 8.64747e-08 /ariscv/uu_dtpath/uu_dec/FE_OFC61_inst_fd_31
8.69470e-11 3.66446e-09 1.75033e-08 2.12547e-08 /ariscv/uu_dtpath/uu_dec/FE_OFC54_inst_fd_18
8.72700e-11 1.35032e-08 6.87942e-08 8.23847e-08 /ariscv/uu_dtpath/uu_dec/FE_OFC48_inst_fd_24
8.93060e-11 3.75631e-08 1.64075e-07 2.01727e-07 /ariscv/uu_dtpath/uu_dec/FE_OFC47_inst_fd_21
3.58979e-10 1.39408e-08 6.28795e-08 7.71792e-08 /ariscv/uu_dtpath/uu_dec/FE_OFC33_rst_async_n
1.14712e-10 2.78198e-07 4.62409e-07 7.40721e-07 /ariscv/uu_dtpath/uu_dec/CTS_ccl_a_buf_00217
1.14712e-10 2.78152e-07 2.98746e-07 5.77013e-07 /ariscv/uu_dtpath/uu_dec/CTS_ccl_a_buf_00216
1.14712e-10 2.78165e-07 3.46296e-07 6.24576e-07 /ariscv/uu_dtpath/uu_dec/CTS_ccl_a_buf_00214
8.89770e-11 2.19140e-07 2.62064e-07 4.81292e-07 /ariscv/uu_dtpath/uu_dec/CTS_ccl_a_buf_00288
8.89770e-11 2.18897e-07 1.88998e-07 4.07984e-07 /ariscv/uu_dtpath/uu_dec/CTS_ccl_a_buf_00326
1.14715e-10 2.77946e-07 3.97628e-07 6.75689e-07 /ariscv/uu_dtpath/uu_dec/CTS_ccl_a_buf_00215
1.14715e-10 2.77928e-07 3.35549e-07 6.13592e-07 /ariscv/uu_dtpath/uu_dec/CTS_ccl_a_buf_00213
1.14715e-10 2.77928e-07 3.34229e-07 6.12271e-07 /ariscv/uu_dtpath/uu_dec/CTS_ccl_a_buf_00200
1.14714e-10 2.78142e-07 3.55902e-07 6.34159e-07 /ariscv/uu_dtpath/uu_dec/CTS_ccl_a_buf_00287
8.89800e-11 2.18634e-07 2.28983e-07 4.47706e-07 /ariscv/uu_dtpath/uu_dec/CTS_csf_buf_00408
1.14715e-10 2.78068e-07 3.01688e-07 5.79871e-07 /ariscv/uu_dtpath/uu_dec/CTS_csf_buf_00407
1.14715e-10 2.78105e-07 4.34551e-07 7.12771e-07 /ariscv/uu_dtpath/uu_dec/CTS_ccl_a_buf_00211
1.14715e-10 2.78103e-07 4.28728e-07 7.06946e-07 /ariscv/uu_dtpath/uu_dec/CTS_ccl_a_buf_00209
1.14714e-10 2.78134e-07 3.27324e-07 6.05573e-07 /ariscv/uu_dtpath/uu_dec/CTS_ccl_a_buf_00286
1.14715e-10 2.78723e-07 3.08172e-07 5.87010e-07 /ariscv/uu_dtpath/uu_dec/CTS_ccl_a_buf_00207
1.14715e-10 2.78731e-07 3.36030e-07 6.14875e-07 /ariscv/uu_dtpath/uu_dec/CTS_ccl_a_buf_00206
5.38370e-11 1.43284e-07 1.14071e-07 2.57409e-07 /ariscv/uu_dtpath/uu_dec/CTS_ccl_a_buf_00283
1.14712e-10 2.78381e-07 3.16217e-07 5.94713e-07 /ariscv/uu_dtpath/uu_dec/CTS_ccl_a_buf_00325
8.89750e-11 2.18615e-07 2.27902e-07 4.46606e-07 /ariscv/uu_dtpath/uu_dec/CTS_ccl_a_buf_00360
1.14709e-10 2.78030e-07 3.15377e-07 5.93522e-07 /ariscv/uu_dtpath/uu_dec/CTS_ccl_a_buf_00210
8.89740e-11 2.18600e-07 2.40510e-07 4.59199e-07 /ariscv/uu_dtpath/uu_dec/CTS_ccl_a_buf_00205
1.14710e-10 2.78979e-07 3.36930e-07 6.16024e-07 /ariscv/uu_dtpath/uu_dec/CTS_ccl_a_buf_00285
5.38340e-11 1.43444e-07 8.98761e-08 2.33374e-07 /ariscv/uu_dtpath/uu_dec/CTS_ccl_a_buf_00324
1.14709e-10 2.77727e-07 4.05133e-07 6.82975e-07 /ariscv/uu_dtpath/uu_dec/CTS_ccl_a_buf_00208
8.89740e-11 2.18325e-07 3.02289e-07 5.20703e-07 /ariscv/uu_dtpath/uu_dec/CTS_ccl_a_buf_00204
1.14709e-10 2.77728e-07 4.08495e-07 6.86338e-07 /ariscv/uu_dtpath/uu_dec/CTS_ccl_a_buf_00202
1.14709e-10 2.77718e-07 3.73793e-07 6.51626e-07 /ariscv/uu_dtpath/uu_dec/CTS_ccl_a_buf_00201
1.14710e-10 2.78810e-07 4.00990e-07 6.79915e-07 /ariscv/uu_dtpath/uu_dec/CTS_ccl_a_buf_00284
8.89740e-11 2.18590e-07 2.73891e-07 4.92570e-07 /ariscv/uu_dtpath/uu_dec/CTS_csf_buf_00411
8.89740e-11 2.18583e-07 2.32825e-07 4.51497e-07 /ariscv/uu_dtpath/uu_dec/CTS_csf_buf_00410
1.14709e-10 2.78014e-07 3.21741e-07 5.99870e-07 /ariscv/uu_dtpath/uu_dec/CTS_ccl_a_buf_00203
1.14709e-10 2.78029e-07 3.74214e-07 6.52357e-07 /ariscv/uu_dtpath/uu_dec/CTS_ccl_a_buf_00199
8.89740e-11 2.18585e-07 2.43992e-07 4.62666e-07 /ariscv/uu_dtpath/uu_dec/CTS_ccl_a_buf_00195
1.14710e-10 2.78794e-07 3.40533e-07 6.19441e-07 /ariscv/uu_dtpath/uu_dec/CTS_ccl_a_buf_00282
5.38340e-11 1.43446e-07 1.08308e-07 2.51808e-07 /ariscv/uu_dtpath/uu_dec/CTS_ccl_a_buf_00323
8.89750e-11 2.18612e-07 2.13433e-07 4.32135e-07 /ariscv/uu_dtpath/uu_dec/CTS_ccl_a_buf_00345
5.38290e-11 1.43549e-07 1.74709e-07 3.18312e-07 /ariscv/uu_dtpath/uu_dec/CTS_csf_buf_00414
1.14709e-10 2.78670e-07 2.76953e-07 5.55737e-07 /ariscv/uu_dtpath/uu_dec/CTS_csf_buf_00413
1.14709e-10 2.78704e-07 4.05133e-07 6.83952e-07 /ariscv/uu_dtpath/uu_dec/CTS_ccl_a_buf_00197
8.89750e-11 2.18845e-07 1.84195e-07 4.03129e-07 /ariscv/uu_dtpath/uu_dec/CTS_ccl_a_buf_00281
5.38300e-11 1.43302e-07 1.53456e-07 2.96812e-07 /ariscv/uu_dtpath/uu_dec/CTS_ccl_a_buf_00322
1.14710e-10 2.78048e-07 3.09913e-07 5.88076e-07 /ariscv/uu_dtpath/uu_dec/CTS_ccl_a_buf_00344
1.14710e-10 2.80564e-07 3.38011e-07 6.18689e-07 /ariscv/uu_dtpath/uu_dec/CTS_ccl_a_buf_00375
1.06460e-11 3.83977e-09 1.12739e-08 1.51243e-08 /ariscv/uu_dtpath/uu_dec/FE_OFC356_rd2_w_19
6.88040e-11 1.94773e-08 1.18216e-07 1.37763e-07 /ariscv/uu_dtpath/uu_dec/FE_OFC355_rd2_w_19
4.17090e-11 6.08163e-09 5.71786e-08 6.33019e-08 /ariscv/uu_dtpath/uu_dec/FE_OFC60_inst_fd_14
2.16570e-11 3.23125e-09 2.95182e-08 3.27711e-08 /ariscv/uu_dtpath/uu_dec/FE_OFC59_inst_fd_14
6.62590e-11 1.25130e-08 1.42136e-07 1.54715e-07 /ariscv/uu_dtpath/uu_dec/FE_OFC44_inst_fd_13
4.45050e-11 8.37902e-09 5.52965e-08 6.37201e-08 /ariscv/uu_dtpath/uu_dec/FE_OFC43_inst_fd_13
1.93285e-10 4.20131e-09 6.03194e-08 6.47140e-08 /ariscv/uu_dtpath/uu_dec/FE_OFC28_rst_async_n
1.32864e-10 2.50606e-07 7.77620e-09 2.58515e-07 /ariscv/uu_dtpath/uu_dec/rd2_ff_reg[16]
1.32635e-10 2.48825e-07 9.85964e-09 2.58818e-07 /ariscv/uu_dtpath/uu_dec/rd2_ff_reg[14]
1.28514e-10 2.40900e-07 1.73849e-08 2.58413e-07 /ariscv/uu_dtpath/uu_dec/rd2_ff_reg[11]
1.26943e-10 2.20432e-07 1.09970e-08 2.31556e-07 /ariscv/uu_dtpath/uu_dec/immExt_ff_reg[31]
1.26931e-10 2.22311e-07 2.13892e-08 2.43827e-07 /ariscv/uu_dtpath/uu_dec/immExt_ff_reg[23]
1.25684e-10 2.12832e-07 7.22811e-09 2.20185e-07 /ariscv/uu_dtpath/uu_dec/immExt_ff_reg[7]
1.24803e-10 2.07749e-07 1.17107e-09 2.09045e-07 /ariscv/uu_dtpath/uu_dec/o_pc_reg[12]
1.24803e-10 2.07749e-07 1.51105e-09 2.09384e-07 /ariscv/uu_dtpath/uu_dec/o_pc_reg[11]
1.26084e-10 2.17186e-07 1.69899e-08 2.34302e-07 /ariscv/uu_dtpath/uu_dec/immExt_ff_reg[6]
1.24803e-10 2.07752e-07 1.30666e-09 2.09184e-07 /ariscv/uu_dtpath/uu_dec/o_pc_reg[10]
1.24805e-10 2.07754e-07 1.26955e-09 2.09149e-07 /ariscv/uu_dtpath/uu_dec/o_pc_reg[9]
1.26516e-10 2.22315e-07 1.63619e-08 2.38803e-07 /ariscv/uu_dtpath/uu_dec/immExt_ff_reg[22]
1.25899e-10 2.15384e-07 1.53230e-08 2.30833e-07 /ariscv/uu_dtpath/uu_dec/immExt_ff_reg[5]
1.31047e-10 2.09024e-07 1.76807e-09 2.10923e-07 /ariscv/uu_dtpath/uu_dec/o_pc_reg[8]
1.31699e-10 2.11582e-07 5.48297e-09 2.17196e-07 /ariscv/uu_dtpath/uu_dec/o_pc_reg[7]
1.26686e-10 2.23303e-07 1.87904e-08 2.42220e-07 /ariscv/uu_dtpath/uu_dec/immExt_ff_reg[4]
1.33278e-10 2.15423e-07 1.19043e-08 2.27460e-07 /ariscv/uu_dtpath/uu_dec/o_pc_reg[6]
1.34144e-10 2.23112e-07 1.99156e-08 2.43161e-07 /ariscv/uu_dtpath/uu_dec/o_pc_reg[5]
1.26503e-10 2.22324e-07 1.41729e-08 2.36623e-07 /ariscv/uu_dtpath/uu_dec/immExt_ff_reg[30]
1.26943e-10 2.22314e-07 1.46849e-08 2.37126e-07 /ariscv/uu_dtpath/uu_dec/immExt_ff_reg[21]
1.30497e-10 2.46789e-07 4.67550e-08 2.93674e-07 /ariscv/uu_dtpath/uu_dec/immExt_ff_reg[3]
1.34155e-10 2.38292e-07 7.00718e-09 2.45434e-07 /ariscv/uu_dtpath/uu_dec/o_pc_reg[4]
1.34736e-10 2.70363e-07 2.85178e-08 2.99015e-07 /ariscv/uu_dtpath/uu_dec/o_pc_reg[3]
1.26396e-10 2.34418e-07 2.36473e-08 2.58191e-07 /ariscv/uu_dtpath/uu_dec/immExt_ff_reg[2]
1.34295e-10 3.06365e-07 5.32485e-08 3.59748e-07 /ariscv/uu_dtpath/uu_dec/o_pc_reg[2]
1.24803e-10 2.07750e-07 4.93454e-10 2.08368e-07 /ariscv/uu_dtpath/uu_dec/o_pc_plus4_reg[31]
1.26515e-10 2.24102e-07 1.77347e-08 2.41963e-07 /ariscv/uu_dtpath/uu_dec/immExt_ff_reg[20]
1.33333e-10 2.55060e-07 4.09351e-08 2.96128e-07 /ariscv/uu_dtpath/uu_dec/immExt_ff_reg[1]
1.24801e-10 2.07749e-07 8.94490e-10 2.08768e-07 /ariscv/uu_dtpath/uu_dec/o_pc_plus4_reg[30]
1.24803e-10 2.07752e-07 6.87057e-10 2.08564e-07 /ariscv/uu_dtpath/uu_dec/o_pc_plus4_reg[29]
1.24800e-10 2.07749e-07 1.70331e-10 2.08044e-07 /ariscv/uu_dtpath/uu_dec/o_pc_plus4_reg[28]
1.24811e-10 2.07752e-07 2.12829e-10 2.08090e-07 /ariscv/uu_dtpath/uu_dec/o_pc_plus4_reg[27]
1.29172e-10 2.35021e-07 2.03284e-08 2.55479e-07 /ariscv/uu_dtpath/uu_dec/rd2_ff_reg[10]
1.26949e-10 2.22295e-07 1.88997e-08 2.41322e-07 /ariscv/uu_dtpath/uu_dec/immExt_ff_reg[29]
1.26511e-10 2.22260e-07 1.52192e-08 2.37606e-07 /ariscv/uu_dtpath/uu_dec/immExt_ff_reg[19]
1.25240e-10 2.12842e-07 1.57851e-09 2.14546e-07 /ariscv/uu_dtpath/uu_dec/o_wr_addr_reg_reg[4]
1.24801e-10 2.07752e-07 9.35977e-10 2.08813e-07 /ariscv/uu_dtpath/uu_dec/o_pc_plus4_reg[26]
1.24803e-10 2.07749e-07 3.73716e-10 2.08248e-07 /ariscv/uu_dtpath/uu_dec/o_pc_plus4_reg[25]
1.27848e-10 2.30651e-07 3.04404e-09 2.33823e-07 /ariscv/uu_dtpath/uu_dec/o_wr_addr_reg_reg[3]
1.24803e-10 2.07750e-07 7.39000e-10 2.08614e-07 /ariscv/uu_dtpath/uu_dec/o_pc_plus4_reg[24]
1.24803e-10 2.07750e-07 6.10493e-10 2.08486e-07 /ariscv/uu_dtpath/uu_dec/o_pc_plus4_reg[23]
1.26927e-10 2.22258e-07 1.86177e-08 2.41003e-07 /ariscv/uu_dtpath/uu_dec/immExt_ff_reg[18]
1.31503e-10 2.43364e-07 4.63638e-09 2.48131e-07 /ariscv/uu_dtpath/uu_dec/o_wr_addr_reg_reg[2]
1.24811e-10 2.07749e-07 4.42523e-10 2.08316e-07 /ariscv/uu_dtpath/uu_dec/o_pc_plus4_reg[22]
1.24811e-10 2.07751e-07 3.98001e-10 2.08274e-07 /ariscv/uu_dtpath/uu_dec/o_pc_plus4_reg[21]
1.30025e-10 2.30705e-07 5.93427e-09 2.36770e-07 /ariscv/uu_dtpath/uu_dec/o_wr_addr_reg_reg[1]
1.24803e-10 2.07750e-07 2.88719e-10 2.08163e-07 /ariscv/uu_dtpath/uu_dec/o_pc_plus4_reg[20]
1.24803e-10 2.07748e-07 3.93616e-10 2.08267e-07 /ariscv/uu_dtpath/uu_dec/o_pc_plus4_reg[19]
1.26523e-10 2.24120e-07 1.10044e-08 2.35251e-07 /ariscv/uu_dtpath/uu_dec/immExt_ff_reg[28]
1.26513e-10 2.22238e-07 1.66661e-08 2.39031e-07 /ariscv/uu_dtpath/uu_dec/immExt_ff_reg[17]
1.30457e-10 2.43362e-07 7.23823e-09 2.50731e-07 /ariscv/uu_dtpath/uu_dec/o_wr_addr_reg_reg[0]
1.24803e-10 2.07749e-07 6.83010e-10 2.08557e-07 /ariscv/uu_dtpath/uu_dec/o_pc_plus4_reg[18]
1.24796e-10 2.07748e-07 3.35940e-10 2.08209e-07 /ariscv/uu_dtpath/uu_dec/o_pc_plus4_reg[17]
1.24803e-10 2.07752e-07 1.40380e-09 2.09281e-07 /ariscv/uu_dtpath/uu_dec/o_pc_reg[31]
1.24796e-10 2.07746e-07 3.68657e-10 2.08239e-07 /ariscv/uu_dtpath/uu_dec/o_pc_plus4_reg[16]
1.24795e-10 2.07748e-07 7.13366e-10 2.08586e-07 /ariscv/uu_dtpath/uu_dec/o_pc_plus4_reg[15]
1.26930e-10 2.22263e-07 2.00276e-08 2.42417e-07 /ariscv/uu_dtpath/uu_dec/immExt_ff_reg[16]
1.24795e-10 2.07747e-07 4.16552e-10 2.08289e-07 /ariscv/uu_dtpath/uu_dec/o_pc_reg[30]
1.24803e-10 2.07754e-07 3.67645e-10 2.08247e-07 /ariscv/uu_dtpath/uu_dec/o_pc_plus4_reg[14]
1.24803e-10 2.07753e-07 6.51642e-10 2.08529e-07 /ariscv/uu_dtpath/uu_dec/o_pc_plus4_reg[13]
1.24803e-10 2.07754e-07 1.27023e-09 2.09149e-07 /ariscv/uu_dtpath/uu_dec/o_pc_reg[29]
1.24796e-10 2.07749e-07 4.84347e-10 2.08358e-07 /ariscv/uu_dtpath/uu_dec/o_pc_plus4_reg[12]
1.24796e-10 2.07746e-07 4.69843e-10 2.08340e-07 /ariscv/uu_dtpath/uu_dec/o_pc_plus4_reg[11]
1.32412e-10 2.48742e-07 2.24972e-09 2.51124e-07 /ariscv/uu_dtpath/uu_dec/rd2_ff_reg[12]
1.29181e-10 2.35068e-07 3.75049e-08 2.72702e-07 /ariscv/uu_dtpath/uu_dec/rd2_ff_reg[7]
1.26518e-10 2.22298e-07 9.82456e-09 2.32249e-07 /ariscv/uu_dtpath/uu_dec/immExt_ff_reg[27]
1.26934e-10 2.22276e-07 2.03986e-08 2.42801e-07 /ariscv/uu_dtpath/uu_dec/immExt_ff_reg[15]
1.24795e-10 2.07750e-07 1.32453e-09 2.09199e-07 /ariscv/uu_dtpath/uu_dec/o_pc_reg[28]
1.24796e-10 2.07747e-07 7.68344e-10 2.08640e-07 /ariscv/uu_dtpath/uu_dec/o_pc_plus4_reg[10]
1.24795e-10 2.07748e-07 5.81149e-10 2.08454e-07 /ariscv/uu_dtpath/uu_dec/o_pc_plus4_reg[9]
1.24803e-10 2.07754e-07 1.40245e-09 2.09281e-07 /ariscv/uu_dtpath/uu_dec/o_pc_reg[27]
1.31260e-10 2.09026e-07 1.91445e-09 2.11072e-07 /ariscv/uu_dtpath/uu_dec/o_pc_plus4_reg[8]
1.31916e-10 2.11588e-07 1.62169e-09 2.13341e-07 /ariscv/uu_dtpath/uu_dec/o_pc_plus4_reg[7]
1.26515e-10 2.22276e-07 1.71447e-08 2.39547e-07 /ariscv/uu_dtpath/uu_dec/immExt_ff_reg[14]
1.24795e-10 2.07745e-07 1.36366e-09 2.09233e-07 /ariscv/uu_dtpath/uu_dec/o_pc_reg[26]
1.33278e-10 2.15420e-07 2.93239e-09 2.18486e-07 /ariscv/uu_dtpath/uu_dec/o_pc_plus4_reg[6]
1.33929e-10 2.23078e-07 5.26610e-09 2.28478e-07 /ariscv/uu_dtpath/uu_dec/o_pc_plus4_reg[5]
1.24803e-10 2.07751e-07 2.12930e-09 2.10005e-07 /ariscv/uu_dtpath/uu_dec/o_pc_reg[25]
1.34301e-10 2.39754e-07 1.16722e-08 2.51560e-07 /ariscv/uu_dtpath/uu_dec/o_pc_plus4_reg[4]
1.34358e-10 2.71585e-07 2.48049e-08 2.96524e-07 /ariscv/uu_dtpath/uu_dec/o_pc_plus4_reg[3]
1.26939e-10 2.22314e-07 1.46812e-08 2.37122e-07 /ariscv/uu_dtpath/uu_dec/immExt_ff_reg[26]
1.26939e-10 2.22257e-07 1.23846e-08 2.34769e-07 /ariscv/uu_dtpath/uu_dec/immExt_ff_reg[13]
1.24803e-10 2.07754e-07 1.88882e-09 2.09768e-07 /ariscv/uu_dtpath/uu_dec/o_pc_reg[24]
1.34523e-10 3.07532e-07 3.77305e-08 3.45397e-07 /ariscv/uu_dtpath/uu_dec/o_pc_plus4_reg[2]
1.40318e-10 2.40744e-07 7.43925e-09 2.48324e-07 /ariscv/uu_dtpath/uu_dec/o_regWrite_reg
1.24803e-10 2.07750e-07 1.29890e-09 2.09173e-07 /ariscv/uu_dtpath/uu_dec/o_pc_reg[23]
1.25458e-10 2.15406e-07 1.74244e-09 2.17274e-07 /ariscv/uu_dtpath/uu_dec/o_resultSrc_reg[1]
1.26545e-10 2.17942e-07 5.67961e-09 2.23749e-07 /ariscv/uu_dtpath/uu_dec/o_resultSrc_reg[0]
1.26515e-10 2.22291e-07 1.64287e-08 2.38846e-07 /ariscv/uu_dtpath/uu_dec/immExt_ff_reg[12]
1.24803e-10 2.07751e-07 1.86420e-09 2.09740e-07 /ariscv/uu_dtpath/uu_dec/o_pc_reg[22]
1.25883e-10 2.15385e-07 1.41236e-08 2.29635e-07 /ariscv/uu_dtpath/uu_dec/o_memWrite_reg
1.25223e-10 2.12844e-07 4.51124e-09 2.17481e-07 /ariscv/uu_dtpath/uu_dec/o_jump_reg
1.24795e-10 2.07752e-07 7.29556e-10 2.08606e-07 /ariscv/uu_dtpath/uu_dec/o_pc_reg[21]
1.27373e-10 2.28051e-07 1.15252e-08 2.39704e-07 /ariscv/uu_dtpath/uu_dec/o_branch_reg
1.29191e-10 2.35792e-07 3.20546e-08 2.67976e-07 /ariscv/uu_dtpath/uu_dec/rd2_ff_reg[5]
1.26523e-10 2.22275e-07 1.58981e-08 2.38300e-07 /ariscv/uu_dtpath/uu_dec/immExt_ff_reg[25]
1.26519e-10 2.25882e-07 2.49473e-08 2.50956e-07 /ariscv/uu_dtpath/uu_dec/immExt_ff_reg[11]
1.24803e-10 2.07750e-07 7.19100e-10 2.08594e-07 /ariscv/uu_dtpath/uu_dec/o_pc_reg[20]
1.28476e-10 2.31521e-07 2.93637e-08 2.61013e-07 /ariscv/uu_dtpath/uu_dec/o_aluControl_reg[2]
1.24811e-10 2.07746e-07 3.46058e-10 2.08217e-07 /ariscv/uu_dtpath/uu_dec/o_pc_reg[19]
1.30705e-10 2.46645e-07 5.26353e-08 2.99411e-07 /ariscv/uu_dtpath/uu_dec/o_aluControl_reg[0]
3.96670e-10 3.55986e-07 3.70165e-07 7.26548e-07 /ariscv/uu_dtpath/uu_dec/o_aluSrc_reg
1.25455e-10 2.15349e-07 1.43999e-08 2.29874e-07 /ariscv/uu_dtpath/uu_dec/immExt_ff_reg[10]
1.24811e-10 2.07746e-07 2.03722e-10 2.08074e-07 /ariscv/uu_dtpath/uu_dec/o_pc_reg[18]
1.28279e-10 2.28076e-07 3.97131e-08 2.67917e-07 /ariscv/uu_dtpath/uu_dec/o_funct3_reg[2]
1.29162e-10 2.35662e-07 1.25596e-08 2.48351e-07 /ariscv/uu_dtpath/uu_dec/o_funct3_reg[1]
1.24805e-10 2.07754e-07 1.04796e-09 2.08927e-07 /ariscv/uu_dtpath/uu_dec/o_pc_reg[17]
1.28502e-10 2.38174e-07 2.61230e-08 2.64425e-07 /ariscv/uu_dtpath/uu_dec/o_funct3_reg[0]
1.26940e-10 2.22281e-07 1.29634e-08 2.35372e-07 /ariscv/uu_dtpath/uu_dec/immExt_ff_reg[24]
1.26727e-10 2.17225e-07 1.45392e-08 2.31891e-07 /ariscv/uu_dtpath/uu_dec/immExt_ff_reg[9]
1.24811e-10 2.07745e-07 1.61899e-10 2.08031e-07 /ariscv/uu_dtpath/uu_dec/o_pc_reg[16]
1.24805e-10 2.07752e-07 1.36332e-09 2.09241e-07 /ariscv/uu_dtpath/uu_dec/o_pc_reg[15]
1.25017e-10 2.10293e-07 7.94518e-09 2.18363e-07 /ariscv/uu_dtpath/uu_dec/immExt_ff_reg[8]
1.24803e-10 2.07750e-07 1.26146e-09 2.09137e-07 /ariscv/uu_dtpath/uu_dec/o_pc_reg[14]
1.24805e-10 2.07754e-07 1.34916e-09 2.09228e-07 /ariscv/uu_dtpath/uu_dec/o_pc_reg[13]
1.32871e-10 2.50649e-07 7.58057e-09 2.58362e-07 /ariscv/uu_dtpath/uu_dec/rd2_ff_reg[18]
2.24575e-10 2.50751e-07 1.36460e-07 3.87436e-07 /ariscv/uu_dtpath/uu_dec/rd1_ff_reg[5]
2.26069e-10 2.60917e-07 1.86179e-07 4.47322e-07 /ariscv/uu_dtpath/uu_dec/rd1_ff_reg[6]
2.20852e-10 2.45342e-07 1.39719e-07 3.85282e-07 /ariscv/uu_dtpath/uu_dec/rd1_ff_reg[7]
2.18264e-10 2.14168e-07 2.52178e-08 2.39604e-07 /ariscv/uu_dtpath/uu_dec/rd1_ff_reg[8]
1.32840e-10 2.50610e-07 3.10168e-08 2.81760e-07 /ariscv/uu_dtpath/uu_dec/rd2_ff_reg[26]
2.27209e-10 2.66089e-07 2.21093e-07 4.87409e-07 /ariscv/uu_dtpath/uu_dec/rd1_ff_reg[9]
2.21235e-10 2.45327e-07 1.00271e-07 3.45819e-07 /ariscv/uu_dtpath/uu_dec/rd1_ff_reg[10]
1.32659e-10 2.48928e-07 1.08378e-08 2.59899e-07 /ariscv/uu_dtpath/uu_dec/rd2_ff_reg[22]
1.32850e-10 2.42576e-07 1.80618e-08 2.60770e-07 /ariscv/uu_dtpath/uu_dec/rd1_ff_reg[12]
2.31327e-10 2.50429e-07 1.62901e-07 4.13561e-07 /ariscv/uu_dtpath/uu_dec/rd1_ff_reg[13]
2.31320e-10 2.50537e-07 1.24059e-07 3.74827e-07 /ariscv/uu_dtpath/uu_dec/rd1_ff_reg[14]
1.24803e-10 2.07753e-07 2.08816e-09 2.09966e-07 /ariscv/uu_dtpath/uu_dec/o_pc_plus4_reg[0]
2.31329e-10 2.50517e-07 1.65550e-07 4.16298e-07 /ariscv/uu_dtpath/uu_dec/rd1_ff_reg[15]
2.31327e-10 2.50515e-07 1.59529e-07 4.10275e-07 /ariscv/uu_dtpath/uu_dec/rd1_ff_reg[17]
2.31325e-10 2.50519e-07 1.47247e-07 3.97998e-07 /ariscv/uu_dtpath/uu_dec/rd1_ff_reg[18]
2.31325e-10 2.50531e-07 1.67367e-07 4.18130e-07 /ariscv/uu_dtpath/uu_dec/rd1_ff_reg[19]
1.55095e-10 2.33755e-07 4.92199e-08 2.83130e-07 /ariscv/uu_dtpath/uu_dec/rd1_ff_reg[20]
2.31335e-10 2.50525e-07 1.72224e-07 4.22980e-07 /ariscv/uu_dtpath/uu_dec/rd1_ff_reg[21]
1.33076e-10 2.50599e-07 3.31491e-08 2.83881e-07 /ariscv/uu_dtpath/uu_dec/rd2_ff_reg[3]
2.31320e-10 2.50528e-07 1.49506e-07 4.00265e-07 /ariscv/uu_dtpath/uu_dec/rd1_ff_reg[22]
2.31315e-10 2.50449e-07 1.46427e-07 3.97108e-07 /ariscv/uu_dtpath/uu_dec/rd1_ff_reg[23]
2.31332e-10 2.50515e-07 1.35143e-07 3.85889e-07 /ariscv/uu_dtpath/uu_dec/rd1_ff_reg[24]
2.31320e-10 2.50516e-07 1.57465e-07 4.08212e-07 /ariscv/uu_dtpath/uu_dec/rd1_ff_reg[31]
2.31335e-10 2.50461e-07 1.17706e-07 3.68398e-07 /ariscv/uu_dtpath/uu_dec/rd1_ff_reg[25]
2.31332e-10 2.50471e-07 1.25005e-07 3.75708e-07 /ariscv/uu_dtpath/uu_dec/rd1_ff_reg[26]
2.29799e-10 2.97303e-07 2.93168e-07 5.90701e-07 /ariscv/uu_dtpath/uu_dec/rd1_ff_reg[3]
2.31294e-10 2.59572e-07 1.04994e-07 3.64797e-07 /ariscv/uu_dtpath/uu_dec/rd1_ff_reg[28]
2.31338e-10 2.50487e-07 1.32964e-07 3.83682e-07 /ariscv/uu_dtpath/uu_dec/rd1_ff_reg[30]
1.25256e-10 2.12846e-07 7.86558e-09 2.20837e-07 /ariscv/uu_dtpath/uu_dec/rd2_ff_reg[0]
1.33292e-10 2.44501e-07 4.71368e-08 2.91771e-07 /ariscv/uu_dtpath/uu_dec/rd2_ff_reg[1]
1.28970e-10 2.33256e-07 5.07148e-08 2.84099e-07 /ariscv/uu_dtpath/uu_dec/rd2_ff_reg[2]
1.30285e-10 2.47919e-07 5.33045e-08 3.01354e-07 /ariscv/uu_dtpath/uu_dec/rd2_ff_reg[4]
1.47615e-10 2.24096e-07 4.24667e-08 2.66710e-07 /ariscv/uu_dtpath/uu_dec/rd2_ff_reg[6]
1.25475e-10 2.14676e-07 6.34104e-09 2.21143e-07 /ariscv/uu_dtpath/uu_dec/rd2_ff_reg[8]
1.26992e-10 2.24814e-07 6.45875e-09 2.31399e-07 /ariscv/uu_dtpath/uu_dec/rd2_ff_reg[9]
1.32659e-10 2.53080e-07 6.46911e-08 3.17904e-07 /ariscv/uu_dtpath/uu_dec/rd2_ff_reg[13]
1.32864e-10 2.50705e-07 1.48481e-08 2.65686e-07 /ariscv/uu_dtpath/uu_dec/rd2_ff_reg[15]
1.32639e-10 2.48897e-07 1.14736e-08 2.60504e-07 /ariscv/uu_dtpath/uu_dec/rd2_ff_reg[17]
1.32629e-10 2.48949e-07 1.80760e-08 2.67158e-07 /ariscv/uu_dtpath/uu_dec/rd2_ff_reg[19]
1.32682e-10 2.47055e-07 9.36079e-09 2.56548e-07 /ariscv/uu_dtpath/uu_dec/rd2_ff_reg[20]
1.32867e-10 2.50626e-07 2.24972e-09 2.53008e-07 /ariscv/uu_dtpath/uu_dec/rd2_ff_reg[21]
1.32866e-10 2.50622e-07 5.39932e-08 3.04748e-07 /ariscv/uu_dtpath/uu_dec/rd2_ff_reg[23]
1.32867e-10 2.50576e-07 3.51739e-08 2.85883e-07 /ariscv/uu_dtpath/uu_dec/rd2_ff_reg[24]
1.32673e-10 2.48806e-07 2.71336e-08 2.76072e-07 /ariscv/uu_dtpath/uu_dec/rd2_ff_reg[25]
1.32654e-10 2.48865e-07 2.90703e-08 2.78068e-07 /ariscv/uu_dtpath/uu_dec/rd2_ff_reg[27]
1.32656e-10 2.48923e-07 9.16516e-09 2.58221e-07 /ariscv/uu_dtpath/uu_dec/rd2_ff_reg[28]
1.32664e-10 2.49552e-07 1.88103e-08 2.68495e-07 /ariscv/uu_dtpath/uu_dec/rd2_ff_reg[29]
1.32410e-10 2.51394e-07 7.28572e-08 3.24383e-07 /ariscv/uu_dtpath/uu_dec/rd2_ff_reg[30]
1.32648e-10 2.53247e-07 6.88630e-08 3.22242e-07 /ariscv/uu_dtpath/uu_dec/rd2_ff_reg[31]
1.24803e-10 2.07754e-07 2.28614e-09 2.10165e-07 /ariscv/uu_dtpath/uu_dec/o_pc_plus4_reg[1]
2.31323e-10 2.50519e-07 1.24007e-07 3.74758e-07 /ariscv/uu_dtpath/uu_dec/rd1_ff_reg[27]
1.33651e-10 1.86410e-07 6.89790e-09 1.93441e-07 /ariscv/uu_dtpath/uu_dec/rd1_ff_reg[29]
1.28852e-10 1.64754e-07 2.91418e-09 1.67797e-07 /ariscv/uu_dtpath/uu_dec/rd1_ff_reg[0]
1.85420e-10 2.36773e-07 8.19097e-08 3.18868e-07 /ariscv/uu_dtpath/uu_dec/rd1_ff_reg[1]
1.31310e-10 1.90255e-07 2.40194e-08 2.14406e-07 /ariscv/uu_dtpath/uu_dec/rd1_ff_reg[2]
1.30068e-10 1.83349e-07 2.87465e-08 2.12225e-07 /ariscv/uu_dtpath/uu_dec/o_aluControl_reg[3]
1.30340e-10 1.83888e-07 1.96353e-08 2.03654e-07 /ariscv/uu_dtpath/uu_dec/o_aluControl_reg[1]
1.31452e-10 1.86411e-07 1.87556e-08 2.05299e-07 /ariscv/uu_dtpath/uu_dec/rd1_ff_reg[4]
1.86585e-10 1.99586e-07 2.97017e-08 2.29474e-07 /ariscv/uu_dtpath/uu_dec/rd1_ff_reg[16]
2.25411e-10 2.83704e-07 5.89750e-08 3.42905e-07 /ariscv/uu_dtpath/uu_dec/immExt_ff_reg[0]
1.32264e-10 1.95675e-07 1.96734e-08 2.15480e-07 /ariscv/uu_dtpath/uu_dec/rd1_ff_reg[11]
5.12940e-11 7.86489e-10 4.75577e-10 1.31336e-09 /ariscv/uu_dtpath/uu_dec/uu_reg_file/FE_OFC546_n_117
5.12930e-11 8.03201e-10 1.04931e-09 1.90380e-09 /ariscv/uu_dtpath/uu_dec/uu_reg_file/FE_OFC544_n_717
2.34179e-10 9.29986e-09 4.57587e-08 5.52927e-08 /ariscv/uu_dtpath/uu_dec/uu_reg_file/FE_OFC542_rst_async_n
2.34178e-10 9.29666e-09 4.10150e-08 5.05459e-08 /ariscv/uu_dtpath/uu_dec/uu_reg_file/FE_OFC541_n
5.33770e-11 3.11745e-08 2.32568e-08 5.44847e-08 /ariscv/uu_dtpath/uu_dec/uu_reg_file/FE_OFC533_n_2272
1.16361e-10 1.53041e-09 8.33238e-09 9.97916e-09 /ariscv/uu_dtpath/uu_dec/uu_reg_file/FE_OFC532_n_43
5.63330e-11 2.43669e-09 1.18176e-08 1.43106e-08 /ariscv/uu_dtpath/uu_dec/uu_reg_file/FE_OFC531_rst_async_n
5.12940e-11 7.96237e-10 1.16567e-09 2.01320e-09 /ariscv/uu_dtpath/uu_dec/uu_reg_file/FE_OFC530_n_2232
1.16348e-10 4.73672e-09 2.64907e-08 3.13438e-08 /ariscv/uu_dtpath/uu_dec/uu_reg_file/FE_OFC527_rst_async_n
1.16361e-10 1.53175e-09 8.40321e-09 1.00513e-08 /ariscv/uu_dtpath/uu_dec/uu_reg_file/FE_OFC526_n_55
1.14414e-10 6.67170e-08 1.25455e-08 7.93768e-08 /ariscv/uu_dtpath/uu_dec/uu_reg_file/FE_OFC525_n_789
1.13756e-10 4.13973e-08 2.07772e-07 2.49283e-07 /ariscv/uu_dtpath/uu_dec/uu_reg_file/FE_OFC524_wr_dt_reg_7
5.33840e-11 2.62529e-08 4.13388e-08 6.76452e-08 /ariscv/uu_dtpath/uu_dec/uu_reg_file/FE_OFC522_n_771
1.16361e-10 1.53057e-09 8.63088e-09 1.02778e-08 /ariscv/uu_dtpath/uu_dec/uu_reg_file/FE_OFC519_n_45
1.14380e-10 5.38733e-08 1.91361e-08 7.31238e-08 /ariscv/uu_dtpath/uu_dec/uu_reg_file/FE_OFC517_n_2278
2.37545e-10 1.05280e-07 2.38345e-08 1.29352e-07 /ariscv/uu_dtpath/uu_dec/uu_reg_file/FE_OFC516_n_2292
2.39693e-10 9.08855e-09 3.47576e-09 1.28040e-08 /ariscv/uu_dtpath/uu_dec/uu_reg_file/FE_OFC515_n_781
1.13086e-10 4.58399e-09 2.52137e-08 2.99108e-08 /ariscv/uu_dtpath/uu_dec/uu_reg_file/FE_OFC514_n_85
1.14340e-10 5.72118e-08 2.44727e-08 8.17988e-08 /ariscv/uu_dtpath/uu_dec/uu_reg_file/FE_OFC513_n_2273
2.39695e-10 1.50138e-08 7.02067e-09 2.22742e-08 /ariscv/uu_dtpath/uu_dec/uu_reg_file/FE_OFC512_n_2284
1.14415e-10 6.05009e-08 3.09257e-08 9.15410e-08 /ariscv/uu_dtpath/uu_dec/uu_reg_file/FE_OFC511_n_791
5.61270e-11 7.23844e-09 3.26692e-08 3.99637e-08 /ariscv/uu_dtpath/uu_dec/uu_reg_file/FE_OFC492_n_3
9.10680e-11 3.72673e-09 2.66627e-08 3.04805e-08 /ariscv/uu_dtpath/uu_dec/uu_reg_file/FE_OFC478_rst_async_n
5.63330e-11 2.43691e-09 1.42754e-08 1.67687e-08 /ariscv/uu_dtpath/uu_dec/uu_reg_file/FE_OFC468_n
1.88234e-10 6.45673e-08 3.60429e-07 4.25185e-07 /ariscv/uu_dtpath/uu_dec/uu_reg_file/FE_OFC458_wr_dt_reg_16
5.29930e-11 1.97207e-08 1.10934e-07 1.30708e-07 /ariscv/uu_dtpath/uu_dec/uu_reg_file/FE_OFC457_wr_dt_reg_26
1.88203e-10 7.09348e-08 3.14812e-07 3.85935e-07 /ariscv/uu_dtpath/uu_dec/uu_reg_file/FE_OFC456_wr_dt_reg_15
1.88294e-10 6.47438e-08 3.50521e-07 4.15453e-07 /ariscv/uu_dtpath/uu_dec/uu_reg_file/FE_OFC455_wr_dt_reg_17
1.88232e-10 5.98293e-08 3.14387e-07 3.74405e-07 /ariscv/uu_dtpath/uu_dec/uu_reg_file/FE_OFC454_wr_dt_reg_18
5.26000e-11 2.60122e-08 1.32854e-07 1.58919e-07 /ariscv/uu_dtpath/uu_dec/uu_reg_file/FE_OFC453_wr_dt_reg_2
9.10840e-11 1.19704e-09 7.10364e-09 8.39176e-09 /ariscv/uu_dtpath/uu_dec/uu_reg_file/FE_OFC450_n_39
1.86419e-10 2.35211e-09 1.15855e-08 1.41241e-08 /ariscv/uu_dtpath/uu_dec/uu_reg_file/FE_OFC447_n_48
9.10840e-11 1.19679e-09 8.38770e-09 9.67557e-09 /ariscv/uu_dtpath/uu_dec/uu_reg_file/FE_OFC446_n_50
9.10840e-11 1.19833e-09 6.62267e-09 7.91208e-09 /ariscv/uu_dtpath/uu_dec/uu_reg_file/FE_OFC445_n_52
5.32630e-11 2.79799e-08 5.00065e-08 7.80397e-08 /ariscv/uu_dtpath/uu_dec/uu_reg_file/FE_OFC420_n_2276
5.33280e-11 2.82735e-08 3.67493e-08 6.50761e-08 /ariscv/uu_dtpath/uu_dec/uu_reg_file/FE_OFC419_n_2278
5.34330e-11 2.95905e-08 1.24048e-07 1.53692e-07 /ariscv/uu_dtpath/uu_dec/uu_reg_file/FE_OFC418_n_2291
5.33290e-11 2.82775e-08 4.77163e-08 7.60471e-08 /ariscv/uu_dtpath/uu_dec/uu_reg_file/FE_OFC417_n_2292
5.14600e-11 5.59415e-09 1.38663e-08 1.95119e-08 /ariscv/uu_dtpath/uu_dec/uu_reg_file/FE_OFC416_n_2300
5.33220e-11 3.11133e-08 4.73554e-08 7.85220e-08 /ariscv/uu_dtpath/uu_dec/uu_reg_file/FE_OFC415_n_2302
5.33230e-11 2.79321e-08 9.09939e-08 1.18979e-07 /ariscv/uu_dtpath/uu_dec/uu_reg_file/FE_OFC412_n_2280
1.14489e-10 5.11770e-08 1.17327e-07 1.68619e-07 /ariscv/uu_dtpath/uu_dec/uu_reg_file/FE_OFC411_n_2287
1.14414e-10 5.74396e-08 1.18083e-07 1.75637e-07 /ariscv/uu_dtpath/uu_dec/uu_reg_file/FE_OFC410_n_2289
1.14380e-10 5.37771e-08 1.14297e-07 1.68189e-07 /ariscv/uu_dtpath/uu_dec/uu_reg_file/FE_OFC409_n_2296
8.86010e-11 4.01881e-08 1.05529e-07 1.45805e-07 /ariscv/uu_dtpath/uu_dec/uu_reg_file/FE_OFC400_n_769
5.33800e-11 3.11663e-08 7.82680e-08 1.09488e-07 /ariscv/uu_dtpath/uu_dec/uu_reg_file/FE_OFC399_n_775
5.33790e-11 3.10840e-08 5.97730e-08 9.09104e-08 /ariscv/uu_dtpath/uu_dec/uu_reg_file/FE_OFC398_n_778
1.13785e-10 4.50109e-08 1.15772e-07 1.60897e-07 /ariscv/uu_dtpath/uu_dec/uu_reg_file/FE_OFC397_n_785
1.14415e-10 5.08996e-08 1.08011e-07 1.59025e-07 /ariscv/uu_dtpath/uu_dec/uu_reg_file/FE_OFC396_n_786
5.31520e-11 2.79516e-08 1.09752e-07 1.37757e-07 /ariscv/uu_dtpath/uu_dec/uu_reg_file/FE_OFC395_n_788
5.33820e-11 3.14879e-08 6.97703e-08 1.01312e-07 /ariscv/uu_dtpath/uu_dec/uu_reg_file/FE_OFC394_n_791
5.33760e-11 3.11783e-08 5.17489e-08 8.29806e-08 /ariscv/uu_dtpath/uu_dec/uu_reg_file/FE_OFC393_n_799
5.33770e-11 2.63643e-08 9.99300e-08 1.26348e-07 /ariscv/uu_dtpath/uu_dec/uu_reg_file/FE_OFC392_n_777
8.85970e-11 4.73263e-08 1.30596e-07 1.78011e-07 /ariscv/uu_dtpath/uu_dec/uu_reg_file/FE_OFC391_n_780
5.14070e-11 2.42247e-09 5.79901e-09 8.27289e-09 /ariscv/uu_dtpath/uu_dec/uu_reg_file/FE_OFC390_n_781
8.82670e-11 4.01441e-08 1.12252e-07 1.52484e-07 /ariscv/uu_dtpath/uu_dec/uu_reg_file/FE_OFC389_n_784
5.33780e-11 2.63909e-08 9.61902e-08 1.22634e-07 /ariscv/uu_dtpath/uu_dec/uu_reg_file/FE_OFC388_n_787
5.33800e-11 3.47685e-08 7.44896e-08 1.09311e-07 /ariscv/uu_dtpath/uu_dec/uu_reg_file/FE_OFC387_n_789
1.14418e-10 5.10958e-08 1.62639e-07 2.13850e-07 /ariscv/uu_dtpath/uu_dec/uu_reg_file/FE_OFC386_n_793
2.39821e-10 3.05386e-09 1.48596e-08 1.81533e-08 /ariscv/uu_dtpath/uu_dec/uu_reg_file/FE_OFC376_n_192
1.89151e-10 2.40592e-09 1.41641e-08 1.67592e-08 /ariscv/uu_dtpath/uu_dec/uu_reg_file/FE_OFC365_n_166
5.33800e-11 3.42557e-08 5.34016e-08 8.77107e-08 /ariscv/uu_dtpath/uu_dec/uu_reg_file/FE_OFC343_n_783
5.33850e-11 2.61119e-08 2.82716e-08 5.44369e-08 /ariscv/uu_dtpath/uu_dec/uu_reg_file/FE_OFC341_n_776
5.24240e-11 1.83562e-08 2.56313e-08 4.40399e-08 /ariscv/uu_dtpath/uu_dec/uu_reg_file/FE_OFC339_n_2271
5.33780e-11 2.94620e-08 6.24734e-08 9.19888e-08 /ariscv/uu_dtpath/uu_dec/uu_reg_file/FE_OFC337_n_2294
5.33220e-11 2.79842e-08 4.83420e-08 7.63795e-08 /ariscv/uu_dtpath/uu_dec/uu_reg_file/FE_OFC336_n_2281
5.24240e-11 1.83625e-08 3.47931e-08 5.32079e-08 /ariscv/uu_dtpath/uu_dec/uu_reg_file/FE_OFC335_n_2299
5.33800e-11 2.95326e-08 4.87707e-08 7.83567e-08 /ariscv/uu_dtpath/uu_dec/uu_reg_file/FE_OFC334_n_2274
5.18560e-11 1.19943e-08 2.57470e-08 3.77931e-08 /ariscv/uu_dtpath/uu_dec/uu_reg_file/FE_OFC333_n_2301
5.32670e-11 2.98813e-08 4.63995e-08 7.63341e-08 /ariscv/uu_dtpath/uu_dec/uu_reg_file/FE_OFC332_n_2273
5.27600e-11 2.15296e-08 5.10437e-08 7.26260e-08 /ariscv/uu_dtpath/uu_dec/uu_reg_file/FE_OFC331_n_798
5.33220e-11 3.10956e-08 6.09701e-08 9.21190e-08 /ariscv/uu_dtpath/uu_dec/uu_reg_file/FE_OFC330_n_2277
5.33260e-11 3.09542e-08 5.18279e-08 8.28354e-08 /ariscv/uu_dtpath/uu_dec/uu_reg_file/FE_OFC328_n_2279
5.33780e-11 2.95945e-08 6.85011e-08 9.81490e-08 /ariscv/uu_dtpath/uu_dec/uu_reg_file/FE_OFC327_n_773
5.14070e-11 3.99408e-09 9.44072e-09 1.34862e-08 /ariscv/uu_dtpath/uu_dec/uu_reg_file/FE_OFC325_n_797
8.85970e-11 4.73075e-08 8.42400e-08 1.31636e-07 /ariscv/uu_dtpath/uu_dec/uu_reg_file/FE_OFC324_n_774
5.22500e-11 2.15650e-08 4.63263e-08 6.79436e-08 /ariscv/uu_dtpath/uu_dec/uu_reg_file/FE_OFC323_n_2275
8.85510e-11 4.26767e-08 7.81735e-08 1.20939e-07 /ariscv/uu_dtpath/uu_dec/uu_reg_file/FE_OFC321_n_2298
5.17980e-11 1.19948e-08 3.82688e-08 5.03154e-08 /ariscv/uu_dtpath/uu_dec/uu_reg_file/FE_OFC320_n_796
5.18560e-11 1.35967e-08 3.65881e-08 5.02367e-08 /ariscv/uu_dtpath/uu_dec/uu_reg_file/FE_OFC319_n_768
5.24260e-11 1.84017e-08 5.97805e-08 7.82345e-08 /ariscv/uu_dtpath/uu_dec/uu_reg_file/FE_OFC317_n_2295
5.28140e-11 2.47897e-08 6.95844e-08 9.44269e-08 /ariscv/uu_dtpath/uu_dec/uu_reg_file/FE_OFC315_n_772
8.71350e-11 1.33918e-08 3.42895e-08 4.77685e-08 /ariscv/uu_dtpath/uu_dec/uu_reg_file/FE_OFC314_n_2297
5.33760e-11 2.63965e-08 9.51884e-08 1.21638e-07 /ariscv/uu_dtpath/uu_dec/uu_reg_file/FE_OFC313_n_782
5.33200e-11 2.79664e-08 9.59638e-08 1.23984e-07 /ariscv/uu_dtpath/uu_dec/uu_reg_file/FE_OFC312_n_2290
1.88570e-10 5.50682e-08 6.90276e-08 1.24284e-07 /ariscv/uu_dtpath/uu_dec/uu_reg_file/FE_OFC311_n_2288
5.23590e-11 2.15763e-08 8.18156e-08 1.03444e-07 /ariscv/uu_dtpath/uu_dec/uu_reg_file/FE_OFC310_n_792
5.33770e-11 2.95893e-08 1.07974e-07 1.37617e-07 /ariscv/uu_dtpath/uu_dec/uu_reg_file/FE_OFC309_n_2285
5.33790e-11 3.11988e-08 9.68155e-08 1.28068e-07 /ariscv/uu_dtpath/uu_dec/uu_reg_file/FE_OFC308_n_2283
5.33800e-11 2.64111e-08 8.68405e-08 1.13305e-07 /ariscv/uu_dtpath/uu_dec/uu_reg_file/FE_OFC307_n_795
5.14070e-11 4.03530e-09 8.12530e-09 1.22120e-08 /ariscv/uu_dtpath/uu_dec/uu_reg_file/FE_OFC306_n_2284
5.25870e-11 1.67956e-08 7.65609e-08 9.34091e-08 /ariscv/uu_dtpath/uu_dec/uu_reg_file/FE_OFC305_n_794
5.33840e-11 2.30733e-08 6.23172e-08 8.54439e-08 /ariscv/uu_dtpath/uu_dec/uu_reg_file/FE_OFC304_n_770
1.13975e-10 5.11244e-08 1.48604e-07 1.99842e-07 /ariscv/uu_dtpath/uu_dec/uu_reg_file/FE_OFC294_n_2293
5.24780e-11 1.35833e-08 7.06820e-08 8.43178e-08 /ariscv/uu_dtpath/uu_dec/uu_reg_file/FE_OFC292_n_790
1.88024e-10 9.46286e-08 1.04932e-07 1.99748e-07 /ariscv/uu_dtpath/uu_dec/uu_reg_file/FE_OFC291_n_2272
5.63530e-11 7.95548e-10 8.62448e-10 1.71435e-09 /ariscv/uu_dtpath/uu_dec/uu_reg_file/FE_OFC283_n_620
5.63530e-11 7.92447e-10 6.14540e-10 1.46334e-09 /ariscv/uu_dtpath/uu_dec/uu_reg_file/FE_OFC282_n_555
5.63530e-11 7.88179e-10 6.37813e-10 1.48235e-09 /ariscv/uu_dtpath/uu_dec/uu_reg_file/FE_OFC276_n_520
1.13050e-10 1.52229e-09 1.04114e-08 1.20468e-08 /ariscv/uu_dtpath/uu_dec/uu_reg_file/FE_OFC269_n_121
1.16324e-10 4.59726e-09 2.51449e-08 2.98585e-08 /ariscv/uu_dtpath/uu_dec/uu_reg_file/FE_OFC261_n_36
1.86419e-10 2.36791e-09 8.92500e-09 1.14793e-08 /ariscv/uu_dtpath/uu_dec/uu_reg_file/FE_OFC260_n_27
1.13050e-10 1.52309e-09 9.97262e-09 1.16088e-08 /ariscv/uu_dtpath/uu_dec/uu_reg_file/FE_OFC257_n_120
1.13050e-10 1.52099e-09 1.08162e-08 1.24502e-08 /ariscv/uu_dtpath/uu_dec/uu_reg_file/FE_OFC256_n_88
5.63530e-11 7.87644e-10 3.74458e-09 4.58858e-09 /ariscv/uu_dtpath/uu_dec/uu_reg_file/FE_OFC255_n_35
1.86814e-10 1.67047e-08 9.42474e-08 1.11139e-07 /ariscv/uu_dtpath/uu_dec/uu_reg_file/FE_OFC254_n_28
1.16324e-10 4.59435e-09 2.47978e-08 2.95085e-08 /ariscv/uu_dtpath/uu_dec/uu_reg_file/FE_OFC253_n_41
1.16324e-10 4.70616e-09 2.52886e-08 3.01111e-08 /ariscv/uu_dtpath/uu_dec/uu_reg_file/FE_OFC252_n_41
9.08040e-11 1.32983e-08 8.89516e-08 1.02341e-07 /ariscv/uu_dtpath/uu_dec/uu_reg_file/FE_OFC246_n_37
1.86418e-10 2.37883e-09 1.54384e-08 1.80036e-08 /ariscv/uu_dtpath/uu_dec/uu_reg_file/FE_OFC245_n_44
9.10850e-11 1.20151e-09 5.70558e-09 6.99817e-09 /ariscv/uu_dtpath/uu_dec/uu_reg_file/FE_OFC244_n_51
1.86419e-10 2.37192e-09 1.49857e-08 1.75441e-08 /ariscv/uu_dtpath/uu_dec/uu_reg_file/FE_OFC242_n_56
1.86449e-10 7.15670e-09 4.73149e-08 5.46581e-08 /ariscv/uu_dtpath/uu_dec/uu_reg_file/FE_OFC240_n_29
1.86419e-10 2.36270e-09 1.53696e-08 1.79187e-08 /ariscv/uu_dtpath/uu_dec/uu_reg_file/FE_OFC239_n_42
1.86419e-10 2.36376e-09 1.52782e-08 1.78283e-08 /ariscv/uu_dtpath/uu_dec/uu_reg_file/FE_OFC238_n_30
1.86430e-10 7.34763e-09 3.82698e-08 4.58039e-08 /ariscv/uu_dtpath/uu_dec/uu_reg_file/FE_OFC221_rst_async_n
1.86430e-10 7.35189e-09 5.07401e-08 5.82784e-08 /ariscv/uu_dtpath/uu_dec/uu_reg_file/FE_OFC215_rst_async_n
1.89121e-10 7.21042e-09 4.71641e-08 5.45637e-08 /ariscv/uu_dtpath/uu_dec/uu_reg_file/FE_OFC207_n_169
1.89151e-10 2.41159e-09 1.51682e-08 1.77690e-08 /ariscv/uu_dtpath/uu_dec/uu_reg_file/FE_OFC203_n_164
1.89151e-10 2.41285e-09 1.67501e-08 1.93521e-08 /ariscv/uu_dtpath/uu_dec/uu_reg_file/FE_OFC202_n_193
1.89090e-10 7.24054e-09 4.71176e-08 5.45472e-08 /ariscv/uu_dtpath/uu_dec/uu_reg_file/FE_OFC201_n_163
1.89151e-10 2.39794e-09 1.50579e-08 1.76450e-08 /ariscv/uu_dtpath/uu_dec/uu_reg_file/FE_OFC200_n_190
5.51660e-11 1.36257e-08 2.84230e-08 4.21039e-08 /ariscv/uu_dtpath/uu_dec/uu_reg_file/FE_OFC199_n_13
5.63530e-11 7.90229e-10 4.17226e-10 1.26381e-09 /ariscv/uu_dtpath/uu_dec/uu_reg_file/FE_OFC193_n_2143
5.63530e-11 7.83802e-10 3.13341e-10 1.15350e-09 /ariscv/uu_dtpath/uu_dec/uu_reg_file/FE_OFC185_n_2162
5.63530e-11 7.92537e-10 7.76776e-10 1.62567e-09 /ariscv/uu_dtpath/uu_dec/uu_reg_file/FE_OFC180_n_2042
8.82260e-11 3.37180e-08 2.13758e-07 2.47564e-07 /ariscv/uu_dtpath/uu_dec/uu_reg_file/FE_OFC173_wr_dt_reg_13
5.63530e-11 7.92138e-10 8.35127e-10 1.68362e-09 /ariscv/uu_dtpath/uu_dec/uu_reg_file/FE_OFC164_n_2023
1.88874e-10 3.32760e-08 1.37468e-07 1.70933e-07 /ariscv/uu_dtpath/uu_dec/uu_reg_file/FE_OFC153_wr_dt_reg_8
5.41130e-11 3.04680e-08 8.12597e-08 1.11782e-07 /ariscv/uu_dtpath/uu_dec/uu_reg_file/FE_OFC140_n_12
1.88294e-10 6.69559e-08 3.79577e-07 4.46721e-07 /ariscv/uu_dtpath/uu_dec/uu_reg_file/FE_OFC133_wr_dt_reg_12
1.88719e-10 6.22442e-08 3.39030e-07 4.01463e-07 /ariscv/uu_dtpath/uu_dec/uu_reg_file/FE_OFC128_wr_dt_reg_6
8.81820e-11 3.01049e-08 2.17585e-07 2.47778e-07 /ariscv/uu_dtpath/uu_dec/uu_reg_file/FE_OFC126_wr_dt_reg_28
1.14161e-10 3.85486e-08 2.32468e-07 2.71131e-07 /ariscv/uu_dtpath/uu_dec/uu_reg_file/FE_OFC125_wr_dt_reg_21
1.14090e-10 4.15553e-08 2.30639e-07 2.72308e-07 /ariscv/uu_dtpath/uu_dec/uu_reg_file/FE_OFC120_wr_dt_reg_31
1.88509e-10 6.47742e-08 3.69764e-07 4.34726e-07 /ariscv/uu_dtpath/uu_dec/uu_reg_file/FE_OFC118_wr_dt_reg_4
8.77080e-11 2.88866e-08 2.16378e-07 2.45352e-07 /ariscv/uu_dtpath/uu_dec/uu_reg_file/FE_OFC116_wr_dt_reg_9
1.13718e-10 3.53032e-08 1.98068e-07 2.33485e-07 /ariscv/uu_dtpath/uu_dec/uu_reg_file/FE_OFC110_wr_dt_reg_10
1.14089e-10 3.83652e-08 2.35015e-07 2.73494e-07 /ariscv/uu_dtpath/uu_dec/uu_reg_file/FE_OFC108_wr_dt_reg_27
8.78040e-11 3.49605e-08 2.72822e-07 3.07871e-07 /ariscv/uu_dtpath/uu_dec/uu_reg_file/FE_OFC103_wr_dt_reg_11
1.88600e-10 5.03404e-08 2.94564e-07 3.45093e-07 /ariscv/uu_dtpath/uu_dec/uu_reg_file/FE_OFC102_wr_dt_reg_5
8.82280e-11 3.37048e-08 2.23598e-07 2.57391e-07 /ariscv/uu_dtpath/uu_dec/uu_reg_file/FE_OFC98_wr_dt_reg_14
1.88234e-10 7.67679e-08 4.65966e-07 5.42922e-07 /ariscv/uu_dtpath/uu_dec/uu_reg_file/FE_OFC88_wr_dt_reg_3
1.14089e-10 3.83348e-08 2.15730e-07 2.54179e-07 /ariscv/uu_dtpath/uu_dec/uu_reg_file/FE_OFC86_wr_dt_reg_25
1.89121e-10 7.07380e-09 4.18002e-08 4.90632e-08 /ariscv/uu_dtpath/uu_dec/uu_reg_file/FE_OFC84_n_34
1.88356e-10 6.46177e-08 3.60630e-07 4.25436e-07 /ariscv/uu_dtpath/uu_dec/uu_reg_file/FE_OFC80_wr_dt_reg_30
1.88294e-10 5.94895e-08 3.52180e-07 4.11858e-07 /ariscv/uu_dtpath/uu_dec/uu_reg_file/FE_OFC79_wr_dt_reg_22
1.88233e-10 9.34032e-08 5.97717e-07 6.91309e-07 /ariscv/uu_dtpath/uu_dec/uu_reg_file/FE_OFC69_wr_dt_reg_1
1.89151e-10 2.36377e-09 1.57642e-08 1.83171e-08 /ariscv/uu_dtpath/uu_dec/uu_reg_file/FE_OFC64_n_32
2.39821e-10 3.05429e-09 1.48802e-08 1.81743e-08 /ariscv/uu_dtpath/uu_dec/uu_reg_file/FE_OFC40_n_191
1.89151e-10 2.40846e-09 1.41840e-08 1.67816e-08 /ariscv/uu_dtpath/uu_dec/uu_reg_file/FE_OFC39_n_165
2.39821e-10 3.05930e-09 1.54559e-08 1.87550e-08 /ariscv/uu_dtpath/uu_dec/uu_reg_file/FE_OFC38_n_162
1.14731e-10 2.78833e-07 9.68404e-08 3.75788e-07 /ariscv/uu_dtpath/uu_dec/uu_reg_file/CTS_ccl_a_buf_00304_clone
1.14734e-10 2.77829e-07 2.89561e-07 5.67504e-07 /ariscv/uu_dtpath/uu_dec/uu_reg_file/CTS_ccl_a_buf_00246_clone
8.90060e-11 2.18561e-07 1.97583e-07 4.16233e-07 /ariscv/uu_dtpath/uu_dec/uu_reg_file/CTS_ccl_a_buf_00126
1.14734e-10 2.78035e-07 4.64750e-07 7.42900e-07 /ariscv/uu_dtpath/uu_dec/uu_reg_file/CTS_ccl_a_buf_00122
1.14734e-10 2.77989e-07 3.02469e-07 5.80573e-07 /ariscv/uu_dtpath/uu_dec/uu_reg_file/CTS_ccl_a_buf_00116
1.14734e-10 2.78006e-07 3.62086e-07 6.40207e-07 /ariscv/uu_dtpath/uu_dec/uu_reg_file/CTS_ccl_a_buf_00102
1.14734e-10 2.77844e-07 3.41553e-07 6.19512e-07 /ariscv/uu_dtpath/uu_dec/uu_reg_file/CTS_ccl_a_buf_00255
1.14737e-10 2.77844e-07 3.43294e-07 6.21253e-07 /ariscv/uu_dtpath/uu_dec/uu_reg_file/CTS_ccl_a_buf_00117
1.14737e-10 2.77857e-07 3.88382e-07 6.66354e-07 /ariscv/uu_dtpath/uu_dec/uu_reg_file/CTS_ccl_a_buf_00115
1.14737e-10 2.77866e-07 4.20142e-07 6.98123e-07 /ariscv/uu_dtpath/uu_dec/uu_reg_file/CTS_ccl_a_buf_00107
1.14737e-10 2.77846e-07 3.50919e-07 6.28880e-07 /ariscv/uu_dtpath/uu_dec/uu_reg_file/CTS_ccl_a_buf_00100
8.90060e-11 2.18443e-07 3.08232e-07 5.26764e-07 /ariscv/uu_dtpath/uu_dec/uu_reg_file/CTS_ccl_a_buf_00248
1.14734e-10 2.78307e-07 2.88720e-07 5.67142e-07 /ariscv/uu_dtpath/uu_dec/uu_reg_file/CTS_csf_buf_00447
8.90060e-11 2.18842e-07 2.10131e-07 4.29062e-07 /ariscv/uu_dtpath/uu_dec/uu_reg_file/CTS_csf_buf_00446
1.14734e-10 2.78303e-07 2.74251e-07 5.52669e-07 /ariscv/uu_dtpath/uu_dec/uu_reg_file/CTS_ccl_a_buf_00108
1.14734e-10 2.78289e-07 4.31609e-07 7.10014e-07 /ariscv/uu_dtpath/uu_dec/uu_reg_file/CTS_ccl_a_buf_00103
1.14734e-10 2.78286e-07 4.20442e-07 6.98843e-07 /ariscv/uu_dtpath/uu_dec/uu_reg_file/CTS_ccl_a_buf_00091
1.14734e-10 2.77826e-07 2.78454e-07 5.56394e-07 /ariscv/uu_dtpath/uu_dec/uu_reg_file/CTS_ccl_a_buf_00246
1.14734e-10 2.78671e-07 3.74994e-07 6.53780e-07 /ariscv/uu_dtpath/uu_dec/uu_reg_file/CTS_cdb_buf_00515
1.14732e-10 2.78174e-07 3.07872e-07 5.86161e-07 /ariscv/uu_dtpath/uu_dec/uu_reg_file/CTS_csf_buf_00450
1.14732e-10 2.78162e-07 2.67587e-07 5.45864e-07 /ariscv/uu_dtpath/uu_dec/uu_reg_file/CTS_csf_buf_00449
1.14732e-10 2.78187e-07 3.57163e-07 6.35465e-07 /ariscv/uu_dtpath/uu_dec/uu_reg_file/CTS_ccl_a_buf_00094
5.38660e-11 1.43295e-07 1.68225e-07 3.11574e-07 /ariscv/uu_dtpath/uu_dec/uu_reg_file/CTS_ccl_a_buf_00244
1.14734e-10 2.78485e-07 4.20743e-07 6.99342e-07 /ariscv/uu_dtpath/uu_dec/uu_reg_file/CTS_ccl_a_buf_00093
1.14734e-10 2.78488e-07 4.31369e-07 7.09972e-07 /ariscv/uu_dtpath/uu_dec/uu_reg_file/CTS_ccl_a_buf_00090
1.14734e-10 2.78482e-07 4.10656e-07 6.89253e-07 /ariscv/uu_dtpath/uu_dec/uu_reg_file/CTS_ccl_a_buf_00088
8.90060e-11 2.18691e-07 2.17276e-07 4.36056e-07 /ariscv/uu_dtpath/uu_dec/uu_reg_file/CTS_ccl_a_buf_00240
5.38660e-11 1.43537e-07 1.71707e-07 3.15298e-07 /ariscv/uu_dtpath/uu_dec/uu_reg_file/CTS_ccl_a_buf_00299
5.38670e-11 1.43331e-07 1.21096e-07 2.64480e-07 /ariscv/uu_dtpath/uu_dec/uu_reg_file/CTS_ccl_a_buf_00335
1.14730e-10 2.78480e-07 4.02191e-07 6.80786e-07 /ariscv/uu_dtpath/uu_dec/uu_reg_file/CTS_ccl_a_buf_00101
1.14730e-10 2.78484e-07 4.18881e-07 6.97481e-07 /ariscv/uu_dtpath/uu_dec/uu_reg_file/CTS_ccl_a_buf_00089
1.14730e-10 2.78467e-07 3.55602e-07 6.34184e-07 /ariscv/uu_dtpath/uu_dec/uu_reg_file/CTS_ccl_a_buf_00087
5.38630e-11 1.43561e-07 1.41088e-07 2.84703e-07 /ariscv/uu_dtpath/uu_dec/uu_reg_file/CTS_ccl_a_buf_00243
1.14730e-10 2.78912e-07 4.11317e-07 6.90344e-07 /ariscv/uu_dtpath/uu_dec/uu_reg_file/CTS_ccl_a_buf_00080
1.14730e-10 2.78891e-07 3.31467e-07 6.10473e-07 /ariscv/uu_dtpath/uu_dec/uu_reg_file/CTS_ccl_a_buf_00078
5.38630e-11 1.43556e-07 9.87616e-08 2.42371e-07 /ariscv/uu_dtpath/uu_dec/uu_reg_file/CTS_ccl_a_buf_00237
5.38660e-11 1.43427e-07 1.15092e-07 2.58573e-07 /ariscv/uu_dtpath/uu_dec/uu_reg_file/CTS_ccl_a_buf_00298
1.14734e-10 2.78391e-07 3.77215e-07 6.55721e-07 /ariscv/uu_dtpath/uu_dec/uu_reg_file/CTS_ccl_a_buf_00095
1.14734e-10 2.78404e-07 4.24465e-07 7.02983e-07 /ariscv/uu_dtpath/uu_dec/uu_reg_file/CTS_ccl_a_buf_00083
1.14734e-10 2.78392e-07 3.81298e-07 6.59804e-07 /ariscv/uu_dtpath/uu_dec/uu_reg_file/CTS_ccl_a_buf_00077
1.14734e-10 2.78432e-07 2.68788e-07 5.47335e-07 /ariscv/uu_dtpath/uu_dec/uu_reg_file/CTS_ccl_a_buf_00241
1.14734e-10 2.78642e-07 2.17035e-07 4.95792e-07 /ariscv/uu_dtpath/uu_dec/uu_reg_file/CTS_csf_buf_00453
1.14734e-10 2.78632e-07 1.82094e-07 4.60841e-07 /ariscv/uu_dtpath/uu_dec/uu_reg_file/CTS_csf_buf_00452
1.14734e-10 2.78697e-07 4.23684e-07 7.02496e-07 /ariscv/uu_dtpath/uu_dec/uu_reg_file/CTS_ccl_a_buf_00086
1.14734e-10 2.78417e-07 2.10792e-07 4.89323e-07 /ariscv/uu_dtpath/uu_dec/uu_reg_file/CTS_ccl_a_buf_00239
8.90060e-11 2.18948e-07 2.19197e-07 4.38234e-07 /ariscv/uu_dtpath/uu_dec/uu_reg_file/CTS_ccl_a_buf_00297
8.90050e-11 2.18769e-07 2.20518e-07 4.39375e-07 /ariscv/uu_dtpath/uu_dec/uu_reg_file/CTS_ccl_a_buf_00331
5.38700e-11 1.43317e-07 1.62521e-07 3.05892e-07 /ariscv/uu_dtpath/uu_dec/uu_reg_file/CTS_ccl_a_buf_00364
8.90040e-11 2.19076e-07 2.56960e-07 4.76125e-07 /ariscv/uu_dtpath/uu_dec/uu_reg_file/CTS_ccl_a_buf_00371
8.90040e-11 2.19002e-07 1.99985e-07 4.19075e-07 /ariscv/uu_dtpath/uu_dec/uu_reg_file/CTS_ccl_a_buf_00379
1.14732e-10 2.78349e-07 3.24503e-07 6.02966e-07 /ariscv/uu_dtpath/uu_dec/uu_reg_file/CTS_ccl_a_buf_00125
1.14732e-10 2.78341e-07 2.98146e-07 5.76602e-07 /ariscv/uu_dtpath/uu_dec/uu_reg_file/CTS_ccl_a_buf_00124
1.14732e-10 2.78384e-07 4.51362e-07 7.29860e-07 /ariscv/uu_dtpath/uu_dec/uu_reg_file/CTS_ccl_a_buf_00028
1.14732e-10 2.78366e-07 3.88803e-07 6.67284e-07 /ariscv/uu_dtpath/uu_dec/uu_reg_file/CTS_ccl_a_buf_00027
8.90030e-11 2.18128e-07 2.32585e-07 4.50802e-07 /ariscv/uu_dtpath/uu_dec/uu_reg_file/CTS_ccl_a_buf_00254
8.90060e-11 2.18521e-07 2.24180e-07 4.42790e-07 /ariscv/uu_dtpath/uu_dec/uu_reg_file/CTS_ccl_a_buf_00118
1.14734e-10 2.77962e-07 3.85561e-07 6.63637e-07 /ariscv/uu_dtpath/uu_dec/uu_reg_file/CTS_ccl_a_buf_00036
1.14734e-10 2.77958e-07 3.72052e-07 6.50125e-07 /ariscv/uu_dtpath/uu_dec/uu_reg_file/CTS_ccl_a_buf_00030
1.14734e-10 2.77984e-07 4.63249e-07 7.41348e-07 /ariscv/uu_dtpath/uu_dec/uu_reg_file/CTS_ccl_a_buf_00029
1.14732e-10 2.77498e-07 3.51039e-07 6.28652e-07 /ariscv/uu_dtpath/uu_dec/uu_reg_file/CTS_ccl_a_buf_00249
8.90030e-11 2.18675e-07 2.09591e-07 4.28355e-07 /ariscv/uu_dtpath/uu_dec/uu_reg_file/CTS_csf_buf_00456
1.14732e-10 2.78117e-07 2.95564e-07 5.73796e-07 /ariscv/uu_dtpath/uu_dec/uu_reg_file/CTS_csf_buf_00455
1.14732e-10 2.78126e-07 3.26604e-07 6.04844e-07 /ariscv/uu_dtpath/uu_dec/uu_reg_file/CTS_ccl_a_buf_00114
1.14732e-10 2.78118e-07 3.01028e-07 5.79261e-07 /ariscv/uu_dtpath/uu_dec/uu_reg_file/CTS_ccl_a_buf_00063
1.14732e-10 2.78162e-07 4.54664e-07 7.32940e-07 /ariscv/uu_dtpath/uu_dec/uu_reg_file/CTS_ccl_a_buf_00062
8.90030e-11 2.19668e-07 2.68368e-07 4.88124e-07 /ariscv/uu_dtpath/uu_dec/uu_reg_file/CTS_ccl_a_buf_00247
1.14731e-10 2.78924e-07 4.43077e-07 7.22115e-07 /ariscv/uu_dtpath/uu_dec/uu_reg_file/CTS_ccl_a_buf_00304
5.38670e-11 1.43381e-07 9.80412e-08 2.41476e-07 /ariscv/uu_dtpath/uu_dec/uu_reg_file/CTS_ccl_a_buf_00334
1.14737e-10 2.78599e-07 4.24285e-07 7.02999e-07 /ariscv/uu_dtpath/uu_dec/uu_reg_file/CTS_ccl_a_buf_00121
1.14737e-10 2.78590e-07 3.89823e-07 6.68528e-07 /ariscv/uu_dtpath/uu_dec/uu_reg_file/CTS_ccl_a_buf_00113
1.14737e-10 2.78582e-07 3.59384e-07 6.38081e-07 /ariscv/uu_dtpath/uu_dec/uu_reg_file/CTS_ccl_a_buf_00109
8.90080e-11 2.19135e-07 2.01065e-07 4.20290e-07 /ariscv/uu_dtpath/uu_dec/uu_reg_file/CTS_ccl_a_buf_00252
8.90120e-11 2.19271e-07 2.25561e-07 4.44921e-07 /ariscv/uu_dtpath/uu_dec/uu_reg_file/CTS_ccl_a_buf_00119
1.14739e-10 2.78833e-07 4.18581e-07 6.97529e-07 /ariscv/uu_dtpath/uu_dec/uu_reg_file/CTS_ccl_a_buf_00111
1.14736e-10 2.78618e-07 1.84735e-07 4.63468e-07 /ariscv/uu_dtpath/uu_dec/uu_reg_file/CTS_ccl_a_buf_00250
8.90080e-11 2.18789e-07 1.88217e-07 4.07095e-07 /ariscv/uu_dtpath/uu_dec/uu_reg_file/CTS_ccl_a_buf_00302
1.14739e-10 2.78359e-07 4.26206e-07 7.04680e-07 /ariscv/uu_dtpath/uu_dec/uu_reg_file/CTS_ccl_a_buf_00106
1.14739e-10 2.78350e-07 3.94026e-07 6.72491e-07 /ariscv/uu_dtpath/uu_dec/uu_reg_file/CTS_ccl_a_buf_00105
1.14739e-10 2.78356e-07 4.14319e-07 6.92789e-07 /ariscv/uu_dtpath/uu_dec/uu_reg_file/CTS_ccl_a_buf_00099
1.14739e-10 2.78341e-07 3.62086e-07 6.40542e-07 /ariscv/uu_dtpath/uu_dec/uu_reg_file/CTS_ccl_a_buf_00098
1.14739e-10 2.78334e-07 3.35549e-07 6.13998e-07 /ariscv/uu_dtpath/uu_dec/uu_reg_file/CTS_ccl_a_buf_00096
1.14739e-10 2.78154e-07 2.77013e-07 5.55281e-07 /ariscv/uu_dtpath/uu_dec/uu_reg_file/CTS_ccl_a_buf_00245
1.14739e-10 2.78588e-07 3.54701e-07 6.33405e-07 /ariscv/uu_dtpath/uu_dec/uu_reg_file/CTS_ccl_a_buf_00097
1.14739e-10 2.78587e-07 3.48878e-07 6.27579e-07 /ariscv/uu_dtpath/uu_dec/uu_reg_file/CTS_ccl_a_buf_00085
1.14739e-10 2.78601e-07 3.99729e-07 6.78445e-07 /ariscv/uu_dtpath/uu_dec/uu_reg_file/CTS_ccl_a_buf_00084
8.90120e-11 2.18711e-07 1.99144e-07 4.17944e-07 /ariscv/uu_dtpath/uu_dec/uu_reg_file/CTS_ccl_a_buf_00242
1.14739e-10 2.78639e-07 3.46356e-07 6.25110e-07 /ariscv/uu_dtpath/uu_dec/uu_reg_file/CTS_ccl_a_buf_00082
1.14739e-10 2.78642e-07 3.55962e-07 6.34719e-07 /ariscv/uu_dtpath/uu_dec/uu_reg_file/CTS_ccl_a_buf_00081
5.38750e-11 1.43302e-07 1.23377e-07 2.66733e-07 /ariscv/uu_dtpath/uu_dec/uu_reg_file/CTS_ccl_a_buf_00238
8.90080e-11 2.18800e-07 2.59902e-07 4.78791e-07 /ariscv/uu_dtpath/uu_dec/uu_reg_file/CTS_ccl_a_buf_00300
8.90050e-11 2.18871e-07 2.46334e-07 4.65293e-07 /ariscv/uu_dtpath/uu_dec/uu_reg_file/CTS_ccl_a_buf_00332
1.14734e-10 2.78498e-07 2.75032e-07 5.53644e-07 /ariscv/uu_dtpath/uu_dec/uu_reg_file/CTS_ccl_a_buf_00351
5.38660e-11 1.43394e-07 1.35385e-07 2.78833e-07 /ariscv/uu_dtpath/uu_dec/uu_reg_file/CTS_ccl_a_buf_00363
8.90060e-11 2.18455e-07 2.22559e-07 4.41103e-07 /ariscv/uu_dtpath/uu_dec/uu_reg_file/CTS_ccl_a_buf_00123
8.90060e-11 2.18467e-07 2.94904e-07 5.13460e-07 /ariscv/uu_dtpath/uu_dec/uu_reg_file/CTS_ccl_a_buf_00071
1.14734e-10 2.77890e-07 3.96007e-07 6.74012e-07 /ariscv/uu_dtpath/uu_dec/uu_reg_file/CTS_ccl_a_buf_00042
1.14734e-10 2.77866e-07 3.15017e-07 5.92998e-07 /ariscv/uu_dtpath/uu_dec/uu_reg_file/CTS_ccl_a_buf_00035
1.14734e-10 2.77894e-07 4.11677e-07 6.89686e-07 /ariscv/uu_dtpath/uu_dec/uu_reg_file/CTS_ccl_a_buf_00026
1.14734e-10 2.78521e-07 3.68570e-07 6.47206e-07 /ariscv/uu_dtpath/uu_dec/uu_reg_file/CTS_ccl_a_buf_00253
1.14734e-10 2.78253e-07 3.71992e-07 6.50360e-07 /ariscv/uu_dtpath/uu_dec/uu_reg_file/CTS_ccl_a_buf_00038
8.90060e-11 2.18779e-07 2.42611e-07 4.61480e-07 /ariscv/uu_dtpath/uu_dec/uu_reg_file/CTS_ccl_a_buf_00017
5.38660e-11 1.43466e-07 1.62221e-07 3.05741e-07 /ariscv/uu_dtpath/uu_dec/uu_reg_file/CTS_ccl_a_buf_00224
5.38710e-11 1.43354e-07 1.35565e-07 2.78972e-07 /ariscv/uu_dtpath/uu_dec/uu_reg_file/CTS_ccl_a_buf_00303
5.38710e-11 1.43148e-07 1.87737e-07 3.30939e-07 /ariscv/uu_dtpath/uu_dec/uu_reg_file/CTS_csf_buf_00459
5.38710e-11 1.43150e-07 2.04848e-07 3.48052e-07 /ariscv/uu_dtpath/uu_dec/uu_reg_file/CTS_csf_buf_00458
1.14737e-10 2.77845e-07 4.10476e-07 6.88436e-07 /ariscv/uu_dtpath/uu_dec/uu_reg_file/CTS_ccl_a_buf_00120
1.14737e-10 2.77824e-07 3.38791e-07 6.16731e-07 /ariscv/uu_dtpath/uu_dec/uu_reg_file/CTS_ccl_a_buf_00041
1.14737e-10 2.77841e-07 3.97148e-07 6.75104e-07 /ariscv/uu_dtpath/uu_dec/uu_reg_file/CTS_ccl_a_buf_00020
1.14737e-10 2.77831e-07 3.60465e-07 6.38410e-07 /ariscv/uu_dtpath/uu_dec/uu_reg_file/CTS_ccl_a_buf_00015
1.14736e-10 2.79302e-07 3.79977e-07 6.59394e-07 /ariscv/uu_dtpath/uu_dec/uu_reg_file/CTS_ccl_a_buf_00251
5.38710e-11 1.43344e-07 5.87166e-08 2.02114e-07 /ariscv/uu_dtpath/uu_dec/uu_reg_file/CTS_ccl_a_buf_00301
8.90050e-11 2.18913e-07 2.43872e-07 4.62874e-07 /ariscv/uu_dtpath/uu_dec/uu_reg_file/CTS_ccl_a_buf_00333
1.14732e-10 2.78058e-07 4.01711e-07 6.79884e-07 /ariscv/uu_dtpath/uu_dec/uu_reg_file/CTS_ccl_a_buf_00076
1.14732e-10 2.78065e-07 4.24165e-07 7.02344e-07 /ariscv/uu_dtpath/uu_dec/uu_reg_file/CTS_ccl_a_buf_00051
1.14732e-10 2.78055e-07 3.89643e-07 6.67813e-07 /ariscv/uu_dtpath/uu_dec/uu_reg_file/CTS_ccl_a_buf_00043
1.14732e-10 2.78059e-07 4.03692e-07 6.81866e-07 /ariscv/uu_dtpath/uu_dec/uu_reg_file/CTS_ccl_a_buf_00022
1.14732e-10 2.78037e-07 3.27204e-07 6.05356e-07 /ariscv/uu_dtpath/uu_dec/uu_reg_file/CTS_ccl_a_buf_00021
1.14732e-10 2.77814e-07 3.33868e-07 6.11797e-07 /ariscv/uu_dtpath/uu_dec/uu_reg_file/CTS_ccl_a_buf_00236
1.14732e-10 2.78177e-07 4.01711e-07 6.80002e-07 /ariscv/uu_dtpath/uu_dec/uu_reg_file/CTS_ccl_a_buf_00072
1.14732e-10 2.78159e-07 3.40533e-07 6.18807e-07 /ariscv/uu_dtpath/uu_dec/uu_reg_file/CTS_ccl_a_buf_00046
1.14732e-10 2.78174e-07 3.93606e-07 6.71895e-07 /ariscv/uu_dtpath/uu_dec/uu_reg_file/CTS_ccl_a_buf_00040
1.14732e-10 2.78154e-07 3.20120e-07 5.98388e-07 /ariscv/uu_dtpath/uu_dec/uu_reg_file/CTS_ccl_a_buf_00023
1.14732e-10 2.77808e-07 3.10814e-07 5.88736e-07 /ariscv/uu_dtpath/uu_dec/uu_reg_file/CTS_ccl_a_buf_00232
1.14734e-10 2.77716e-07 4.59047e-07 7.36877e-07 /ariscv/uu_dtpath/uu_dec/uu_reg_file/CTS_ccl_a_buf_00039
1.14734e-10 2.77711e-07 4.41215e-07 7.19041e-07 /ariscv/uu_dtpath/uu_dec/uu_reg_file/CTS_ccl_a_buf_00025
1.14734e-10 2.77691e-07 3.71932e-07 6.49738e-07 /ariscv/uu_dtpath/uu_dec/uu_reg_file/CTS_ccl_a_buf_00024
1.14734e-10 2.77705e-07 4.19782e-07 6.97602e-07 /ariscv/uu_dtpath/uu_dec/uu_reg_file/CTS_ccl_a_buf_00019
1.14732e-10 2.77834e-07 4.03992e-07 6.81941e-07 /ariscv/uu_dtpath/uu_dec/uu_reg_file/CTS_ccl_a_buf_00225
1.14731e-10 2.79151e-07 3.80698e-07 6.59964e-07 /ariscv/uu_dtpath/uu_dec/uu_reg_file/CTS_ccl_a_buf_00296
5.38670e-11 1.43401e-07 7.37861e-08 2.17241e-07 /ariscv/uu_dtpath/uu_dec/uu_reg_file/CTS_ccl_a_buf_00330
5.38670e-11 1.43172e-07 1.46672e-07 2.89898e-07 /ariscv/uu_dtpath/uu_dec/uu_reg_file/CTS_ccl_a_buf_00350
1.14734e-10 2.78134e-07 2.83917e-07 5.62166e-07 /ariscv/uu_dtpath/uu_dec/uu_reg_file/CTS_ccl_a_buf_00075
8.90060e-11 2.18691e-07 2.03407e-07 4.22187e-07 /ariscv/uu_dtpath/uu_dec/uu_reg_file/CTS_ccl_a_buf_00061
1.14734e-10 2.78164e-07 3.91324e-07 6.69603e-07 /ariscv/uu_dtpath/uu_dec/uu_reg_file/CTS_ccl_a_buf_00060
5.38660e-11 1.43480e-07 1.71467e-07 3.15001e-07 /ariscv/uu_dtpath/uu_dec/uu_reg_file/CTS_ccl_a_buf_00235
1.14734e-10 2.78026e-07 3.27624e-07 6.05765e-07 /ariscv/uu_dtpath/uu_dec/uu_reg_file/CTS_ccl_a_buf_00068
1.14734e-10 2.78018e-07 3.00307e-07 5.78441e-07 /ariscv/uu_dtpath/uu_dec/uu_reg_file/CTS_ccl_a_buf_00067
8.90060e-11 2.18596e-07 2.52638e-07 4.71322e-07 /ariscv/uu_dtpath/uu_dec/uu_reg_file/CTS_ccl_a_buf_00056
8.90060e-11 2.18598e-07 2.69388e-07 4.88075e-07 /ariscv/uu_dtpath/uu_dec/uu_reg_file/CTS_ccl_a_buf_00033
1.14734e-10 2.78538e-07 3.38011e-07 6.16663e-07 /ariscv/uu_dtpath/uu_dec/uu_reg_file/CTS_ccl_a_buf_00230
1.14734e-10 2.78659e-07 3.95947e-07 6.74721e-07 /ariscv/uu_dtpath/uu_dec/uu_reg_file/CTS_ccl_a_buf_00066
1.14734e-10 2.78655e-07 3.82559e-07 6.61329e-07 /ariscv/uu_dtpath/uu_dec/uu_reg_file/CTS_ccl_a_buf_00065
1.14734e-10 2.78646e-07 3.47617e-07 6.26377e-07 /ariscv/uu_dtpath/uu_dec/uu_reg_file/CTS_ccl_a_buf_00057
8.90060e-11 2.19028e-07 1.91339e-07 4.10457e-07 /ariscv/uu_dtpath/uu_dec/uu_reg_file/CTS_ccl_a_buf_00229
8.90060e-11 2.19136e-07 2.06649e-07 4.25874e-07 /ariscv/uu_dtpath/uu_dec/uu_reg_file/CTS_ccl_a_buf_00295
1.14734e-10 2.77851e-07 3.46536e-07 6.24502e-07 /ariscv/uu_dtpath/uu_dec/uu_reg_file/CTS_ccl_a_buf_00070
1.14734e-10 2.77851e-07 3.48277e-07 6.26243e-07 /ariscv/uu_dtpath/uu_dec/uu_reg_file/CTS_ccl_a_buf_00069
1.14734e-10 2.77850e-07 3.45516e-07 6.23481e-07 /ariscv/uu_dtpath/uu_dec/uu_reg_file/CTS_ccl_a_buf_00050
1.14734e-10 2.77841e-07 3.14176e-07 5.92132e-07 /ariscv/uu_dtpath/uu_dec/uu_reg_file/CTS_ccl_a_buf_00045
1.14732e-10 2.78717e-07 3.73853e-07 6.52685e-07 /ariscv/uu_dtpath/uu_dec/uu_reg_file/CTS_ccl_a_buf_00231
1.14732e-10 2.78064e-07 3.75114e-07 6.53293e-07 /ariscv/uu_dtpath/uu_dec/uu_reg_file/CTS_ccl_a_buf_00044
1.14732e-10 2.78059e-07 3.58484e-07 6.36658e-07 /ariscv/uu_dtpath/uu_dec/uu_reg_file/CTS_ccl_a_buf_00037
1.14732e-10 2.78079e-07 4.26987e-07 7.05180e-07 /ariscv/uu_dtpath/uu_dec/uu_reg_file/CTS_ccl_a_buf_00018
1.14732e-10 2.78072e-07 4.05613e-07 6.83800e-07 /ariscv/uu_dtpath/uu_dec/uu_reg_file/CTS_ccl_a_buf_00016
1.14732e-10 2.78706e-07 3.33748e-07 6.12569e-07 /ariscv/uu_dtpath/uu_dec/uu_reg_file/CTS_ccl_a_buf_00226
5.38660e-11 1.43530e-07 1.16833e-07 2.60417e-07 /ariscv/uu_dtpath/uu_dec/uu_reg_file/CTS_ccl_a_buf_00293
8.90050e-11 2.18571e-07 1.87737e-07 4.06397e-07 /ariscv/uu_dtpath/uu_dec/uu_reg_file/CTS_ccl_a_buf_00329
5.38670e-11 1.43177e-07 1.84015e-07 3.27246e-07 /ariscv/uu_dtpath/uu_dec/uu_reg_file/CTS_ccl_a_buf_00349
1.14742e-10 2.78153e-07 3.37110e-07 6.15378e-07 /ariscv/uu_dtpath/uu_dec/uu_reg_file/CTS_ccl_a_buf_00064
1.14742e-10 2.78136e-07 2.76292e-07 5.54543e-07 /ariscv/uu_dtpath/uu_dec/uu_reg_file/CTS_ccl_a_buf_00055
1.14742e-10 2.78161e-07 3.68990e-07 6.47266e-07 /ariscv/uu_dtpath/uu_dec/uu_reg_file/CTS_ccl_a_buf_00054
1.14742e-10 2.78167e-07 3.90424e-07 6.68706e-07 /ariscv/uu_dtpath/uu_dec/uu_reg_file/CTS_ccl_a_buf_00048
8.90150e-11 2.18222e-07 2.62124e-07 4.80435e-07 /ariscv/uu_dtpath/uu_dec/uu_reg_file/CTS_ccl_a_buf_00228
8.90120e-11 2.18296e-07 2.60743e-07 4.79127e-07 /ariscv/uu_dtpath/uu_dec/uu_reg_file/CTS_csf_buf_00465
8.90120e-11 2.18284e-07 1.93261e-07 4.11634e-07 /ariscv/uu_dtpath/uu_dec/uu_reg_file/CTS_csf_buf_00464
1.14739e-10 2.77705e-07 4.12277e-07 6.90097e-07 /ariscv/uu_dtpath/uu_dec/uu_reg_file/CTS_ccl_a_buf_00049
5.38780e-11 1.43046e-07 2.16735e-07 3.59835e-07 /ariscv/uu_dtpath/uu_dec/uu_reg_file/CTS_ccl_a_buf_00227
1.14742e-10 2.78656e-07 4.07594e-07 6.86365e-07 /ariscv/uu_dtpath/uu_dec/uu_reg_file/CTS_ccl_a_buf_00034
1.14742e-10 2.78635e-07 3.29726e-07 6.08476e-07 /ariscv/uu_dtpath/uu_dec/uu_reg_file/CTS_ccl_a_buf_00032
8.90150e-11 2.18210e-07 1.90439e-07 4.08738e-07 /ariscv/uu_dtpath/uu_dec/uu_reg_file/CTS_ccl_a_buf_00223
1.14736e-10 2.78447e-07 4.22063e-07 7.00626e-07 /ariscv/uu_dtpath/uu_dec/uu_reg_file/CTS_cdb_buf_00514
1.14737e-10 2.78520e-07 3.69471e-07 6.48105e-07 /ariscv/uu_dtpath/uu_dec/uu_reg_file/CTS_ccl_a_buf_00074
1.14737e-10 2.78502e-07 3.03610e-07 5.82226e-07 /ariscv/uu_dtpath/uu_dec/uu_reg_file/CTS_ccl_a_buf_00059
1.14737e-10 2.78508e-07 3.26003e-07 6.04626e-07 /ariscv/uu_dtpath/uu_dec/uu_reg_file/CTS_ccl_a_buf_00058
8.90080e-11 2.18924e-07 2.10431e-07 4.29445e-07 /ariscv/uu_dtpath/uu_dec/uu_reg_file/CTS_ccl_a_buf_00234
8.90090e-11 2.18665e-07 2.63985e-07 4.82739e-07 /ariscv/uu_dtpath/uu_dec/uu_reg_file/CTS_csf_buf_00462
1.14737e-10 2.78088e-07 2.68548e-07 5.46750e-07 /ariscv/uu_dtpath/uu_dec/uu_reg_file/CTS_csf_buf_00461
1.14737e-10 2.78132e-07 4.27107e-07 7.05354e-07 /ariscv/uu_dtpath/uu_dec/uu_reg_file/CTS_ccl_a_buf_00073
8.90090e-11 2.18655e-07 2.01966e-07 4.20710e-07 /ariscv/uu_dtpath/uu_dec/uu_reg_file/CTS_ccl_a_buf_00053
8.90090e-11 2.18664e-07 2.57981e-07 4.76734e-07 /ariscv/uu_dtpath/uu_dec/uu_reg_file/CTS_ccl_a_buf_00052
8.90080e-11 2.18934e-07 2.70229e-07 4.89251e-07 /ariscv/uu_dtpath/uu_dec/uu_reg_file/CTS_ccl_a_buf_00233
5.38710e-11 1.43423e-07 1.45411e-07 2.88888e-07 /ariscv/uu_dtpath/uu_dec/uu_reg_file/CTS_ccl_a_buf_00294
8.90050e-11 2.18579e-07 2.22319e-07 4.40987e-07 /ariscv/uu_dtpath/uu_dec/uu_reg_file/CTS_ccl_a_buf_00328
5.38670e-11 1.43177e-07 1.83835e-07 3.27066e-07 /ariscv/uu_dtpath/uu_dec/uu_reg_file/CTS_ccl_a_buf_00348
1.14733e-10 2.78373e-07 3.64367e-07 6.42855e-07 /ariscv/uu_dtpath/uu_dec/uu_reg_file/CTS_ccl_a_buf_00362
1.14733e-10 2.78487e-07 2.71610e-07 5.50212e-07 /ariscv/uu_dtpath/uu_dec/uu_reg_file/CTS_ccl_a_buf_00378
8.90040e-11 2.18837e-07 2.10912e-07 4.29837e-07 /ariscv/uu_dtpath/uu_dec/uu_reg_file/CTS_ccl_a_buf_00388
8.90020e-11 2.20797e-07 2.42131e-07 4.63017e-07 /ariscv/uu_dtpath/uu_dec/uu_reg_file/CTS_ccl_a_buf_00390
1.04190e-11 1.10366e-10 1.15555e-09 1.27634e-09 /ariscv/uu_dtpath/uu_dec/uu_reg_file/FE_RC_13_0
4.55500e-11 3.60544e-10 2.48447e-09 2.89056e-09 /ariscv/uu_dtpath/uu_dec/uu_reg_file/FE_RC_8_0
4.55500e-11 3.59641e-10 1.68712e-09 2.09231e-09 /ariscv/uu_dtpath/uu_dec/uu_reg_file/FE_RC_5_0
4.55510e-11 3.58340e-10 1.85408e-09 2.25797e-09 /ariscv/uu_dtpath/uu_dec/uu_reg_file/FE_RC_3_0
4.10810e-11 3.22303e-09 1.51173e-08 1.83814e-08 /ariscv/uu_dtpath/uu_dec/uu_reg_file/FE_OFC493_n_3
2.19170e-11 2.84008e-09 2.09204e-08 2.37824e-08 /ariscv/uu_dtpath/uu_dec/uu_reg_file/FE_OFC491_inst_fd_22
2.15700e-11 3.59324e-09 3.35805e-08 3.71953e-08 /ariscv/uu_dtpath/uu_dec/uu_reg_file/FE_OFC490_inst_fd_17
4.09770e-11 1.77716e-09 1.97129e-08 2.15310e-08 /ariscv/uu_dtpath/uu_dec/uu_reg_file/FE_OFC487_n_172
4.16470e-11 6.24773e-09 6.87152e-08 7.50046e-08 /ariscv/uu_dtpath/uu_dec/uu_reg_file/FE_OFC485_n_174
2.16920e-11 3.26435e-09 1.56307e-08 1.89167e-08 /ariscv/uu_dtpath/uu_dec/uu_reg_file/FE_OFC484_n_174
1.95290e-11 1.89143e-10 2.71180e-10 4.79852e-10 /ariscv/uu_dtpath/uu_dec/uu_reg_file/FE_OFC481_n_145
1.95290e-11 1.89219e-10 1.32892e-09 1.53767e-09 /ariscv/uu_dtpath/uu_dec/uu_reg_file/FE_OFC480_n_145
4.55510e-11 3.66720e-10 3.25012e-09 3.66239e-09 /ariscv/uu_dtpath/uu_dec/uu_reg_file/FE_OFC479_n_145
4.09770e-11 1.07490e-09 1.13451e-08 1.24609e-08 /ariscv/uu_dtpath/uu_dec/uu_reg_file/FE_OFC477_n_143
4.44050e-11 8.33332e-09 5.92685e-08 6.76462e-08 /ariscv/uu_dtpath/uu_dec/uu_reg_file/FE_OFC476_n_5
2.01650e-11 4.34796e-09 2.74854e-08 3.18535e-08 /ariscv/uu_dtpath/uu_dec/uu_reg_file/FE_OFC475_n_5
2.01350e-11 3.25130e-09 1.46215e-09 4.73358e-09 /ariscv/uu_dtpath/uu_dec/uu_reg_file/FE_OFC464_n_2335
1.95870e-11 5.69148e-10 5.05934e-10 1.09467e-09 /ariscv/uu_dtpath/uu_dec/uu_reg_file/FE_OFC463_n_16
2.21210e-11 1.92099e-10 1.37749e-09 1.59171e-09 /ariscv/uu_dtpath/uu_dec/uu_reg_file/FE_OFC461_n_0
1.95290e-11 1.92197e-10 6.62435e-10 8.74161e-10 /ariscv/uu_dtpath/uu_dec/uu_reg_file/FE_OFC460_n_0
2.21210e-11 1.91455e-10 2.23353e-09 2.44710e-09 /ariscv/uu_dtpath/uu_dec/uu_reg_file/FE_OFC449_n_40
1.95290e-11 1.87232e-10 6.02735e-10 8.09496e-10 /ariscv/uu_dtpath/uu_dec/uu_reg_file/FE_OFC448_n_40
1.44252e-10 2.80163e-08 3.35686e-07 3.63847e-07 /ariscv/uu_dtpath/uu_dec/uu_reg_file/FE_OFC444_wr_dt_reg_23
6.92640e-11 1.49344e-08 1.29481e-07 1.44484e-07 /ariscv/uu_dtpath/uu_dec/uu_reg_file/FE_OFC443_wr_dt_reg_23
1.44209e-10 2.82721e-08 3.44410e-07 3.72827e-07 /ariscv/uu_dtpath/uu_dec/uu_reg_file/FE_OFC442_wr_dt_reg_20
6.94180e-11 1.49996e-08 1.13598e-07 1.28667e-07 /ariscv/uu_dtpath/uu_dec/uu_reg_file/FE_OFC441_wr_dt_reg_20
7.15550e-11 5.44208e-10 8.87913e-09 9.49489e-09 /ariscv/uu_dtpath/uu_dec/uu_reg_file/FE_OFC439_n_31
9.68310e-11 7.09019e-10 8.64100e-09 9.44685e-09 /ariscv/uu_dtpath/uu_dec/uu_reg_file/FE_OFC438_n_31
1.95290e-11 1.93486e-10 1.35590e-09 1.56892e-09 /ariscv/uu_dtpath/uu_dec/uu_reg_file/FE_OFC437_n_31
1.44209e-10 2.81197e-08 3.44565e-07 3.72829e-07 /ariscv/uu_dtpath/uu_dec/uu_reg_file/FE_OFC436_wr_dt_reg_19
6.94150e-11 1.49896e-08 1.23980e-07 1.39039e-07 /ariscv/uu_dtpath/uu_dec/uu_reg_file/FE_OFC435_wr_dt_reg_19
4.55510e-11 3.58960e-10 5.19054e-09 5.59505e-09 /ariscv/uu_dtpath/uu_dec/uu_reg_file/FE_OFC249_n_53
1.45545e-10 1.02854e-09 1.24308e-08 1.36049e-08 /ariscv/uu_dtpath/uu_dec/uu_reg_file/FE_OFC248_n_53
1.95290e-11 1.93930e-10 1.88376e-09 2.09722e-09 /ariscv/uu_dtpath/uu_dec/uu_reg_file/FE_OFC247_n_53
6.47340e-11 5.39880e-10 7.54852e-09 8.15314e-09 /ariscv/uu_dtpath/uu_dec/uu_reg_file/FE_OFC206_n_167
6.47340e-11 5.39699e-10 6.63784e-09 7.24228e-09 /ariscv/uu_dtpath/uu_dec/uu_reg_file/FE_OFC205_n_167
2.21210e-11 1.91110e-10 1.53871e-09 1.75194e-09 /ariscv/uu_dtpath/uu_dec/uu_reg_file/FE_OFC204_n_167
1.93285e-10 4.19689e-09 5.39912e-08 5.83814e-08 /ariscv/uu_dtpath/uu_dec/uu_reg_file/FE_OFC30_rst_async_n
1.93285e-10 4.19484e-09 5.10649e-08 5.54530e-08 /ariscv/uu_dtpath/uu_dec/uu_reg_file/FE_OFC27_rst_async_n
7.15260e-11 1.62208e-09 2.03648e-08 2.20584e-08 /ariscv/uu_dtpath/uu_dec/uu_reg_file/FE_OFC19_rst_async_n
1.93286e-10 4.12919e-09 5.31676e-08 5.74900e-08 /ariscv/uu_dtpath/uu_dec/uu_reg_file/FE_OFC17_rst_async_n
1.93285e-10 4.25530e-09 5.92044e-08 6.36529e-08 /ariscv/uu_dtpath/uu_dec/uu_reg_file/FE_OFC15_rst_async_n
9.68090e-11 2.16609e-09 2.69784e-08 2.92413e-08 /ariscv/uu_dtpath/uu_dec/uu_reg_file/FE_OFC14_rst_async_n
1.45537e-10 3.11403e-09 3.54953e-08 3.87549e-08 /ariscv/uu_dtpath/uu_dec/uu_reg_file/FE_OFC12_rst_async_n
1.93285e-10 4.12397e-09 5.34853e-08 5.78025e-08 /ariscv/uu_dtpath/uu_dec/uu_reg_file/FE_OFC9_rst_async_n
1.45537e-10 3.11397e-09 3.60771e-08 3.93366e-08 /ariscv/uu_dtpath/uu_dec/uu_reg_file/FE_OFC8_rst_async_n
9.68090e-11 2.10547e-09 2.81512e-08 3.03534e-08 /ariscv/uu_dtpath/uu_dec/uu_reg_file/FE_OFC7_rst_async_n
1.45537e-10 3.11402e-09 3.60012e-08 3.92608e-08 /ariscv/uu_dtpath/uu_dec/uu_reg_file/FE_OFC4_rst_async_n
9.68090e-11 2.10379e-09 2.17632e-08 2.39638e-08 /ariscv/uu_dtpath/uu_dec/uu_reg_file/FE_OFC3_rst_async_n
1.45537e-10 3.11398e-09 3.52939e-08 3.85534e-08 /ariscv/uu_dtpath/uu_dec/uu_reg_file/FE_OFC1_rst_async_n
2.03100e-11 6.21735e-09 1.11083e-08 1.73459e-08 /ariscv/uu_dtpath/uu_dec/uu_reg_file/g37022
2.12230e-11 5.52279e-09 1.13855e-08 1.69295e-08 /ariscv/uu_dtpath/uu_dec/uu_reg_file/g37037
2.00790e-11 3.60415e-09 1.64442e-08 2.00684e-08 /ariscv/uu_dtpath/uu_dec/uu_reg_file/g469
1.95290e-11 1.90618e-10 8.13203e-10 1.02335e-09 /ariscv/uu_dtpath/uu_dec/uu_reg_file/g470
2.16610e-11 5.00732e-09 1.41156e-08 1.91445e-08 /ariscv/uu_dtpath/uu_dec/uu_reg_file/g475
1.96720e-11 2.09044e-09 1.54084e-08 1.75185e-08 /ariscv/uu_dtpath/uu_dec/uu_reg_file/g37039
1.95870e-11 9.49275e-10 3.33748e-09 4.30634e-09 /ariscv/uu_dtpath/uu_dec/uu_reg_file/g37040
2.43594e-10 1.02311e-07 5.01186e-07 6.03740e-07 /ariscv/uu_dtpath/uu_dec/uu_reg_file/g36982
2.42184e-10 4.27136e-08 2.17370e-07 2.60326e-07 /ariscv/uu_dtpath/uu_dec/uu_reg_file/g36990
5.09310e-11 2.66339e-09 1.41236e-08 1.68380e-08 /ariscv/uu_dtpath/uu_dec/uu_reg_file/g37002
2.35052e-10 3.28217e-09 1.89951e-08 2.25123e-08 /ariscv/uu_dtpath/uu_dec/uu_reg_file/g37003
5.07400e-11 8.82003e-10 4.43535e-09 5.36809e-09 /ariscv/uu_dtpath/uu_dec/uu_reg_file/g37004
2.37144e-10 2.32460e-08 1.13664e-07 1.37148e-07 /ariscv/uu_dtpath/uu_dec/uu_reg_file/g37010
3.66150e-11 1.88507e-08 4.47084e-08 6.35957e-08 /ariscv/uu_dtpath/uu_dec/uu_reg_file/g37012
2.34807e-10 3.23055e-09 1.69677e-08 2.04330e-08 /ariscv/uu_dtpath/uu_dec/uu_reg_file/g439__2398
1.83873e-10 2.62684e-09 1.75643e-08 2.03750e-08 /ariscv/uu_dtpath/uu_dec/uu_reg_file/g440__5107
1.97764e-10 6.36097e-08 3.89552e-07 4.53360e-07 /ariscv/uu_dtpath/uu_dec/uu_reg_file/g441__6260
1.84122e-10 2.58359e-09 1.55109e-08 1.82786e-08 /ariscv/uu_dtpath/uu_dec/uu_reg_file/g444__5526
1.84123e-10 2.59222e-09 1.79289e-08 2.07053e-08 /ariscv/uu_dtpath/uu_dec/uu_reg_file/g445__6783
1.83873e-10 2.61640e-09 1.53085e-08 1.81088e-08 /ariscv/uu_dtpath/uu_dec/uu_reg_file/g447__1617
1.85629e-10 2.64304e-09 1.51095e-08 1.79382e-08 /ariscv/uu_dtpath/uu_dec/uu_reg_file/g450__5122
1.93043e-10 2.60316e-09 1.50434e-08 1.78396e-08 /ariscv/uu_dtpath/uu_dec/uu_reg_file/g451__8246
1.83872e-10 2.62295e-09 1.74611e-08 2.02679e-08 /ariscv/uu_dtpath/uu_dec/uu_reg_file/g452__7098
1.90078e-10 5.56597e-08 3.05514e-07 3.61364e-07 /ariscv/uu_dtpath/uu_dec/uu_reg_file/g453__6131
1.87184e-10 2.71289e-09 1.35519e-08 1.64520e-08 /ariscv/uu_dtpath/uu_dec/uu_reg_file/g454__1881
1.98680e-10 4.92903e-08 2.43933e-07 2.93422e-07 /ariscv/uu_dtpath/uu_dec/uu_reg_file/g455__5115
1.86931e-10 2.67651e-09 1.44474e-08 1.73109e-08 /ariscv/uu_dtpath/uu_dec/uu_reg_file/g456__7482
1.93043e-10 2.57742e-09 1.48701e-08 1.76405e-08 /ariscv/uu_dtpath/uu_dec/uu_reg_file/g457__4733
1.85630e-10 2.63050e-09 1.62162e-08 1.90323e-08 /ariscv/uu_dtpath/uu_dec/uu_reg_file/g458__6161
1.93045e-10 2.58323e-09 1.58037e-08 1.85799e-08 /ariscv/uu_dtpath/uu_dec/uu_reg_file/g459__9315
1.85630e-10 2.61836e-09 1.37307e-08 1.65347e-08 /ariscv/uu_dtpath/uu_dec/uu_reg_file/g460__9945
1.93045e-10 2.56652e-09 1.34882e-08 1.62477e-08 /ariscv/uu_dtpath/uu_dec/uu_reg_file/g461__2883
1.93043e-10 2.59143e-09 1.74540e-08 2.02385e-08 /ariscv/uu_dtpath/uu_dec/uu_reg_file/g462__2346
1.86197e-10 2.71293e-09 1.53325e-08 1.82316e-08 /ariscv/uu_dtpath/uu_dec/uu_reg_file/g463__1666
1.10468e-10 1.64879e-09 9.85086e-09 1.16101e-08 /ariscv/uu_dtpath/uu_dec/uu_reg_file/g464__7410
2.36311e-10 3.26979e-09 1.74817e-08 2.09878e-08 /ariscv/uu_dtpath/uu_dec/uu_reg_file/g465__6417
1.10347e-10 1.66438e-09 9.65624e-09 1.14310e-08 /ariscv/uu_dtpath/uu_dec/uu_reg_file/g466__5477
1.85553e-10 2.76671e-09 1.53972e-08 1.83495e-08 /ariscv/uu_dtpath/uu_dec/uu_reg_file/g467__2398
1.85629e-10 2.62449e-09 1.36622e-08 1.64723e-08 /ariscv/uu_dtpath/uu_dec/uu_reg_file/g468__5107
2.95050e-11 5.61295e-10 2.24769e-09 2.83849e-09 /ariscv/uu_dtpath/uu_dec/uu_reg_file/g477__6783
2.93500e-11 5.50775e-10 1.88039e-09 2.46051e-09 /ariscv/uu_dtpath/uu_dec/uu_reg_file/g478__3680
1.10620e-10 5.01703e-09 2.54920e-08 3.06196e-08 /ariscv/uu_dtpath/uu_dec/uu_reg_file/g439__6161
2.36944e-10 2.28272e-08 1.25486e-07 1.48550e-07 /ariscv/uu_dtpath/uu_dec/uu_reg_file/g440__9315
1.97155e-10 5.51160e-08 2.98984e-07 3.54297e-07 /ariscv/uu_dtpath/uu_dec/uu_reg_file/g441__9945
1.84197e-10 2.62203e-09 1.50336e-08 1.78399e-08 /ariscv/uu_dtpath/uu_dec/uu_reg_file/g444__1666
1.84121e-10 2.61383e-09 1.71461e-08 1.99440e-08 /ariscv/uu_dtpath/uu_dec/uu_reg_file/g445__7410
1.85893e-10 2.60217e-09 1.53686e-08 1.81566e-08 /ariscv/uu_dtpath/uu_dec/uu_reg_file/g447__5477
1.89360e-10 1.84951e-08 1.12883e-07 1.31567e-07 /ariscv/uu_dtpath/uu_dec/uu_reg_file/g449__2398
1.87902e-10 7.84396e-09 4.51131e-08 5.31450e-08 /ariscv/uu_dtpath/uu_dec/uu_reg_file/g450__5107
1.89566e-10 7.85143e-09 4.46962e-08 5.27372e-08 /ariscv/uu_dtpath/uu_dec/uu_reg_file/g451__6260
1.85725e-10 2.59473e-09 1.70169e-08 1.97973e-08 /ariscv/uu_dtpath/uu_dec/uu_reg_file/g452__4319
1.91891e-10 1.84233e-08 1.01559e-07 1.20175e-07 /ariscv/uu_dtpath/uu_dec/uu_reg_file/g453__8428
1.88308e-10 7.80119e-09 3.94416e-08 4.74311e-08 /ariscv/uu_dtpath/uu_dec/uu_reg_file/g454__5526
1.90106e-10 2.33053e-08 1.07812e-07 1.31308e-07 /ariscv/uu_dtpath/uu_dec/uu_reg_file/g455__6783
1.93620e-10 7.08311e-08 3.85336e-07 4.56361e-07 /ariscv/uu_dtpath/uu_dec/uu_reg_file/g456__3680
1.89193e-10 2.61497e-09 1.43442e-08 1.71484e-08 /ariscv/uu_dtpath/uu_dec/uu_reg_file/g457__1617
1.88571e-10 2.65505e-09 1.64192e-08 1.92628e-08 /ariscv/uu_dtpath/uu_dec/uu_reg_file/g458__2802
1.90454e-10 2.66316e-09 1.64320e-08 1.92857e-08 /ariscv/uu_dtpath/uu_dec/uu_reg_file/g459__1705
1.87899e-10 2.61409e-09 1.34652e-08 1.62672e-08 /ariscv/uu_dtpath/uu_dec/uu_reg_file/g460__5122
1.89564e-10 1.29368e-08 6.97447e-08 8.28710e-08 /ariscv/uu_dtpath/uu_dec/uu_reg_file/g461__8246
1.89193e-10 2.61943e-09 1.70941e-08 1.99028e-08 /ariscv/uu_dtpath/uu_dec/uu_reg_file/g462__7098
1.85285e-10 2.71885e-09 1.51082e-08 1.80123e-08 /ariscv/uu_dtpath/uu_dec/uu_reg_file/g463__6131
2.34804e-10 3.25329e-09 1.94859e-08 2.29739e-08 /ariscv/uu_dtpath/uu_dec/uu_reg_file/g464__1881
1.87621e-10 2.61148e-09 1.74331e-08 2.02322e-08 /ariscv/uu_dtpath/uu_dec/uu_reg_file/g465__5115
1.11255e-10 1.64399e-09 1.01456e-08 1.19009e-08 /ariscv/uu_dtpath/uu_dec/uu_reg_file/g466__7482
1.88313e-10 1.84664e-08 1.04768e-07 1.23423e-07 /ariscv/uu_dtpath/uu_dec/uu_reg_file/g467__4733
1.87621e-10 2.60720e-09 1.49028e-08 1.76976e-08 /ariscv/uu_dtpath/uu_dec/uu_reg_file/g468__6161
2.98330e-11 2.78821e-09 9.26871e-09 1.20868e-08 /ariscv/uu_dtpath/uu_dec/uu_reg_file/g477__1666
2.93820e-11 5.38676e-10 1.71039e-09 2.27845e-09 /ariscv/uu_dtpath/uu_dec/uu_reg_file/g478__7410
3.06927e-10 3.05969e-09 1.60448e-09 4.97110e-09 /ariscv/uu_dtpath/uu_dec/uu_reg_file/g3489__9945
3.06894e-10 3.06808e-09 2.70573e-09 6.08070e-09 /ariscv/uu_dtpath/uu_dec/uu_reg_file/g3490__2883
1.73840e-10 1.89420e-09 2.28176e-09 4.34980e-09 /ariscv/uu_dtpath/uu_dec/uu_reg_file/g3491__2346
3.06847e-10 3.06043e-09 2.41769e-09 5.78497e-09 /ariscv/uu_dtpath/uu_dec/uu_reg_file/g3493__7410
6.47430e-11 6.77987e-10 1.97314e-09 2.71587e-09 /ariscv/uu_dtpath/uu_dec/uu_reg_file/g3497__5107
3.06939e-10 3.06356e-09 2.12357e-09 5.49407e-09 /ariscv/uu_dtpath/uu_dec/uu_reg_file/g3503__3680
6.47190e-11 6.78299e-10 1.34106e-09 2.08408e-09 /ariscv/uu_dtpath/uu_dec/uu_reg_file/g3507__5122
6.47430e-11 6.78227e-10 1.53804e-09 2.28101e-09 /ariscv/uu_dtpath/uu_dec/uu_reg_file/g3508__8246
6.47280e-11 6.78830e-10 1.37951e-09 2.12307e-09 /ariscv/uu_dtpath/uu_dec/uu_reg_file/g3510__6131
6.47430e-11 6.77642e-10 1.58054e-09 2.32292e-09 /ariscv/uu_dtpath/uu_dec/uu_reg_file/g3514__4733
3.06871e-10 3.06827e-09 2.17484e-09 5.54998e-09 /ariscv/uu_dtpath/uu_dec/uu_reg_file/g3517__9945
6.47430e-11 6.78795e-10 1.11474e-09 1.85828e-09 /ariscv/uu_dtpath/uu_dec/uu_reg_file/g3519__2346
6.47430e-11 6.78813e-10 1.70837e-09 2.45192e-09 /ariscv/uu_dtpath/uu_dec/uu_reg_file/g3525__5107
3.06894e-10 3.06661e-09 2.32190e-09 5.69540e-09 /ariscv/uu_dtpath/uu_dec/uu_reg_file/g3526__6260
6.47260e-11 6.78375e-10 1.31880e-09 2.06190e-09 /ariscv/uu_dtpath/uu_dec/uu_reg_file/g3528__8428
6.47430e-11 6.78416e-10 2.20857e-09 2.95173e-09 /ariscv/uu_dtpath/uu_dec/uu_reg_file/g3533__2802
6.47190e-11 6.79178e-10 1.51443e-09 2.25832e-09 /ariscv/uu_dtpath/uu_dec/uu_reg_file/g3537__7098
1.73879e-10 1.89072e-09 3.13881e-09 5.20341e-09 /ariscv/uu_dtpath/uu_dec/uu_reg_file/g3538__6131
3.06871e-10 3.06685e-09 1.44866e-09 4.82237e-09 /ariscv/uu_dtpath/uu_dec/uu_reg_file/g3540__5115
3.06915e-10 3.06108e-09 1.94616e-09 5.31415e-09 /ariscv/uu_dtpath/uu_dec/uu_reg_file/g3543__6161
3.06860e-10 3.06941e-09 1.98798e-09 5.36425e-09 /ariscv/uu_dtpath/uu_dec/uu_reg_file/g3551__5477
1.73833e-10 1.89535e-09 2.69899e-09 4.76817e-09 /ariscv/uu_dtpath/uu_dec/uu_reg_file/g3554__6260
6.47280e-11 6.77870e-10 9.99050e-10 1.74165e-09 /ariscv/uu_dtpath/uu_dec/uu_reg_file/g3555__4319
6.47280e-11 6.79127e-10 8.77288e-10 1.62114e-09 /ariscv/uu_dtpath/uu_dec/uu_reg_file/g3560__1617
6.47250e-11 6.78679e-10 1.48643e-09 2.22984e-09 /ariscv/uu_dtpath/uu_dec/uu_reg_file/g3561__2802
1.73833e-10 1.89217e-09 2.62141e-09 4.68741e-09 /ariscv/uu_dtpath/uu_dec/uu_reg_file/g3565__7098
6.47350e-11 6.78221e-10 1.90163e-09 2.64459e-09 /ariscv/uu_dtpath/uu_dec/uu_reg_file/g3568__5115
6.47280e-11 6.78815e-10 2.01361e-09 2.75716e-09 /ariscv/uu_dtpath/uu_dec/uu_reg_file/g3569__7482
6.47350e-11 6.78813e-10 1.50195e-09 2.24550e-09 /ariscv/uu_dtpath/uu_dec/uu_reg_file/g3573__9945
6.47220e-11 6.77407e-10 7.50805e-10 1.49293e-09 /ariscv/uu_dtpath/uu_dec/uu_reg_file/g3576__1666
6.47150e-11 6.78894e-10 1.39705e-09 2.14066e-09 /ariscv/uu_dtpath/uu_dec/uu_reg_file/g3578__6417
6.47350e-11 6.78447e-10 1.85340e-09 2.59658e-09 /ariscv/uu_dtpath/uu_dec/uu_reg_file/g3579__5477
6.47390e-11 6.79488e-10 1.59841e-09 2.34264e-09 /ariscv/uu_dtpath/uu_dec/uu_reg_file/g3489__37145
3.06894e-10 3.06843e-09 2.46457e-09 5.83989e-09 /ariscv/uu_dtpath/uu_dec/uu_reg_file/g3490__37146
3.06847e-10 3.05640e-09 3.33208e-09 6.69532e-09 /ariscv/uu_dtpath/uu_dec/uu_reg_file/g3493__37149
6.47430e-11 6.79687e-10 1.84969e-09 2.59412e-09 /ariscv/uu_dtpath/uu_dec/uu_reg_file/g3497__37153
6.37250e-11 4.43829e-09 1.44565e-08 1.89586e-08 /ariscv/uu_dtpath/uu_dec/uu_reg_file/g3503__37159
6.47190e-11 6.77655e-10 1.66486e-09 2.40723e-09 /ariscv/uu_dtpath/uu_dec/uu_reg_file/g3507__37163
6.47430e-11 6.78710e-10 1.41965e-09 2.16310e-09 /ariscv/uu_dtpath/uu_dec/uu_reg_file/g3508__37164
6.47280e-11 6.77814e-10 1.15319e-09 1.89573e-09 /ariscv/uu_dtpath/uu_dec/uu_reg_file/g3510__37166
6.37250e-11 4.43078e-09 9.75103e-09 1.42455e-08 /ariscv/uu_dtpath/uu_dec/uu_reg_file/g3514__37170
3.06871e-10 3.06507e-09 2.26928e-09 5.64122e-09 /ariscv/uu_dtpath/uu_dec/uu_reg_file/g3517__37173
6.37250e-11 4.43905e-09 1.01241e-08 1.46268e-08 /ariscv/uu_dtpath/uu_dec/uu_reg_file/g3519__37175
3.03615e-10 2.05011e-08 1.55898e-08 3.63946e-08 /ariscv/uu_dtpath/uu_dec/uu_reg_file/g3525__37181
3.06894e-10 3.06723e-09 2.43253e-09 5.80665e-09 /ariscv/uu_dtpath/uu_dec/uu_reg_file/g3526__37182
6.47260e-11 6.78667e-10 1.41459e-09 2.15798e-09 /ariscv/uu_dtpath/uu_dec/uu_reg_file/g3528__37184
6.37220e-11 4.43295e-09 1.62155e-08 2.07122e-08 /ariscv/uu_dtpath/uu_dec/uu_reg_file/g3533__37189
6.47220e-11 6.78428e-10 1.23380e-09 1.97695e-09 /ariscv/uu_dtpath/uu_dec/uu_reg_file/g3537__37193
3.03615e-10 2.04786e-08 2.08242e-08 4.16064e-08 /ariscv/uu_dtpath/uu_dec/uu_reg_file/g3538__37194
6.47220e-11 6.77690e-10 1.08303e-09 1.82545e-09 /ariscv/uu_dtpath/uu_dec/uu_reg_file/g3540__37196
6.47220e-11 6.77934e-10 1.89421e-09 2.63687e-09 /ariscv/uu_dtpath/uu_dec/uu_reg_file/g3551
1.73833e-10 1.88775e-09 3.21402e-09 5.27561e-09 /ariscv/uu_dtpath/uu_dec/uu_reg_file/g3554
6.47280e-11 6.78802e-10 1.12047e-09 1.86400e-09 /ariscv/uu_dtpath/uu_dec/uu_reg_file/g3555
6.47280e-11 6.79123e-10 9.28556e-10 1.67241e-09 /ariscv/uu_dtpath/uu_dec/uu_reg_file/g3560
6.47250e-11 6.78148e-10 1.44258e-09 2.18546e-09 /ariscv/uu_dtpath/uu_dec/uu_reg_file/g3561
6.47350e-11 6.77725e-10 1.92019e-09 2.66265e-09 /ariscv/uu_dtpath/uu_dec/uu_reg_file/g3568
3.06894e-10 3.06683e-09 2.37283e-09 5.74655e-09 /ariscv/uu_dtpath/uu_dec/uu_reg_file/g3569
6.47350e-11 6.77684e-10 1.55389e-09 2.29631e-09 /ariscv/uu_dtpath/uu_dec/uu_reg_file/g3573
6.47220e-11 6.78020e-10 8.66832e-10 1.60957e-09 /ariscv/uu_dtpath/uu_dec/uu_reg_file/g3576
6.47150e-11 6.78707e-10 1.54883e-09 2.29225e-09 /ariscv/uu_dtpath/uu_dec/uu_reg_file/g3578
6.47350e-11 6.78990e-10 1.70533e-09 2.44906e-09 /ariscv/uu_dtpath/uu_dec/uu_reg_file/g3579
4.51990e-11 1.72595e-08 8.76075e-09 2.60654e-08 /ariscv/uu_dtpath/uu_dec/uu_reg_file/FE_RC_21_0
1.19868e-10 2.72968e-09 1.21222e-09 4.06177e-09 /ariscv/uu_dtpath/uu_dec/uu_reg_file/FE_RC_20_0
9.27430e-11 3.47232e-08 1.19178e-08 4.67337e-08 /ariscv/uu_dtpath/uu_dec/uu_reg_file/FE_RC_19_0
9.34780e-11 3.11077e-08 7.47264e-09 3.86738e-08 /ariscv/uu_dtpath/uu_dec/uu_reg_file/FE_RC_17_0
2.82002e-10 8.21378e-09 1.25438e-08 2.10396e-08 /ariscv/uu_dtpath/uu_dec/uu_reg_file/FE_RC_11_0
2.05054e-10 6.17750e-08 1.46367e-08 7.66167e-08 /ariscv/uu_dtpath/uu_dec/uu_reg_file/FE_RC_10_0
9.35720e-11 3.92747e-08 9.97836e-09 4.93466e-08 /ariscv/uu_dtpath/uu_dec/uu_reg_file/FE_RC_9_0
1.61328e-10 1.11875e-09 3.59550e-10 1.63963e-09 /ariscv/uu_dtpath/uu_dec/uu_reg_file/FE_RC_7_0
9.35950e-11 3.92622e-08 9.51425e-09 4.88700e-08 /ariscv/uu_dtpath/uu_dec/uu_reg_file/FE_RC_6_0
1.61338e-10 1.11878e-09 4.00699e-10 1.68082e-09 /ariscv/uu_dtpath/uu_dec/uu_reg_file/FE_RC_4_0
1.61392e-10 1.11711e-09 4.84347e-10 1.76285e-09 /ariscv/uu_dtpath/uu_dec/uu_reg_file/FE_RC_2_0
5.26100e-11 1.42314e-09 2.04161e-09 3.51736e-09 /ariscv/uu_dtpath/uu_dec/uu_reg_file/g37019
3.29890e-11 5.92380e-09 2.54181e-09 8.49860e-09 /ariscv/uu_dtpath/uu_dec/uu_reg_file/g37021
3.73540e-11 6.67906e-09 6.06244e-09 1.27788e-08 /ariscv/uu_dtpath/uu_dec/uu_reg_file/g37023
2.03760e-11 3.16285e-10 7.55527e-10 1.09219e-09 /ariscv/uu_dtpath/uu_dec/uu_reg_file/g37024
5.12440e-11 1.12524e-08 1.34575e-08 2.47612e-08 /ariscv/uu_dtpath/uu_dec/uu_reg_file/g37025
3.47970e-11 5.86172e-09 3.53816e-09 9.43468e-09 /ariscv/uu_dtpath/uu_dec/uu_reg_file/g37032
2.44140e-11 7.83123e-09 2.17214e-08 2.95771e-08 /ariscv/uu_dtpath/uu_dec/uu_reg_file/g37035
2.28270e-11 2.96258e-09 1.30227e-09 4.28768e-09 /ariscv/uu_dtpath/uu_dec/uu_reg_file/g37036
3.13810e-11 1.70334e-09 2.81299e-10 2.01602e-09 /ariscv/uu_dtpath/uu_dec/uu_reg_file/g2
2.40530e-11 6.52347e-09 1.49574e-08 2.15049e-08 /ariscv/uu_dtpath/uu_dec/uu_reg_file/g473__4319
3.78300e-11 7.76507e-09 1.40063e-08 2.18092e-08 /ariscv/uu_dtpath/uu_dec/uu_reg_file/g480__2802
2.04240e-11 3.18256e-10 1.00580e-09 1.34448e-09 /ariscv/uu_dtpath/uu_dec/uu_reg_file/g481__1705
2.05100e-11 9.67510e-10 2.60657e-09 3.59459e-09 /ariscv/uu_dtpath/uu_dec/uu_reg_file/g490__5115
2.08790e-11 3.78543e-09 7.73573e-09 1.15420e-08 /ariscv/uu_dtpath/uu_dec/uu_reg_file/g473__9945
4.22220e-11 1.31262e-08 1.93435e-08 3.25120e-08 /ariscv/uu_dtpath/uu_dec/uu_reg_file/g480__5477
2.34770e-11 2.15674e-09 5.55549e-09 7.73571e-09 /ariscv/uu_dtpath/uu_dec/uu_reg_file/g481__2398
2.25280e-11 1.62434e-09 5.51131e-09 7.15817e-09 /ariscv/uu_dtpath/uu_dec/uu_reg_file/g490__6783
4.47240e-11 2.36458e-08 7.52998e-09 3.12205e-08 /ariscv/uu_dtpath/uu_dec/uu_reg_file/g3457__7482
4.84710e-11 1.62788e-08 8.47034e-09 2.47977e-08 /ariscv/uu_dtpath/uu_dec/uu_reg_file/g3458__4733
5.72910e-11 2.37312e-09 9.14054e-10 3.34447e-09 /ariscv/uu_dtpath/uu_dec/uu_reg_file/g3459__6161
5.43960e-11 7.76737e-09 2.33236e-09 1.01541e-08 /ariscv/uu_dtpath/uu_dec/uu_reg_file/g3460__9315
4.47070e-11 1.95650e-08 4.27514e-09 2.38849e-08 /ariscv/uu_dtpath/uu_dec/uu_reg_file/g3461__9945
4.94990e-11 1.34125e-08 4.12538e-09 1.75874e-08 /ariscv/uu_dtpath/uu_dec/uu_reg_file/g3462__2883
2.05009e-10 6.16032e-08 1.73191e-08 7.91273e-08 /ariscv/uu_dtpath/uu_dec/uu_reg_file/g3463__2346
5.03100e-11 1.41512e-08 4.89946e-09 1.91010e-08 /ariscv/uu_dtpath/uu_dec/uu_reg_file/g3464__1666
5.02530e-11 1.12821e-08 4.63132e-09 1.59637e-08 /ariscv/uu_dtpath/uu_dec/uu_reg_file/g3466__6417
4.61110e-11 2.15887e-08 9.28220e-09 3.09171e-08 /ariscv/uu_dtpath/uu_dec/uu_reg_file/g3468__2398
4.47240e-11 2.16193e-08 6.61357e-09 2.82776e-08 /ariscv/uu_dtpath/uu_dec/uu_reg_file/g3469__5107
4.47300e-11 2.16090e-08 1.45324e-08 3.61862e-08 /ariscv/uu_dtpath/uu_dec/uu_reg_file/g3470__6260
1.04205e-10 2.92567e-08 6.48506e-09 3.58459e-08 /ariscv/uu_dtpath/uu_dec/uu_reg_file/g3471__4319
4.71250e-11 1.85289e-08 7.73741e-09 2.63135e-08 /ariscv/uu_dtpath/uu_dec/uu_reg_file/g3472__8428
2.41650e-11 1.24447e-08 6.35250e-09 1.88214e-08 /ariscv/uu_dtpath/uu_dec/uu_reg_file/g3473__5526
4.47280e-11 2.16201e-08 6.46853e-09 2.81333e-08 /ariscv/uu_dtpath/uu_dec/uu_reg_file/g3474__6783
2.41730e-11 1.24854e-08 6.77310e-09 1.92827e-08 /ariscv/uu_dtpath/uu_dec/uu_reg_file/g3476__1617
9.32560e-11 4.14095e-08 1.77667e-08 5.92695e-08 /ariscv/uu_dtpath/uu_dec/uu_reg_file/g3477__2802
2.41720e-11 1.24858e-08 6.43953e-09 1.89495e-08 /ariscv/uu_dtpath/uu_dec/uu_reg_file/g3478__1705
4.47280e-11 2.16205e-08 8.48451e-09 3.01497e-08 /ariscv/uu_dtpath/uu_dec/uu_reg_file/g3479__5122
4.47310e-11 1.66008e-08 1.81539e-08 3.47995e-08 /ariscv/uu_dtpath/uu_dec/uu_reg_file/g3480__8246
4.47130e-11 2.15984e-08 7.16470e-09 2.88078e-08 /ariscv/uu_dtpath/uu_dec/uu_reg_file/g3481__7098
4.47300e-11 2.16539e-08 1.27920e-08 3.44907e-08 /ariscv/uu_dtpath/uu_dec/uu_reg_file/g3482__6131
4.47240e-11 2.16038e-08 5.78687e-09 2.74354e-08 /ariscv/uu_dtpath/uu_dec/uu_reg_file/g3483__1881
4.81700e-11 1.51983e-08 4.22421e-09 1.94706e-08 /ariscv/uu_dtpath/uu_dec/uu_reg_file/g3484__5115
9.32420e-11 3.75107e-08 2.47695e-08 6.23734e-08 /ariscv/uu_dtpath/uu_dec/uu_reg_file/g3485__7482
9.32590e-11 3.74283e-08 2.40855e-08 6.16071e-08 /ariscv/uu_dtpath/uu_dec/uu_reg_file/g3486__4733
5.40440e-11 8.68608e-09 2.17889e-09 1.09190e-08 /ariscv/uu_dtpath/uu_dec/uu_reg_file/g3488__9315
3.88890e-11 3.22794e-10 3.54828e-10 7.16511e-10 /ariscv/uu_dtpath/uu_dec/uu_reg_file/g3492__1666
3.88890e-11 3.21037e-10 3.99350e-10 7.59276e-10 /ariscv/uu_dtpath/uu_dec/uu_reg_file/g3494__6417
3.88890e-11 3.21878e-10 2.95802e-10 6.56569e-10 /ariscv/uu_dtpath/uu_dec/uu_reg_file/g3495__5477
3.88870e-11 3.21050e-10 5.70018e-10 9.29955e-10 /ariscv/uu_dtpath/uu_dec/uu_reg_file/g3496__2398
3.88890e-11 3.22160e-10 2.32055e-10 5.93104e-10 /ariscv/uu_dtpath/uu_dec/uu_reg_file/g3498__6260
3.88870e-11 3.20884e-10 4.21611e-10 7.81382e-10 /ariscv/uu_dtpath/uu_dec/uu_reg_file/g3499__4319
3.88890e-11 3.22222e-10 5.04247e-10 8.65358e-10 /ariscv/uu_dtpath/uu_dec/uu_reg_file/g3500__8428
3.88890e-11 3.20741e-10 2.48919e-10 6.08549e-10 /ariscv/uu_dtpath/uu_dec/uu_reg_file/g3501__5526
3.88890e-11 3.21135e-10 4.62760e-10 8.22784e-10 /ariscv/uu_dtpath/uu_dec/uu_reg_file/g3502__6783
3.88890e-11 3.22353e-10 4.61411e-10 8.22653e-10 /ariscv/uu_dtpath/uu_dec/uu_reg_file/g3504__1617
3.88850e-11 3.21941e-10 8.02073e-10 1.16290e-09 /ariscv/uu_dtpath/uu_dec/uu_reg_file/g3505__2802
3.88890e-11 3.21165e-10 1.59875e-10 5.19929e-10 /ariscv/uu_dtpath/uu_dec/uu_reg_file/g3506__1705
3.88870e-11 3.22121e-10 5.09306e-10 8.70314e-10 /ariscv/uu_dtpath/uu_dec/uu_reg_file/g3509__7098
3.88830e-11 3.21435e-10 6.44896e-10 1.00521e-09 /ariscv/uu_dtpath/uu_dec/uu_reg_file/g3511__1881
3.88880e-11 3.22138e-10 1.57177e-10 5.18203e-10 /ariscv/uu_dtpath/uu_dec/uu_reg_file/g3512__5115
3.88890e-11 3.21121e-10 2.43523e-10 6.03533e-10 /ariscv/uu_dtpath/uu_dec/uu_reg_file/g3513__7482
8.13840e-11 6.16947e-10 1.07427e-09 1.77260e-09 /ariscv/uu_dtpath/uu_dec/uu_reg_file/g3515__6161
3.88880e-11 3.21251e-10 2.83323e-10 6.43462e-10 /ariscv/uu_dtpath/uu_dec/uu_reg_file/g3516__9315
3.88890e-11 3.21688e-10 4.38813e-10 7.99390e-10 /ariscv/uu_dtpath/uu_dec/uu_reg_file/g3518__2883
3.88870e-11 3.23798e-10 3.44372e-10 7.07057e-10 /ariscv/uu_dtpath/uu_dec/uu_reg_file/g3520__1666
3.88890e-11 3.22207e-10 4.38475e-10 7.99571e-10 /ariscv/uu_dtpath/uu_dec/uu_reg_file/g3521__7410
3.88850e-11 3.21888e-10 6.84359e-10 1.04513e-09 /ariscv/uu_dtpath/uu_dec/uu_reg_file/g3522__6417
3.88860e-11 3.21384e-10 1.64597e-10 5.24867e-10 /ariscv/uu_dtpath/uu_dec/uu_reg_file/g3523__5477
3.88890e-11 3.21189e-10 2.25309e-10 5.85387e-10 /ariscv/uu_dtpath/uu_dec/uu_reg_file/g3524__2398
3.88850e-11 3.21140e-10 8.90780e-10 1.25081e-09 /ariscv/uu_dtpath/uu_dec/uu_reg_file/g3527__4319
3.88880e-11 3.22623e-10 2.61062e-10 6.22573e-10 /ariscv/uu_dtpath/uu_dec/uu_reg_file/g3529__5526
3.88830e-11 3.22655e-10 5.47083e-10 9.08621e-10 /ariscv/uu_dtpath/uu_dec/uu_reg_file/g3530__6783
3.88890e-11 3.22646e-10 1.65609e-10 5.27144e-10 /ariscv/uu_dtpath/uu_dec/uu_reg_file/g3531__3680
3.88870e-11 3.21124e-10 2.73879e-10 6.33890e-10 /ariscv/uu_dtpath/uu_dec/uu_reg_file/g3532__1617
3.88870e-11 3.22091e-10 7.65646e-10 1.12662e-09 /ariscv/uu_dtpath/uu_dec/uu_reg_file/g3534__1705
3.88910e-11 3.21514e-10 2.40824e-10 6.01229e-10 /ariscv/uu_dtpath/uu_dec/uu_reg_file/g3535__5122
3.88880e-11 3.21341e-10 1.64597e-10 5.24826e-10 /ariscv/uu_dtpath/uu_dec/uu_reg_file/g3536__8246
3.88850e-11 3.22083e-10 1.74378e-10 5.35346e-10 /ariscv/uu_dtpath/uu_dec/uu_reg_file/g3539__1881
3.88880e-11 3.21138e-10 2.00350e-10 5.60376e-10 /ariscv/uu_dtpath/uu_dec/uu_reg_file/g3541__7482
3.88890e-11 3.21356e-10 3.59887e-10 7.20132e-10 /ariscv/uu_dtpath/uu_dec/uu_reg_file/g3542__4733
3.88880e-11 3.22235e-10 5.70355e-10 9.31478e-10 /ariscv/uu_dtpath/uu_dec/uu_reg_file/g3544__9315
3.88890e-11 3.22202e-10 4.14191e-10 7.75282e-10 /ariscv/uu_dtpath/uu_dec/uu_reg_file/g3545__9945
3.88860e-11 3.21061e-10 5.01886e-10 8.61833e-10 /ariscv/uu_dtpath/uu_dec/uu_reg_file/g3546__2883
3.88890e-11 3.22381e-10 7.44059e-10 1.10533e-09 /ariscv/uu_dtpath/uu_dec/uu_reg_file/g3547__2346
3.88890e-11 3.20851e-10 4.92442e-10 8.52182e-10 /ariscv/uu_dtpath/uu_dec/uu_reg_file/g3548__1666
3.88870e-11 3.20238e-10 1.75390e-10 5.34515e-10 /ariscv/uu_dtpath/uu_dec/uu_reg_file/g3549__7410
3.88890e-11 3.22624e-10 4.17564e-10 7.79077e-10 /ariscv/uu_dtpath/uu_dec/uu_reg_file/g3550__6417
3.88890e-11 3.20641e-10 5.71705e-10 9.31235e-10 /ariscv/uu_dtpath/uu_dec/uu_reg_file/g3552__2398
3.88890e-11 3.22849e-10 1.25269e-09 1.61443e-09 /ariscv/uu_dtpath/uu_dec/uu_reg_file/g3553__5107
3.88850e-11 3.20096e-10 1.95965e-10 5.54946e-10 /ariscv/uu_dtpath/uu_dec/uu_reg_file/g3556__8428
3.88890e-11 3.24392e-10 2.73204e-10 6.36485e-10 /ariscv/uu_dtpath/uu_dec/uu_reg_file/g3557__5526
3.88890e-11 3.20665e-10 2.67807e-10 6.27361e-10 /ariscv/uu_dtpath/uu_dec/uu_reg_file/g3558__6783
3.88850e-11 3.21226e-10 7.21798e-10 1.08191e-09 /ariscv/uu_dtpath/uu_dec/uu_reg_file/g3559__3680
3.88880e-11 3.22150e-10 2.61062e-10 6.22100e-10 /ariscv/uu_dtpath/uu_dec/uu_reg_file/g3562__1705
3.88890e-11 3.21250e-10 5.43372e-10 9.03511e-10 /ariscv/uu_dtpath/uu_dec/uu_reg_file/g3563__5122
3.88880e-11 3.21652e-10 3.17726e-10 6.78266e-10 /ariscv/uu_dtpath/uu_dec/uu_reg_file/g3564__8246
3.88880e-11 3.21362e-10 4.66133e-10 8.26383e-10 /ariscv/uu_dtpath/uu_dec/uu_reg_file/g3566__6131
3.88870e-11 3.20708e-10 4.05758e-10 7.65353e-10 /ariscv/uu_dtpath/uu_dec/uu_reg_file/g3567__1881
3.88890e-11 3.21167e-10 6.01723e-10 9.61779e-10 /ariscv/uu_dtpath/uu_dec/uu_reg_file/g3570__4733
3.88870e-11 3.21886e-10 7.11005e-10 1.07178e-09 /ariscv/uu_dtpath/uu_dec/uu_reg_file/g3571__6161
3.88890e-11 3.21363e-10 2.66458e-10 6.26710e-10 /ariscv/uu_dtpath/uu_dec/uu_reg_file/g3572__9315
3.88890e-11 3.22630e-10 3.31555e-10 6.93074e-10 /ariscv/uu_dtpath/uu_dec/uu_reg_file/g3574__2883
3.88890e-11 3.22685e-10 7.42035e-10 1.10361e-09 /ariscv/uu_dtpath/uu_dec/uu_reg_file/g3575__2346
3.88870e-11 3.21631e-10 4.66808e-10 8.27326e-10 /ariscv/uu_dtpath/uu_dec/uu_reg_file/g3577__7410
3.88830e-11 3.24482e-10 2.95128e-10 6.58493e-10 /ariscv/uu_dtpath/uu_dec/uu_reg_file/g3580__2398
3.88870e-11 3.21663e-10 4.94128e-10 8.54678e-10 /ariscv/uu_dtpath/uu_dec/uu_reg_file/g3581__5107
3.88890e-11 3.22688e-10 5.97676e-10 9.59253e-10 /ariscv/uu_dtpath/uu_dec/uu_reg_file/g3582__6260
3.88850e-11 3.20082e-10 4.03397e-10 7.62364e-10 /ariscv/uu_dtpath/uu_dec/uu_reg_file/g3583__4319
3.88890e-11 3.20876e-10 3.12329e-10 6.72094e-10 /ariscv/uu_dtpath/uu_dec/uu_reg_file/g3584__8428
2.37800e-11 1.15963e-08 5.11701e-09 1.67371e-08 /ariscv/uu_dtpath/uu_dec/uu_reg_file/g3457__37113
5.41500e-11 8.41215e-09 2.37384e-09 1.08401e-08 /ariscv/uu_dtpath/uu_dec/uu_reg_file/g3458__37114
5.68980e-11 3.41021e-09 1.17815e-09 4.64526e-09 /ariscv/uu_dtpath/uu_dec/uu_reg_file/g3459__37115
5.04890e-11 1.08630e-08 4.63132e-09 1.55448e-08 /ariscv/uu_dtpath/uu_dec/uu_reg_file/g3460__37116
5.57130e-11 5.38821e-09 2.15191e-09 7.59583e-09 /ariscv/uu_dtpath/uu_dec/uu_reg_file/g3462__37118
4.40420e-11 1.79690e-08 1.66806e-08 3.46937e-08 /ariscv/uu_dtpath/uu_dec/uu_reg_file/g3463__37119
5.04000e-11 1.19803e-08 3.46565e-09 1.54963e-08 /ariscv/uu_dtpath/uu_dec/uu_reg_file/g3464__37120
2.35520e-11 1.09858e-08 6.31473e-09 1.73240e-08 /ariscv/uu_dtpath/uu_dec/uu_reg_file/g3465__37121
4.86430e-11 1.70126e-08 6.89419e-09 2.39554e-08 /ariscv/uu_dtpath/uu_dec/uu_reg_file/g3466__37122
4.40420e-11 1.79424e-08 1.52994e-08 3.32859e-08 /ariscv/uu_dtpath/uu_dec/uu_reg_file/g3467__37123
4.38010e-11 2.14954e-08 6.38151e-09 2.79207e-08 /ariscv/uu_dtpath/uu_dec/uu_reg_file/g3468__37124
4.40380e-11 1.79784e-08 6.04422e-09 2.40667e-08 /ariscv/uu_dtpath/uu_dec/uu_reg_file/g3469__37125
9.09940e-11 3.84699e-08 8.49766e-09 4.70586e-08 /ariscv/uu_dtpath/uu_dec/uu_reg_file/g3470__37126
1.06301e-10 2.06001e-08 8.48687e-09 2.91933e-08 /ariscv/uu_dtpath/uu_dec/uu_reg_file/g3471__37127
9.01520e-11 3.33958e-08 1.05302e-08 4.40161e-08 /ariscv/uu_dtpath/uu_dec/uu_reg_file/g3472__37128
2.01835e-10 6.69421e-08 4.57566e-08 1.12901e-07 /ariscv/uu_dtpath/uu_dec/uu_reg_file/g3473__37129
4.36590e-11 2.00414e-08 5.93258e-09 2.60177e-08 /ariscv/uu_dtpath/uu_dec/uu_reg_file/g3474__37130
5.73030e-11 2.37741e-09 2.60556e-09 5.04027e-09 /ariscv/uu_dtpath/uu_dec/uu_reg_file/g3475__37131
9.09740e-11 3.84120e-08 8.55028e-09 4.70532e-08 /ariscv/uu_dtpath/uu_dec/uu_reg_file/g3476__37132
4.36530e-11 2.00501e-08 1.26281e-08 3.27219e-08 /ariscv/uu_dtpath/uu_dec/uu_reg_file/g3477__37133
4.40420e-11 1.79615e-08 5.34772e-09 2.33532e-08 /ariscv/uu_dtpath/uu_dec/uu_reg_file/g3478__37134
4.40460e-11 1.89986e-08 8.69835e-09 2.77410e-08 /ariscv/uu_dtpath/uu_dec/uu_reg_file/g3479__37135
4.40530e-11 2.01004e-08 1.71663e-08 3.73108e-08 /ariscv/uu_dtpath/uu_dec/uu_reg_file/g3480__37136
2.37730e-11 1.03442e-08 7.26015e-09 1.76282e-08 /ariscv/uu_dtpath/uu_dec/uu_reg_file/g3481__37137
4.40530e-11 2.10740e-08 1.02610e-08 3.13790e-08 /ariscv/uu_dtpath/uu_dec/uu_reg_file/g3482__37138
4.44430e-11 1.79598e-08 5.40675e-09 2.34109e-08 /ariscv/uu_dtpath/uu_dec/uu_reg_file/g3483__37139
5.12870e-11 1.39150e-08 5.54605e-09 1.95123e-08 /ariscv/uu_dtpath/uu_dec/uu_reg_file/g3484__37140
4.36460e-11 1.90148e-08 7.92461e-09 2.69830e-08 /ariscv/uu_dtpath/uu_dec/uu_reg_file/g3485__37141
5.01290e-11 1.16296e-08 4.68562e-09 1.63653e-08 /ariscv/uu_dtpath/uu_dec/uu_reg_file/g3488__37144
3.88890e-11 3.21485e-10 6.07794e-10 9.68168e-10 /ariscv/uu_dtpath/uu_dec/uu_reg_file/g3492__37148
3.88890e-11 3.20854e-10 4.06770e-10 7.66513e-10 /ariscv/uu_dtpath/uu_dec/uu_reg_file/g3494__37150
3.88890e-11 3.20902e-10 3.40999e-10 7.00790e-10 /ariscv/uu_dtpath/uu_dec/uu_reg_file/g3495__37151
3.88870e-11 3.21593e-10 8.85720e-10 1.24620e-09 /ariscv/uu_dtpath/uu_dec/uu_reg_file/g3496__37152
3.88890e-11 3.21098e-10 1.78763e-10 5.38750e-10 /ariscv/uu_dtpath/uu_dec/uu_reg_file/g3498__37154
3.88850e-11 3.24789e-10 4.48594e-10 8.12268e-10 /ariscv/uu_dtpath/uu_dec/uu_reg_file/g3499__37155
3.88890e-11 3.22006e-10 8.22647e-10 1.18354e-09 /ariscv/uu_dtpath/uu_dec/uu_reg_file/g3500__37156
3.88890e-11 3.22086e-10 7.58900e-10 1.11988e-09 /ariscv/uu_dtpath/uu_dec/uu_reg_file/g3501__37157
3.88890e-11 3.21118e-10 5.47083e-10 9.07090e-10 /ariscv/uu_dtpath/uu_dec/uu_reg_file/g3502__37158
3.88890e-11 3.21310e-10 6.21961e-10 9.82160e-10 /ariscv/uu_dtpath/uu_dec/uu_reg_file/g3504__37160
8.13810e-11 6.18976e-10 1.27799e-09 1.97834e-09 /ariscv/uu_dtpath/uu_dec/uu_reg_file/g3505__37161
3.88880e-11 3.21647e-10 2.24634e-10 5.85169e-10 /ariscv/uu_dtpath/uu_dec/uu_reg_file/g3506__37162
3.88870e-11 3.24821e-10 1.19130e-09 1.55501e-09 /ariscv/uu_dtpath/uu_dec/uu_reg_file/g3509__37165
8.13780e-11 6.19234e-10 1.14375e-09 1.84436e-09 /ariscv/uu_dtpath/uu_dec/uu_reg_file/g3511__37167
3.88880e-11 3.22293e-10 2.42173e-10 6.03354e-10 /ariscv/uu_dtpath/uu_dec/uu_reg_file/g3512__37168
3.88890e-11 3.21535e-10 7.39337e-10 1.09976e-09 /ariscv/uu_dtpath/uu_dec/uu_reg_file/g3513__37169
8.13840e-11 6.18739e-10 1.20480e-09 1.90492e-09 /ariscv/uu_dtpath/uu_dec/uu_reg_file/g3515__37171
3.88880e-11 3.22093e-10 2.56340e-10 6.17321e-10 /ariscv/uu_dtpath/uu_dec/uu_reg_file/g3516__37172
8.13880e-11 6.18140e-10 1.45574e-09 2.15527e-09 /ariscv/uu_dtpath/uu_dec/uu_reg_file/g3518__37174
3.88880e-11 3.22141e-10 8.09831e-10 1.17086e-09 /ariscv/uu_dtpath/uu_dec/uu_reg_file/g3520__37176
3.88890e-11 3.21012e-10 5.36964e-10 8.96865e-10 /ariscv/uu_dtpath/uu_dec/uu_reg_file/g3521__37177
3.88850e-11 3.20961e-10 7.60249e-10 1.12010e-09 /ariscv/uu_dtpath/uu_dec/uu_reg_file/g3522__37178
3.88880e-11 3.21855e-10 4.60737e-10 8.21480e-10 /ariscv/uu_dtpath/uu_dec/uu_reg_file/g3523__37179
3.88890e-11 3.21488e-10 7.66995e-10 1.12737e-09 /ariscv/uu_dtpath/uu_dec/uu_reg_file/g3524__37180
3.88850e-11 3.20960e-10 5.67657e-10 9.27502e-10 /ariscv/uu_dtpath/uu_dec/uu_reg_file/g3527__37183
3.88880e-11 3.22464e-10 5.96327e-10 9.57679e-10 /ariscv/uu_dtpath/uu_dec/uu_reg_file/g3529__37185
3.88830e-11 3.22333e-10 6.34103e-10 9.95319e-10 /ariscv/uu_dtpath/uu_dec/uu_reg_file/g3530__37186
3.88890e-11 3.21345e-10 1.03345e-09 1.39369e-09 /ariscv/uu_dtpath/uu_dec/uu_reg_file/g3531__37187
3.88880e-11 3.21222e-10 8.61098e-10 1.22121e-09 /ariscv/uu_dtpath/uu_dec/uu_reg_file/g3532__37188
3.88870e-11 3.20481e-10 6.43547e-10 1.00292e-09 /ariscv/uu_dtpath/uu_dec/uu_reg_file/g3534__37190
3.88890e-11 3.21675e-10 6.58388e-10 1.01895e-09 /ariscv/uu_dtpath/uu_dec/uu_reg_file/g3535__37191
3.88880e-11 3.21914e-10 2.20587e-10 5.81389e-10 /ariscv/uu_dtpath/uu_dec/uu_reg_file/g3536__37192
3.88830e-11 3.21371e-10 9.17088e-10 1.27734e-09 /ariscv/uu_dtpath/uu_dec/uu_reg_file/g3539__37195
3.88880e-11 3.22262e-10 1.45034e-10 5.06184e-10 /ariscv/uu_dtpath/uu_dec/uu_reg_file/g3541__37197
3.88890e-11 3.22145e-10 8.57388e-10 1.21842e-09 /ariscv/uu_dtpath/uu_dec/uu_reg_file/g3542__37198
3.88870e-11 3.21751e-10 5.45059e-10 9.05697e-10 /ariscv/uu_dtpath/uu_dec/uu_reg_file/g3544
3.88890e-11 3.21617e-10 8.01061e-10 1.16157e-09 /ariscv/uu_dtpath/uu_dec/uu_reg_file/g3545
3.88860e-11 3.20810e-10 5.46408e-10 9.06104e-10 /ariscv/uu_dtpath/uu_dec/uu_reg_file/g3546
3.88890e-11 3.21522e-10 6.99537e-10 1.05995e-09 /ariscv/uu_dtpath/uu_dec/uu_reg_file/g3547
3.88890e-11 3.21058e-10 4.55340e-10 8.15287e-10 /ariscv/uu_dtpath/uu_dec/uu_reg_file/g3548
3.88890e-11 3.21736e-10 8.36480e-11 4.44273e-10 /ariscv/uu_dtpath/uu_dec/uu_reg_file/g3549
3.88890e-11 3.22220e-10 9.26195e-10 1.28730e-09 /ariscv/uu_dtpath/uu_dec/uu_reg_file/g3550
3.88890e-11 3.20521e-10 9.50480e-10 1.30989e-09 /ariscv/uu_dtpath/uu_dec/uu_reg_file/g3552
3.88890e-11 3.22780e-10 1.01861e-09 1.38028e-09 /ariscv/uu_dtpath/uu_dec/uu_reg_file/g3553
3.88850e-11 3.21780e-10 6.52317e-10 1.01298e-09 /ariscv/uu_dtpath/uu_dec/uu_reg_file/g3556
3.88890e-11 3.21384e-10 4.04072e-10 7.64345e-10 /ariscv/uu_dtpath/uu_dec/uu_reg_file/g3557
3.88890e-11 3.21866e-10 6.66483e-10 1.02724e-09 /ariscv/uu_dtpath/uu_dec/uu_reg_file/g3558
8.13810e-11 6.18162e-10 1.16432e-09 1.86386e-09 /ariscv/uu_dtpath/uu_dec/uu_reg_file/g3559
3.88880e-11 3.21962e-10 1.11373e-09 1.47458e-09 /ariscv/uu_dtpath/uu_dec/uu_reg_file/g3562
3.88890e-11 3.21486e-10 8.23659e-10 1.18403e-09 /ariscv/uu_dtpath/uu_dec/uu_reg_file/g3563
3.88880e-11 3.21599e-10 1.96302e-10 5.56789e-10 /ariscv/uu_dtpath/uu_dec/uu_reg_file/g3564
8.13870e-11 6.18036e-10 1.56570e-09 2.26512e-09 /ariscv/uu_dtpath/uu_dec/uu_reg_file/g3566
3.88850e-11 3.24312e-10 9.18438e-10 1.28164e-09 /ariscv/uu_dtpath/uu_dec/uu_reg_file/g3567
3.88890e-11 3.20543e-10 5.94303e-10 9.53735e-10 /ariscv/uu_dtpath/uu_dec/uu_reg_file/g3570
3.88890e-11 3.22491e-10 8.22310e-10 1.18369e-09 /ariscv/uu_dtpath/uu_dec/uu_reg_file/g3571
3.88890e-11 3.21040e-10 7.76439e-10 1.13637e-09 /ariscv/uu_dtpath/uu_dec/uu_reg_file/g3572
8.13880e-11 6.19376e-10 1.55220e-09 2.25297e-09 /ariscv/uu_dtpath/uu_dec/uu_reg_file/g3574
3.88890e-11 3.21966e-10 4.44209e-10 8.05064e-10 /ariscv/uu_dtpath/uu_dec/uu_reg_file/g3575
3.88890e-11 3.22133e-10 4.49269e-10 8.10291e-10 /ariscv/uu_dtpath/uu_dec/uu_reg_file/g3577
3.88830e-11 3.24292e-10 1.03210e-09 1.39528e-09 /ariscv/uu_dtpath/uu_dec/uu_reg_file/g3580
3.88870e-11 3.20729e-10 7.02910e-10 1.06253e-09 /ariscv/uu_dtpath/uu_dec/uu_reg_file/g3581
3.88890e-11 3.21559e-10 4.24984e-10 7.85432e-10 /ariscv/uu_dtpath/uu_dec/uu_reg_file/g3582
3.88850e-11 3.19949e-10 3.22448e-10 6.81282e-10 /ariscv/uu_dtpath/uu_dec/uu_reg_file/g3583
3.88890e-11 3.21008e-10 6.44222e-10 1.00412e-09 /ariscv/uu_dtpath/uu_dec/uu_reg_file/g3584
6.10930e-11 2.26507e-08 1.68634e-08 3.95752e-08 /ariscv/uu_dtpath/uu_dec/uu_reg_file/g37200
3.03586e-10 1.18108e-07 1.72469e-07 2.90881e-07 /ariscv/uu_dtpath/uu_dec/uu_reg_file/FE_RC_25_0
3.04227e-10 1.12324e-07 1.21994e-07 2.34623e-07 /ariscv/uu_dtpath/uu_dec/uu_reg_file/FE_RC_24_0
1.46466e-10 2.77756e-08 4.10950e-08 6.90170e-08 /ariscv/uu_dtpath/uu_dec/uu_reg_file/FE_RC_18_0
1.46488e-10 4.42459e-08 5.92762e-08 1.03669e-07 /ariscv/uu_dtpath/uu_dec/uu_reg_file/FE_RC_14_0
5.45620e-11 8.86359e-10 3.92132e-09 4.86224e-09 /ariscv/uu_dtpath/uu_dec/uu_reg_file/g36980
1.85198e-10 2.73797e-09 1.18321e-08 1.47553e-08 /ariscv/uu_dtpath/uu_dec/uu_reg_file/g36981
3.11230e-11 5.46664e-10 1.30868e-10 7.08655e-10 /ariscv/uu_dtpath/uu_dec/uu_reg_file/g36983
1.80541e-10 2.69054e-09 1.27930e-08 1.56641e-08 /ariscv/uu_dtpath/uu_dec/uu_reg_file/g36984
1.74726e-10 2.65807e-09 1.15899e-08 1.44227e-08 /ariscv/uu_dtpath/uu_dec/uu_reg_file/g36985
1.82173e-10 2.72442e-09 1.34700e-08 1.63766e-08 /ariscv/uu_dtpath/uu_dec/uu_reg_file/g36986
2.35947e-10 3.40082e-09 1.82507e-08 2.18875e-08 /ariscv/uu_dtpath/uu_dec/uu_reg_file/g36987
1.10890e-10 1.67654e-09 9.51694e-09 1.13044e-08 /ariscv/uu_dtpath/uu_dec/uu_reg_file/g36988
2.31289e-10 3.35554e-09 2.00866e-08 2.36734e-08 /ariscv/uu_dtpath/uu_dec/uu_reg_file/g36989
1.82173e-10 2.71446e-09 1.22078e-08 1.51045e-08 /ariscv/uu_dtpath/uu_dec/uu_reg_file/g36991
5.49840e-11 8.97216e-10 3.52737e-09 4.47957e-09 /ariscv/uu_dtpath/uu_dec/uu_reg_file/g36992
1.74726e-10 2.64327e-09 1.22163e-08 1.50343e-08 /ariscv/uu_dtpath/uu_dec/uu_reg_file/g36993
5.57750e-11 9.01304e-10 4.47447e-09 5.43155e-09 /ariscv/uu_dtpath/uu_dec/uu_reg_file/g36994
3.11950e-11 1.61562e-09 8.54016e-10 2.50083e-09 /ariscv/uu_dtpath/uu_dec/uu_reg_file/g36995
2.32922e-10 3.38434e-09 1.69005e-08 2.05178e-08 /ariscv/uu_dtpath/uu_dec/uu_reg_file/g36996
1.74726e-10 2.64584e-09 1.32598e-08 1.60804e-08 /ariscv/uu_dtpath/uu_dec/uu_reg_file/g36997
2.35947e-10 3.40401e-09 1.99058e-08 2.35457e-08 /ariscv/uu_dtpath/uu_dec/uu_reg_file/g36998
1.89631e-10 2.92521e-08 1.01459e-07 1.30900e-07 /ariscv/uu_dtpath/uu_dec/uu_reg_file/g36999
1.16030e-10 5.04925e-09 2.29158e-08 2.80810e-08 /ariscv/uu_dtpath/uu_dec/uu_reg_file/g37000
1.85198e-10 2.73986e-09 1.33033e-08 1.62284e-08 /ariscv/uu_dtpath/uu_dec/uu_reg_file/g37001
3.15480e-11 5.58283e-10 2.75228e-10 8.65059e-10 /ariscv/uu_dtpath/uu_dec/uu_reg_file/g37005
5.50420e-11 9.09739e-10 4.40162e-09 5.36640e-09 /ariscv/uu_dtpath/uu_dec/uu_reg_file/g37006
5.55870e-11 2.68612e-09 9.40025e-09 1.21420e-08 /ariscv/uu_dtpath/uu_dec/uu_reg_file/g37007
5.51840e-11 6.17537e-09 2.10792e-08 2.73098e-08 /ariscv/uu_dtpath/uu_dec/uu_reg_file/g37008
1.13653e-10 1.69470e-09 7.49861e-09 9.30696e-09 /ariscv/uu_dtpath/uu_dec/uu_reg_file/g37009
3.10390e-11 5.38778e-10 1.46721e-09 2.03702e-09 /ariscv/uu_dtpath/uu_dec/uu_reg_file/g37013
3.15360e-11 5.69184e-10 9.12704e-10 1.51342e-09 /ariscv/uu_dtpath/uu_dec/uu_reg_file/g37015
3.11090e-11 5.45630e-10 1.85914e-09 2.43588e-09 /ariscv/uu_dtpath/uu_dec/uu_reg_file/g37020
5.87230e-11 2.83388e-08 1.21512e-07 1.49910e-07 /ariscv/uu_dtpath/uu_dec/uu_reg_file/g37027
5.92990e-11 3.55789e-08 1.69459e-07 2.05097e-07 /ariscv/uu_dtpath/uu_dec/uu_reg_file/g37034
3.14430e-11 5.64286e-10 1.22638e-09 1.82211e-09 /ariscv/uu_dtpath/uu_dec/uu_reg_file/g474__8428
3.14320e-11 2.81974e-09 7.39338e-09 1.02446e-08 /ariscv/uu_dtpath/uu_dec/uu_reg_file/g474__2883
4.83850e-11 1.20886e-08 1.91769e-08 3.13139e-08 /ariscv/uu_dtpath/uu_dec/uu_reg_file/g37201
6.87300e-11 1.45650e-08 4.33369e-08 5.79706e-08 /ariscv/uu_dtpath/uu_dec/uu_reg_file/g37203
1.46468e-10 2.79637e-08 5.66167e-08 8.47269e-08 /ariscv/uu_dtpath/uu_dec/uu_reg_file/g37204
4.77210e-11 1.20966e-08 2.95101e-08 4.16545e-08 /ariscv/uu_dtpath/uu_dec/uu_reg_file/g37205
5.03530e-11 1.69165e-09 3.11655e-09 4.85856e-09 /ariscv/uu_dtpath/uu_dec/uu_reg_file/g37206
1.46466e-10 2.78267e-08 5.69263e-08 8.48995e-08 /ariscv/uu_dtpath/uu_dec/uu_reg_file/g37207
4.95900e-11 7.98508e-09 1.49200e-08 2.29547e-08 /ariscv/uu_dtpath/uu_dec/uu_reg_file/g37208
1.46474e-10 2.79112e-08 5.92256e-08 8.72833e-08 /ariscv/uu_dtpath/uu_dec/uu_reg_file/g37209
4.80480e-11 1.09928e-08 1.89897e-08 3.00305e-08 /ariscv/uu_dtpath/uu_dec/uu_reg_file/g37210
4.84970e-11 1.09992e-08 1.97901e-08 3.08378e-08 /ariscv/uu_dtpath/uu_dec/uu_reg_file/g37211
4.82630e-11 8.91944e-09 1.27924e-08 2.17601e-08 /ariscv/uu_dtpath/uu_dec/uu_reg_file/g37212
1.46452e-10 2.79170e-08 4.76488e-08 7.57123e-08 /ariscv/uu_dtpath/uu_dec/uu_reg_file/g37213
1.46471e-10 2.77963e-08 5.51775e-08 8.31202e-08 /ariscv/uu_dtpath/uu_dec/uu_reg_file/g37214
4.69500e-11 1.81989e-08 2.62664e-08 4.45123e-08 /ariscv/uu_dtpath/uu_dec/uu_reg_file/g37215
1.46472e-10 2.79607e-08 6.45352e-08 9.26424e-08 /ariscv/uu_dtpath/uu_dec/uu_reg_file/g37216
4.94790e-11 7.97638e-09 1.46771e-08 2.27030e-08 /ariscv/uu_dtpath/uu_dec/uu_reg_file/g37217
1.46471e-10 2.77975e-08 5.56935e-08 8.36375e-08 /ariscv/uu_dtpath/uu_dec/uu_reg_file/g37218
5.03490e-11 1.73673e-09 3.58302e-09 5.37010e-09 /ariscv/uu_dtpath/uu_dec/uu_reg_file/g37219
1.46467e-10 2.78550e-08 4.94092e-08 7.74107e-08 /ariscv/uu_dtpath/uu_dec/uu_reg_file/g37220
6.87270e-11 1.45939e-08 3.64562e-08 5.11188e-08 /ariscv/uu_dtpath/uu_dec/uu_reg_file/g37221
1.46471e-10 2.79406e-08 3.88702e-08 6.69573e-08 /ariscv/uu_dtpath/uu_dec/uu_reg_file/g37222
3.65500e-11 1.21052e-08 1.51709e-08 2.73127e-08 /ariscv/uu_dtpath/uu_dec/uu_reg_file/g37224
1.46467e-10 2.79274e-08 3.98392e-08 6.79131e-08 /ariscv/uu_dtpath/uu_dec/uu_reg_file/g37225
1.46472e-10 2.78828e-08 5.38071e-08 8.18363e-08 /ariscv/uu_dtpath/uu_dec/uu_reg_file/g37226
4.65060e-11 8.97078e-09 3.64620e-08 4.54793e-08 /ariscv/uu_dtpath/uu_dec/uu_reg_file/g37227
4.65200e-11 1.72609e-08 3.80553e-08 5.53627e-08 /ariscv/uu_dtpath/uu_dec/uu_reg_file/g37228
6.87320e-11 1.45896e-08 4.08025e-08 5.54609e-08 /ariscv/uu_dtpath/uu_dec/uu_reg_file/g37229
1.46436e-10 2.79761e-08 6.24538e-08 9.05764e-08 /ariscv/uu_dtpath/uu_dec/uu_reg_file/g37230
4.76190e-11 1.20555e-08 2.29626e-08 3.50657e-08 /ariscv/uu_dtpath/uu_dec/uu_reg_file/g37231
4.72820e-11 1.72605e-08 2.18493e-08 3.91570e-08 /ariscv/uu_dtpath/uu_dec/uu_reg_file/g37232
1.51487e-10 3.46730e-08 5.88391e-08 9.36636e-08 /ariscv/uu_dtpath/uu_dec/uu_reg_file/g37234
2.54753e-10 9.02894e-08 1.19562e-07 2.10106e-07 /ariscv/uu_dtpath/uu_dec/uu_reg_file/g37236
1.46729e-10 5.73901e-08 1.55119e-07 2.12656e-07 /ariscv/uu_dtpath/uu_dec/uu_reg_file/g37238
1.46731e-10 5.38781e-08 1.09313e-07 1.63338e-07 /ariscv/uu_dtpath/uu_dec/uu_reg_file/g37240
4.94780e-11 8.01398e-09 2.33438e-08 3.14072e-08 /ariscv/uu_dtpath/uu_dec/uu_reg_file/g37242
2.77181e-10 1.86234e-08 1.34531e-08 3.23536e-08 /ariscv/uu_dtpath/uu_dec/uu_reg_file/g37244
4.66280e-11 1.83454e-08 1.37648e-08 3.21568e-08 /ariscv/uu_dtpath/uu_dec/uu_reg_file/g37246
4.83730e-11 1.21566e-08 2.25437e-08 3.47487e-08 /ariscv/uu_dtpath/uu_dec/uu_reg_file/g37248
1.46475e-10 6.06392e-08 1.33458e-07 1.94244e-07 /ariscv/uu_dtpath/uu_dec/uu_reg_file/g37250
4.99100e-11 5.93252e-09 1.18355e-08 1.78179e-08 /ariscv/uu_dtpath/uu_dec/uu_reg_file/g37252
4.83680e-11 1.20913e-08 2.62441e-08 3.83838e-08 /ariscv/uu_dtpath/uu_dec/uu_reg_file/g37254
2.62161e-10 8.48426e-08 5.30482e-08 1.38153e-07 /ariscv/uu_dtpath/uu_dec/uu_reg_file/g37256
1.46480e-10 6.06702e-08 1.86047e-07 2.46864e-07 /ariscv/uu_dtpath/uu_dec/uu_reg_file/g37258
2.54822e-10 8.97477e-08 1.46950e-07 2.36953e-07 /ariscv/uu_dtpath/uu_dec/uu_reg_file/g37260
4.64070e-11 1.91960e-08 5.24397e-08 7.16821e-08 /ariscv/uu_dtpath/uu_dec/uu_reg_file/g37262
1.46746e-10 6.40083e-08 1.08707e-07 1.72862e-07 /ariscv/uu_dtpath/uu_dec/uu_reg_file/g37264
4.83760e-11 1.21800e-08 3.07358e-08 4.29642e-08 /ariscv/uu_dtpath/uu_dec/uu_reg_file/g37266
1.46483e-10 6.03760e-08 1.64408e-07 2.24930e-07 /ariscv/uu_dtpath/uu_dec/uu_reg_file/g37268
3.68370e-11 1.36805e-08 1.21303e-08 2.58476e-08 /ariscv/uu_dtpath/uu_dec/uu_reg_file/g37274
6.88260e-11 3.00334e-08 8.35566e-08 1.13659e-07 /ariscv/uu_dtpath/uu_dec/uu_reg_file/g37276
1.46740e-10 5.71754e-08 1.12798e-07 1.70120e-07 /ariscv/uu_dtpath/uu_dec/uu_reg_file/g37278
1.46482e-10 6.04254e-08 1.54486e-07 2.15058e-07 /ariscv/uu_dtpath/uu_dec/uu_reg_file/g37280
6.88290e-11 3.00630e-08 7.65798e-08 1.06712e-07 /ariscv/uu_dtpath/uu_dec/uu_reg_file/g37282
4.66210e-11 2.04428e-08 6.70210e-08 8.75105e-08 /ariscv/uu_dtpath/uu_dec/uu_reg_file/g37286
4.67460e-11 1.83568e-08 5.92381e-08 7.76417e-08 /ariscv/uu_dtpath/uu_dec/uu_reg_file/g37288
3.65540e-11 1.36992e-08 1.07825e-08 2.45182e-08 /ariscv/uu_dtpath/uu_dec/uu_reg_file/g37290
1.46473e-10 6.07352e-08 1.50006e-07 2.10888e-07 /ariscv/uu_dtpath/uu_dec/uu_reg_file/g37292
4.87110e-11 1.42287e-08 2.90507e-08 4.33281e-08 /ariscv/uu_dtpath/uu_dec/uu_reg_file/g37294
3.62550e-11 1.21647e-08 1.52822e-08 2.74832e-08 /ariscv/uu_dtpath/uu_dec/uu_reg_file/g37296
8.99680e-11 2.62588e-09 4.43029e-09 7.14614e-09 /ariscv/uu_dtpath/uu_dec/uu_reg_file/FE_RC_12_0
8.27780e-11 4.14712e-08 3.39266e-08 7.54805e-08 /ariscv/uu_dtpath/uu_dec/uu_reg_file/g37026
4.09060e-11 6.27575e-09 1.16675e-08 1.79842e-08 /ariscv/uu_dtpath/uu_dec/uu_reg_file/g37033
1.48260e-11 3.63871e-10 4.15540e-10 7.94237e-10 /ariscv/uu_dtpath/uu_dec/uu_reg_file/g438__5477
1.37260e-11 3.07274e-10 5.14703e-10 8.35703e-10 /ariscv/uu_dtpath/uu_dec/uu_reg_file/g442__4319
1.34170e-11 3.26391e-10 4.53316e-10 7.93124e-10 /ariscv/uu_dtpath/uu_dec/uu_reg_file/g443__8428
1.44610e-11 3.82006e-10 3.71692e-10 7.68159e-10 /ariscv/uu_dtpath/uu_dec/uu_reg_file/g446__3680
1.46440e-11 9.81840e-10 1.13127e-09 2.12775e-09 /ariscv/uu_dtpath/uu_dec/uu_reg_file/g448__2802
1.42880e-11 3.79011e-10 3.23460e-10 7.16759e-10 /ariscv/uu_dtpath/uu_dec/uu_reg_file/g449__1705
5.07400e-11 5.90730e-10 1.82608e-09 2.46755e-09 /ariscv/uu_dtpath/uu_dec/uu_reg_file/g472__6260
3.40490e-11 6.41404e-10 1.40515e-09 2.08060e-09 /ariscv/uu_dtpath/uu_dec/uu_reg_file/g476__5526
2.68560e-11 7.26270e-09 4.17911e-08 4.90807e-08 /ariscv/uu_dtpath/uu_dec/uu_reg_file/g479__1617
1.71927e-10 3.35619e-08 9.16799e-08 1.25414e-07 /ariscv/uu_dtpath/uu_dec/uu_reg_file/g482__5122
1.13240e-10 6.47690e-08 1.07319e-07 1.72202e-07 /ariscv/uu_dtpath/uu_dec/uu_reg_file/g483__8246
4.10500e-11 6.68166e-09 1.13198e-08 1.80425e-08 /ariscv/uu_dtpath/uu_dec/uu_reg_file/g487__7098
2.78750e-11 8.65939e-10 3.43023e-10 1.23684e-09 /ariscv/uu_dtpath/uu_dec/uu_reg_file/g488__6131
2.84100e-11 1.27971e-09 3.54153e-10 1.66228e-09 /ariscv/uu_dtpath/uu_dec/uu_reg_file/g489__1881
4.70510e-11 2.41406e-08 4.62747e-08 7.04623e-08 /ariscv/uu_dtpath/uu_dec/uu_reg_file/g2__7482
1.40090e-11 3.48917e-10 3.73716e-10 7.36642e-10 /ariscv/uu_dtpath/uu_dec/uu_reg_file/g438__4733
1.38400e-11 3.41249e-10 3.94965e-10 7.50054e-10 /ariscv/uu_dtpath/uu_dec/uu_reg_file/g442__2883
1.58560e-11 3.62258e-10 4.21274e-10 7.99388e-10 /ariscv/uu_dtpath/uu_dec/uu_reg_file/g443__2346
1.60810e-11 3.69899e-10 6.98188e-10 1.08417e-09 /ariscv/uu_dtpath/uu_dec/uu_reg_file/g446__6417
5.70640e-11 3.67758e-09 1.26268e-08 1.63614e-08 /ariscv/uu_dtpath/uu_dec/uu_reg_file/g472__9315
3.10680e-11 7.68871e-10 1.71950e-09 2.51944e-09 /ariscv/uu_dtpath/uu_dec/uu_reg_file/g476__2346
7.07290e-11 1.86842e-08 5.74909e-08 7.62458e-08 /ariscv/uu_dtpath/uu_dec/uu_reg_file/g479__6417
1.43840e-10 4.69161e-08 1.58212e-07 2.05272e-07 /ariscv/uu_dtpath/uu_dec/uu_reg_file/g482__5107
1.25807e-10 6.74843e-08 1.18195e-07 1.85805e-07 /ariscv/uu_dtpath/uu_dec/uu_reg_file/g483__6260
3.24440e-11 7.22749e-09 1.00812e-08 1.73412e-08 /ariscv/uu_dtpath/uu_dec/uu_reg_file/g487__4319
2.77970e-11 4.95752e-09 2.12661e-09 7.11193e-09 /ariscv/uu_dtpath/uu_dec/uu_reg_file/g488__8428
3.11020e-11 1.20293e-08 3.65250e-09 1.57129e-08 /ariscv/uu_dtpath/uu_dec/uu_reg_file/g489__5526
3.08780e-11 9.02727e-09 1.66553e-09 1.07237e-08 /ariscv/uu_dtpath/uu_dec/uu_reg_file/g2__3680
6.79610e-11 4.01941e-08 3.84800e-08 7.87421e-08 /ariscv/uu_dtpath/uu_dec/uu_reg_file/g498__1617
6.19650e-11 8.75741e-09 9.11693e-09 1.79363e-08 /ariscv/uu_dtpath/uu_dec/uu_reg_file/g3585__5526
5.94280e-11 7.38245e-09 6.40006e-09 1.38419e-08 /ariscv/uu_dtpath/uu_dec/uu_reg_file/g3586__6783
6.09730e-11 5.71711e-10 6.76601e-10 1.30929e-09 /ariscv/uu_dtpath/uu_dec/uu_reg_file/g3587__3680
6.09740e-11 5.71347e-10 2.90068e-10 9.22389e-10 /ariscv/uu_dtpath/uu_dec/uu_reg_file/g3588__1617
6.09740e-11 5.71254e-10 2.48582e-10 8.80810e-10 /ariscv/uu_dtpath/uu_dec/uu_reg_file/g3589__2802
6.19670e-11 8.75404e-09 3.46328e-09 1.22793e-08 /ariscv/uu_dtpath/uu_dec/uu_reg_file/g3590__1705
6.09720e-11 5.71517e-10 1.35927e-10 7.68416e-10 /ariscv/uu_dtpath/uu_dec/uu_reg_file/g3591__5122
6.09730e-11 5.71552e-10 2.11817e-10 8.44342e-10 /ariscv/uu_dtpath/uu_dec/uu_reg_file/g3592__8246
6.09700e-11 5.71391e-10 5.75415e-10 1.20778e-09 /ariscv/uu_dtpath/uu_dec/uu_reg_file/g3593__7098
6.09730e-11 5.71267e-10 3.81811e-10 1.01405e-09 /ariscv/uu_dtpath/uu_dec/uu_reg_file/g3594__6131
6.08510e-11 1.54414e-09 8.67170e-10 2.47216e-09 /ariscv/uu_dtpath/uu_dec/uu_reg_file/g3595__1881
6.09700e-11 5.71562e-10 4.16552e-10 1.04908e-09 /ariscv/uu_dtpath/uu_dec/uu_reg_file/g3596__5115
6.09720e-11 5.71376e-10 5.21449e-10 1.15380e-09 /ariscv/uu_dtpath/uu_dec/uu_reg_file/g3597__7482
6.09700e-11 5.71520e-10 3.25146e-10 9.57636e-10 /ariscv/uu_dtpath/uu_dec/uu_reg_file/g3598__4733
6.09740e-11 5.71208e-10 3.97664e-10 1.02985e-09 /ariscv/uu_dtpath/uu_dec/uu_reg_file/g3599__6161
6.09720e-11 5.71719e-10 1.32892e-10 7.65583e-10 /ariscv/uu_dtpath/uu_dec/uu_reg_file/g3600__9315
6.09730e-11 5.71618e-10 1.64260e-10 7.96851e-10 /ariscv/uu_dtpath/uu_dec/uu_reg_file/g3601__9945
6.09720e-11 5.71512e-10 2.67470e-10 8.99954e-10 /ariscv/uu_dtpath/uu_dec/uu_reg_file/g3602__2883
6.09700e-11 5.71381e-10 5.97001e-10 1.22935e-09 /ariscv/uu_dtpath/uu_dec/uu_reg_file/g3603__2346
6.09720e-11 5.71559e-10 3.06933e-10 9.39464e-10 /ariscv/uu_dtpath/uu_dec/uu_reg_file/g3604__1666
6.09720e-11 5.71558e-10 3.24809e-10 9.57339e-10 /ariscv/uu_dtpath/uu_dec/uu_reg_file/g3605__7410
6.09730e-11 5.71749e-10 5.91267e-10 1.22399e-09 /ariscv/uu_dtpath/uu_dec/uu_reg_file/g3606__6417
6.61880e-11 7.83601e-10 2.71180e-10 1.12097e-09 /ariscv/uu_dtpath/uu_dec/uu_reg_file/g3607__5477
6.09740e-11 5.71569e-10 1.85509e-10 8.18052e-10 /ariscv/uu_dtpath/uu_dec/uu_reg_file/g3608__2398
6.09710e-11 5.70903e-10 2.19575e-10 8.51449e-10 /ariscv/uu_dtpath/uu_dec/uu_reg_file/g3609__5107
6.09730e-11 5.71478e-10 1.74716e-10 8.07167e-10 /ariscv/uu_dtpath/uu_dec/uu_reg_file/g3610__6260
6.19630e-11 8.75600e-09 6.03208e-09 1.48500e-08 /ariscv/uu_dtpath/uu_dec/uu_reg_file/g3611__4319
6.09720e-11 5.71415e-10 3.63597e-10 9.95984e-10 /ariscv/uu_dtpath/uu_dec/uu_reg_file/g3612__8428
6.09730e-11 5.71726e-10 3.30206e-10 9.62905e-10 /ariscv/uu_dtpath/uu_dec/uu_reg_file/g3613__5526
6.09700e-11 5.71276e-10 4.35103e-10 1.06735e-09 /ariscv/uu_dtpath/uu_dec/uu_reg_file/g3614__6783
5.96650e-11 5.43365e-09 2.93104e-09 8.42436e-09 /ariscv/uu_dtpath/uu_dec/uu_reg_file/g3615__3680
6.09730e-11 5.71229e-10 4.14528e-10 1.04673e-09 /ariscv/uu_dtpath/uu_dec/uu_reg_file/g3616__1617
6.19650e-11 8.75387e-09 2.05332e-08 2.93490e-08 /ariscv/uu_dtpath/uu_dec/uu_reg_file/g3617__2802
6.09710e-11 5.71198e-10 2.96814e-10 9.28983e-10 /ariscv/uu_dtpath/uu_dec/uu_reg_file/g3618__1705
6.09700e-11 5.71433e-10 1.40987e-10 7.73390e-10 /ariscv/uu_dtpath/uu_dec/uu_reg_file/g3619__5122
6.09700e-11 5.71673e-10 4.06433e-10 1.03908e-09 /ariscv/uu_dtpath/uu_dec/uu_reg_file/g3620__8246
6.09700e-11 5.71065e-10 3.40662e-10 9.72697e-10 /ariscv/uu_dtpath/uu_dec/uu_reg_file/g3621__7098
6.09710e-11 5.71348e-10 2.23960e-10 8.56279e-10 /ariscv/uu_dtpath/uu_dec/uu_reg_file/g3622__6131
6.09720e-11 5.71579e-10 2.48245e-10 8.80796e-10 /ariscv/uu_dtpath/uu_dec/uu_reg_file/g3623__1881
6.09720e-11 5.71201e-10 3.10643e-10 9.42816e-10 /ariscv/uu_dtpath/uu_dec/uu_reg_file/g3624__5115
6.61880e-11 7.83574e-10 2.78263e-10 1.12803e-09 /ariscv/uu_dtpath/uu_dec/uu_reg_file/g3625__7482
6.09730e-11 5.71554e-10 5.22460e-10 1.15499e-09 /ariscv/uu_dtpath/uu_dec/uu_reg_file/g3626__4733
6.09700e-11 5.71164e-10 1.41324e-10 7.73458e-10 /ariscv/uu_dtpath/uu_dec/uu_reg_file/g3627__6161
6.09720e-11 5.71025e-10 3.63597e-10 9.95594e-10 /ariscv/uu_dtpath/uu_dec/uu_reg_file/g3628__9315
6.19670e-11 8.75388e-09 6.12382e-09 1.49397e-08 /ariscv/uu_dtpath/uu_dec/uu_reg_file/g3629__9945
6.09710e-11 5.71609e-10 7.00549e-10 1.33313e-09 /ariscv/uu_dtpath/uu_dec/uu_reg_file/g3630__2883
6.09710e-11 5.71743e-10 4.07108e-10 1.03982e-09 /ariscv/uu_dtpath/uu_dec/uu_reg_file/g3631__2346
6.09710e-11 5.71431e-10 3.48419e-10 9.80821e-10 /ariscv/uu_dtpath/uu_dec/uu_reg_file/g3632__1666
6.19650e-11 8.75751e-09 8.37152e-09 1.71910e-08 /ariscv/uu_dtpath/uu_dec/uu_reg_file/g3633__7410
6.09740e-11 5.71125e-10 2.97826e-10 9.29925e-10 /ariscv/uu_dtpath/uu_dec/uu_reg_file/g3634__6417
6.30250e-11 6.82047e-09 4.11729e-09 1.10008e-08 /ariscv/uu_dtpath/uu_dec/uu_reg_file/g3635__5477
6.09740e-11 5.71235e-10 1.34241e-10 7.66450e-10 /ariscv/uu_dtpath/uu_dec/uu_reg_file/g3636__2398
6.09700e-11 5.71496e-10 3.83497e-10 1.01596e-09 /ariscv/uu_dtpath/uu_dec/uu_reg_file/g3637__5107
6.09710e-11 5.71235e-10 1.80112e-10 8.12318e-10 /ariscv/uu_dtpath/uu_dec/uu_reg_file/g3638__6260
6.09710e-11 5.71580e-10 4.09806e-10 1.04236e-09 /ariscv/uu_dtpath/uu_dec/uu_reg_file/g3639__4319
6.09710e-11 5.71169e-10 4.18238e-10 1.05038e-09 /ariscv/uu_dtpath/uu_dec/uu_reg_file/g3640__8428
6.09700e-11 5.71101e-10 3.44709e-10 9.76780e-10 /ariscv/uu_dtpath/uu_dec/uu_reg_file/g3641__5526
6.09720e-11 5.71590e-10 2.32055e-10 8.64617e-10 /ariscv/uu_dtpath/uu_dec/uu_reg_file/g3642__6783
6.09710e-11 5.71122e-10 3.06596e-10 9.38689e-10 /ariscv/uu_dtpath/uu_dec/uu_reg_file/g3643__3680
6.09720e-11 5.71598e-10 2.54653e-10 8.87223e-10 /ariscv/uu_dtpath/uu_dec/uu_reg_file/g3644__1617
6.09730e-11 5.71591e-10 5.21449e-10 1.15401e-09 /ariscv/uu_dtpath/uu_dec/uu_reg_file/g3645__2802
6.19660e-11 8.75435e-09 5.38415e-09 1.42005e-08 /ariscv/uu_dtpath/uu_dec/uu_reg_file/g3646__1705
6.09710e-11 5.70954e-10 2.74216e-10 9.06141e-10 /ariscv/uu_dtpath/uu_dec/uu_reg_file/g3647__5122
6.19650e-11 8.75326e-09 3.40021e-09 1.22154e-08 /ariscv/uu_dtpath/uu_dec/uu_reg_file/g3648__8246
6.09700e-11 5.71091e-10 4.97838e-10 1.12990e-09 /ariscv/uu_dtpath/uu_dec/uu_reg_file/g3649__7098
6.09720e-11 5.71824e-10 2.71180e-10 9.03976e-10 /ariscv/uu_dtpath/uu_dec/uu_reg_file/g3650__6131
6.09700e-11 5.71583e-10 1.69319e-10 8.01872e-10 /ariscv/uu_dtpath/uu_dec/uu_reg_file/g3651__1881
6.09710e-11 5.71234e-10 2.51280e-10 8.83485e-10 /ariscv/uu_dtpath/uu_dec/uu_reg_file/g3652__5115
6.61880e-11 7.83391e-10 4.23297e-10 1.27288e-09 /ariscv/uu_dtpath/uu_dec/uu_reg_file/g3653__7482
6.09720e-11 5.71139e-10 1.47733e-10 7.79844e-10 /ariscv/uu_dtpath/uu_dec/uu_reg_file/g3654__4733
6.09730e-11 5.71517e-10 5.04247e-10 1.13674e-09 /ariscv/uu_dtpath/uu_dec/uu_reg_file/g3655__6161
6.19650e-11 8.75845e-09 4.38645e-09 1.32069e-08 /ariscv/uu_dtpath/uu_dec/uu_reg_file/g3656__9315
6.09720e-11 5.71109e-10 2.33404e-10 8.65485e-10 /ariscv/uu_dtpath/uu_dec/uu_reg_file/g3657__9945
6.09710e-11 5.71494e-10 3.16040e-10 9.48505e-10 /ariscv/uu_dtpath/uu_dec/uu_reg_file/g3658__2883
6.09700e-11 5.71461e-10 2.83997e-10 9.16428e-10 /ariscv/uu_dtpath/uu_dec/uu_reg_file/g3659__2346
6.09710e-11 5.71665e-10 2.85346e-10 9.17982e-10 /ariscv/uu_dtpath/uu_dec/uu_reg_file/g3660__1666
6.09720e-11 5.71505e-10 1.50431e-10 7.82908e-10 /ariscv/uu_dtpath/uu_dec/uu_reg_file/g3661__7410
6.09710e-11 5.71282e-10 4.36789e-10 1.06904e-09 /ariscv/uu_dtpath/uu_dec/uu_reg_file/g3662__6417
6.22350e-11 7.78590e-09 4.53317e-09 1.23813e-08 /ariscv/uu_dtpath/uu_dec/uu_reg_file/g3663__5477
6.09730e-11 5.71540e-10 5.21111e-10 1.15362e-09 /ariscv/uu_dtpath/uu_dec/uu_reg_file/g3664__2398
6.09700e-11 5.71553e-10 2.58701e-10 8.91224e-10 /ariscv/uu_dtpath/uu_dec/uu_reg_file/g3665__5107
6.09740e-11 5.71247e-10 1.74041e-10 8.06262e-10 /ariscv/uu_dtpath/uu_dec/uu_reg_file/g3666__6260
6.09710e-11 5.71041e-10 2.21261e-10 8.53273e-10 /ariscv/uu_dtpath/uu_dec/uu_reg_file/g3667__4319
6.19650e-11 8.75287e-09 3.78439e-09 1.25992e-08 /ariscv/uu_dtpath/uu_dec/uu_reg_file/g3668__8428
6.09700e-11 5.71545e-10 3.21099e-10 9.53614e-10 /ariscv/uu_dtpath/uu_dec/uu_reg_file/g3669__5526
6.09700e-11 5.71543e-10 3.83497e-10 1.01601e-09 /ariscv/uu_dtpath/uu_dec/uu_reg_file/g3670__6783
6.09710e-11 5.71178e-10 3.94291e-10 1.02644e-09 /ariscv/uu_dtpath/uu_dec/uu_reg_file/g3671__3680
6.09720e-11 5.71558e-10 3.39987e-10 9.72517e-10 /ariscv/uu_dtpath/uu_dec/uu_reg_file/g3672__1617
6.09740e-11 5.70756e-10 3.18401e-10 9.50131e-10 /ariscv/uu_dtpath/uu_dec/uu_reg_file/g3673__2802
6.08530e-11 1.54454e-09 1.74041e-09 3.34580e-09 /ariscv/uu_dtpath/uu_dec/uu_reg_file/g3674__1705
6.09710e-11 5.71282e-10 4.01036e-10 1.03329e-09 /ariscv/uu_dtpath/uu_dec/uu_reg_file/g3675__5122
6.09730e-11 5.71070e-10 3.57863e-10 9.89906e-10 /ariscv/uu_dtpath/uu_dec/uu_reg_file/g3676__8246
6.09700e-11 5.71351e-10 1.67633e-10 7.99954e-10 /ariscv/uu_dtpath/uu_dec/uu_reg_file/g3677__7098
6.09720e-11 5.71258e-10 4.57701e-10 1.08993e-09 /ariscv/uu_dtpath/uu_dec/uu_reg_file/g3678__6131
6.09720e-11 5.71331e-10 3.44709e-10 9.77012e-10 /ariscv/uu_dtpath/uu_dec/uu_reg_file/g3679__1881
6.09730e-11 5.71674e-10 3.66633e-10 9.99280e-10 /ariscv/uu_dtpath/uu_dec/uu_reg_file/g3680__5115
6.19670e-11 8.75324e-09 6.90937e-09 1.57246e-08 /ariscv/uu_dtpath/uu_dec/uu_reg_file/g3681__7482
6.09700e-11 5.71450e-10 6.14203e-10 1.24662e-09 /ariscv/uu_dtpath/uu_dec/uu_reg_file/g3682__4733
6.09740e-11 5.71376e-10 2.08107e-10 8.40457e-10 /ariscv/uu_dtpath/uu_dec/uu_reg_file/g3683__6161
6.09730e-11 5.71601e-10 5.15715e-10 1.14829e-09 /ariscv/uu_dtpath/uu_dec/uu_reg_file/g3684__9315
6.09710e-11 5.73508e-10 2.59712e-10 8.94191e-10 /ariscv/uu_dtpath/uu_dec/uu_reg_file/g3685__9945
6.09740e-11 5.71411e-10 2.52292e-10 8.84677e-10 /ariscv/uu_dtpath/uu_dec/uu_reg_file/g3686__2883
6.09720e-11 5.71146e-10 2.77589e-10 9.09707e-10 /ariscv/uu_dtpath/uu_dec/uu_reg_file/g3687__2346
6.19640e-11 8.75770e-09 1.82339e-09 1.06431e-08 /ariscv/uu_dtpath/uu_dec/uu_reg_file/g3688__1666
6.09730e-11 5.71229e-10 1.43010e-10 7.75212e-10 /ariscv/uu_dtpath/uu_dec/uu_reg_file/g3689__7410
6.09740e-11 5.71497e-10 1.78089e-10 8.10560e-10 /ariscv/uu_dtpath/uu_dec/uu_reg_file/g3690__6417
6.09740e-11 5.70972e-10 5.43710e-10 1.17566e-09 /ariscv/uu_dtpath/uu_dec/uu_reg_file/g3691__5477
6.19630e-11 8.75790e-09 7.62611e-09 1.64460e-08 /ariscv/uu_dtpath/uu_dec/uu_reg_file/g3692__2398
6.09720e-11 5.71444e-10 3.62586e-10 9.95002e-10 /ariscv/uu_dtpath/uu_dec/uu_reg_file/g3693__5107
6.09720e-11 5.71481e-10 1.36602e-10 7.69055e-10 /ariscv/uu_dtpath/uu_dec/uu_reg_file/g3694__6260
6.09730e-11 5.71599e-10 2.42173e-10 8.74745e-10 /ariscv/uu_dtpath/uu_dec/uu_reg_file/g3695__4319
6.09720e-11 5.71188e-10 1.95965e-10 8.28125e-10 /ariscv/uu_dtpath/uu_dec/uu_reg_file/g3696__8428
6.19650e-11 8.75712e-09 2.17889e-09 1.09980e-08 /ariscv/uu_dtpath/uu_dec/uu_reg_file/g3697__5526
6.09740e-11 5.71588e-10 3.83835e-10 1.01640e-09 /ariscv/uu_dtpath/uu_dec/uu_reg_file/g3698__6783
6.09720e-11 5.71174e-10 7.42035e-10 1.37418e-09 /ariscv/uu_dtpath/uu_dec/uu_reg_file/g3699__3680
6.19650e-11 8.75878e-09 5.50456e-09 1.43253e-08 /ariscv/uu_dtpath/uu_dec/uu_reg_file/g3700__1617
6.09740e-11 5.71385e-10 2.57351e-10 8.89710e-10 /ariscv/uu_dtpath/uu_dec/uu_reg_file/g3701__2802
6.09700e-11 5.70987e-10 3.00862e-10 9.32819e-10 /ariscv/uu_dtpath/uu_dec/uu_reg_file/g3702__1705
6.09710e-11 5.71422e-10 2.91080e-10 9.23473e-10 /ariscv/uu_dtpath/uu_dec/uu_reg_file/g3703__5122
6.09740e-11 5.71770e-10 6.08469e-10 1.24121e-09 /ariscv/uu_dtpath/uu_dec/uu_reg_file/g3704__8246
6.09700e-11 5.71686e-10 2.19912e-10 8.52568e-10 /ariscv/uu_dtpath/uu_dec/uu_reg_file/g3705__7098
6.09700e-11 5.71247e-10 2.97826e-10 9.30043e-10 /ariscv/uu_dtpath/uu_dec/uu_reg_file/g3706__6131
6.19690e-11 8.75611e-09 4.95410e-09 1.37722e-08 /ariscv/uu_dtpath/uu_dec/uu_reg_file/g3707__1881
6.09730e-11 5.71789e-10 5.32242e-10 1.16500e-09 /ariscv/uu_dtpath/uu_dec/uu_reg_file/g3708__5115
6.09720e-11 5.70715e-10 5.73391e-10 1.20508e-09 /ariscv/uu_dtpath/uu_dec/uu_reg_file/g3709__7482
6.19650e-11 8.75584e-09 3.51489e-09 1.23327e-08 /ariscv/uu_dtpath/uu_dec/uu_reg_file/g3710__4733
6.09700e-11 5.71281e-10 1.95628e-10 8.27879e-10 /ariscv/uu_dtpath/uu_dec/uu_reg_file/g3711__6161
6.09730e-11 5.71653e-10 3.37289e-10 9.69915e-10 /ariscv/uu_dtpath/uu_dec/uu_reg_file/g3712__9315
6.09710e-11 5.71331e-10 3.20762e-10 9.53064e-10 /ariscv/uu_dtpath/uu_dec/uu_reg_file/g3713__9945
6.09710e-11 5.71308e-10 3.25484e-10 9.57763e-10 /ariscv/uu_dtpath/uu_dec/uu_reg_file/g3714__2883
6.19660e-11 8.75676e-09 6.21557e-09 1.50343e-08 /ariscv/uu_dtpath/uu_dec/uu_reg_file/g3715__2346
6.09710e-11 5.71484e-10 3.95303e-10 1.02776e-09 /ariscv/uu_dtpath/uu_dec/uu_reg_file/g3716__1666
6.09710e-11 5.71260e-10 6.45908e-10 1.27814e-09 /ariscv/uu_dtpath/uu_dec/uu_reg_file/g3717__7410
6.09690e-11 5.71470e-10 2.51955e-10 8.84394e-10 /ariscv/uu_dtpath/uu_dec/uu_reg_file/g3718__6417
6.09720e-11 5.71447e-10 5.89581e-10 1.22200e-09 /ariscv/uu_dtpath/uu_dec/uu_reg_file/g3719__5477
6.09710e-11 5.71099e-10 2.01361e-10 8.33431e-10 /ariscv/uu_dtpath/uu_dec/uu_reg_file/g3720__2398
6.09730e-11 5.71530e-10 1.64260e-10 7.96763e-10 /ariscv/uu_dtpath/uu_dec/uu_reg_file/g3721__5107
6.19650e-11 8.75628e-09 3.36581e-09 1.21841e-08 /ariscv/uu_dtpath/uu_dec/uu_reg_file/g3722__6260
6.09720e-11 5.71700e-10 2.06083e-10 8.38755e-10 /ariscv/uu_dtpath/uu_dec/uu_reg_file/g3723__4319
6.09700e-11 5.71312e-10 4.29369e-10 1.06165e-09 /ariscv/uu_dtpath/uu_dec/uu_reg_file/g3724__8428
6.09720e-11 5.71546e-10 2.60724e-10 8.93242e-10 /ariscv/uu_dtpath/uu_dec/uu_reg_file/g3725__5526
6.09730e-11 5.71640e-10 5.05933e-10 1.13855e-09 /ariscv/uu_dtpath/uu_dec/uu_reg_file/g3726__6783
5.91870e-11 7.38232e-09 3.54660e-09 1.09881e-08 /ariscv/uu_dtpath/uu_dec/uu_reg_file/g3727__3680
6.09740e-11 5.70977e-10 1.31205e-10 7.63156e-10 /ariscv/uu_dtpath/uu_dec/uu_reg_file/g3728__1617
6.09720e-11 5.71373e-10 3.28182e-10 9.60527e-10 /ariscv/uu_dtpath/uu_dec/uu_reg_file/g3729__2802
6.09720e-11 5.71597e-10 2.72192e-10 9.04761e-10 /ariscv/uu_dtpath/uu_dec/uu_reg_file/g3730__1705
6.09730e-11 5.71555e-10 1.67633e-10 8.00161e-10 /ariscv/uu_dtpath/uu_dec/uu_reg_file/g3731__5122
6.09730e-11 5.71620e-10 2.50268e-10 8.82861e-10 /ariscv/uu_dtpath/uu_dec/uu_reg_file/g3732__8246
6.09700e-11 5.71484e-10 4.06096e-10 1.03855e-09 /ariscv/uu_dtpath/uu_dec/uu_reg_file/g3733__7098
6.59230e-11 1.88883e-09 4.67483e-10 2.42224e-09 /ariscv/uu_dtpath/uu_dec/uu_reg_file/g3734__6131
6.19650e-11 8.75888e-09 3.60663e-09 1.24275e-08 /ariscv/uu_dtpath/uu_dec/uu_reg_file/g3735__1881
6.09720e-11 5.71380e-10 4.29706e-10 1.06206e-09 /ariscv/uu_dtpath/uu_dec/uu_reg_file/g3736__5115
6.19650e-11 8.75913e-09 1.64678e-08 2.52889e-08 /ariscv/uu_dtpath/uu_dec/uu_reg_file/g3737__7482
6.09740e-11 5.70940e-10 1.96639e-10 8.28553e-10 /ariscv/uu_dtpath/uu_dec/uu_reg_file/g3738__4733
6.09730e-11 5.71180e-10 5.28869e-10 1.16102e-09 /ariscv/uu_dtpath/uu_dec/uu_reg_file/g3739__6161
6.09710e-11 5.71463e-10 2.65784e-10 8.98218e-10 /ariscv/uu_dtpath/uu_dec/uu_reg_file/g3740__9315
6.09720e-11 5.71492e-10 2.10131e-10 8.42595e-10 /ariscv/uu_dtpath/uu_dec/uu_reg_file/g3741__9945
6.09730e-11 5.71503e-10 2.49256e-10 8.81732e-10 /ariscv/uu_dtpath/uu_dec/uu_reg_file/g3742__2883
6.09700e-11 5.71854e-10 3.43023e-10 9.75847e-10 /ariscv/uu_dtpath/uu_dec/uu_reg_file/g3743__2346
6.09700e-11 5.71276e-10 5.77101e-10 1.20935e-09 /ariscv/uu_dtpath/uu_dec/uu_reg_file/g3744__1666
6.07840e-11 1.85120e-08 5.72919e-09 2.43020e-08 /ariscv/uu_dtpath/uu_dec/uu_reg_file/g3745__7410
6.45000e-11 3.31759e-08 1.51089e-08 4.83493e-08 /ariscv/uu_dtpath/uu_dec/uu_reg_file/g3746__6417
5.90620e-11 4.21912e-09 8.70206e-10 5.14838e-09 /ariscv/uu_dtpath/uu_dec/uu_reg_file/g3747__5477
6.08390e-11 1.69993e-08 4.79625e-09 2.18564e-08 /ariscv/uu_dtpath/uu_dec/uu_reg_file/g3748__2398
6.45010e-11 3.31744e-08 1.35928e-08 4.68317e-08 /ariscv/uu_dtpath/uu_dec/uu_reg_file/g3749__5107
6.13290e-11 1.61707e-08 5.30961e-09 2.15417e-08 /ariscv/uu_dtpath/uu_dec/uu_reg_file/g3750__6260
6.44630e-11 3.34454e-08 6.83820e-09 4.03480e-08 /ariscv/uu_dtpath/uu_dec/uu_reg_file/g3751__4319
6.45010e-11 3.31759e-08 2.14347e-08 5.46751e-08 /ariscv/uu_dtpath/uu_dec/uu_reg_file/g3752__8428
6.12320e-11 2.94610e-08 7.90471e-09 3.74270e-08 /ariscv/uu_dtpath/uu_dec/uu_reg_file/g3753__5526
6.45210e-11 3.33342e-08 1.33941e-08 4.67928e-08 /ariscv/uu_dtpath/uu_dec/uu_reg_file/g3754__6783
6.44970e-11 3.31750e-08 1.18362e-08 4.50757e-08 /ariscv/uu_dtpath/uu_dec/uu_reg_file/g3755__3680
6.03990e-11 1.80914e-08 4.15878e-09 2.23106e-08 /ariscv/uu_dtpath/uu_dec/uu_reg_file/g3756__1617
6.41890e-11 3.41566e-08 5.26981e-09 3.94906e-08 /ariscv/uu_dtpath/uu_dec/uu_reg_file/g3757__2802
6.45010e-11 3.31739e-08 9.09669e-09 4.23351e-08 /ariscv/uu_dtpath/uu_dec/uu_reg_file/g3758__1705
6.12510e-11 3.06417e-08 9.62488e-09 4.03279e-08 /ariscv/uu_dtpath/uu_dec/uu_reg_file/g3759__5122
6.45190e-11 3.33342e-08 9.68222e-09 4.30809e-08 /ariscv/uu_dtpath/uu_dec/uu_reg_file/g3760__8246
6.44740e-11 3.11420e-08 7.24902e-09 3.84555e-08 /ariscv/uu_dtpath/uu_dec/uu_reg_file/g3761__7098
6.45210e-11 3.33342e-08 8.84575e-09 4.22444e-08 /ariscv/uu_dtpath/uu_dec/uu_reg_file/g3762__6131
5.93570e-11 4.14570e-09 1.19198e-09 5.39704e-09 /ariscv/uu_dtpath/uu_dec/uu_reg_file/g3763__1881
6.45190e-11 3.33339e-08 7.69559e-09 4.10940e-08 /ariscv/uu_dtpath/uu_dec/uu_reg_file/g3764__5115
6.45190e-11 3.33347e-08 1.35509e-08 4.69502e-08 /ariscv/uu_dtpath/uu_dec/uu_reg_file/g3765__7482
6.45000e-11 3.31760e-08 7.44465e-09 4.06851e-08 /ariscv/uu_dtpath/uu_dec/uu_reg_file/g3766__4733
6.44990e-11 3.31758e-08 7.11006e-09 4.03503e-08 /ariscv/uu_dtpath/uu_dec/uu_reg_file/g3767__6161
6.44560e-11 3.34448e-08 6.60817e-09 4.01174e-08 /ariscv/uu_dtpath/uu_dec/uu_reg_file/g3768__9315
6.45000e-11 3.31764e-08 1.19616e-08 4.52026e-08 /ariscv/uu_dtpath/uu_dec/uu_reg_file/g3769__9945
6.44580e-11 3.34451e-08 4.09874e-09 3.76083e-08 /ariscv/uu_dtpath/uu_dec/uu_reg_file/g3770__2883
6.44130e-11 3.24848e-08 8.72027e-09 4.12695e-08 /ariscv/uu_dtpath/uu_dec/uu_reg_file/g3771__2346
6.33320e-11 1.74876e-08 7.64904e-09 2.52000e-08 /ariscv/uu_dtpath/uu_dec/uu_reg_file/g3772__1666
6.45240e-11 3.33323e-08 1.78588e-08 5.12556e-08 /ariscv/uu_dtpath/uu_dec/uu_reg_file/g3773__7410
6.04230e-11 1.80673e-08 6.22299e-09 2.43507e-08 /ariscv/uu_dtpath/uu_dec/uu_reg_file/g3774__6417
6.45210e-11 3.33331e-08 2.00023e-08 5.33998e-08 /ariscv/uu_dtpath/uu_dec/uu_reg_file/g3775__5477
6.44430e-11 3.32866e-08 2.16229e-08 5.49740e-08 /ariscv/uu_dtpath/uu_dec/uu_reg_file/g3776__2398
3.88860e-11 6.97280e-10 2.54990e-10 9.91156e-10 /ariscv/uu_dtpath/uu_dec/uu_reg_file/g3778__6260
3.88880e-11 6.95965e-10 2.76577e-10 1.01143e-09 /ariscv/uu_dtpath/uu_dec/uu_reg_file/g3780__8428
3.89190e-11 8.35208e-10 2.32055e-10 1.10618e-09 /ariscv/uu_dtpath/uu_dec/uu_reg_file/g3783__3680
3.88860e-11 6.96940e-10 3.65621e-10 1.10145e-09 /ariscv/uu_dtpath/uu_dec/uu_reg_file/g3784__1617
3.89180e-11 8.36870e-10 3.32230e-10 1.20802e-09 /ariscv/uu_dtpath/uu_dec/uu_reg_file/g3785__2802
3.88860e-11 6.97554e-10 4.95140e-10 1.23158e-09 /ariscv/uu_dtpath/uu_dec/uu_reg_file/g3786__1705
3.88860e-11 6.98410e-10 1.12891e-09 1.86620e-09 /ariscv/uu_dtpath/uu_dec/uu_reg_file/g3787__5122
3.88880e-11 6.96095e-10 1.63922e-10 8.98905e-10 /ariscv/uu_dtpath/uu_dec/uu_reg_file/g3788__8246
3.88870e-11 6.97175e-10 3.59550e-10 1.09561e-09 /ariscv/uu_dtpath/uu_dec/uu_reg_file/g3790__6131
3.88860e-11 6.97134e-10 5.62598e-10 1.29862e-09 /ariscv/uu_dtpath/uu_dec/uu_reg_file/g3795__6161
3.88880e-11 6.95997e-10 9.04609e-10 1.63949e-09 /ariscv/uu_dtpath/uu_dec/uu_reg_file/g3796__9315
3.89190e-11 8.35347e-10 4.81986e-10 1.35625e-09 /ariscv/uu_dtpath/uu_dec/uu_reg_file/g3798__2883
3.88880e-11 6.95864e-10 5.68669e-10 1.30342e-09 /ariscv/uu_dtpath/uu_dec/uu_reg_file/g3800__1666
3.88880e-11 6.96904e-10 3.79113e-10 1.11491e-09 /ariscv/uu_dtpath/uu_dec/uu_reg_file/g3803__5477
3.88860e-11 6.97234e-10 2.82648e-10 1.01877e-09 /ariscv/uu_dtpath/uu_dec/uu_reg_file/g3804__2398
3.88860e-11 6.97653e-10 3.20424e-10 1.05696e-09 /ariscv/uu_dtpath/uu_dec/uu_reg_file/g3805__5107
3.89180e-11 8.36418e-10 1.63248e-10 1.03858e-09 /ariscv/uu_dtpath/uu_dec/uu_reg_file/g3806__6260
3.88860e-11 6.97721e-10 3.89906e-10 1.12651e-09 /ariscv/uu_dtpath/uu_dec/uu_reg_file/g3807__4319
3.88860e-11 6.97915e-10 5.85533e-10 1.32233e-09 /ariscv/uu_dtpath/uu_dec/uu_reg_file/g3809__5526
4.72250e-11 7.06155e-10 4.11492e-10 1.16487e-09 /ariscv/uu_dtpath/uu_dec/uu_reg_file/g3822__4733
3.89180e-11 8.37110e-10 4.57364e-10 1.33339e-09 /ariscv/uu_dtpath/uu_dec/uu_reg_file/g3823__6161
3.88860e-11 6.97642e-10 4.01374e-10 1.13790e-09 /ariscv/uu_dtpath/uu_dec/uu_reg_file/g3824__9315
3.88860e-11 6.97721e-10 8.05108e-10 1.54171e-09 /ariscv/uu_dtpath/uu_dec/uu_reg_file/g3825__9945
3.88880e-11 6.96111e-10 4.76926e-10 1.21193e-09 /ariscv/uu_dtpath/uu_dec/uu_reg_file/g3833__5107
3.89170e-11 8.36466e-10 2.42173e-10 1.11756e-09 /ariscv/uu_dtpath/uu_dec/uu_reg_file/g3835__4319
3.88880e-11 6.96252e-10 1.93604e-10 9.28744e-10 /ariscv/uu_dtpath/uu_dec/uu_reg_file/g3836__8428
3.88880e-11 6.96950e-10 2.77926e-10 1.01376e-09 /ariscv/uu_dtpath/uu_dec/uu_reg_file/g3838__6783
3.88860e-11 6.97045e-10 1.64597e-10 9.00528e-10 /ariscv/uu_dtpath/uu_dec/uu_reg_file/g3839__3680
3.89180e-11 8.36535e-10 3.73041e-10 1.24849e-09 /ariscv/uu_dtpath/uu_dec/uu_reg_file/g3840__1617
3.88860e-11 6.97746e-10 2.17889e-10 9.54521e-10 /ariscv/uu_dtpath/uu_dec/uu_reg_file/g3842__1705
3.88860e-11 6.97941e-10 5.32579e-10 1.26941e-09 /ariscv/uu_dtpath/uu_dec/uu_reg_file/g3844__8246
3.88860e-11 6.96700e-10 5.67994e-10 1.30358e-09 /ariscv/uu_dtpath/uu_dec/uu_reg_file/g3845__7098
3.88860e-11 6.96690e-10 1.49082e-10 8.84658e-10 /ariscv/uu_dtpath/uu_dec/uu_reg_file/g3853__9945
4.72250e-11 7.06188e-10 2.23285e-10 9.76698e-10 /ariscv/uu_dtpath/uu_dec/uu_reg_file/g3856__1666
3.89180e-11 8.36984e-10 5.23472e-10 1.39937e-09 /ariscv/uu_dtpath/uu_dec/uu_reg_file/g3857__7410
3.89170e-11 8.36354e-10 3.35265e-10 1.21054e-09 /ariscv/uu_dtpath/uu_dec/uu_reg_file/g3858__6417
3.88860e-11 6.97959e-10 2.50943e-10 9.87788e-10 /ariscv/uu_dtpath/uu_dec/uu_reg_file/g3859__5477
3.88860e-11 6.97931e-10 4.60062e-10 1.19688e-09 /ariscv/uu_dtpath/uu_dec/uu_reg_file/g3860__2398
3.89170e-11 8.36160e-10 4.72879e-10 1.34796e-09 /ariscv/uu_dtpath/uu_dec/uu_reg_file/g3862__6260
3.88860e-11 6.96698e-10 2.28682e-10 9.64266e-10 /ariscv/uu_dtpath/uu_dec/uu_reg_file/g3863__4319
3.88860e-11 6.97521e-10 3.28182e-10 1.06459e-09 /ariscv/uu_dtpath/uu_dec/uu_reg_file/g3867__3680
3.88880e-11 6.96129e-10 5.16727e-10 1.25174e-09 /ariscv/uu_dtpath/uu_dec/uu_reg_file/g3868__1617
3.89170e-11 8.36094e-10 3.49769e-10 1.22478e-09 /ariscv/uu_dtpath/uu_dec/uu_reg_file/g3870__1705
3.88880e-11 6.96230e-10 3.71355e-10 1.10647e-09 /ariscv/uu_dtpath/uu_dec/uu_reg_file/g3871__5122
3.88860e-11 6.97489e-10 4.76252e-10 1.21263e-09 /ariscv/uu_dtpath/uu_dec/uu_reg_file/g3874__6131
4.72250e-11 7.06288e-10 2.46895e-10 1.00041e-09 /ariscv/uu_dtpath/uu_dec/uu_reg_file/g3875__1881
3.89180e-11 8.36491e-10 2.21936e-10 1.09734e-09 /ariscv/uu_dtpath/uu_dec/uu_reg_file/g3876__5115
3.89190e-11 8.35600e-10 4.00025e-10 1.27454e-09 /ariscv/uu_dtpath/uu_dec/uu_reg_file/g3877__7482
3.88860e-11 6.96267e-10 3.74728e-10 1.10988e-09 /ariscv/uu_dtpath/uu_dec/uu_reg_file/g3879__6161
3.88860e-11 6.97849e-10 4.45221e-10 1.18196e-09 /ariscv/uu_dtpath/uu_dec/uu_reg_file/g3881__9945
3.88880e-11 6.96541e-10 4.27008e-10 1.16244e-09 /ariscv/uu_dtpath/uu_dec/uu_reg_file/g3887__5477
4.72250e-11 7.06344e-10 1.84160e-10 9.37729e-10 /ariscv/uu_dtpath/uu_dec/uu_reg_file/g3893__5526
3.89180e-11 8.36813e-10 3.25821e-10 1.20155e-09 /ariscv/uu_dtpath/uu_dec/uu_reg_file/g3894__6783
3.88860e-11 6.97803e-10 2.03048e-10 9.39737e-10 /ariscv/uu_dtpath/uu_dec/uu_reg_file/g3895__3680
3.88860e-11 6.97318e-10 3.60562e-10 1.09677e-09 /ariscv/uu_dtpath/uu_dec/uu_reg_file/g3896__1617
3.88860e-11 6.97919e-10 3.52804e-10 1.08961e-09 /ariscv/uu_dtpath/uu_dec/uu_reg_file/g3897__2802
3.88860e-11 6.96506e-10 4.79625e-10 1.21502e-09 /ariscv/uu_dtpath/uu_dec/uu_reg_file/g3898__1705
3.88880e-11 6.95752e-10 4.02723e-10 1.13736e-09 /ariscv/uu_dtpath/uu_dec/uu_reg_file/g3904__5115
3.89170e-11 8.36268e-10 2.17889e-10 1.09307e-09 /ariscv/uu_dtpath/uu_dec/uu_reg_file/g3906__4733
3.89170e-11 8.36351e-10 5.34603e-10 1.40987e-09 /ariscv/uu_dtpath/uu_dec/uu_reg_file/g3907__6161
3.88860e-11 6.96921e-10 2.58026e-10 9.93833e-10 /ariscv/uu_dtpath/uu_dec/uu_reg_file/g3908__9315
3.88860e-11 6.97159e-10 3.02211e-10 1.03826e-09 /ariscv/uu_dtpath/uu_dec/uu_reg_file/g3910__2883
4.72250e-11 7.06242e-10 1.68644e-10 9.22111e-10 /ariscv/uu_dtpath/uu_dec/uu_reg_file/g3911__2346
3.89180e-11 8.36866e-10 3.74391e-10 1.25018e-09 /ariscv/uu_dtpath/uu_dec/uu_reg_file/g3912__1666
3.88860e-11 6.97558e-10 3.65621e-10 1.10207e-09 /ariscv/uu_dtpath/uu_dec/uu_reg_file/g3914__6417
3.88860e-11 6.96431e-10 4.21274e-10 1.15659e-09 /ariscv/uu_dtpath/uu_dec/uu_reg_file/g3915__5477
3.88860e-11 6.96602e-10 1.52455e-10 8.87943e-10 /ariscv/uu_dtpath/uu_dec/uu_reg_file/g3921__5526
3.88860e-11 6.97273e-10 4.35103e-10 1.17126e-09 /ariscv/uu_dtpath/uu_dec/uu_reg_file/g3922__6783
3.88880e-11 6.95826e-10 3.02885e-10 1.03760e-09 /ariscv/uu_dtpath/uu_dec/uu_reg_file/g3924__1617
4.72250e-11 7.06469e-10 4.24309e-10 1.17800e-09 /ariscv/uu_dtpath/uu_dec/uu_reg_file/g3927__5122
3.89180e-11 8.36856e-10 6.52991e-10 1.52876e-09 /ariscv/uu_dtpath/uu_dec/uu_reg_file/g3928__8246
3.89190e-11 8.35872e-10 2.52967e-10 1.12776e-09 /ariscv/uu_dtpath/uu_dec/uu_reg_file/g3929__7098
3.88860e-11 6.97595e-10 3.18401e-10 1.05488e-09 /ariscv/uu_dtpath/uu_dec/uu_reg_file/g3930__6131
3.88860e-11 6.97797e-10 6.23310e-10 1.35999e-09 /ariscv/uu_dtpath/uu_dec/uu_reg_file/g3931__1881
3.88880e-11 6.96412e-10 2.18563e-10 9.53863e-10 /ariscv/uu_dtpath/uu_dec/uu_reg_file/g3933__7482
3.88870e-11 6.97684e-10 1.09619e-10 8.46190e-10 /ariscv/uu_dtpath/uu_dec/uu_reg_file/g3938__2883
8.05570e-11 1.35259e-09 9.73416e-10 2.40656e-09 /ariscv/uu_dtpath/uu_dec/uu_reg_file/g3939__2346
3.89170e-11 8.36226e-10 3.74728e-10 1.24987e-09 /ariscv/uu_dtpath/uu_dec/uu_reg_file/g3941__7410
3.88860e-11 6.96751e-10 4.89743e-10 1.22538e-09 /ariscv/uu_dtpath/uu_dec/uu_reg_file/g3944__2398
3.88860e-11 6.97278e-10 5.74740e-10 1.31090e-09 /ariscv/uu_dtpath/uu_dec/uu_reg_file/g3945__5107
3.89180e-11 8.37123e-10 3.63597e-10 1.23964e-09 /ariscv/uu_dtpath/uu_dec/uu_reg_file/g3946__6260
3.88860e-11 6.97271e-10 6.91442e-10 1.42760e-09 /ariscv/uu_dtpath/uu_dec/uu_reg_file/g3948__8428
3.88880e-11 6.95671e-10 2.72192e-10 1.00675e-09 /ariscv/uu_dtpath/uu_dec/uu_reg_file/g3957__7098
4.30090e-11 8.00591e-10 4.35103e-10 1.27870e-09 /ariscv/uu_dtpath/uu_dec/uu_reg_file/g3964__9315
3.89190e-11 8.35987e-10 5.35277e-10 1.41018e-09 /ariscv/uu_dtpath/uu_dec/uu_reg_file/g3965__9945
3.88880e-11 6.96358e-10 3.31218e-10 1.06646e-09 /ariscv/uu_dtpath/uu_dec/uu_reg_file/g3966__2883
3.88860e-11 6.96753e-10 3.31555e-10 1.06719e-09 /ariscv/uu_dtpath/uu_dec/uu_reg_file/g3967__2346
3.88880e-11 6.95855e-10 2.36102e-10 9.70845e-10 /ariscv/uu_dtpath/uu_dec/uu_reg_file/g3974__6260
3.89190e-11 8.35768e-10 4.62760e-10 1.33745e-09 /ariscv/uu_dtpath/uu_dec/uu_reg_file/g3976__8428
3.88880e-11 6.95418e-10 2.95465e-10 1.02977e-09 /ariscv/uu_dtpath/uu_dec/uu_reg_file/g3977__5526
3.88880e-11 6.96428e-10 2.87370e-10 1.02269e-09 /ariscv/uu_dtpath/uu_dec/uu_reg_file/g3979__3680
4.30080e-11 8.01078e-10 3.65621e-10 1.20971e-09 /ariscv/uu_dtpath/uu_dec/uu_reg_file/g3980__1617
3.89170e-11 8.36440e-10 5.13354e-10 1.38871e-09 /ariscv/uu_dtpath/uu_dec/uu_reg_file/g3981__2802
3.88860e-11 6.96838e-10 2.09794e-10 9.45518e-10 /ariscv/uu_dtpath/uu_dec/uu_reg_file/g3982__1705
3.88860e-11 6.96833e-10 2.03048e-10 9.38767e-10 /ariscv/uu_dtpath/uu_dec/uu_reg_file/g3984__8246
4.30080e-11 8.00921e-10 1.56502e-10 1.00043e-09 /ariscv/uu_dtpath/uu_dec/uu_reg_file/g3996__1666
3.89170e-11 8.36208e-10 1.47058e-10 1.02218e-09 /ariscv/uu_dtpath/uu_dec/uu_reg_file/g3997__7410
3.89170e-11 8.36136e-10 3.44035e-10 1.21909e-09 /ariscv/uu_dtpath/uu_dec/uu_reg_file/g3998__6417
3.88860e-11 6.97065e-10 2.57689e-10 9.93640e-10 /ariscv/uu_dtpath/uu_dec/uu_reg_file/g3999__5477
3.88860e-11 6.97419e-10 3.97326e-10 1.13363e-09 /ariscv/uu_dtpath/uu_dec/uu_reg_file/g4001__5107
3.88880e-11 6.96302e-10 2.83997e-10 1.01919e-09 /ariscv/uu_dtpath/uu_dec/uu_reg_file/g4004__8428
3.88880e-11 6.96561e-10 1.47395e-10 8.82844e-10 /ariscv/uu_dtpath/uu_dec/uu_reg_file/g4007__3680
3.88860e-11 6.97233e-10 3.18401e-10 1.05452e-09 /ariscv/uu_dtpath/uu_dec/uu_reg_file/g4009__2802
3.88880e-11 6.96077e-10 5.39662e-10 1.27463e-09 /ariscv/uu_dtpath/uu_dec/uu_reg_file/g4010__1705
3.89190e-11 8.35754e-10 3.71355e-10 1.24603e-09 /ariscv/uu_dtpath/uu_dec/uu_reg_file/g4012__8246
3.88880e-11 6.95910e-10 4.56015e-10 1.19081e-09 /ariscv/uu_dtpath/uu_dec/uu_reg_file/g4013__7098
3.88880e-11 6.97076e-10 3.53816e-10 1.08978e-09 /ariscv/uu_dtpath/uu_dec/uu_reg_file/g4015__1881
4.30060e-11 8.01068e-10 4.16889e-10 1.26096e-09 /ariscv/uu_dtpath/uu_dec/uu_reg_file/g4016__5115
3.89180e-11 8.36656e-10 3.32567e-10 1.20814e-09 /ariscv/uu_dtpath/uu_dec/uu_reg_file/g4017__7482
3.88860e-11 6.96789e-10 1.54816e-10 8.90491e-10 /ariscv/uu_dtpath/uu_dec/uu_reg_file/g4019__6161
3.88860e-11 6.96947e-10 3.46396e-10 1.08223e-09 /ariscv/uu_dtpath/uu_dec/uu_reg_file/g4021__9945
3.88860e-11 6.97031e-10 4.14191e-10 1.15011e-09 /ariscv/uu_dtpath/uu_dec/uu_reg_file/g4033__5526
3.89180e-11 8.37169e-10 1.88207e-10 1.06429e-09 /ariscv/uu_dtpath/uu_dec/uu_reg_file/g4034__6783
3.88860e-11 6.96877e-10 6.34778e-10 1.37054e-09 /ariscv/uu_dtpath/uu_dec/uu_reg_file/g4035__3680
3.88860e-11 6.97289e-10 9.81510e-11 8.34326e-10 /ariscv/uu_dtpath/uu_dec/uu_reg_file/g4036__1617
3.88860e-11 6.97131e-10 3.42348e-10 1.07837e-09 /ariscv/uu_dtpath/uu_dec/uu_reg_file/g4037__2802
3.88860e-11 6.97729e-10 1.52792e-10 8.89407e-10 /ariscv/uu_dtpath/uu_dec/uu_reg_file/g4038__1705
3.88860e-11 6.96558e-10 4.16214e-10 1.15166e-09 /ariscv/uu_dtpath/uu_dec/uu_reg_file/g4039__5122
3.88880e-11 6.96095e-10 6.09818e-10 1.34480e-09 /ariscv/uu_dtpath/uu_dec/uu_reg_file/g4045__7482
3.89190e-11 8.35970e-10 1.74041e-10 1.04893e-09 /ariscv/uu_dtpath/uu_dec/uu_reg_file/g4047__6161
3.89170e-11 8.36000e-10 1.69319e-10 1.04424e-09 /ariscv/uu_dtpath/uu_dec/uu_reg_file/g4048__9315
3.88880e-11 6.95991e-10 3.35265e-10 1.07014e-09 /ariscv/uu_dtpath/uu_dec/uu_reg_file/g4049__9945
3.88860e-11 6.97400e-10 3.74728e-10 1.11101e-09 /ariscv/uu_dtpath/uu_dec/uu_reg_file/g4051__2346
4.30060e-11 8.01095e-10 3.93953e-10 1.23805e-09 /ariscv/uu_dtpath/uu_dec/uu_reg_file/g4052__1666
3.89180e-11 8.36797e-10 2.54990e-10 1.13071e-09 /ariscv/uu_dtpath/uu_dec/uu_reg_file/g4053__7410
3.88860e-11 6.98492e-10 1.59200e-10 8.96578e-10 /ariscv/uu_dtpath/uu_dec/uu_reg_file/g4054__6417
3.88860e-11 6.97328e-10 3.79787e-10 1.11600e-09 /ariscv/uu_dtpath/uu_dec/uu_reg_file/g4056__2398
3.88860e-11 6.96489e-10 2.10468e-10 9.45843e-10 /ariscv/uu_dtpath/uu_dec/uu_reg_file/g4057__5107
6.50210e-11 6.94147e-09 3.47273e-09 1.04792e-08 /ariscv/uu_dtpath/uu_dec/uu_reg_file/g3585
6.06830e-11 3.60922e-09 1.67397e-09 5.34387e-09 /ariscv/uu_dtpath/uu_dec/uu_reg_file/g3586
6.09720e-11 5.71436e-10 6.40512e-10 1.27292e-09 /ariscv/uu_dtpath/uu_dec/uu_reg_file/g3587
6.09720e-11 5.71415e-10 2.89394e-10 9.21781e-10 /ariscv/uu_dtpath/uu_dec/uu_reg_file/g3588
6.09720e-11 5.70810e-10 3.52130e-10 9.83912e-10 /ariscv/uu_dtpath/uu_dec/uu_reg_file/g3589
6.50240e-11 6.94101e-09 7.63555e-09 1.46416e-08 /ariscv/uu_dtpath/uu_dec/uu_reg_file/g3590
6.09720e-11 5.70974e-10 3.36277e-10 9.68223e-10 /ariscv/uu_dtpath/uu_dec/uu_reg_file/g3591
6.13250e-11 8.53781e-10 2.21599e-10 1.13671e-09 /ariscv/uu_dtpath/uu_dec/uu_reg_file/g3592
6.09700e-11 5.71066e-10 6.10830e-10 1.24287e-09 /ariscv/uu_dtpath/uu_dec/uu_reg_file/g3593
6.09700e-11 5.71247e-10 3.46396e-10 9.78613e-10 /ariscv/uu_dtpath/uu_dec/uu_reg_file/g3594
6.09230e-11 1.66496e-09 1.14341e-09 2.86930e-09 /ariscv/uu_dtpath/uu_dec/uu_reg_file/g3595
6.09700e-11 5.70899e-10 3.20424e-10 9.52293e-10 /ariscv/uu_dtpath/uu_dec/uu_reg_file/g3596
6.09710e-11 5.71465e-10 6.01386e-10 1.23382e-09 /ariscv/uu_dtpath/uu_dec/uu_reg_file/g3597
6.09700e-11 5.71017e-10 2.47570e-10 8.79557e-10 /ariscv/uu_dtpath/uu_dec/uu_reg_file/g3598
6.09720e-11 5.70687e-10 2.21936e-10 8.53595e-10 /ariscv/uu_dtpath/uu_dec/uu_reg_file/g3599
6.09720e-11 5.71200e-10 3.38301e-10 9.70473e-10 /ariscv/uu_dtpath/uu_dec/uu_reg_file/g3600
6.13250e-11 8.53836e-10 2.30706e-10 1.14587e-09 /ariscv/uu_dtpath/uu_dec/uu_reg_file/g3601
6.13250e-11 8.54168e-10 3.03223e-10 1.21872e-09 /ariscv/uu_dtpath/uu_dec/uu_reg_file/g3602
6.09700e-11 5.71415e-10 5.44384e-10 1.17677e-09 /ariscv/uu_dtpath/uu_dec/uu_reg_file/g3603
6.09720e-11 5.71105e-10 5.22460e-10 1.15454e-09 /ariscv/uu_dtpath/uu_dec/uu_reg_file/g3604
6.13250e-11 8.53910e-10 4.33079e-10 1.34831e-09 /ariscv/uu_dtpath/uu_dec/uu_reg_file/g3605
6.09720e-11 5.71478e-10 2.64434e-10 8.96884e-10 /ariscv/uu_dtpath/uu_dec/uu_reg_file/g3606
6.55400e-11 4.96081e-09 2.16742e-09 7.19377e-09 /ariscv/uu_dtpath/uu_dec/uu_reg_file/g3607
6.13260e-11 8.54379e-10 5.30218e-10 1.44592e-09 /ariscv/uu_dtpath/uu_dec/uu_reg_file/g3608
6.09690e-11 5.70501e-10 3.48082e-10 9.79552e-10 /ariscv/uu_dtpath/uu_dec/uu_reg_file/g3609
6.09720e-11 5.71117e-10 3.21099e-10 9.53188e-10 /ariscv/uu_dtpath/uu_dec/uu_reg_file/g3610
6.50230e-11 6.94079e-09 4.17024e-09 1.11761e-08 /ariscv/uu_dtpath/uu_dec/uu_reg_file/g3611
6.09720e-11 5.70712e-10 4.45896e-10 1.07758e-09 /ariscv/uu_dtpath/uu_dec/uu_reg_file/g3612
6.13250e-11 8.53666e-10 3.88557e-10 1.30355e-09 /ariscv/uu_dtpath/uu_dec/uu_reg_file/g3613
6.09700e-11 5.71070e-10 2.76914e-10 9.08954e-10 /ariscv/uu_dtpath/uu_dec/uu_reg_file/g3614
6.08020e-11 2.63775e-09 2.02542e-09 4.72397e-09 /ariscv/uu_dtpath/uu_dec/uu_reg_file/g3615
6.09720e-11 5.71304e-10 3.44035e-10 9.76311e-10 /ariscv/uu_dtpath/uu_dec/uu_reg_file/g3616
6.50230e-11 6.93842e-09 5.45397e-09 1.24574e-08 /ariscv/uu_dtpath/uu_dec/uu_reg_file/g3617
6.09690e-11 5.70991e-10 2.75228e-10 9.07188e-10 /ariscv/uu_dtpath/uu_dec/uu_reg_file/g3618
6.09700e-11 5.70919e-10 2.30031e-10 8.61920e-10 /ariscv/uu_dtpath/uu_dec/uu_reg_file/g3619
6.09700e-11 5.70980e-10 5.23810e-10 1.15576e-09 /ariscv/uu_dtpath/uu_dec/uu_reg_file/g3620
6.09720e-11 5.70983e-10 2.74890e-10 9.06845e-10 /ariscv/uu_dtpath/uu_dec/uu_reg_file/g3621
6.13230e-11 8.53462e-10 1.47395e-10 1.06218e-09 /ariscv/uu_dtpath/uu_dec/uu_reg_file/g3622
6.13250e-11 8.54304e-10 2.19575e-10 1.13520e-09 /ariscv/uu_dtpath/uu_dec/uu_reg_file/g3623
6.09720e-11 5.70895e-10 3.48757e-10 9.80624e-10 /ariscv/uu_dtpath/uu_dec/uu_reg_file/g3624
6.57970e-11 3.93640e-09 1.47395e-09 5.47615e-09 /ariscv/uu_dtpath/uu_dec/uu_reg_file/g3625
6.09730e-11 5.71219e-10 4.66470e-10 1.09866e-09 /ariscv/uu_dtpath/uu_dec/uu_reg_file/g3626
6.09700e-11 5.70734e-10 3.10306e-10 9.42010e-10 /ariscv/uu_dtpath/uu_dec/uu_reg_file/g3627
6.09710e-11 5.70940e-10 2.66458e-10 8.98369e-10 /ariscv/uu_dtpath/uu_dec/uu_reg_file/g3628
6.50230e-11 6.94085e-09 2.79006e-09 9.79593e-09 /ariscv/uu_dtpath/uu_dec/uu_reg_file/g3629
6.09710e-11 5.70905e-10 6.07120e-10 1.23900e-09 /ariscv/uu_dtpath/uu_dec/uu_reg_file/g3630
6.13230e-11 8.53923e-10 1.58526e-10 1.07377e-09 /ariscv/uu_dtpath/uu_dec/uu_reg_file/g3631
6.09710e-11 5.71282e-10 3.84509e-10 1.01676e-09 /ariscv/uu_dtpath/uu_dec/uu_reg_file/g3632
6.50210e-11 6.94224e-09 5.78046e-09 1.27877e-08 /ariscv/uu_dtpath/uu_dec/uu_reg_file/g3633
6.09720e-11 5.71058e-10 4.60737e-10 1.09277e-09 /ariscv/uu_dtpath/uu_dec/uu_reg_file/g3634
6.52790e-11 5.95737e-09 3.53344e-09 9.55609e-09 /ariscv/uu_dtpath/uu_dec/uu_reg_file/g3635
1.26031e-10 1.11395e-09 6.51642e-10 1.89162e-09 /ariscv/uu_dtpath/uu_dec/uu_reg_file/g3636
6.09700e-11 5.70846e-10 2.39475e-10 8.71291e-10 /ariscv/uu_dtpath/uu_dec/uu_reg_file/g3637
6.09690e-11 5.71011e-10 3.24809e-10 9.56789e-10 /ariscv/uu_dtpath/uu_dec/uu_reg_file/g3638
6.09710e-11 5.71000e-10 4.84009e-10 1.11598e-09 /ariscv/uu_dtpath/uu_dec/uu_reg_file/g3639
6.13230e-11 8.53468e-10 3.05921e-10 1.22071e-09 /ariscv/uu_dtpath/uu_dec/uu_reg_file/g3640
6.09700e-11 5.71091e-10 3.85858e-10 1.01792e-09 /ariscv/uu_dtpath/uu_dec/uu_reg_file/g3641
6.13250e-11 8.54168e-10 2.61062e-10 1.17656e-09 /ariscv/uu_dtpath/uu_dec/uu_reg_file/g3642
6.09710e-11 5.71281e-10 3.07945e-10 9.40197e-10 /ariscv/uu_dtpath/uu_dec/uu_reg_file/g3643
6.13260e-11 8.54376e-10 4.13853e-10 1.32956e-09 /ariscv/uu_dtpath/uu_dec/uu_reg_file/g3644
6.09730e-11 5.71403e-10 4.39487e-10 1.07186e-09 /ariscv/uu_dtpath/uu_dec/uu_reg_file/g3645
6.50230e-11 6.94031e-09 3.65453e-09 1.06599e-08 /ariscv/uu_dtpath/uu_dec/uu_reg_file/g3646
6.09700e-11 5.70733e-10 1.63922e-10 7.95625e-10 /ariscv/uu_dtpath/uu_dec/uu_reg_file/g3647
6.50210e-11 6.94156e-09 7.28309e-09 1.42897e-08 /ariscv/uu_dtpath/uu_dec/uu_reg_file/g3648
6.09700e-11 5.70224e-10 6.26345e-10 1.25754e-09 /ariscv/uu_dtpath/uu_dec/uu_reg_file/g3649
6.09710e-11 5.71298e-10 4.05758e-10 1.03803e-09 /ariscv/uu_dtpath/uu_dec/uu_reg_file/g3650
6.13230e-11 8.53540e-10 1.59875e-10 1.07474e-09 /ariscv/uu_dtpath/uu_dec/uu_reg_file/g3651
6.09710e-11 5.71344e-10 3.02548e-10 9.34863e-10 /ariscv/uu_dtpath/uu_dec/uu_reg_file/g3652
6.55400e-11 4.96035e-09 2.96072e-09 7.98661e-09 /ariscv/uu_dtpath/uu_dec/uu_reg_file/g3653
6.09710e-11 5.70944e-10 2.91418e-10 9.23333e-10 /ariscv/uu_dtpath/uu_dec/uu_reg_file/g3654
6.09700e-11 5.71333e-10 4.79287e-10 1.11159e-09 /ariscv/uu_dtpath/uu_dec/uu_reg_file/g3655
6.50230e-11 6.94125e-09 4.26671e-09 1.12730e-08 /ariscv/uu_dtpath/uu_dec/uu_reg_file/g3656
6.09710e-11 5.70821e-10 3.63597e-10 9.95389e-10 /ariscv/uu_dtpath/uu_dec/uu_reg_file/g3657
6.09710e-11 5.70757e-10 5.55852e-10 1.18758e-09 /ariscv/uu_dtpath/uu_dec/uu_reg_file/g3658
6.09700e-11 5.71158e-10 2.84672e-10 9.16800e-10 /ariscv/uu_dtpath/uu_dec/uu_reg_file/g3659
6.13230e-11 8.53887e-10 1.48070e-10 1.06328e-09 /ariscv/uu_dtpath/uu_dec/uu_reg_file/g3660
6.13250e-11 8.54151e-10 2.44197e-10 1.15967e-09 /ariscv/uu_dtpath/uu_dec/uu_reg_file/g3661
6.09710e-11 5.71370e-10 4.34091e-10 1.06643e-09 /ariscv/uu_dtpath/uu_dec/uu_reg_file/g3662
6.52790e-11 5.95697e-09 4.04949e-09 1.00717e-08 /ariscv/uu_dtpath/uu_dec/uu_reg_file/g3663
6.09730e-11 5.71285e-10 4.10143e-10 1.04240e-09 /ariscv/uu_dtpath/uu_dec/uu_reg_file/g3664
6.09700e-11 5.70780e-10 4.29369e-10 1.06112e-09 /ariscv/uu_dtpath/uu_dec/uu_reg_file/g3665
6.09720e-11 5.71031e-10 2.69156e-10 9.01159e-10 /ariscv/uu_dtpath/uu_dec/uu_reg_file/g3666
6.09700e-11 5.70649e-10 1.64597e-10 7.96216e-10 /ariscv/uu_dtpath/uu_dec/uu_reg_file/g3667
6.50210e-11 6.94181e-09 4.35575e-09 1.13626e-08 /ariscv/uu_dtpath/uu_dec/uu_reg_file/g3668
6.09700e-11 5.71001e-10 5.37638e-10 1.16961e-09 /ariscv/uu_dtpath/uu_dec/uu_reg_file/g3669
6.13230e-11 8.53414e-10 1.61899e-10 1.07664e-09 /ariscv/uu_dtpath/uu_dec/uu_reg_file/g3670
6.09710e-11 5.71151e-10 3.41336e-10 9.73458e-10 /ariscv/uu_dtpath/uu_dec/uu_reg_file/g3671
6.09720e-11 5.71063e-10 3.84172e-10 1.01621e-09 /ariscv/uu_dtpath/uu_dec/uu_reg_file/g3672
6.09720e-11 5.70405e-10 2.33067e-10 8.64444e-10 /ariscv/uu_dtpath/uu_dec/uu_reg_file/g3673
6.09230e-11 1.66526e-09 9.57227e-10 2.68341e-09 /ariscv/uu_dtpath/uu_dec/uu_reg_file/g3674
6.09710e-11 5.70787e-10 2.96477e-10 9.28235e-10 /ariscv/uu_dtpath/uu_dec/uu_reg_file/g3675
1.26028e-10 1.11331e-09 7.12691e-10 1.95203e-09 /ariscv/uu_dtpath/uu_dec/uu_reg_file/g3676
6.09700e-11 5.70848e-10 2.95465e-10 9.27283e-10 /ariscv/uu_dtpath/uu_dec/uu_reg_file/g3677
6.09690e-11 5.70815e-10 4.09131e-10 1.04092e-09 /ariscv/uu_dtpath/uu_dec/uu_reg_file/g3678
6.09720e-11 5.70857e-10 4.39150e-10 1.07098e-09 /ariscv/uu_dtpath/uu_dec/uu_reg_file/g3679
6.13250e-11 8.53686e-10 1.56165e-10 1.07118e-09 /ariscv/uu_dtpath/uu_dec/uu_reg_file/g3680
6.50230e-11 6.94152e-09 5.32782e-09 1.23344e-08 /ariscv/uu_dtpath/uu_dec/uu_reg_file/g3681
6.09700e-11 5.71186e-10 4.64447e-10 1.09660e-09 /ariscv/uu_dtpath/uu_dec/uu_reg_file/g3682
6.13260e-11 8.54051e-10 4.17901e-10 1.33328e-09 /ariscv/uu_dtpath/uu_dec/uu_reg_file/g3683
6.09730e-11 5.71372e-10 5.79800e-10 1.21215e-09 /ariscv/uu_dtpath/uu_dec/uu_reg_file/g3684
6.13230e-11 8.53960e-10 3.34253e-10 1.24954e-09 /ariscv/uu_dtpath/uu_dec/uu_reg_file/g3685
6.13260e-11 8.54261e-10 3.67308e-10 1.28290e-09 /ariscv/uu_dtpath/uu_dec/uu_reg_file/g3686
6.09710e-11 5.71202e-10 2.87707e-10 9.19880e-10 /ariscv/uu_dtpath/uu_dec/uu_reg_file/g3687
6.50180e-11 6.94152e-09 4.40399e-09 1.14105e-08 /ariscv/uu_dtpath/uu_dec/uu_reg_file/g3688
6.13260e-11 8.54186e-10 3.59550e-10 1.27506e-09 /ariscv/uu_dtpath/uu_dec/uu_reg_file/g3689
6.09730e-11 5.71244e-10 1.76739e-10 8.08956e-10 /ariscv/uu_dtpath/uu_dec/uu_reg_file/g3690
6.09720e-11 5.70331e-10 3.94291e-10 1.02559e-09 /ariscv/uu_dtpath/uu_dec/uu_reg_file/g3691
6.50180e-11 6.94186e-09 2.55632e-09 9.56320e-09 /ariscv/uu_dtpath/uu_dec/uu_reg_file/g3692
6.09720e-11 5.71021e-10 5.24147e-10 1.15614e-09 /ariscv/uu_dtpath/uu_dec/uu_reg_file/g3693
6.13250e-11 8.54250e-10 2.61062e-10 1.17664e-09 /ariscv/uu_dtpath/uu_dec/uu_reg_file/g3694
6.09720e-11 5.71475e-10 1.46383e-10 7.78830e-10 /ariscv/uu_dtpath/uu_dec/uu_reg_file/g3695
6.09710e-11 5.71078e-10 1.73366e-10 8.05415e-10 /ariscv/uu_dtpath/uu_dec/uu_reg_file/g3696
6.50230e-11 6.94096e-09 3.29464e-09 1.03006e-08 /ariscv/uu_dtpath/uu_dec/uu_reg_file/g3697
6.09730e-11 5.71173e-10 2.46558e-10 8.78704e-10 /ariscv/uu_dtpath/uu_dec/uu_reg_file/g3698
6.09710e-11 5.71219e-10 3.59550e-10 9.91740e-10 /ariscv/uu_dtpath/uu_dec/uu_reg_file/g3699
6.50230e-11 6.94177e-09 3.33174e-09 1.03385e-08 /ariscv/uu_dtpath/uu_dec/uu_reg_file/g3700
6.09720e-11 5.71258e-10 5.15715e-10 1.14795e-09 /ariscv/uu_dtpath/uu_dec/uu_reg_file/g3701
6.09700e-11 5.70597e-10 2.62073e-10 8.93640e-10 /ariscv/uu_dtpath/uu_dec/uu_reg_file/g3702
6.09710e-11 5.70659e-10 2.07770e-10 8.39400e-10 /ariscv/uu_dtpath/uu_dec/uu_reg_file/g3703
6.13240e-11 8.53863e-10 4.01374e-10 1.31656e-09 /ariscv/uu_dtpath/uu_dec/uu_reg_file/g3704
6.13250e-11 8.54768e-10 4.84347e-10 1.40044e-09 /ariscv/uu_dtpath/uu_dec/uu_reg_file/g3705
6.09700e-11 5.71367e-10 2.19912e-10 8.52249e-10 /ariscv/uu_dtpath/uu_dec/uu_reg_file/g3706
6.50210e-11 6.94129e-09 3.36513e-09 1.03714e-08 /ariscv/uu_dtpath/uu_dec/uu_reg_file/g3707
6.09720e-11 5.71293e-10 3.67308e-10 9.99573e-10 /ariscv/uu_dtpath/uu_dec/uu_reg_file/g3708
6.09710e-11 5.71125e-10 4.77938e-10 1.11003e-09 /ariscv/uu_dtpath/uu_dec/uu_reg_file/g3709
6.50230e-11 6.94179e-09 4.78613e-09 1.17929e-08 /ariscv/uu_dtpath/uu_dec/uu_reg_file/g3710
6.09700e-11 5.70985e-10 2.24297e-10 8.56252e-10 /ariscv/uu_dtpath/uu_dec/uu_reg_file/g3711
6.13250e-11 8.53913e-10 3.59213e-10 1.27445e-09 /ariscv/uu_dtpath/uu_dec/uu_reg_file/g3712
6.09710e-11 5.71264e-10 3.13679e-10 9.45914e-10 /ariscv/uu_dtpath/uu_dec/uu_reg_file/g3713
6.09700e-11 5.71213e-10 4.50618e-10 1.08280e-09 /ariscv/uu_dtpath/uu_dec/uu_reg_file/g3714
6.50230e-11 6.94099e-09 3.35771e-09 1.03637e-08 /ariscv/uu_dtpath/uu_dec/uu_reg_file/g3715
6.09710e-11 5.70938e-10 4.20599e-10 1.05251e-09 /ariscv/uu_dtpath/uu_dec/uu_reg_file/g3716
6.09710e-11 5.71344e-10 2.53978e-10 8.86293e-10 /ariscv/uu_dtpath/uu_dec/uu_reg_file/g3717
6.09690e-11 5.70928e-10 2.80624e-10 9.12521e-10 /ariscv/uu_dtpath/uu_dec/uu_reg_file/g3718
6.09710e-11 5.71174e-10 6.43884e-10 1.27603e-09 /ariscv/uu_dtpath/uu_dec/uu_reg_file/g3719
6.09710e-11 5.70699e-10 2.86021e-10 9.17691e-10 /ariscv/uu_dtpath/uu_dec/uu_reg_file/g3720
6.13250e-11 8.53916e-10 1.62573e-10 1.07781e-09 /ariscv/uu_dtpath/uu_dec/uu_reg_file/g3721
6.50210e-11 6.94244e-09 3.99216e-09 1.09996e-08 /ariscv/uu_dtpath/uu_dec/uu_reg_file/g3722
6.13250e-11 8.54358e-10 2.21936e-10 1.13762e-09 /ariscv/uu_dtpath/uu_dec/uu_reg_file/g3723
6.09700e-11 5.71164e-10 2.96140e-10 9.28274e-10 /ariscv/uu_dtpath/uu_dec/uu_reg_file/g3724
6.13250e-11 8.54314e-10 3.89906e-10 1.30554e-09 /ariscv/uu_dtpath/uu_dec/uu_reg_file/g3725
6.09730e-11 5.71266e-10 5.77776e-10 1.21002e-09 /ariscv/uu_dtpath/uu_dec/uu_reg_file/g3726
6.08020e-11 2.63943e-09 1.30868e-09 4.00891e-09 /ariscv/uu_dtpath/uu_dec/uu_reg_file/g3727
6.09720e-11 5.70406e-10 3.02211e-10 9.33589e-10 /ariscv/uu_dtpath/uu_dec/uu_reg_file/g3728
6.13250e-11 8.54217e-10 2.10131e-10 1.12567e-09 /ariscv/uu_dtpath/uu_dec/uu_reg_file/g3729
6.09720e-11 5.71046e-10 2.69494e-10 9.01512e-10 /ariscv/uu_dtpath/uu_dec/uu_reg_file/g3730
6.09720e-11 5.71186e-10 3.57526e-10 9.89684e-10 /ariscv/uu_dtpath/uu_dec/uu_reg_file/g3731
6.13250e-11 8.53802e-10 1.64597e-10 1.07972e-09 /ariscv/uu_dtpath/uu_dec/uu_reg_file/g3732
6.09700e-11 5.71405e-10 3.71355e-10 1.00373e-09 /ariscv/uu_dtpath/uu_dec/uu_reg_file/g3733
6.55400e-11 4.96058e-09 1.37648e-09 6.40259e-09 /ariscv/uu_dtpath/uu_dec/uu_reg_file/g3734
6.50240e-11 6.94226e-09 5.26846e-09 1.22757e-08 /ariscv/uu_dtpath/uu_dec/uu_reg_file/g3735
6.09710e-11 5.71147e-10 2.70506e-10 9.02624e-10 /ariscv/uu_dtpath/uu_dec/uu_reg_file/g3736
6.50230e-11 6.94193e-09 4.61918e-09 1.16261e-08 /ariscv/uu_dtpath/uu_dec/uu_reg_file/g3737
6.09720e-11 5.70708e-10 5.21111e-10 1.15279e-09 /ariscv/uu_dtpath/uu_dec/uu_reg_file/g3738
6.09700e-11 5.71133e-10 5.72042e-10 1.20415e-09 /ariscv/uu_dtpath/uu_dec/uu_reg_file/g3739
6.09710e-11 5.71037e-10 2.75565e-10 9.07573e-10 /ariscv/uu_dtpath/uu_dec/uu_reg_file/g3740
6.09720e-11 5.70992e-10 1.62911e-10 7.94875e-10 /ariscv/uu_dtpath/uu_dec/uu_reg_file/g3741
6.13250e-11 8.53944e-10 2.29019e-10 1.14429e-09 /ariscv/uu_dtpath/uu_dec/uu_reg_file/g3742
6.13250e-11 8.54858e-10 4.19925e-10 1.33611e-09 /ariscv/uu_dtpath/uu_dec/uu_reg_file/g3743
6.09700e-11 5.71183e-10 5.72716e-10 1.20487e-09 /ariscv/uu_dtpath/uu_dec/uu_reg_file/g3744
6.19560e-11 1.02181e-08 4.19250e-09 1.44726e-08 /ariscv/uu_dtpath/uu_dec/uu_reg_file/g3745
6.49110e-11 2.59336e-08 2.19784e-08 4.79770e-08 /ariscv/uu_dtpath/uu_dec/uu_reg_file/g3746
5.93970e-11 5.18853e-09 1.48070e-09 6.72863e-09 /ariscv/uu_dtpath/uu_dec/uu_reg_file/g3747
6.18940e-11 1.30257e-08 3.71828e-09 1.68059e-08 /ariscv/uu_dtpath/uu_dec/uu_reg_file/g3748
6.49100e-11 2.59315e-08 1.65518e-08 4.25482e-08 /ariscv/uu_dtpath/uu_dec/uu_reg_file/g3749
6.27250e-11 6.48836e-09 9.20799e-10 7.47189e-09 /ariscv/uu_dtpath/uu_dec/uu_reg_file/g3750
6.48810e-11 2.95545e-08 5.99700e-09 3.56164e-08 /ariscv/uu_dtpath/uu_dec/uu_reg_file/g3751
6.49100e-11 2.59325e-08 6.71273e-09 3.27101e-08 /ariscv/uu_dtpath/uu_dec/uu_reg_file/g3752
6.27120e-11 1.55771e-08 3.65284e-09 1.92927e-08 /ariscv/uu_dtpath/uu_dec/uu_reg_file/g3753
6.49130e-11 2.78203e-08 7.39068e-09 3.52759e-08 /ariscv/uu_dtpath/uu_dec/uu_reg_file/g3754
6.49130e-11 2.59322e-08 1.17734e-08 3.77705e-08 /ariscv/uu_dtpath/uu_dec/uu_reg_file/g3755
6.12400e-11 2.21251e-08 6.91308e-09 2.90994e-08 /ariscv/uu_dtpath/uu_dec/uu_reg_file/g3756
6.44980e-11 2.82263e-08 1.37351e-08 4.20258e-08 /ariscv/uu_dtpath/uu_dec/uu_reg_file/g3757
6.49100e-11 2.59307e-08 4.07783e-09 3.00735e-08 /ariscv/uu_dtpath/uu_dec/uu_reg_file/g3758
6.26320e-11 1.12805e-08 3.12397e-09 1.44671e-08 /ariscv/uu_dtpath/uu_dec/uu_reg_file/g3759
6.49120e-11 2.78207e-08 1.47814e-08 4.26670e-08 /ariscv/uu_dtpath/uu_dec/uu_reg_file/g3760
6.42300e-11 2.11962e-08 9.03935e-09 3.02998e-08 /ariscv/uu_dtpath/uu_dec/uu_reg_file/g3761
6.49130e-11 2.78205e-08 1.09525e-08 3.88379e-08 /ariscv/uu_dtpath/uu_dec/uu_reg_file/g3762
5.97860e-11 3.28398e-09 3.94628e-10 3.73839e-09 /ariscv/uu_dtpath/uu_dec/uu_reg_file/g3763
6.49120e-11 2.78204e-08 1.77866e-08 4.56719e-08 /ariscv/uu_dtpath/uu_dec/uu_reg_file/g3764
6.49120e-11 2.78211e-08 1.09079e-08 3.87940e-08 /ariscv/uu_dtpath/uu_dec/uu_reg_file/g3765
6.49110e-11 2.59327e-08 9.03395e-09 3.50315e-08 /ariscv/uu_dtpath/uu_dec/uu_reg_file/g3766
6.49100e-11 2.59326e-08 7.48647e-09 3.34840e-08 /ariscv/uu_dtpath/uu_dec/uu_reg_file/g3767
6.48800e-11 2.95542e-08 7.03585e-09 3.66549e-08 /ariscv/uu_dtpath/uu_dec/uu_reg_file/g3768
6.49110e-11 2.59337e-08 1.15957e-08 3.75943e-08 /ariscv/uu_dtpath/uu_dec/uu_reg_file/g3769
6.48790e-11 2.95554e-08 1.42370e-08 4.38573e-08 /ariscv/uu_dtpath/uu_dec/uu_reg_file/g3770
6.49020e-11 2.48283e-08 7.86289e-09 3.27561e-08 /ariscv/uu_dtpath/uu_dec/uu_reg_file/g3771
6.40810e-11 1.73429e-08 3.02548e-09 2.04325e-08 /ariscv/uu_dtpath/uu_dec/uu_reg_file/g3772
1.34444e-10 5.34800e-08 2.29067e-08 7.65211e-08 /ariscv/uu_dtpath/uu_dec/uu_reg_file/g3773
6.12320e-11 1.78863e-08 7.07565e-09 2.50232e-08 /ariscv/uu_dtpath/uu_dec/uu_reg_file/g3774
6.49110e-11 2.78198e-08 1.18318e-08 3.97165e-08 /ariscv/uu_dtpath/uu_dec/uu_reg_file/g3775
6.48790e-11 2.76516e-08 6.94546e-09 3.46619e-08 /ariscv/uu_dtpath/uu_dec/uu_reg_file/g3776
3.88860e-11 6.98217e-10 4.21948e-10 1.15905e-09 /ariscv/uu_dtpath/uu_dec/uu_reg_file/g3778
3.89390e-11 5.96823e-10 4.70518e-10 1.10628e-09 /ariscv/uu_dtpath/uu_dec/uu_reg_file/g3780
3.90060e-11 6.71577e-10 3.39650e-10 1.05023e-09 /ariscv/uu_dtpath/uu_dec/uu_reg_file/g3783
3.89390e-11 5.97658e-10 1.43685e-10 7.80282e-10 /ariscv/uu_dtpath/uu_dec/uu_reg_file/g3784
3.90040e-11 6.72532e-10 1.57851e-10 8.69387e-10 /ariscv/uu_dtpath/uu_dec/uu_reg_file/g3785
3.88860e-11 6.96991e-10 2.50606e-10 9.86483e-10 /ariscv/uu_dtpath/uu_dec/uu_reg_file/g3786
3.88860e-11 6.99311e-10 2.75902e-10 1.01410e-09 /ariscv/uu_dtpath/uu_dec/uu_reg_file/g3787
3.89390e-11 5.96864e-10 3.43360e-10 9.79163e-10 /ariscv/uu_dtpath/uu_dec/uu_reg_file/g3788
3.88870e-11 6.97025e-10 4.50281e-10 1.18619e-09 /ariscv/uu_dtpath/uu_dec/uu_reg_file/g3790
3.88860e-11 6.98068e-10 6.56364e-10 1.39332e-09 /ariscv/uu_dtpath/uu_dec/uu_reg_file/g3795
3.89390e-11 5.96931e-10 9.57226e-10 1.59310e-09 /ariscv/uu_dtpath/uu_dec/uu_reg_file/g3796
3.90060e-11 6.71713e-10 6.38150e-10 1.34887e-09 /ariscv/uu_dtpath/uu_dec/uu_reg_file/g3798
3.88880e-11 6.95718e-10 8.29056e-10 1.56366e-09 /ariscv/uu_dtpath/uu_dec/uu_reg_file/g3800
3.88880e-11 6.97839e-10 3.24472e-10 1.06120e-09 /ariscv/uu_dtpath/uu_dec/uu_reg_file/g3803
3.89390e-11 5.98064e-10 1.93604e-10 8.30607e-10 /ariscv/uu_dtpath/uu_dec/uu_reg_file/g3804
3.88860e-11 6.97098e-10 2.71180e-10 1.00716e-09 /ariscv/uu_dtpath/uu_dec/uu_reg_file/g3805
3.90040e-11 6.72324e-10 1.65946e-10 8.77274e-10 /ariscv/uu_dtpath/uu_dec/uu_reg_file/g3806
3.88860e-11 6.97160e-10 1.80450e-10 9.16496e-10 /ariscv/uu_dtpath/uu_dec/uu_reg_file/g3807
3.88860e-11 6.98829e-10 2.06421e-10 9.44136e-10 /ariscv/uu_dtpath/uu_dec/uu_reg_file/g3809
4.72880e-11 3.35199e-09 1.18523e-09 4.58451e-09 /ariscv/uu_dtpath/uu_dec/uu_reg_file/g3822
3.90040e-11 6.72769e-10 4.08119e-10 1.11989e-09 /ariscv/uu_dtpath/uu_dec/uu_reg_file/g3823
3.88860e-11 6.97082e-10 2.29694e-10 9.65662e-10 /ariscv/uu_dtpath/uu_dec/uu_reg_file/g3824
3.88860e-11 6.98635e-10 4.55340e-10 1.19286e-09 /ariscv/uu_dtpath/uu_dec/uu_reg_file/g3825
3.89390e-11 5.96912e-10 4.44547e-10 1.08040e-09 /ariscv/uu_dtpath/uu_dec/uu_reg_file/g3833
3.90050e-11 6.72384e-10 2.12492e-10 9.23881e-10 /ariscv/uu_dtpath/uu_dec/uu_reg_file/g3835
3.88880e-11 6.96104e-10 3.64609e-10 1.09960e-09 /ariscv/uu_dtpath/uu_dec/uu_reg_file/g3836
3.88880e-11 6.97891e-10 4.37801e-10 1.17458e-09 /ariscv/uu_dtpath/uu_dec/uu_reg_file/g3838
3.89390e-11 5.97795e-10 1.85509e-10 8.22243e-10 /ariscv/uu_dtpath/uu_dec/uu_reg_file/g3839
3.90040e-11 6.72259e-10 3.15702e-10 1.02696e-09 /ariscv/uu_dtpath/uu_dec/uu_reg_file/g3840
3.88860e-11 6.97192e-10 2.24297e-10 9.60375e-10 /ariscv/uu_dtpath/uu_dec/uu_reg_file/g3842
3.88860e-11 6.98860e-10 3.50443e-10 1.08819e-09 /ariscv/uu_dtpath/uu_dec/uu_reg_file/g3844
3.89400e-11 5.97492e-10 5.54503e-10 1.19094e-09 /ariscv/uu_dtpath/uu_dec/uu_reg_file/g3845
3.89400e-11 5.97448e-10 2.02373e-10 8.38761e-10 /ariscv/uu_dtpath/uu_dec/uu_reg_file/g3853
4.72880e-11 3.35216e-09 2.15798e-09 5.55742e-09 /ariscv/uu_dtpath/uu_dec/uu_reg_file/g3856
3.90040e-11 6.72839e-10 3.13004e-10 1.02485e-09 /ariscv/uu_dtpath/uu_dec/uu_reg_file/g3857
3.90050e-11 6.72344e-10 3.92604e-10 1.10395e-09 /ariscv/uu_dtpath/uu_dec/uu_reg_file/g3858
3.88860e-11 6.97403e-10 1.97989e-10 9.34278e-10 /ariscv/uu_dtpath/uu_dec/uu_reg_file/g3859
3.88860e-11 6.98856e-10 4.36114e-10 1.17386e-09 /ariscv/uu_dtpath/uu_dec/uu_reg_file/g3860
3.90050e-11 6.72267e-10 4.29031e-10 1.14030e-09 /ariscv/uu_dtpath/uu_dec/uu_reg_file/g3862
3.88860e-11 6.96551e-10 4.46570e-10 1.18201e-09 /ariscv/uu_dtpath/uu_dec/uu_reg_file/g3863
3.88860e-11 6.98453e-10 3.33579e-10 1.07092e-09 /ariscv/uu_dtpath/uu_dec/uu_reg_file/g3867
3.89390e-11 5.96953e-10 5.26845e-10 1.16274e-09 /ariscv/uu_dtpath/uu_dec/uu_reg_file/g3868
3.90050e-11 6.72117e-10 4.13853e-10 1.12498e-09 /ariscv/uu_dtpath/uu_dec/uu_reg_file/g3870
3.88880e-11 6.96077e-10 4.20936e-10 1.15590e-09 /ariscv/uu_dtpath/uu_dec/uu_reg_file/g3871
3.88860e-11 6.98422e-10 6.11842e-10 1.34915e-09 /ariscv/uu_dtpath/uu_dec/uu_reg_file/g3874
4.72880e-11 3.35213e-09 1.17579e-09 4.57521e-09 /ariscv/uu_dtpath/uu_dec/uu_reg_file/g3875
3.90040e-11 6.72267e-10 3.85184e-10 1.09646e-09 /ariscv/uu_dtpath/uu_dec/uu_reg_file/g3876
3.90060e-11 6.72042e-10 3.60224e-10 1.07127e-09 /ariscv/uu_dtpath/uu_dec/uu_reg_file/g3877
3.88860e-11 6.96112e-10 3.60224e-10 1.09522e-09 /ariscv/uu_dtpath/uu_dec/uu_reg_file/g3879
3.88860e-11 6.98770e-10 2.52292e-10 9.89948e-10 /ariscv/uu_dtpath/uu_dec/uu_reg_file/g3881
3.88880e-11 6.96387e-10 4.54328e-10 1.18960e-09 /ariscv/uu_dtpath/uu_dec/uu_reg_file/g3887
4.72880e-11 3.35236e-09 2.50269e-09 5.90233e-09 /ariscv/uu_dtpath/uu_dec/uu_reg_file/g3893
3.90040e-11 6.72390e-10 5.85871e-10 1.29727e-09 /ariscv/uu_dtpath/uu_dec/uu_reg_file/g3894
3.88860e-11 6.97256e-10 4.06096e-10 1.14224e-09 /ariscv/uu_dtpath/uu_dec/uu_reg_file/g3895
3.88860e-11 6.98250e-10 3.93279e-10 1.13041e-09 /ariscv/uu_dtpath/uu_dec/uu_reg_file/g3896
3.88860e-11 6.98851e-10 6.21623e-10 1.35936e-09 /ariscv/uu_dtpath/uu_dec/uu_reg_file/g3897
3.89400e-11 5.97426e-10 4.54665e-10 1.09103e-09 /ariscv/uu_dtpath/uu_dec/uu_reg_file/g3898
3.89390e-11 5.96620e-10 3.27170e-10 9.62729e-10 /ariscv/uu_dtpath/uu_dec/uu_reg_file/g3904
3.90050e-11 6.72389e-10 1.67295e-10 8.78689e-10 /ariscv/uu_dtpath/uu_dec/uu_reg_file/g3906
3.90050e-11 6.72186e-10 5.80811e-10 1.29200e-09 /ariscv/uu_dtpath/uu_dec/uu_reg_file/g3907
3.88860e-11 6.96763e-10 2.16877e-10 9.52526e-10 /ariscv/uu_dtpath/uu_dec/uu_reg_file/g3908
3.88860e-11 6.98092e-10 3.88557e-10 1.12554e-09 /ariscv/uu_dtpath/uu_dec/uu_reg_file/g3910
4.72880e-11 3.35217e-09 1.81799e-09 5.21745e-09 /ariscv/uu_dtpath/uu_dec/uu_reg_file/g3911
3.90040e-11 6.72343e-10 5.37638e-10 1.24899e-09 /ariscv/uu_dtpath/uu_dec/uu_reg_file/g3912
3.88860e-11 6.98481e-10 2.61399e-10 9.98766e-10 /ariscv/uu_dtpath/uu_dec/uu_reg_file/g3914
3.88860e-11 6.96276e-10 3.99687e-10 1.13485e-09 /ariscv/uu_dtpath/uu_dec/uu_reg_file/g3915
3.89400e-11 5.97418e-10 1.85509e-10 8.21867e-10 /ariscv/uu_dtpath/uu_dec/uu_reg_file/g3921
3.88860e-11 6.98204e-10 4.08119e-10 1.14521e-09 /ariscv/uu_dtpath/uu_dec/uu_reg_file/g3922
3.89390e-11 5.96731e-10 3.62248e-10 9.97918e-10 /ariscv/uu_dtpath/uu_dec/uu_reg_file/g3924
4.72880e-11 3.35254e-09 3.16377e-09 6.56360e-09 /ariscv/uu_dtpath/uu_dec/uu_reg_file/g3927
3.90040e-11 6.72561e-10 6.74240e-10 1.38581e-09 /ariscv/uu_dtpath/uu_dec/uu_reg_file/g3928
3.90060e-11 6.72043e-10 2.28007e-10 9.39056e-10 /ariscv/uu_dtpath/uu_dec/uu_reg_file/g3929
3.88860e-11 6.97047e-10 4.68831e-10 1.20476e-09 /ariscv/uu_dtpath/uu_dec/uu_reg_file/g3930
3.88860e-11 6.98720e-10 5.57538e-10 1.29514e-09 /ariscv/uu_dtpath/uu_dec/uu_reg_file/g3931
3.88880e-11 6.96258e-10 2.37114e-10 9.72260e-10 /ariscv/uu_dtpath/uu_dec/uu_reg_file/g3933
3.88870e-11 6.98625e-10 3.28857e-10 1.06637e-09 /ariscv/uu_dtpath/uu_dec/uu_reg_file/g3938
3.89390e-11 5.96740e-10 5.32916e-10 1.16860e-09 /ariscv/uu_dtpath/uu_dec/uu_reg_file/g3939
3.90050e-11 6.72350e-10 1.93604e-10 9.04959e-10 /ariscv/uu_dtpath/uu_dec/uu_reg_file/g3941
3.88860e-11 6.97673e-10 2.03048e-10 9.39607e-10 /ariscv/uu_dtpath/uu_dec/uu_reg_file/g3944
3.89390e-11 5.98119e-10 7.82510e-10 1.41957e-09 /ariscv/uu_dtpath/uu_dec/uu_reg_file/g3945
3.90040e-11 6.72596e-10 4.91430e-10 1.20303e-09 /ariscv/uu_dtpath/uu_dec/uu_reg_file/g3946
3.88860e-11 6.98197e-10 5.71030e-10 1.30811e-09 /ariscv/uu_dtpath/uu_dec/uu_reg_file/g3948
3.88880e-11 6.95514e-10 1.82136e-10 9.16538e-10 /ariscv/uu_dtpath/uu_dec/uu_reg_file/g3957
4.30590e-11 7.95849e-10 5.61249e-10 1.40016e-09 /ariscv/uu_dtpath/uu_dec/uu_reg_file/g3964
3.90060e-11 6.72217e-10 2.58363e-10 9.69586e-10 /ariscv/uu_dtpath/uu_dec/uu_reg_file/g3965
3.88880e-11 6.96196e-10 1.64934e-10 9.00018e-10 /ariscv/uu_dtpath/uu_dec/uu_reg_file/g3966
3.88860e-11 6.97685e-10 3.43023e-10 1.07959e-09 /ariscv/uu_dtpath/uu_dec/uu_reg_file/g3967
3.89390e-11 5.96711e-10 4.44547e-10 1.08020e-09 /ariscv/uu_dtpath/uu_dec/uu_reg_file/g3974
3.90060e-11 6.71895e-10 5.07282e-10 1.21818e-09 /ariscv/uu_dtpath/uu_dec/uu_reg_file/g3976
3.88880e-11 6.95283e-10 7.85208e-10 1.51938e-09 /ariscv/uu_dtpath/uu_dec/uu_reg_file/g3977
3.88880e-11 6.97378e-10 7.55527e-10 1.49179e-09 /ariscv/uu_dtpath/uu_dec/uu_reg_file/g3979
4.30560e-11 7.96528e-10 2.98163e-10 1.13775e-09 /ariscv/uu_dtpath/uu_dec/uu_reg_file/g3980
3.90050e-11 6.72488e-10 2.61062e-10 9.72555e-10 /ariscv/uu_dtpath/uu_dec/uu_reg_file/g3981
3.88860e-11 6.96685e-10 2.66458e-10 1.00203e-09 /ariscv/uu_dtpath/uu_dec/uu_reg_file/g3982
3.88860e-11 6.97765e-10 1.75053e-10 9.11704e-10 /ariscv/uu_dtpath/uu_dec/uu_reg_file/g3984
4.30560e-11 7.96368e-10 2.78601e-10 1.11803e-09 /ariscv/uu_dtpath/uu_dec/uu_reg_file/g3996
3.90050e-11 6.72231e-10 2.12492e-10 9.23728e-10 /ariscv/uu_dtpath/uu_dec/uu_reg_file/g3997
3.90050e-11 6.72301e-10 3.93279e-10 1.10459e-09 /ariscv/uu_dtpath/uu_dec/uu_reg_file/g3998
3.88860e-11 6.96504e-10 1.84834e-10 9.20224e-10 /ariscv/uu_dtpath/uu_dec/uu_reg_file/g3999
3.88860e-11 6.98347e-10 2.16539e-10 9.53772e-10 /ariscv/uu_dtpath/uu_dec/uu_reg_file/g4001
3.88880e-11 6.96151e-10 3.46058e-10 1.08110e-09 /ariscv/uu_dtpath/uu_dec/uu_reg_file/g4004
3.88880e-11 6.97500e-10 1.37277e-10 8.73665e-10 /ariscv/uu_dtpath/uu_dec/uu_reg_file/g4007
3.88860e-11 6.98165e-10 3.43023e-10 1.08007e-09 /ariscv/uu_dtpath/uu_dec/uu_reg_file/g4009
3.89390e-11 5.96937e-10 5.72716e-10 1.20859e-09 /ariscv/uu_dtpath/uu_dec/uu_reg_file/g4010
3.90060e-11 6.72025e-10 4.40162e-10 1.15119e-09 /ariscv/uu_dtpath/uu_dec/uu_reg_file/g4012
3.88880e-11 6.95755e-10 4.58038e-10 1.19268e-09 /ariscv/uu_dtpath/uu_dec/uu_reg_file/g4013
3.88880e-11 6.98017e-10 5.56527e-10 1.29343e-09 /ariscv/uu_dtpath/uu_dec/uu_reg_file/g4015
4.30560e-11 7.96707e-10 4.33079e-10 1.27284e-09 /ariscv/uu_dtpath/uu_dec/uu_reg_file/g4016
3.90040e-11 6.72381e-10 3.32567e-10 1.04395e-09 /ariscv/uu_dtpath/uu_dec/uu_reg_file/g4017
3.88860e-11 6.96236e-10 2.47907e-10 9.83029e-10 /ariscv/uu_dtpath/uu_dec/uu_reg_file/g4019
3.88860e-11 6.97880e-10 4.08119e-10 1.14489e-09 /ariscv/uu_dtpath/uu_dec/uu_reg_file/g4021
3.89390e-11 5.97913e-10 3.39313e-10 9.76165e-10 /ariscv/uu_dtpath/uu_dec/uu_reg_file/g4033
3.90040e-11 6.72722e-10 1.97651e-10 9.09377e-10 /ariscv/uu_dtpath/uu_dec/uu_reg_file/g4034
3.88860e-11 6.96319e-10 5.25496e-10 1.26070e-09 /ariscv/uu_dtpath/uu_dec/uu_reg_file/g4035
3.88860e-11 6.96741e-10 3.71355e-10 1.10698e-09 /ariscv/uu_dtpath/uu_dec/uu_reg_file/g4036
3.88860e-11 6.98069e-10 5.72379e-10 1.30933e-09 /ariscv/uu_dtpath/uu_dec/uu_reg_file/g4037
3.88860e-11 6.97180e-10 2.78601e-10 1.01467e-09 /ariscv/uu_dtpath/uu_dec/uu_reg_file/g4038
3.89400e-11 5.97481e-10 4.89069e-10 1.12549e-09 /ariscv/uu_dtpath/uu_dec/uu_reg_file/g4039
3.89390e-11 5.96944e-10 4.53991e-10 1.08987e-09 /ariscv/uu_dtpath/uu_dec/uu_reg_file/g4045
3.90060e-11 6.72177e-10 1.22773e-10 8.33956e-10 /ariscv/uu_dtpath/uu_dec/uu_reg_file/g4047
3.90050e-11 6.71946e-10 5.71705e-10 1.28266e-09 /ariscv/uu_dtpath/uu_dec/uu_reg_file/g4048
3.88880e-11 6.95839e-10 4.10818e-10 1.14555e-09 /ariscv/uu_dtpath/uu_dec/uu_reg_file/g4049
3.88860e-11 6.98329e-10 3.03897e-10 1.04111e-09 /ariscv/uu_dtpath/uu_dec/uu_reg_file/g4051
4.30560e-11 7.96736e-10 2.55665e-10 1.09546e-09 /ariscv/uu_dtpath/uu_dec/uu_reg_file/g4052
3.90040e-11 6.72411e-10 1.96977e-10 9.08392e-10 /ariscv/uu_dtpath/uu_dec/uu_reg_file/g4053
3.88860e-11 6.97934e-10 1.58526e-10 8.95346e-10 /ariscv/uu_dtpath/uu_dec/uu_reg_file/g4054
3.88860e-11 6.98259e-10 3.90243e-10 1.12739e-09 /ariscv/uu_dtpath/uu_dec/uu_reg_file/g4056
3.88860e-11 6.96341e-10 3.81136e-10 1.11636e-09 /ariscv/uu_dtpath/uu_dec/uu_reg_file/g4057
3.90690e-11 7.38420e-10 3.38638e-10 1.11613e-09 /ariscv/uu_dtpath/uu_dec/uu_reg_file/g3777__5107
3.90690e-11 7.38725e-10 3.71692e-10 1.14949e-09 /ariscv/uu_dtpath/uu_dec/uu_reg_file/g3779__4319
3.90690e-11 7.36634e-10 2.11817e-10 9.87520e-10 /ariscv/uu_dtpath/uu_dec/uu_reg_file/g3781__5526
4.16120e-11 9.35202e-09 3.34928e-09 1.27429e-08 /ariscv/uu_dtpath/uu_dec/uu_reg_file/g3782__6783
3.90700e-11 7.39530e-10 2.34753e-10 1.01335e-09 /ariscv/uu_dtpath/uu_dec/uu_reg_file/g3789__7098
4.22020e-11 1.04529e-08 7.59171e-09 1.80868e-08 /ariscv/uu_dtpath/uu_dec/uu_reg_file/g3791__1881
3.90690e-11 7.38022e-10 2.61062e-10 1.03815e-09 /ariscv/uu_dtpath/uu_dec/uu_reg_file/g3792__5115
3.90700e-11 7.38149e-10 2.83997e-10 1.06122e-09 /ariscv/uu_dtpath/uu_dec/uu_reg_file/g3793__7482
3.90690e-11 7.39287e-10 3.67645e-10 1.14600e-09 /ariscv/uu_dtpath/uu_dec/uu_reg_file/g3794__4733
3.90690e-11 7.36835e-10 2.65109e-10 1.04101e-09 /ariscv/uu_dtpath/uu_dec/uu_reg_file/g3797__9945
4.21580e-11 1.04549e-08 4.39218e-09 1.48892e-08 /ariscv/uu_dtpath/uu_dec/uu_reg_file/g3799__2346
4.01020e-11 2.12030e-09 8.45921e-10 3.00633e-09 /ariscv/uu_dtpath/uu_dec/uu_reg_file/g3801__7410
3.90700e-11 7.38911e-10 3.71692e-10 1.14967e-09 /ariscv/uu_dtpath/uu_dec/uu_reg_file/g3802__6417
3.90700e-11 7.38691e-10 3.42685e-10 1.12045e-09 /ariscv/uu_dtpath/uu_dec/uu_reg_file/g3808__8428
3.90700e-11 7.38613e-10 3.50106e-10 1.12779e-09 /ariscv/uu_dtpath/uu_dec/uu_reg_file/g3810__6783
4.21580e-11 1.04557e-08 5.47016e-09 1.59680e-08 /ariscv/uu_dtpath/uu_dec/uu_reg_file/g3811__3680
3.90690e-11 7.38093e-10 2.24634e-10 1.00180e-09 /ariscv/uu_dtpath/uu_dec/uu_reg_file/g3812__1617
3.90690e-11 7.38168e-10 2.49594e-10 1.02683e-09 /ariscv/uu_dtpath/uu_dec/uu_reg_file/g3813__2802
3.90700e-11 7.38111e-10 3.46058e-10 1.12324e-09 /ariscv/uu_dtpath/uu_dec/uu_reg_file/g3814__1705
3.90690e-11 7.38018e-10 2.49594e-10 1.02668e-09 /ariscv/uu_dtpath/uu_dec/uu_reg_file/g3815__5122
3.90700e-11 7.38289e-10 2.75228e-10 1.05259e-09 /ariscv/uu_dtpath/uu_dec/uu_reg_file/g3816__8246
3.90690e-11 7.38205e-10 3.25821e-10 1.10310e-09 /ariscv/uu_dtpath/uu_dec/uu_reg_file/g3817__7098
3.90690e-11 7.36565e-10 4.44547e-10 1.22018e-09 /ariscv/uu_dtpath/uu_dec/uu_reg_file/g3818__6131
3.90700e-11 7.37022e-10 2.12492e-10 9.88584e-10 /ariscv/uu_dtpath/uu_dec/uu_reg_file/g3819__1881
3.90690e-11 7.36860e-10 2.76577e-10 1.05251e-09 /ariscv/uu_dtpath/uu_dec/uu_reg_file/g3820__5115
4.09080e-11 8.93598e-10 3.71692e-10 1.30620e-09 /ariscv/uu_dtpath/uu_dec/uu_reg_file/g3821__7482
3.90700e-11 7.38483e-10 4.17564e-10 1.19512e-09 /ariscv/uu_dtpath/uu_dec/uu_reg_file/g3826__2883
3.90690e-11 7.37158e-10 3.31218e-10 1.10744e-09 /ariscv/uu_dtpath/uu_dec/uu_reg_file/g3827__2346
3.90700e-11 7.38072e-10 3.42011e-10 1.11915e-09 /ariscv/uu_dtpath/uu_dec/uu_reg_file/g3828__1666
4.22050e-11 1.04540e-08 6.47933e-09 1.69755e-08 /ariscv/uu_dtpath/uu_dec/uu_reg_file/g3829__7410
3.90690e-11 7.36467e-10 2.92767e-10 1.06830e-09 /ariscv/uu_dtpath/uu_dec/uu_reg_file/g3830__6417
3.90690e-11 7.39015e-10 4.04747e-10 1.18283e-09 /ariscv/uu_dtpath/uu_dec/uu_reg_file/g3831__5477
3.90700e-11 7.38157e-10 2.50943e-10 1.02817e-09 /ariscv/uu_dtpath/uu_dec/uu_reg_file/g3832__2398
3.90690e-11 7.36845e-10 2.48919e-10 1.02483e-09 /ariscv/uu_dtpath/uu_dec/uu_reg_file/g3834__6260
4.15030e-11 6.92080e-09 4.26671e-09 1.12290e-08 /ariscv/uu_dtpath/uu_dec/uu_reg_file/g3837__5526
3.90700e-11 7.37656e-10 3.31892e-10 1.10862e-09 /ariscv/uu_dtpath/uu_dec/uu_reg_file/g3841__2802
3.90700e-11 7.39103e-10 4.02048e-10 1.18022e-09 /ariscv/uu_dtpath/uu_dec/uu_reg_file/g3843__5122
3.90700e-11 7.38825e-10 4.30381e-10 1.20828e-09 /ariscv/uu_dtpath/uu_dec/uu_reg_file/g3846__6131
3.90700e-11 7.36158e-10 3.98675e-10 1.17390e-09 /ariscv/uu_dtpath/uu_dec/uu_reg_file/g3847__1881
4.22050e-11 1.04544e-08 7.93574e-09 1.84324e-08 /ariscv/uu_dtpath/uu_dec/uu_reg_file/g3848__5115
3.90700e-11 7.38239e-10 3.04909e-10 1.08222e-09 /ariscv/uu_dtpath/uu_dec/uu_reg_file/g3849__7482
3.90700e-11 7.37928e-10 3.99350e-10 1.17635e-09 /ariscv/uu_dtpath/uu_dec/uu_reg_file/g3850__4733
3.90690e-11 7.38554e-10 2.54990e-10 1.03261e-09 /ariscv/uu_dtpath/uu_dec/uu_reg_file/g3851__6161
3.90690e-11 7.38322e-10 2.74553e-10 1.05194e-09 /ariscv/uu_dtpath/uu_dec/uu_reg_file/g3852__9315
3.90690e-11 7.37305e-10 2.92767e-10 1.06914e-09 /ariscv/uu_dtpath/uu_dec/uu_reg_file/g3854__2883
4.02270e-11 8.03678e-10 4.43872e-10 1.28778e-09 /ariscv/uu_dtpath/uu_dec/uu_reg_file/g3855__2346
3.90700e-11 7.38955e-10 4.92442e-10 1.27047e-09 /ariscv/uu_dtpath/uu_dec/uu_reg_file/g3861__5107
4.22020e-11 1.04530e-08 7.41969e-09 1.79149e-08 /ariscv/uu_dtpath/uu_dec/uu_reg_file/g3864__8428
3.90690e-11 7.38277e-10 2.82648e-10 1.05999e-09 /ariscv/uu_dtpath/uu_dec/uu_reg_file/g3865__5526
3.90700e-11 7.37898e-10 3.17052e-10 1.09402e-09 /ariscv/uu_dtpath/uu_dec/uu_reg_file/g3866__6783
3.90690e-11 7.37159e-10 3.31218e-10 1.10745e-09 /ariscv/uu_dtpath/uu_dec/uu_reg_file/g3869__2802
4.14760e-11 8.17694e-09 4.95478e-09 1.31732e-08 /ariscv/uu_dtpath/uu_dec/uu_reg_file/g3872__8246
3.90690e-11 7.38777e-10 2.39475e-10 1.01732e-09 /ariscv/uu_dtpath/uu_dec/uu_reg_file/g3873__7098
3.90690e-11 7.38008e-10 4.92442e-10 1.26952e-09 /ariscv/uu_dtpath/uu_dec/uu_reg_file/g3878__4733
3.90700e-11 7.38985e-10 3.46733e-10 1.12479e-09 /ariscv/uu_dtpath/uu_dec/uu_reg_file/g3880__9315
4.22020e-11 1.04529e-08 5.40135e-09 1.58965e-08 /ariscv/uu_dtpath/uu_dec/uu_reg_file/g3882__2883
3.90700e-11 7.39361e-10 3.66296e-10 1.14473e-09 /ariscv/uu_dtpath/uu_dec/uu_reg_file/g3883__2346
3.90690e-11 7.37819e-10 5.28194e-10 1.30508e-09 /ariscv/uu_dtpath/uu_dec/uu_reg_file/g3884__1666
3.90690e-11 7.38601e-10 2.55665e-10 1.03333e-09 /ariscv/uu_dtpath/uu_dec/uu_reg_file/g3885__7410
3.90690e-11 7.38495e-10 3.29868e-10 1.10743e-09 /ariscv/uu_dtpath/uu_dec/uu_reg_file/g3886__6417
3.90700e-11 7.38050e-10 4.89743e-10 1.26686e-09 /ariscv/uu_dtpath/uu_dec/uu_reg_file/g3888__2398
3.90690e-11 7.38511e-10 2.16539e-10 9.94119e-10 /ariscv/uu_dtpath/uu_dec/uu_reg_file/g3889__5107
3.90690e-11 7.36990e-10 4.27008e-10 1.20307e-09 /ariscv/uu_dtpath/uu_dec/uu_reg_file/g3890__6260
3.90690e-11 7.38267e-10 2.23960e-10 1.00130e-09 /ariscv/uu_dtpath/uu_dec/uu_reg_file/g3891__4319
3.90690e-11 7.37151e-10 2.73204e-10 1.04942e-09 /ariscv/uu_dtpath/uu_dec/uu_reg_file/g3892__8428
3.90700e-11 7.38625e-10 5.72042e-10 1.34974e-09 /ariscv/uu_dtpath/uu_dec/uu_reg_file/g3899__5122
3.90690e-11 7.37259e-10 2.02373e-10 9.78701e-10 /ariscv/uu_dtpath/uu_dec/uu_reg_file/g3900__8246
4.22020e-11 1.04534e-08 8.55500e-09 1.90506e-08 /ariscv/uu_dtpath/uu_dec/uu_reg_file/g3901__7098
3.90700e-11 7.37766e-10 3.66296e-10 1.14313e-09 /ariscv/uu_dtpath/uu_dec/uu_reg_file/g3902__6131
3.90700e-11 7.37556e-10 2.67133e-10 1.04376e-09 /ariscv/uu_dtpath/uu_dec/uu_reg_file/g3903__1881
3.90690e-11 7.37129e-10 3.85858e-10 1.16206e-09 /ariscv/uu_dtpath/uu_dec/uu_reg_file/g3905__7482
4.12880e-11 9.26773e-10 4.18913e-10 1.38697e-09 /ariscv/uu_dtpath/uu_dec/uu_reg_file/g3909__9945
3.90700e-11 7.38852e-10 2.44197e-10 1.02212e-09 /ariscv/uu_dtpath/uu_dec/uu_reg_file/g3913__7410
3.90700e-11 7.38936e-10 4.76252e-10 1.25426e-09 /ariscv/uu_dtpath/uu_dec/uu_reg_file/g3916__2398
4.22020e-11 1.04538e-08 4.67887e-09 1.51748e-08 /ariscv/uu_dtpath/uu_dec/uu_reg_file/g3917__5107
3.90690e-11 7.38439e-10 3.59550e-10 1.13706e-09 /ariscv/uu_dtpath/uu_dec/uu_reg_file/g3918__6260
3.90690e-11 7.38306e-10 3.08282e-10 1.08566e-09 /ariscv/uu_dtpath/uu_dec/uu_reg_file/g3919__4319
3.90700e-11 7.37764e-10 2.34078e-10 1.01091e-09 /ariscv/uu_dtpath/uu_dec/uu_reg_file/g3920__8428
3.90690e-11 7.39335e-10 2.79275e-10 1.05768e-09 /ariscv/uu_dtpath/uu_dec/uu_reg_file/g3923__3680
3.90690e-11 7.37141e-10 2.39475e-10 1.01569e-09 /ariscv/uu_dtpath/uu_dec/uu_reg_file/g3925__2802
4.22460e-11 9.33715e-09 4.46234e-09 1.38417e-08 /ariscv/uu_dtpath/uu_dec/uu_reg_file/g3926__1705
3.90700e-11 7.38235e-10 3.81136e-10 1.15844e-09 /ariscv/uu_dtpath/uu_dec/uu_reg_file/g3932__5115
4.22020e-11 1.04536e-08 8.92197e-09 1.94178e-08 /ariscv/uu_dtpath/uu_dec/uu_reg_file/g3934__4733
3.90700e-11 7.37612e-10 3.47408e-10 1.12409e-09 /ariscv/uu_dtpath/uu_dec/uu_reg_file/g3935__6161
3.90700e-11 7.37502e-10 2.45546e-10 1.02212e-09 /ariscv/uu_dtpath/uu_dec/uu_reg_file/g3936__9315
3.90690e-11 7.39302e-10 2.57014e-10 1.03539e-09 /ariscv/uu_dtpath/uu_dec/uu_reg_file/g3937__9945
3.90690e-11 7.36941e-10 2.90743e-10 1.06675e-09 /ariscv/uu_dtpath/uu_dec/uu_reg_file/g3940__1666
3.97310e-11 2.31651e-09 6.81999e-10 3.03824e-09 /ariscv/uu_dtpath/uu_dec/uu_reg_file/g3942__6417
3.90690e-11 7.38940e-10 5.25496e-10 1.30351e-09 /ariscv/uu_dtpath/uu_dec/uu_reg_file/g3943__5477
3.90700e-11 7.39113e-10 4.36452e-10 1.21463e-09 /ariscv/uu_dtpath/uu_dec/uu_reg_file/g3947__4319
3.90700e-11 7.37884e-10 3.56177e-10 1.13313e-09 /ariscv/uu_dtpath/uu_dec/uu_reg_file/g3949__5526
3.90690e-11 7.38783e-10 2.34753e-10 1.01260e-09 /ariscv/uu_dtpath/uu_dec/uu_reg_file/g3950__6783
3.90690e-11 7.38597e-10 3.55502e-10 1.13317e-09 /ariscv/uu_dtpath/uu_dec/uu_reg_file/g3951__3680
3.90690e-11 7.39022e-10 2.56340e-10 1.03443e-09 /ariscv/uu_dtpath/uu_dec/uu_reg_file/g3952__1617
4.21480e-11 1.05464e-08 7.66051e-09 1.82490e-08 /ariscv/uu_dtpath/uu_dec/uu_reg_file/g3953__2802
3.90700e-11 7.38085e-10 2.41499e-10 1.01865e-09 /ariscv/uu_dtpath/uu_dec/uu_reg_file/g3954__1705
3.90690e-11 7.38037e-10 4.00699e-10 1.17781e-09 /ariscv/uu_dtpath/uu_dec/uu_reg_file/g3955__5122
3.90690e-11 7.36620e-10 3.15028e-10 1.09072e-09 /ariscv/uu_dtpath/uu_dec/uu_reg_file/g3956__8246
3.90700e-11 7.37477e-10 2.90068e-10 1.06662e-09 /ariscv/uu_dtpath/uu_dec/uu_reg_file/g3958__6131
3.90690e-11 7.37284e-10 2.70506e-10 1.04686e-09 /ariscv/uu_dtpath/uu_dec/uu_reg_file/g3959__1881
3.90700e-11 7.37854e-10 3.76414e-10 1.15334e-09 /ariscv/uu_dtpath/uu_dec/uu_reg_file/g3960__5115
3.90690e-11 7.37424e-10 4.93116e-10 1.26961e-09 /ariscv/uu_dtpath/uu_dec/uu_reg_file/g3961__7482
4.22040e-11 1.04537e-08 5.30961e-09 1.58055e-08 /ariscv/uu_dtpath/uu_dec/uu_reg_file/g3962__4733
3.90700e-11 7.37791e-10 3.94628e-10 1.17149e-09 /ariscv/uu_dtpath/uu_dec/uu_reg_file/g3963__6161
3.90690e-11 7.38996e-10 3.47408e-10 1.12547e-09 /ariscv/uu_dtpath/uu_dec/uu_reg_file/g3968__1666
3.90700e-11 7.38353e-10 5.15377e-10 1.29280e-09 /ariscv/uu_dtpath/uu_dec/uu_reg_file/g3969__7410
3.90690e-11 7.36775e-10 3.59550e-10 1.13539e-09 /ariscv/uu_dtpath/uu_dec/uu_reg_file/g3970__6417
4.22040e-11 1.04503e-08 5.19493e-09 1.56875e-08 /ariscv/uu_dtpath/uu_dec/uu_reg_file/g3971__5477
3.90690e-11 7.38694e-10 2.88719e-10 1.06648e-09 /ariscv/uu_dtpath/uu_dec/uu_reg_file/g3972__2398
3.90700e-11 7.37591e-10 3.40662e-10 1.11732e-09 /ariscv/uu_dtpath/uu_dec/uu_reg_file/g3973__5107
3.90690e-11 7.36947e-10 3.11655e-10 1.08767e-09 /ariscv/uu_dtpath/uu_dec/uu_reg_file/g3975__4319
4.22020e-11 1.04521e-08 5.48162e-09 1.59759e-08 /ariscv/uu_dtpath/uu_dec/uu_reg_file/g3978__6783
3.90700e-11 7.38688e-10 4.32404e-10 1.21016e-09 /ariscv/uu_dtpath/uu_dec/uu_reg_file/g3983__5122
3.90700e-11 7.38814e-10 2.69831e-10 1.04772e-09 /ariscv/uu_dtpath/uu_dec/uu_reg_file/g3985__7098
3.90690e-11 7.36978e-10 3.12329e-10 1.08838e-09 /ariscv/uu_dtpath/uu_dec/uu_reg_file/g3986__6131
4.22020e-11 1.04525e-08 4.71328e-09 1.52080e-08 /ariscv/uu_dtpath/uu_dec/uu_reg_file/g3987__1881
3.90700e-11 7.38133e-10 4.38475e-10 1.21568e-09 /ariscv/uu_dtpath/uu_dec/uu_reg_file/g3988__5115
3.90690e-11 7.38751e-10 2.44872e-10 1.02269e-09 /ariscv/uu_dtpath/uu_dec/uu_reg_file/g3989__7482
3.90700e-11 7.38598e-10 2.38126e-10 1.01579e-09 /ariscv/uu_dtpath/uu_dec/uu_reg_file/g3990__4733
3.90700e-11 7.37691e-10 2.50943e-10 1.02770e-09 /ariscv/uu_dtpath/uu_dec/uu_reg_file/g3991__6161
3.90690e-11 7.36663e-10 3.68994e-10 1.14473e-09 /ariscv/uu_dtpath/uu_dec/uu_reg_file/g3992__9315
3.90690e-11 7.38468e-10 2.11143e-10 9.88680e-10 /ariscv/uu_dtpath/uu_dec/uu_reg_file/g3993__9945
3.90690e-11 7.36776e-10 2.54316e-10 1.03016e-09 /ariscv/uu_dtpath/uu_dec/uu_reg_file/g3994__2883
4.21580e-11 1.03702e-08 6.27290e-09 1.66853e-08 /ariscv/uu_dtpath/uu_dec/uu_reg_file/g3995__2346
3.90690e-11 7.37061e-10 4.26333e-10 1.20246e-09 /ariscv/uu_dtpath/uu_dec/uu_reg_file/g4000__2398
3.90690e-11 7.39386e-10 6.61761e-10 1.44022e-09 /ariscv/uu_dtpath/uu_dec/uu_reg_file/g4002__6260
3.90700e-11 7.36347e-10 5.66645e-10 1.34206e-09 /ariscv/uu_dtpath/uu_dec/uu_reg_file/g4003__4319
4.22020e-11 1.04532e-08 6.57107e-09 1.70665e-08 /ariscv/uu_dtpath/uu_dec/uu_reg_file/g4005__5526
3.90690e-11 7.38633e-10 3.50106e-10 1.12781e-09 /ariscv/uu_dtpath/uu_dec/uu_reg_file/g4006__6783
3.90700e-11 7.38040e-10 3.17052e-10 1.09416e-09 /ariscv/uu_dtpath/uu_dec/uu_reg_file/g4008__1617
3.90690e-11 7.37108e-10 3.43360e-10 1.11954e-09 /ariscv/uu_dtpath/uu_dec/uu_reg_file/g4011__5122
4.22020e-11 1.04517e-08 5.75685e-09 1.62507e-08 /ariscv/uu_dtpath/uu_dec/uu_reg_file/g4014__6131
3.90700e-11 7.38640e-10 3.00187e-10 1.07790e-09 /ariscv/uu_dtpath/uu_dec/uu_reg_file/g4018__4733
3.90700e-11 7.39407e-10 4.59387e-10 1.23786e-09 /ariscv/uu_dtpath/uu_dec/uu_reg_file/g4020__9315
3.90690e-11 7.39234e-10 1.99000e-10 9.77303e-10 /ariscv/uu_dtpath/uu_dec/uu_reg_file/g4022__2883
4.22020e-11 1.04531e-08 6.46786e-09 1.69631e-08 /ariscv/uu_dtpath/uu_dec/uu_reg_file/g4023__2346
3.90690e-11 7.38809e-10 2.64434e-10 1.04231e-09 /ariscv/uu_dtpath/uu_dec/uu_reg_file/g4024__1666
3.90700e-11 7.38065e-10 3.17726e-10 1.09486e-09 /ariscv/uu_dtpath/uu_dec/uu_reg_file/g4025__7410
3.90690e-11 7.38217e-10 3.94628e-10 1.17191e-09 /ariscv/uu_dtpath/uu_dec/uu_reg_file/g4026__6417
3.90700e-11 7.38251e-10 3.75065e-10 1.15239e-09 /ariscv/uu_dtpath/uu_dec/uu_reg_file/g4027__5477
3.90690e-11 7.38447e-10 2.52967e-10 1.03048e-09 /ariscv/uu_dtpath/uu_dec/uu_reg_file/g4028__2398
3.90690e-11 7.36842e-10 3.31892e-10 1.10780e-09 /ariscv/uu_dtpath/uu_dec/uu_reg_file/g4029__5107
3.90690e-11 7.38429e-10 3.02885e-10 1.08038e-09 /ariscv/uu_dtpath/uu_dec/uu_reg_file/g4030__6260
3.90690e-11 7.37305e-10 2.73204e-10 1.04958e-09 /ariscv/uu_dtpath/uu_dec/uu_reg_file/g4031__4319
4.19000e-11 9.20256e-09 3.28857e-09 1.25330e-08 /ariscv/uu_dtpath/uu_dec/uu_reg_file/g4032__8428
3.90700e-11 7.38492e-10 3.85184e-10 1.16275e-09 /ariscv/uu_dtpath/uu_dec/uu_reg_file/g4040__8246
3.90690e-11 7.36389e-10 2.43523e-10 1.01898e-09 /ariscv/uu_dtpath/uu_dec/uu_reg_file/g4041__7098
4.22020e-11 1.04526e-08 8.40592e-09 1.89007e-08 /ariscv/uu_dtpath/uu_dec/uu_reg_file/g4042__6131
3.90690e-11 7.38481e-10 2.96140e-10 1.07369e-09 /ariscv/uu_dtpath/uu_dec/uu_reg_file/g4043__1881
3.90700e-11 7.37946e-10 2.59038e-10 1.03605e-09 /ariscv/uu_dtpath/uu_dec/uu_reg_file/g4044__5115
3.90690e-11 7.36920e-10 2.52967e-10 1.02896e-09 /ariscv/uu_dtpath/uu_dec/uu_reg_file/g4046__4733
4.01420e-11 2.11498e-09 8.76277e-10 3.03140e-09 /ariscv/uu_dtpath/uu_dec/uu_reg_file/g4050__2883
3.90700e-11 7.38508e-10 3.73041e-10 1.15062e-09 /ariscv/uu_dtpath/uu_dec/uu_reg_file/g4055__5477
3.90700e-11 7.38798e-10 3.66970e-10 1.14484e-09 /ariscv/uu_dtpath/uu_dec/uu_reg_file/g4058__6260
4.22050e-11 1.04541e-08 4.44952e-09 1.49459e-08 /ariscv/uu_dtpath/uu_dec/uu_reg_file/g4059__4319
3.90700e-11 7.37936e-10 3.42011e-10 1.11902e-09 /ariscv/uu_dtpath/uu_dec/uu_reg_file/g4060__8428
3.90690e-11 7.38728e-10 2.59712e-10 1.03751e-09 /ariscv/uu_dtpath/uu_dec/uu_reg_file/g4061__5526
3.90700e-11 7.38287e-10 4.02048e-10 1.17941e-09 /ariscv/uu_dtpath/uu_dec/uu_reg_file/g4062__6783
3.90700e-11 7.36865e-10 2.37451e-10 1.01339e-09 /ariscv/uu_dtpath/uu_dec/uu_reg_file/g4063__3680
3.90690e-11 7.36997e-10 3.45384e-10 1.12145e-09 /ariscv/uu_dtpath/uu_dec/uu_reg_file/g4064__1617
3.90690e-11 7.38266e-10 3.53479e-10 1.13081e-09 /ariscv/uu_dtpath/uu_dec/uu_reg_file/g3777
3.90690e-11 7.38570e-10 3.56852e-10 1.13449e-09 /ariscv/uu_dtpath/uu_dec/uu_reg_file/g3779
3.90700e-11 7.37222e-10 2.38126e-10 1.01442e-09 /ariscv/uu_dtpath/uu_dec/uu_reg_file/g3781
4.09020e-11 4.70379e-09 3.61709e-09 8.36178e-09 /ariscv/uu_dtpath/uu_dec/uu_reg_file/g3782
3.90750e-11 6.88183e-10 4.64109e-10 1.19137e-09 /ariscv/uu_dtpath/uu_dec/uu_reg_file/g3789
4.12740e-11 4.62390e-09 2.18159e-09 6.84676e-09 /ariscv/uu_dtpath/uu_dec/uu_reg_file/g3791
3.90690e-11 7.37872e-10 2.96140e-10 1.07308e-09 /ariscv/uu_dtpath/uu_dec/uu_reg_file/g3792
3.90700e-11 7.38242e-10 2.69831e-10 1.04714e-09 /ariscv/uu_dtpath/uu_dec/uu_reg_file/g3793
3.90740e-11 6.87974e-10 2.44197e-10 9.71245e-10 /ariscv/uu_dtpath/uu_dec/uu_reg_file/g3794
3.90700e-11 7.37440e-10 4.41848e-10 1.21836e-09 /ariscv/uu_dtpath/uu_dec/uu_reg_file/g3797
4.12470e-11 4.62630e-09 1.53939e-09 6.20694e-09 /ariscv/uu_dtpath/uu_dec/uu_reg_file/g3799
3.99520e-11 2.28355e-09 1.42876e-09 3.75225e-09 /ariscv/uu_dtpath/uu_dec/uu_reg_file/g3801
3.90750e-11 6.87748e-10 3.08282e-10 1.03511e-09 /ariscv/uu_dtpath/uu_dec/uu_reg_file/g3802
3.90750e-11 6.87469e-10 2.05746e-10 9.32290e-10 /ariscv/uu_dtpath/uu_dec/uu_reg_file/g3808
3.90750e-11 6.87316e-10 6.30056e-10 1.35645e-09 /ariscv/uu_dtpath/uu_dec/uu_reg_file/g3810
4.12470e-11 4.62670e-09 1.53467e-09 6.20261e-09 /ariscv/uu_dtpath/uu_dec/uu_reg_file/g3811
3.90690e-11 7.37950e-10 3.40662e-10 1.11768e-09 /ariscv/uu_dtpath/uu_dec/uu_reg_file/g3812
3.90690e-11 7.38013e-10 2.23960e-10 1.00104e-09 /ariscv/uu_dtpath/uu_dec/uu_reg_file/g3813
3.90700e-11 7.37955e-10 3.50780e-10 1.12781e-09 /ariscv/uu_dtpath/uu_dec/uu_reg_file/g3814
3.90690e-11 7.37867e-10 2.67807e-10 1.04474e-09 /ariscv/uu_dtpath/uu_dec/uu_reg_file/g3815
3.90700e-11 7.38384e-10 2.73204e-10 1.05066e-09 /ariscv/uu_dtpath/uu_dec/uu_reg_file/g3816
3.90690e-11 7.38303e-10 3.58875e-10 1.13625e-09 /ariscv/uu_dtpath/uu_dec/uu_reg_file/g3817
3.90700e-11 7.37142e-10 3.73716e-10 1.14993e-09 /ariscv/uu_dtpath/uu_dec/uu_reg_file/g3818
3.90700e-11 7.37142e-10 4.52642e-10 1.22885e-09 /ariscv/uu_dtpath/uu_dec/uu_reg_file/g3819
3.90700e-11 7.37449e-10 2.96140e-10 1.07266e-09 /ariscv/uu_dtpath/uu_dec/uu_reg_file/g3820
4.08350e-11 2.40680e-09 1.14341e-09 3.59104e-09 /ariscv/uu_dtpath/uu_dec/uu_reg_file/g3821
3.90750e-11 6.87022e-10 6.19262e-10 1.34536e-09 /ariscv/uu_dtpath/uu_dec/uu_reg_file/g3826
3.90690e-11 7.37759e-10 4.93791e-10 1.27062e-09 /ariscv/uu_dtpath/uu_dec/uu_reg_file/g3827
3.90700e-11 7.38172e-10 3.79113e-10 1.15636e-09 /ariscv/uu_dtpath/uu_dec/uu_reg_file/g3828
4.12740e-11 4.62441e-09 2.59240e-09 7.25809e-09 /ariscv/uu_dtpath/uu_dec/uu_reg_file/g3829
3.90700e-11 7.37061e-10 3.78438e-10 1.15457e-09 /ariscv/uu_dtpath/uu_dec/uu_reg_file/g3830
3.90690e-11 7.38870e-10 5.49106e-10 1.32705e-09 /ariscv/uu_dtpath/uu_dec/uu_reg_file/g3831
3.90700e-11 7.38272e-10 4.43198e-10 1.22054e-09 /ariscv/uu_dtpath/uu_dec/uu_reg_file/g3832
3.90700e-11 7.37443e-10 3.41336e-10 1.11785e-09 /ariscv/uu_dtpath/uu_dec/uu_reg_file/g3834
4.09460e-11 3.46802e-09 2.27333e-09 5.78230e-09 /ariscv/uu_dtpath/uu_dec/uu_reg_file/g3837
3.90700e-11 7.37518e-10 4.68831e-10 1.24542e-09 /ariscv/uu_dtpath/uu_dec/uu_reg_file/g3841
3.90750e-11 6.87812e-10 2.75228e-10 1.00212e-09 /ariscv/uu_dtpath/uu_dec/uu_reg_file/g3843
3.90750e-11 6.87661e-10 4.97164e-10 1.22390e-09 /ariscv/uu_dtpath/uu_dec/uu_reg_file/g3846
3.90700e-11 7.36749e-10 3.85858e-10 1.16168e-09 /ariscv/uu_dtpath/uu_dec/uu_reg_file/g3847
4.12740e-11 4.62444e-09 4.05152e-09 8.71723e-09 /ariscv/uu_dtpath/uu_dec/uu_reg_file/g3848
3.90750e-11 6.86810e-10 2.61062e-10 9.86947e-10 /ariscv/uu_dtpath/uu_dec/uu_reg_file/g3849
3.90700e-11 7.38031e-10 4.68157e-10 1.24526e-09 /ariscv/uu_dtpath/uu_dec/uu_reg_file/g3850
3.90690e-11 7.38646e-10 2.22611e-10 1.00033e-09 /ariscv/uu_dtpath/uu_dec/uu_reg_file/g3851
3.90690e-11 7.38167e-10 2.81299e-10 1.05854e-09 /ariscv/uu_dtpath/uu_dec/uu_reg_file/g3852
3.90690e-11 7.37896e-10 3.58201e-10 1.13517e-09 /ariscv/uu_dtpath/uu_dec/uu_reg_file/g3854
4.00510e-11 8.64003e-10 4.59387e-10 1.36344e-09 /ariscv/uu_dtpath/uu_dec/uu_reg_file/g3855
3.90750e-11 6.87621e-10 4.73554e-10 1.20025e-09 /ariscv/uu_dtpath/uu_dec/uu_reg_file/g3861
4.12740e-11 4.62408e-09 1.90771e-09 6.57306e-09 /ariscv/uu_dtpath/uu_dec/uu_reg_file/g3864
3.90690e-11 7.38137e-10 4.27682e-10 1.20489e-09 /ariscv/uu_dtpath/uu_dec/uu_reg_file/g3865
3.90700e-11 7.38009e-10 4.67482e-10 1.24456e-09 /ariscv/uu_dtpath/uu_dec/uu_reg_file/g3866
3.90690e-11 7.37750e-10 3.85858e-10 1.16268e-09 /ariscv/uu_dtpath/uu_dec/uu_reg_file/g3869
4.08360e-11 3.48613e-09 1.67970e-09 5.20666e-09 /ariscv/uu_dtpath/uu_dec/uu_reg_file/g3872
3.90740e-11 6.87357e-10 2.11143e-10 9.37574e-10 /ariscv/uu_dtpath/uu_dec/uu_reg_file/g3873
3.90690e-11 7.37848e-10 4.51967e-10 1.22888e-09 /ariscv/uu_dtpath/uu_dec/uu_reg_file/g3878
3.90750e-11 6.87711e-10 3.79113e-10 1.10590e-09 /ariscv/uu_dtpath/uu_dec/uu_reg_file/g3880
4.12740e-11 4.62393e-09 1.92660e-09 6.59180e-09 /ariscv/uu_dtpath/uu_dec/uu_reg_file/g3882
3.90750e-11 6.87957e-10 4.43872e-10 1.17090e-09 /ariscv/uu_dtpath/uu_dec/uu_reg_file/g3883
3.90690e-11 7.37629e-10 1.96302e-10 9.73000e-10 /ariscv/uu_dtpath/uu_dec/uu_reg_file/g3884
3.90690e-11 7.38458e-10 3.62923e-10 1.14045e-09 /ariscv/uu_dtpath/uu_dec/uu_reg_file/g3885
3.90690e-11 7.38345e-10 3.90580e-10 1.16799e-09 /ariscv/uu_dtpath/uu_dec/uu_reg_file/g3886
3.90700e-11 7.38152e-10 5.49106e-10 1.32633e-09 /ariscv/uu_dtpath/uu_dec/uu_reg_file/g3888
3.90690e-11 7.38613e-10 2.93441e-10 1.07112e-09 /ariscv/uu_dtpath/uu_dec/uu_reg_file/g3889
3.90690e-11 7.37557e-10 2.70506e-10 1.04713e-09 /ariscv/uu_dtpath/uu_dec/uu_reg_file/g3890
3.90690e-11 7.38361e-10 2.24634e-10 1.00206e-09 /ariscv/uu_dtpath/uu_dec/uu_reg_file/g3891
3.90690e-11 7.37732e-10 2.38126e-10 1.01493e-09 /ariscv/uu_dtpath/uu_dec/uu_reg_file/g3892
3.90750e-11 6.87282e-10 6.46245e-10 1.37260e-09 /ariscv/uu_dtpath/uu_dec/uu_reg_file/g3899
3.90700e-11 7.37859e-10 3.99350e-10 1.17628e-09 /ariscv/uu_dtpath/uu_dec/uu_reg_file/g3900
4.12740e-11 4.62403e-09 2.09187e-09 6.75717e-09 /ariscv/uu_dtpath/uu_dec/uu_reg_file/g3901
3.90700e-11 7.37637e-10 6.25334e-10 1.40204e-09 /ariscv/uu_dtpath/uu_dec/uu_reg_file/g3902
3.90700e-11 7.37660e-10 3.32567e-10 1.10930e-09 /ariscv/uu_dtpath/uu_dec/uu_reg_file/g3903
3.90690e-11 7.37701e-10 2.62411e-10 1.03918e-09 /ariscv/uu_dtpath/uu_dec/uu_reg_file/g3905
4.10760e-11 2.36168e-09 1.35590e-09 3.75865e-09 /ariscv/uu_dtpath/uu_dec/uu_reg_file/g3909
3.90750e-11 6.87538e-10 2.94790e-10 1.02140e-09 /ariscv/uu_dtpath/uu_dec/uu_reg_file/g3913
3.90750e-11 6.87600e-10 5.99700e-10 1.32638e-09 /ariscv/uu_dtpath/uu_dec/uu_reg_file/g3916
4.12740e-11 4.62433e-09 2.20520e-09 6.87080e-09 /ariscv/uu_dtpath/uu_dec/uu_reg_file/g3917
3.90690e-11 7.38271e-10 2.28682e-10 1.00602e-09 /ariscv/uu_dtpath/uu_dec/uu_reg_file/g3918
3.90690e-11 7.38168e-10 4.78276e-10 1.25551e-09 /ariscv/uu_dtpath/uu_dec/uu_reg_file/g3919
3.90700e-11 7.37869e-10 3.40662e-10 1.11760e-09 /ariscv/uu_dtpath/uu_dec/uu_reg_file/g3920
3.90740e-11 6.88076e-10 3.37963e-10 1.06511e-09 /ariscv/uu_dtpath/uu_dec/uu_reg_file/g3923
3.90690e-11 7.37725e-10 2.48245e-10 1.02504e-09 /ariscv/uu_dtpath/uu_dec/uu_reg_file/g3925
4.13020e-11 3.45681e-09 1.97314e-09 5.47126e-09 /ariscv/uu_dtpath/uu_dec/uu_reg_file/g3926
3.90750e-11 6.87029e-10 5.72042e-10 1.29815e-09 /ariscv/uu_dtpath/uu_dec/uu_reg_file/g3932
4.12740e-11 4.62416e-09 1.99270e-09 6.65813e-09 /ariscv/uu_dtpath/uu_dec/uu_reg_file/g3934
3.90700e-11 7.37463e-10 3.83835e-10 1.16037e-09 /ariscv/uu_dtpath/uu_dec/uu_reg_file/g3935
3.90700e-11 7.37610e-10 3.60899e-10 1.13758e-09 /ariscv/uu_dtpath/uu_dec/uu_reg_file/g3936
3.90740e-11 6.88093e-10 3.29868e-10 1.05703e-09 /ariscv/uu_dtpath/uu_dec/uu_reg_file/g3937
3.90690e-11 7.37521e-10 2.61062e-10 1.03765e-09 /ariscv/uu_dtpath/uu_dec/uu_reg_file/g3940
3.94430e-11 2.29827e-09 1.38221e-09 3.71993e-09 /ariscv/uu_dtpath/uu_dec/uu_reg_file/g3942
3.90740e-11 6.87678e-10 6.88069e-10 1.41482e-09 /ariscv/uu_dtpath/uu_dec/uu_reg_file/g3943
3.90750e-11 6.87865e-10 4.75915e-10 1.20286e-09 /ariscv/uu_dtpath/uu_dec/uu_reg_file/g3947
3.90750e-11 6.86768e-10 5.84184e-10 1.31003e-09 /ariscv/uu_dtpath/uu_dec/uu_reg_file/g3949
3.90690e-11 7.38630e-10 2.37451e-10 1.01515e-09 /ariscv/uu_dtpath/uu_dec/uu_reg_file/g3950
3.90690e-11 7.38443e-10 3.55502e-10 1.13301e-09 /ariscv/uu_dtpath/uu_dec/uu_reg_file/g3951
3.90690e-11 7.38885e-10 4.49943e-10 1.22790e-09 /ariscv/uu_dtpath/uu_dec/uu_reg_file/g3952
4.12610e-11 4.70039e-09 2.84740e-09 7.58905e-09 /ariscv/uu_dtpath/uu_dec/uu_reg_file/g3953
3.90700e-11 7.38196e-10 3.87882e-10 1.16515e-09 /ariscv/uu_dtpath/uu_dec/uu_reg_file/g3954
3.90690e-11 7.38120e-10 2.97489e-10 1.07468e-09 /ariscv/uu_dtpath/uu_dec/uu_reg_file/g3955
3.90700e-11 7.37218e-10 4.47920e-10 1.22421e-09 /ariscv/uu_dtpath/uu_dec/uu_reg_file/g3956
3.90700e-11 7.37583e-10 4.16889e-10 1.19354e-09 /ariscv/uu_dtpath/uu_dec/uu_reg_file/g3958
3.90690e-11 7.37868e-10 2.65109e-10 1.04205e-09 /ariscv/uu_dtpath/uu_dec/uu_reg_file/g3959
3.90700e-11 7.37950e-10 3.89906e-10 1.16693e-09 /ariscv/uu_dtpath/uu_dec/uu_reg_file/g3960
3.90700e-11 7.37981e-10 2.91418e-10 1.06847e-09 /ariscv/uu_dtpath/uu_dec/uu_reg_file/g3961
4.12740e-11 4.62428e-09 1.99270e-09 6.65826e-09 /ariscv/uu_dtpath/uu_dec/uu_reg_file/g3962
3.90700e-11 7.37895e-10 4.68157e-10 1.24512e-09 /ariscv/uu_dtpath/uu_dec/uu_reg_file/g3963
3.90740e-11 6.87800e-10 7.10330e-10 1.43720e-09 /ariscv/uu_dtpath/uu_dec/uu_reg_file/g3968
3.90700e-11 7.38442e-10 4.48594e-10 1.22611e-09 /ariscv/uu_dtpath/uu_dec/uu_reg_file/g3969
3.90700e-11 7.37363e-10 3.69669e-10 1.14610e-09 /ariscv/uu_dtpath/uu_dec/uu_reg_file/g3970
4.12740e-11 4.62336e-09 1.79910e-09 6.46374e-09 /ariscv/uu_dtpath/uu_dec/uu_reg_file/g3971
3.90690e-11 7.38532e-10 2.42173e-10 1.01977e-09 /ariscv/uu_dtpath/uu_dec/uu_reg_file/g3972
3.90700e-11 7.37680e-10 2.87370e-10 1.06412e-09 /ariscv/uu_dtpath/uu_dec/uu_reg_file/g3973
3.90690e-11 7.37521e-10 2.32055e-10 1.00865e-09 /ariscv/uu_dtpath/uu_dec/uu_reg_file/g3975
4.12740e-11 4.62380e-09 2.29492e-09 6.95999e-09 /ariscv/uu_dtpath/uu_dec/uu_reg_file/g3978
3.90750e-11 6.87362e-10 3.22448e-10 1.04889e-09 /ariscv/uu_dtpath/uu_dec/uu_reg_file/g3983
3.90750e-11 6.87551e-10 2.82648e-10 1.00927e-09 /ariscv/uu_dtpath/uu_dec/uu_reg_file/g3985
3.90700e-11 7.37578e-10 4.32404e-10 1.20905e-09 /ariscv/uu_dtpath/uu_dec/uu_reg_file/g3986
4.12740e-11 4.62382e-09 2.12964e-09 6.79474e-09 /ariscv/uu_dtpath/uu_dec/uu_reg_file/g3987
3.90700e-11 7.37971e-10 3.66296e-10 1.14334e-09 /ariscv/uu_dtpath/uu_dec/uu_reg_file/g3988
3.90690e-11 7.38614e-10 4.27682e-10 1.20537e-09 /ariscv/uu_dtpath/uu_dec/uu_reg_file/g3989
3.90700e-11 7.38695e-10 2.49594e-10 1.02736e-09 /ariscv/uu_dtpath/uu_dec/uu_reg_file/g3990
3.90700e-11 7.37790e-10 2.70506e-10 1.04737e-09 /ariscv/uu_dtpath/uu_dec/uu_reg_file/g3991
3.90700e-11 7.37235e-10 2.38801e-10 1.01511e-09 /ariscv/uu_dtpath/uu_dec/uu_reg_file/g3992
3.90690e-11 7.38566e-10 2.38801e-10 1.01644e-09 /ariscv/uu_dtpath/uu_dec/uu_reg_file/g3993
3.90700e-11 7.37381e-10 4.30381e-10 1.20683e-09 /ariscv/uu_dtpath/uu_dec/uu_reg_file/g3994
4.12470e-11 4.56523e-09 2.03520e-09 6.64168e-09 /ariscv/uu_dtpath/uu_dec/uu_reg_file/g3995
3.90690e-11 7.37634e-10 3.17726e-10 1.09443e-09 /ariscv/uu_dtpath/uu_dec/uu_reg_file/g4000
3.90740e-11 6.88087e-10 3.04235e-10 1.03140e-09 /ariscv/uu_dtpath/uu_dec/uu_reg_file/g4002
3.90700e-11 7.36926e-10 4.77601e-10 1.25360e-09 /ariscv/uu_dtpath/uu_dec/uu_reg_file/g4003
4.12740e-11 4.62389e-09 1.86521e-09 6.53037e-09 /ariscv/uu_dtpath/uu_dec/uu_reg_file/g4005
3.90690e-11 7.38461e-10 2.14516e-10 9.92046e-10 /ariscv/uu_dtpath/uu_dec/uu_reg_file/g4006
3.90700e-11 7.38130e-10 2.83323e-10 1.06052e-09 /ariscv/uu_dtpath/uu_dec/uu_reg_file/g4008
3.90690e-11 7.37692e-10 3.42011e-10 1.11877e-09 /ariscv/uu_dtpath/uu_dec/uu_reg_file/g4011
4.12740e-11 4.62373e-09 2.19575e-09 6.86076e-09 /ariscv/uu_dtpath/uu_dec/uu_reg_file/g4014
3.90750e-11 6.87393e-10 2.92092e-10 1.01856e-09 /ariscv/uu_dtpath/uu_dec/uu_reg_file/g4018
3.90750e-11 6.88085e-10 3.23123e-10 1.05028e-09 /ariscv/uu_dtpath/uu_dec/uu_reg_file/g4020
3.90740e-11 6.88009e-10 3.09631e-10 1.03671e-09 /ariscv/uu_dtpath/uu_dec/uu_reg_file/g4022
4.12740e-11 4.62393e-09 1.54883e-09 6.21403e-09 /ariscv/uu_dtpath/uu_dec/uu_reg_file/g4023
3.90690e-11 7.38659e-10 3.01536e-10 1.07926e-09 /ariscv/uu_dtpath/uu_dec/uu_reg_file/g4024
3.90700e-11 7.37911e-10 3.50780e-10 1.12776e-09 /ariscv/uu_dtpath/uu_dec/uu_reg_file/g4025
3.90690e-11 7.38056e-10 3.29868e-10 1.10699e-09 /ariscv/uu_dtpath/uu_dec/uu_reg_file/g4026
3.90700e-11 7.38335e-10 2.54990e-10 1.03239e-09 /ariscv/uu_dtpath/uu_dec/uu_reg_file/g4027
3.90690e-11 7.38544e-10 2.77926e-10 1.05554e-09 /ariscv/uu_dtpath/uu_dec/uu_reg_file/g4028
3.90700e-11 7.37436e-10 3.85858e-10 1.16236e-09 /ariscv/uu_dtpath/uu_dec/uu_reg_file/g4029
3.90690e-11 7.38517e-10 2.51617e-10 1.02920e-09 /ariscv/uu_dtpath/uu_dec/uu_reg_file/g4030
3.90690e-11 7.37899e-10 3.65621e-10 1.14259e-09 /ariscv/uu_dtpath/uu_dec/uu_reg_file/g4031
4.10840e-11 3.35481e-09 1.04560e-09 4.44149e-09 /ariscv/uu_dtpath/uu_dec/uu_reg_file/g4032
3.90750e-11 6.87246e-10 7.01561e-10 1.42788e-09 /ariscv/uu_dtpath/uu_dec/uu_reg_file/g4040
3.90700e-11 7.36982e-10 3.33916e-10 1.10997e-09 /ariscv/uu_dtpath/uu_dec/uu_reg_file/g4041
4.12740e-11 4.62383e-09 1.98326e-09 6.64837e-09 /ariscv/uu_dtpath/uu_dec/uu_reg_file/g4042
3.90690e-11 7.38331e-10 3.34591e-10 1.11199e-09 /ariscv/uu_dtpath/uu_dec/uu_reg_file/g4043
3.90700e-11 7.38043e-10 2.74553e-10 1.05167e-09 /ariscv/uu_dtpath/uu_dec/uu_reg_file/g4044
3.90700e-11 7.37510e-10 2.59712e-10 1.03629e-09 /ariscv/uu_dtpath/uu_dec/uu_reg_file/g4046
3.99800e-11 2.27178e-09 1.17377e-09 3.48552e-09 /ariscv/uu_dtpath/uu_dec/uu_reg_file/g4050
3.90750e-11 6.87270e-10 4.55340e-10 1.18169e-09 /ariscv/uu_dtpath/uu_dec/uu_reg_file/g4055
3.90750e-11 6.87452e-10 4.52642e-10 1.17917e-09 /ariscv/uu_dtpath/uu_dec/uu_reg_file/g4058
4.12740e-11 4.62423e-09 1.91715e-09 6.58266e-09 /ariscv/uu_dtpath/uu_dec/uu_reg_file/g4059
3.90700e-11 7.37775e-10 2.94116e-10 1.07096e-09 /ariscv/uu_dtpath/uu_dec/uu_reg_file/g4060
3.90690e-11 7.38575e-10 2.63085e-10 1.04073e-09 /ariscv/uu_dtpath/uu_dec/uu_reg_file/g4061
3.90700e-11 7.38367e-10 2.42173e-10 1.01961e-09 /ariscv/uu_dtpath/uu_dec/uu_reg_file/g4062
3.90700e-11 7.36968e-10 3.14353e-10 1.09039e-09 /ariscv/uu_dtpath/uu_dec/uu_reg_file/g4063
3.90700e-11 7.37587e-10 3.62923e-10 1.13958e-09 /ariscv/uu_dtpath/uu_dec/uu_reg_file/g4064
1.67592e-10 2.74935e-07 4.48932e-09 2.79591e-07 /ariscv/uu_dtpath/uu_dec/uu_reg_file/reg_dt_reg[1][0]
1.68380e-10 2.86742e-07 3.97462e-09 2.90885e-07 /ariscv/uu_dtpath/uu_dec/uu_reg_file/reg_dt_reg[1][1]
1.75456e-10 2.80378e-07 3.99519e-09 2.84549e-07 /ariscv/uu_dtpath/uu_dec/uu_reg_file/reg_dt_reg[1][2]
1.73971e-10 2.75498e-07 2.78769e-09 2.78460e-07 /ariscv/uu_dtpath/uu_dec/uu_reg_file/reg_dt_reg[1][3]
1.66784e-10 2.68710e-07 2.95162e-09 2.71828e-07 /ariscv/uu_dtpath/uu_dec/uu_reg_file/reg_dt_reg[1][4]
1.74578e-10 2.60529e-07 2.45985e-09 2.63163e-07 /ariscv/uu_dtpath/uu_dec/uu_reg_file/reg_dt_reg[1][5]
1.81354e-10 2.67363e-07 2.95566e-09 2.70500e-07 /ariscv/uu_dtpath/uu_dec/uu_reg_file/reg_dt_reg[1][6]
1.71595e-10 2.68759e-07 2.85549e-09 2.71786e-07 /ariscv/uu_dtpath/uu_dec/uu_reg_file/reg_dt_reg[1][7]
1.65492e-10 2.51042e-07 3.41809e-09 2.54626e-07 /ariscv/uu_dtpath/uu_dec/uu_reg_file/reg_dt_reg[1][8]
1.77058e-10 2.68010e-07 4.26333e-09 2.72450e-07 /ariscv/uu_dtpath/uu_dec/uu_reg_file/reg_dt_reg[1][9]
1.66594e-10 2.63276e-07 2.39205e-09 2.65835e-07 /ariscv/uu_dtpath/uu_dec/uu_reg_file/reg_dt_reg[1][10]
1.75529e-10 2.74780e-07 4.71868e-09 2.79674e-07 /ariscv/uu_dtpath/uu_dec/uu_reg_file/reg_dt_reg[1][11]
1.76701e-10 2.73561e-07 4.07277e-09 2.77810e-07 /ariscv/uu_dtpath/uu_dec/uu_reg_file/reg_dt_reg[1][12]
1.76668e-10 2.73623e-07 3.63935e-09 2.77439e-07 /ariscv/uu_dtpath/uu_dec/uu_reg_file/reg_dt_reg[1][13]
1.76662e-10 2.73502e-07 4.06602e-09 2.77745e-07 /ariscv/uu_dtpath/uu_dec/uu_reg_file/reg_dt_reg[1][14]
1.76586e-10 2.76372e-07 4.48932e-09 2.81038e-07 /ariscv/uu_dtpath/uu_dec/uu_reg_file/reg_dt_reg[1][15]
1.76626e-10 2.72203e-07 4.13348e-09 2.76513e-07 /ariscv/uu_dtpath/uu_dec/uu_reg_file/reg_dt_reg[1][16]
1.76706e-10 2.72204e-07 5.79969e-09 2.78180e-07 /ariscv/uu_dtpath/uu_dec/uu_reg_file/reg_dt_reg[1][17]
1.76632e-10 2.69498e-07 3.82149e-09 2.73496e-07 /ariscv/uu_dtpath/uu_dec/uu_reg_file/reg_dt_reg[1][18]
1.76709e-10 2.72185e-07 5.84016e-09 2.78202e-07 /ariscv/uu_dtpath/uu_dec/uu_reg_file/reg_dt_reg[1][19]
1.76708e-10 2.72196e-07 4.63435e-09 2.77007e-07 /ariscv/uu_dtpath/uu_dec/uu_reg_file/reg_dt_reg[1][20]
1.76632e-10 2.72300e-07 5.26846e-09 2.77745e-07 /ariscv/uu_dtpath/uu_dec/uu_reg_file/reg_dt_reg[1][21]
1.76704e-10 2.69460e-07 3.76752e-09 2.73404e-07 /ariscv/uu_dtpath/uu_dec/uu_reg_file/reg_dt_reg[1][22]
1.76630e-10 2.72201e-07 4.21780e-09 2.76595e-07 /ariscv/uu_dtpath/uu_dec/uu_reg_file/reg_dt_reg[1][23]
1.76626e-10 2.72223e-07 4.97333e-09 2.77373e-07 /ariscv/uu_dtpath/uu_dec/uu_reg_file/reg_dt_reg[1][24]
1.76707e-10 2.69510e-07 4.44041e-09 2.74127e-07 /ariscv/uu_dtpath/uu_dec/uu_reg_file/reg_dt_reg[1][25]
1.76634e-10 2.72205e-07 4.61074e-09 2.76992e-07 /ariscv/uu_dtpath/uu_dec/uu_reg_file/reg_dt_reg[1][26]
1.76705e-10 2.69515e-07 4.62086e-09 2.74313e-07 /ariscv/uu_dtpath/uu_dec/uu_reg_file/reg_dt_reg[1][27]
1.76688e-10 2.69380e-07 4.92948e-09 2.74486e-07 /ariscv/uu_dtpath/uu_dec/uu_reg_file/reg_dt_reg[1][28]
1.76669e-10 2.72176e-07 3.93111e-09 2.76283e-07 /ariscv/uu_dtpath/uu_dec/uu_reg_file/reg_dt_reg[1][29]
1.76766e-10 2.72203e-07 4.21949e-09 2.76599e-07 /ariscv/uu_dtpath/uu_dec/uu_reg_file/reg_dt_reg[1][30]
1.76707e-10 2.72216e-07 3.99688e-09 2.76389e-07 /ariscv/uu_dtpath/uu_dec/uu_reg_file/reg_dt_reg[1][31]
1.65429e-10 2.65093e-07 8.22985e-10 2.66081e-07 /ariscv/uu_dtpath/uu_dec/uu_reg_file/reg_dt_reg[2][0]
1.82612e-10 2.83805e-07 3.55368e-09 2.87541e-07 /ariscv/uu_dtpath/uu_dec/uu_reg_file/reg_dt_reg[2][1]
1.74367e-10 2.73950e-07 2.20790e-09 2.76332e-07 /ariscv/uu_dtpath/uu_dec/uu_reg_file/reg_dt_reg[2][2]
1.80709e-10 2.76031e-07 3.98339e-09 2.80195e-07 /ariscv/uu_dtpath/uu_dec/uu_reg_file/reg_dt_reg[2][3]
1.79871e-10 2.67497e-07 3.12465e-09 2.70801e-07 /ariscv/uu_dtpath/uu_dec/uu_reg_file/reg_dt_reg[2][4]
1.78313e-10 2.59302e-07 3.36480e-09 2.62845e-07 /ariscv/uu_dtpath/uu_dec/uu_reg_file/reg_dt_reg[2][5]
1.65128e-10 2.60929e-07 7.60249e-10 2.61855e-07 /ariscv/uu_dtpath/uu_dec/uu_reg_file/reg_dt_reg[2][6]
1.74395e-10 2.65804e-07 2.40420e-09 2.68383e-07 /ariscv/uu_dtpath/uu_dec/uu_reg_file/reg_dt_reg[2][7]
1.65552e-10 2.48067e-07 3.03560e-09 2.51269e-07 /ariscv/uu_dtpath/uu_dec/uu_reg_file/reg_dt_reg[2][8]
1.66436e-10 2.61566e-07 2.91013e-09 2.64642e-07 /ariscv/uu_dtpath/uu_dec/uu_reg_file/reg_dt_reg[2][9]
1.79315e-10 2.62052e-07 3.34321e-09 2.65575e-07 /ariscv/uu_dtpath/uu_dec/uu_reg_file/reg_dt_reg[2][10]
1.69420e-10 2.66680e-07 1.61224e-09 2.68462e-07 /ariscv/uu_dtpath/uu_dec/uu_reg_file/reg_dt_reg[2][11]
1.75229e-10 2.70673e-07 4.10818e-09 2.74956e-07 /ariscv/uu_dtpath/uu_dec/uu_reg_file/reg_dt_reg[2][12]
1.79606e-10 2.68991e-07 3.57796e-09 2.72749e-07 /ariscv/uu_dtpath/uu_dec/uu_reg_file/reg_dt_reg[2][13]
1.78707e-10 2.68877e-07 3.03290e-09 2.72088e-07 /ariscv/uu_dtpath/uu_dec/uu_reg_file/reg_dt_reg[2][14]
1.79464e-10 2.71678e-07 3.45924e-09 2.75317e-07 /ariscv/uu_dtpath/uu_dec/uu_reg_file/reg_dt_reg[2][15]
1.79538e-10 2.67574e-07 3.43225e-09 2.71185e-07 /ariscv/uu_dtpath/uu_dec/uu_reg_file/reg_dt_reg[2][16]
1.78764e-10 2.67580e-07 4.09604e-09 2.71855e-07 /ariscv/uu_dtpath/uu_dec/uu_reg_file/reg_dt_reg[2][17]
1.79544e-10 2.64863e-07 3.46194e-09 2.68504e-07 /ariscv/uu_dtpath/uu_dec/uu_reg_file/reg_dt_reg[2][18]
1.78774e-10 2.67564e-07 3.66431e-09 2.71407e-07 /ariscv/uu_dtpath/uu_dec/uu_reg_file/reg_dt_reg[2][19]
1.78771e-10 2.67570e-07 3.22448e-09 2.70974e-07 /ariscv/uu_dtpath/uu_dec/uu_reg_file/reg_dt_reg[2][20]
1.79545e-10 2.64823e-07 4.18508e-09 2.69188e-07 /ariscv/uu_dtpath/uu_dec/uu_reg_file/reg_dt_reg[2][21]
1.78765e-10 2.64827e-07 3.16512e-09 2.68171e-07 /ariscv/uu_dtpath/uu_dec/uu_reg_file/reg_dt_reg[2][22]
1.79532e-10 2.67503e-07 3.10576e-09 2.70788e-07 /ariscv/uu_dtpath/uu_dec/uu_reg_file/reg_dt_reg[2][23]
1.79533e-10 2.67529e-07 3.22988e-09 2.70939e-07 /ariscv/uu_dtpath/uu_dec/uu_reg_file/reg_dt_reg[2][24]
1.78779e-10 2.64878e-07 3.64002e-09 2.68696e-07 /ariscv/uu_dtpath/uu_dec/uu_reg_file/reg_dt_reg[2][25]
1.79548e-10 2.67573e-07 4.26603e-09 2.72019e-07 /ariscv/uu_dtpath/uu_dec/uu_reg_file/reg_dt_reg[2][26]
1.78769e-10 2.64884e-07 3.62653e-09 2.68689e-07 /ariscv/uu_dtpath/uu_dec/uu_reg_file/reg_dt_reg[2][27]
1.78750e-10 2.64679e-07 4.02319e-09 2.68881e-07 /ariscv/uu_dtpath/uu_dec/uu_reg_file/reg_dt_reg[2][28]
1.79607e-10 2.67475e-07 3.40527e-09 2.71060e-07 /ariscv/uu_dtpath/uu_dec/uu_reg_file/reg_dt_reg[2][29]
1.78866e-10 2.67504e-07 3.28385e-09 2.70967e-07 /ariscv/uu_dtpath/uu_dec/uu_reg_file/reg_dt_reg[2][30]
1.79672e-10 2.67587e-07 3.16782e-09 2.70934e-07 /ariscv/uu_dtpath/uu_dec/uu_reg_file/reg_dt_reg[2][31]
1.66668e-10 2.69603e-07 6.88475e-09 2.76654e-07 /ariscv/uu_dtpath/uu_dec/uu_reg_file/reg_dt_reg[3][0]
1.81536e-10 2.81395e-07 6.45976e-09 2.88036e-07 /ariscv/uu_dtpath/uu_dec/uu_reg_file/reg_dt_reg[3][1]
1.69069e-10 2.71577e-07 4.19925e-09 2.75945e-07 /ariscv/uu_dtpath/uu_dec/uu_reg_file/reg_dt_reg[3][2]
1.78924e-10 2.75393e-07 7.54988e-09 2.83122e-07 /ariscv/uu_dtpath/uu_dec/uu_reg_file/reg_dt_reg[3][3]
1.68712e-10 2.63381e-07 4.82998e-09 2.68380e-07 /ariscv/uu_dtpath/uu_dec/uu_reg_file/reg_dt_reg[3][4]
1.68737e-10 2.55152e-07 5.49781e-09 2.60819e-07 /ariscv/uu_dtpath/uu_dec/uu_reg_file/reg_dt_reg[3][5]
1.66567e-10 2.62032e-07 4.86371e-09 2.67063e-07 /ariscv/uu_dtpath/uu_dec/uu_reg_file/reg_dt_reg[3][6]
1.69033e-10 2.66874e-07 6.78086e-09 2.73824e-07 /ariscv/uu_dtpath/uu_dec/uu_reg_file/reg_dt_reg[3][7]
1.65387e-10 2.42184e-07 3.35535e-09 2.45705e-07 /ariscv/uu_dtpath/uu_dec/uu_reg_file/reg_dt_reg[3][8]
1.66907e-10 2.55686e-07 2.51348e-09 2.58367e-07 /ariscv/uu_dtpath/uu_dec/uu_reg_file/reg_dt_reg[3][9]
1.68737e-10 2.57909e-07 4.20600e-09 2.62284e-07 /ariscv/uu_dtpath/uu_dec/uu_reg_file/reg_dt_reg[3][10]
1.76907e-10 2.67922e-07 5.67455e-09 2.73774e-07 /ariscv/uu_dtpath/uu_dec/uu_reg_file/reg_dt_reg[3][11]
1.79229e-10 2.66485e-07 6.10763e-09 2.72772e-07 /ariscv/uu_dtpath/uu_dec/uu_reg_file/reg_dt_reg[3][12]
1.78976e-10 2.70021e-07 8.20287e-09 2.78403e-07 /ariscv/uu_dtpath/uu_dec/uu_reg_file/reg_dt_reg[3][13]
1.79180e-10 2.66427e-07 6.07120e-09 2.72677e-07 /ariscv/uu_dtpath/uu_dec/uu_reg_file/reg_dt_reg[3][14]
1.79077e-10 2.69305e-07 5.52075e-09 2.75005e-07 /ariscv/uu_dtpath/uu_dec/uu_reg_file/reg_dt_reg[3][15]
1.79132e-10 2.65133e-07 4.92982e-09 2.70242e-07 /ariscv/uu_dtpath/uu_dec/uu_reg_file/reg_dt_reg[3][16]
1.79226e-10 2.65141e-07 5.26171e-09 2.70582e-07 /ariscv/uu_dtpath/uu_dec/uu_reg_file/reg_dt_reg[3][17]
1.79135e-10 2.62421e-07 5.14433e-09 2.67745e-07 /ariscv/uu_dtpath/uu_dec/uu_reg_file/reg_dt_reg[3][18]
1.79234e-10 2.65122e-07 5.43980e-09 2.70741e-07 /ariscv/uu_dtpath/uu_dec/uu_reg_file/reg_dt_reg[3][19]
1.79236e-10 2.65124e-07 5.74336e-09 2.71047e-07 /ariscv/uu_dtpath/uu_dec/uu_reg_file/reg_dt_reg[3][20]
1.79140e-10 2.65227e-07 6.33024e-09 2.71737e-07 /ariscv/uu_dtpath/uu_dec/uu_reg_file/reg_dt_reg[3][21]
1.79231e-10 2.62383e-07 5.28600e-09 2.67848e-07 /ariscv/uu_dtpath/uu_dec/uu_reg_file/reg_dt_reg[3][22]
1.79135e-10 2.65134e-07 4.44817e-09 2.69761e-07 /ariscv/uu_dtpath/uu_dec/uu_reg_file/reg_dt_reg[3][23]
1.79127e-10 2.65157e-07 4.99458e-09 2.70331e-07 /ariscv/uu_dtpath/uu_dec/uu_reg_file/reg_dt_reg[3][24]
1.79238e-10 2.62438e-07 4.90958e-09 2.67527e-07 /ariscv/uu_dtpath/uu_dec/uu_reg_file/reg_dt_reg[3][25]
1.79142e-10 2.65132e-07 5.84050e-09 2.71152e-07 /ariscv/uu_dtpath/uu_dec/uu_reg_file/reg_dt_reg[3][26]
1.79232e-10 2.62440e-07 5.73122e-09 2.68351e-07 /ariscv/uu_dtpath/uu_dec/uu_reg_file/reg_dt_reg[3][27]
1.79213e-10 2.62306e-07 6.00645e-09 2.68492e-07 /ariscv/uu_dtpath/uu_dec/uu_reg_file/reg_dt_reg[3][28]
1.78981e-10 2.68577e-07 7.76574e-09 2.76522e-07 /ariscv/uu_dtpath/uu_dec/uu_reg_file/reg_dt_reg[3][29]
1.79103e-10 2.68607e-07 7.36100e-09 2.76148e-07 /ariscv/uu_dtpath/uu_dec/uu_reg_file/reg_dt_reg[3][30]
1.79025e-10 2.68622e-07 6.91848e-09 2.75719e-07 /ariscv/uu_dtpath/uu_dec/uu_reg_file/reg_dt_reg[3][31]
1.68701e-10 3.18867e-07 1.01035e-08 3.29140e-07 /ariscv/uu_dtpath/uu_dec/uu_reg_file/reg_dt_reg[4][0]
1.77154e-10 3.27187e-07 8.90443e-09 3.36269e-07 /ariscv/uu_dtpath/uu_dec/uu_reg_file/reg_dt_reg[4][1]
1.69579e-10 3.13857e-07 6.21388e-09 3.20240e-07 /ariscv/uu_dtpath/uu_dec/uu_reg_file/reg_dt_reg[4][2]
1.76659e-10 3.17687e-07 8.04232e-09 3.25906e-07 /ariscv/uu_dtpath/uu_dec/uu_reg_file/reg_dt_reg[4][3]
1.73681e-10 3.09160e-07 7.07531e-09 3.16409e-07 /ariscv/uu_dtpath/uu_dec/uu_reg_file/reg_dt_reg[4][4]
1.67928e-10 2.90525e-07 3.12498e-09 2.93818e-07 /ariscv/uu_dtpath/uu_dec/uu_reg_file/reg_dt_reg[4][5]
1.72787e-10 3.04325e-07 6.62065e-09 3.11118e-07 /ariscv/uu_dtpath/uu_dec/uu_reg_file/reg_dt_reg[4][6]
1.67085e-10 3.02241e-07 5.20842e-09 3.07617e-07 /ariscv/uu_dtpath/uu_dec/uu_reg_file/reg_dt_reg[4][7]
1.66502e-10 2.84511e-07 7.36403e-09 2.92041e-07 /ariscv/uu_dtpath/uu_dec/uu_reg_file/reg_dt_reg[4][8]
1.74334e-10 3.04965e-07 9.07139e-09 3.14210e-07 /ariscv/uu_dtpath/uu_dec/uu_reg_file/reg_dt_reg[4][9]
1.67734e-10 2.96754e-07 4.68427e-09 3.01606e-07 /ariscv/uu_dtpath/uu_dec/uu_reg_file/reg_dt_reg[4][10]
1.75667e-10 3.06518e-07 5.89581e-09 3.12590e-07 /ariscv/uu_dtpath/uu_dec/uu_reg_file/reg_dt_reg[4][11]
1.76990e-10 3.08774e-07 8.19275e-09 3.17144e-07 /ariscv/uu_dtpath/uu_dec/uu_reg_file/reg_dt_reg[4][12]
1.76822e-10 3.05245e-07 7.93304e-09 3.13355e-07 /ariscv/uu_dtpath/uu_dec/uu_reg_file/reg_dt_reg[4][13]
1.76981e-10 3.08718e-07 7.76440e-09 3.16659e-07 /ariscv/uu_dtpath/uu_dec/uu_reg_file/reg_dt_reg[4][14]
1.76993e-10 3.11598e-07 6.47258e-09 3.18247e-07 /ariscv/uu_dtpath/uu_dec/uu_reg_file/reg_dt_reg[4][15]
1.76988e-10 3.07424e-07 6.90768e-09 3.14509e-07 /ariscv/uu_dtpath/uu_dec/uu_reg_file/reg_dt_reg[4][16]
1.76990e-10 3.07434e-07 6.96502e-09 3.14576e-07 /ariscv/uu_dtpath/uu_dec/uu_reg_file/reg_dt_reg[4][17]
1.76987e-10 3.04715e-07 7.27533e-09 3.12167e-07 /ariscv/uu_dtpath/uu_dec/uu_reg_file/reg_dt_reg[4][18]
1.76994e-10 3.07419e-07 6.37814e-09 3.13974e-07 /ariscv/uu_dtpath/uu_dec/uu_reg_file/reg_dt_reg[4][19]
1.76987e-10 3.07417e-07 7.28545e-09 3.14880e-07 /ariscv/uu_dtpath/uu_dec/uu_reg_file/reg_dt_reg[4][20]
1.76989e-10 3.04677e-07 7.66321e-09 3.12517e-07 /ariscv/uu_dtpath/uu_dec/uu_reg_file/reg_dt_reg[4][21]
1.76988e-10 3.04680e-07 6.76265e-09 3.11619e-07 /ariscv/uu_dtpath/uu_dec/uu_reg_file/reg_dt_reg[4][22]
1.76999e-10 3.07409e-07 9.24172e-09 3.16827e-07 /ariscv/uu_dtpath/uu_dec/uu_reg_file/reg_dt_reg[4][23]
1.76994e-10 3.07452e-07 6.38151e-09 3.14010e-07 /ariscv/uu_dtpath/uu_dec/uu_reg_file/reg_dt_reg[4][24]
1.76998e-10 3.04738e-07 5.92280e-09 3.10838e-07 /ariscv/uu_dtpath/uu_dec/uu_reg_file/reg_dt_reg[4][25]
1.76999e-10 3.07434e-07 5.85871e-09 3.13470e-07 /ariscv/uu_dtpath/uu_dec/uu_reg_file/reg_dt_reg[4][26]
1.76995e-10 3.04675e-07 7.21799e-09 3.12070e-07 /ariscv/uu_dtpath/uu_dec/uu_reg_file/reg_dt_reg[4][27]
1.76993e-10 3.04605e-07 6.99875e-09 3.11781e-07 /ariscv/uu_dtpath/uu_dec/uu_reg_file/reg_dt_reg[4][28]
1.76989e-10 3.07395e-07 7.03248e-09 3.14604e-07 /ariscv/uu_dtpath/uu_dec/uu_reg_file/reg_dt_reg[4][29]
1.76812e-10 3.07420e-07 7.56540e-09 3.15162e-07 /ariscv/uu_dtpath/uu_dec/uu_reg_file/reg_dt_reg[4][30]
1.76821e-10 3.07430e-07 7.87570e-09 3.15483e-07 /ariscv/uu_dtpath/uu_dec/uu_reg_file/reg_dt_reg[4][31]
1.64935e-10 2.59130e-07 6.34103e-10 2.59929e-07 /ariscv/uu_dtpath/uu_dec/uu_reg_file/reg_dt_reg[5][0]
1.72635e-10 2.76161e-07 2.30301e-09 2.78637e-07 /ariscv/uu_dtpath/uu_dec/uu_reg_file/reg_dt_reg[5][1]
1.82641e-10 2.69795e-07 2.74958e-09 2.72728e-07 /ariscv/uu_dtpath/uu_dec/uu_reg_file/reg_dt_reg[5][2]
1.73096e-10 2.66658e-07 2.12189e-09 2.68953e-07 /ariscv/uu_dtpath/uu_dec/uu_reg_file/reg_dt_reg[5][3]
1.73158e-10 2.59869e-07 2.29896e-09 2.62341e-07 /ariscv/uu_dtpath/uu_dec/uu_reg_file/reg_dt_reg[5][4]
1.73181e-10 2.51684e-07 2.58229e-09 2.54439e-07 /ariscv/uu_dtpath/uu_dec/uu_reg_file/reg_dt_reg[5][5]
1.75526e-10 2.56781e-07 1.56232e-09 2.58519e-07 /ariscv/uu_dtpath/uu_dec/uu_reg_file/reg_dt_reg[5][6]
1.83544e-10 2.58181e-07 1.45237e-09 2.59817e-07 /ariscv/uu_dtpath/uu_dec/uu_reg_file/reg_dt_reg[5][7]
1.72682e-10 2.42206e-07 2.08141e-09 2.44460e-07 /ariscv/uu_dtpath/uu_dec/uu_reg_file/reg_dt_reg[5][8]
1.72661e-10 2.55684e-07 2.43557e-09 2.58293e-07 /ariscv/uu_dtpath/uu_dec/uu_reg_file/reg_dt_reg[5][9]
1.72661e-10 2.54434e-07 1.99136e-09 2.56598e-07 /ariscv/uu_dtpath/uu_dec/uu_reg_file/reg_dt_reg[5][10]
1.72659e-10 2.62460e-07 1.85577e-09 2.64489e-07 /ariscv/uu_dtpath/uu_dec/uu_reg_file/reg_dt_reg[5][11]
1.72641e-10 2.61237e-07 2.01564e-09 2.63425e-07 /ariscv/uu_dtpath/uu_dec/uu_reg_file/reg_dt_reg[5][12]
1.72638e-10 2.61198e-07 1.96100e-09 2.63331e-07 /ariscv/uu_dtpath/uu_dec/uu_reg_file/reg_dt_reg[5][13]
1.72636e-10 2.61177e-07 2.15325e-09 2.63503e-07 /ariscv/uu_dtpath/uu_dec/uu_reg_file/reg_dt_reg[5][14]
1.72637e-10 2.64052e-07 1.88612e-09 2.66110e-07 /ariscv/uu_dtpath/uu_dec/uu_reg_file/reg_dt_reg[5][15]
1.72636e-10 2.59880e-07 1.85779e-09 2.61911e-07 /ariscv/uu_dtpath/uu_dec/uu_reg_file/reg_dt_reg[5][16]
1.72641e-10 2.59889e-07 2.10468e-09 2.62167e-07 /ariscv/uu_dtpath/uu_dec/uu_reg_file/reg_dt_reg[5][17]
1.72634e-10 2.57174e-07 1.78190e-09 2.59128e-07 /ariscv/uu_dtpath/uu_dec/uu_reg_file/reg_dt_reg[5][18]
1.72640e-10 2.59873e-07 1.72625e-09 2.61772e-07 /ariscv/uu_dtpath/uu_dec/uu_reg_file/reg_dt_reg[5][19]
1.72640e-10 2.59874e-07 2.20182e-09 2.62249e-07 /ariscv/uu_dtpath/uu_dec/uu_reg_file/reg_dt_reg[5][20]
1.72635e-10 2.57136e-07 2.07332e-09 2.59382e-07 /ariscv/uu_dtpath/uu_dec/uu_reg_file/reg_dt_reg[5][21]
1.72638e-10 2.57132e-07 2.45783e-09 2.59762e-07 /ariscv/uu_dtpath/uu_dec/uu_reg_file/reg_dt_reg[5][22]
1.72640e-10 2.59877e-07 2.10165e-09 2.62151e-07 /ariscv/uu_dtpath/uu_dec/uu_reg_file/reg_dt_reg[5][23]
1.72636e-10 2.59905e-07 1.84565e-09 2.61923e-07 /ariscv/uu_dtpath/uu_dec/uu_reg_file/reg_dt_reg[5][24]
1.72644e-10 2.57159e-07 2.26962e-09 2.59601e-07 /ariscv/uu_dtpath/uu_dec/uu_reg_file/reg_dt_reg[5][25]
1.72637e-10 2.59883e-07 2.24331e-09 2.62299e-07 /ariscv/uu_dtpath/uu_dec/uu_reg_file/reg_dt_reg[5][26]
1.72644e-10 2.57130e-07 2.39610e-09 2.59699e-07 /ariscv/uu_dtpath/uu_dec/uu_reg_file/reg_dt_reg[5][27]
1.72643e-10 2.57060e-07 2.24736e-09 2.59480e-07 /ariscv/uu_dtpath/uu_dec/uu_reg_file/reg_dt_reg[5][28]
1.72639e-10 2.59850e-07 2.15831e-09 2.62181e-07 /ariscv/uu_dtpath/uu_dec/uu_reg_file/reg_dt_reg[5][29]
1.72645e-10 2.59878e-07 2.25141e-09 2.62302e-07 /ariscv/uu_dtpath/uu_dec/uu_reg_file/reg_dt_reg[5][30]
1.72643e-10 2.59886e-07 2.88888e-09 2.62948e-07 /ariscv/uu_dtpath/uu_dec/uu_reg_file/reg_dt_reg[5][31]
1.65204e-10 2.53287e-07 8.60761e-10 2.54313e-07 /ariscv/uu_dtpath/uu_dec/uu_reg_file/reg_dt_reg[6][0]
1.82766e-10 2.68589e-07 2.12897e-09 2.70901e-07 /ariscv/uu_dtpath/uu_dec/uu_reg_file/reg_dt_reg[6][1]
1.83527e-10 2.60474e-07 1.56907e-09 2.62226e-07 /ariscv/uu_dtpath/uu_dec/uu_reg_file/reg_dt_reg[6][2]
1.82771e-10 2.59074e-07 1.96572e-09 2.61223e-07 /ariscv/uu_dtpath/uu_dec/uu_reg_file/reg_dt_reg[6][3]
1.83738e-10 2.52281e-07 1.67161e-09 2.54136e-07 /ariscv/uu_dtpath/uu_dec/uu_reg_file/reg_dt_reg[6][4]
1.84066e-10 2.44087e-07 1.81462e-09 2.46086e-07 /ariscv/uu_dtpath/uu_dec/uu_reg_file/reg_dt_reg[6][5]
1.64954e-10 2.49193e-07 8.20961e-10 2.50179e-07 /ariscv/uu_dtpath/uu_dec/uu_reg_file/reg_dt_reg[6][6]
1.83948e-10 2.52334e-07 1.56637e-09 2.54084e-07 /ariscv/uu_dtpath/uu_dec/uu_reg_file/reg_dt_reg[6][7]
1.64631e-10 2.32837e-07 7.63622e-10 2.33765e-07 /ariscv/uu_dtpath/uu_dec/uu_reg_file/reg_dt_reg[6][8]
1.65208e-10 2.46334e-07 8.11517e-10 2.47311e-07 /ariscv/uu_dtpath/uu_dec/uu_reg_file/reg_dt_reg[6][9]
1.84059e-10 2.46817e-07 1.75121e-09 2.48753e-07 /ariscv/uu_dtpath/uu_dec/uu_reg_file/reg_dt_reg[6][10]
1.65334e-10 2.53133e-07 1.00107e-09 2.54300e-07 /ariscv/uu_dtpath/uu_dec/uu_reg_file/reg_dt_reg[6][11]
1.82988e-10 2.53647e-07 1.95763e-09 2.55787e-07 /ariscv/uu_dtpath/uu_dec/uu_reg_file/reg_dt_reg[6][12]
1.82886e-10 2.53610e-07 1.58931e-09 2.55382e-07 /ariscv/uu_dtpath/uu_dec/uu_reg_file/reg_dt_reg[6][13]
1.82865e-10 2.53589e-07 1.87668e-09 2.55648e-07 /ariscv/uu_dtpath/uu_dec/uu_reg_file/reg_dt_reg[6][14]
1.82681e-10 2.56462e-07 2.03318e-09 2.58678e-07 /ariscv/uu_dtpath/uu_dec/uu_reg_file/reg_dt_reg[6][15]
1.82779e-10 2.52289e-07 1.80247e-09 2.54274e-07 /ariscv/uu_dtpath/uu_dec/uu_reg_file/reg_dt_reg[6][16]
1.82992e-10 2.52300e-07 1.64192e-09 2.54125e-07 /ariscv/uu_dtpath/uu_dec/uu_reg_file/reg_dt_reg[6][17]
1.82776e-10 2.49577e-07 1.95897e-09 2.51719e-07 /ariscv/uu_dtpath/uu_dec/uu_reg_file/reg_dt_reg[6][18]
1.83008e-10 2.52281e-07 1.67835e-09 2.54143e-07 /ariscv/uu_dtpath/uu_dec/uu_reg_file/reg_dt_reg[6][19]
1.83004e-10 2.52282e-07 2.16944e-09 2.54635e-07 /ariscv/uu_dtpath/uu_dec/uu_reg_file/reg_dt_reg[6][20]
1.82785e-10 2.49541e-07 2.19643e-09 2.51920e-07 /ariscv/uu_dtpath/uu_dec/uu_reg_file/reg_dt_reg[6][21]
1.82995e-10 2.49542e-07 1.62304e-09 2.51348e-07 /ariscv/uu_dtpath/uu_dec/uu_reg_file/reg_dt_reg[6][22]
1.82787e-10 2.52287e-07 1.69589e-09 2.54166e-07 /ariscv/uu_dtpath/uu_dec/uu_reg_file/reg_dt_reg[6][23]
1.82784e-10 2.52313e-07 1.80517e-09 2.54301e-07 /ariscv/uu_dtpath/uu_dec/uu_reg_file/reg_dt_reg[6][24]
1.82999e-10 2.49565e-07 2.04262e-09 2.51790e-07 /ariscv/uu_dtpath/uu_dec/uu_reg_file/reg_dt_reg[6][25]
1.82795e-10 2.52293e-07 1.89422e-09 2.54370e-07 /ariscv/uu_dtpath/uu_dec/uu_reg_file/reg_dt_reg[6][26]
1.83004e-10 2.49540e-07 1.54209e-09 2.51265e-07 /ariscv/uu_dtpath/uu_dec/uu_reg_file/reg_dt_reg[6][27]
1.82975e-10 2.49446e-07 2.14786e-09 2.51777e-07 /ariscv/uu_dtpath/uu_dec/uu_reg_file/reg_dt_reg[6][28]
1.82894e-10 2.52262e-07 1.54209e-09 2.53987e-07 /ariscv/uu_dtpath/uu_dec/uu_reg_file/reg_dt_reg[6][29]
1.83204e-10 2.52267e-07 2.17889e-09 2.54629e-07 /ariscv/uu_dtpath/uu_dec/uu_reg_file/reg_dt_reg[6][30]
1.82995e-10 2.52297e-07 2.27603e-09 2.54756e-07 /ariscv/uu_dtpath/uu_dec/uu_reg_file/reg_dt_reg[6][31]
1.64830e-10 2.53238e-07 9.04609e-10 2.54308e-07 /ariscv/uu_dtpath/uu_dec/uu_reg_file/reg_dt_reg[7][0]
1.82164e-10 2.68527e-07 2.05679e-09 2.70766e-07 /ariscv/uu_dtpath/uu_dec/uu_reg_file/reg_dt_reg[7][1]
1.82902e-10 2.60420e-07 1.85509e-09 2.62458e-07 /ariscv/uu_dtpath/uu_dec/uu_reg_file/reg_dt_reg[7][2]
1.82174e-10 2.59025e-07 1.70331e-09 2.60910e-07 /ariscv/uu_dtpath/uu_dec/uu_reg_file/reg_dt_reg[7][3]
1.83108e-10 2.52236e-07 1.99203e-09 2.54411e-07 /ariscv/uu_dtpath/uu_dec/uu_reg_file/reg_dt_reg[7][4]
1.83429e-10 2.44054e-07 1.61629e-09 2.45854e-07 /ariscv/uu_dtpath/uu_dec/uu_reg_file/reg_dt_reg[7][5]
1.64582e-10 2.49150e-07 8.61773e-10 2.50176e-07 /ariscv/uu_dtpath/uu_dec/uu_reg_file/reg_dt_reg[7][6]
1.83305e-10 2.52291e-07 1.67430e-09 2.54148e-07 /ariscv/uu_dtpath/uu_dec/uu_reg_file/reg_dt_reg[7][7]
1.64259e-10 2.32830e-07 9.98038e-10 2.33992e-07 /ariscv/uu_dtpath/uu_dec/uu_reg_file/reg_dt_reg[7][8]
1.64837e-10 2.46312e-07 8.62785e-10 2.47339e-07 /ariscv/uu_dtpath/uu_dec/uu_reg_file/reg_dt_reg[7][9]
1.83426e-10 2.46799e-07 1.84092e-09 2.48823e-07 /ariscv/uu_dtpath/uu_dec/uu_reg_file/reg_dt_reg[7][10]
1.64960e-10 2.53084e-07 9.48119e-10 2.54197e-07 /ariscv/uu_dtpath/uu_dec/uu_reg_file/reg_dt_reg[7][11]
1.82378e-10 2.53601e-07 1.93064e-09 2.55714e-07 /ariscv/uu_dtpath/uu_dec/uu_reg_file/reg_dt_reg[7][12]
1.82274e-10 2.53562e-07 1.87128e-09 2.55615e-07 /ariscv/uu_dtpath/uu_dec/uu_reg_file/reg_dt_reg[7][13]
1.82261e-10 2.53542e-07 1.95290e-09 2.55677e-07 /ariscv/uu_dtpath/uu_dec/uu_reg_file/reg_dt_reg[7][14]
1.82058e-10 2.56417e-07 1.60212e-09 2.58201e-07 /ariscv/uu_dtpath/uu_dec/uu_reg_file/reg_dt_reg[7][15]
1.82171e-10 2.52247e-07 1.43955e-09 2.53868e-07 /ariscv/uu_dtpath/uu_dec/uu_reg_file/reg_dt_reg[7][16]
1.82378e-10 2.52256e-07 1.59268e-09 2.54031e-07 /ariscv/uu_dtpath/uu_dec/uu_reg_file/reg_dt_reg[7][17]
1.82169e-10 2.49533e-07 2.59780e-09 2.52313e-07 /ariscv/uu_dtpath/uu_dec/uu_reg_file/reg_dt_reg[7][18]
1.82395e-10 2.52237e-07 1.77212e-09 2.54191e-07 /ariscv/uu_dtpath/uu_dec/uu_reg_file/reg_dt_reg[7][19]
1.82390e-10 2.52238e-07 2.14583e-09 2.54566e-07 /ariscv/uu_dtpath/uu_dec/uu_reg_file/reg_dt_reg[7][20]
1.82180e-10 2.49502e-07 1.80247e-09 2.51486e-07 /ariscv/uu_dtpath/uu_dec/uu_reg_file/reg_dt_reg[7][21]
1.82375e-10 2.49500e-07 1.78561e-09 2.51468e-07 /ariscv/uu_dtpath/uu_dec/uu_reg_file/reg_dt_reg[7][22]
1.82173e-10 2.52244e-07 1.55355e-09 2.53980e-07 /ariscv/uu_dtpath/uu_dec/uu_reg_file/reg_dt_reg[7][23]
1.82174e-10 2.52269e-07 1.82473e-09 2.54276e-07 /ariscv/uu_dtpath/uu_dec/uu_reg_file/reg_dt_reg[7][24]
1.82386e-10 2.49524e-07 2.02846e-09 2.51735e-07 /ariscv/uu_dtpath/uu_dec/uu_reg_file/reg_dt_reg[7][25]
1.82185e-10 2.52250e-07 1.53669e-09 2.53969e-07 /ariscv/uu_dtpath/uu_dec/uu_reg_file/reg_dt_reg[7][26]
1.82392e-10 2.49500e-07 1.42876e-09 2.51111e-07 /ariscv/uu_dtpath/uu_dec/uu_reg_file/reg_dt_reg[7][27]
1.82361e-10 2.49426e-07 1.81664e-09 2.51425e-07 /ariscv/uu_dtpath/uu_dec/uu_reg_file/reg_dt_reg[7][28]
1.82275e-10 2.52218e-07 1.47395e-09 2.53874e-07 /ariscv/uu_dtpath/uu_dec/uu_reg_file/reg_dt_reg[7][29]
1.82585e-10 2.52246e-07 1.60752e-09 2.54036e-07 /ariscv/uu_dtpath/uu_dec/uu_reg_file/reg_dt_reg[7][30]
1.82387e-10 2.52257e-07 1.73299e-09 2.54172e-07 /ariscv/uu_dtpath/uu_dec/uu_reg_file/reg_dt_reg[7][31]
1.65204e-10 2.53273e-07 7.47432e-10 2.54186e-07 /ariscv/uu_dtpath/uu_dec/uu_reg_file/reg_dt_reg[8][0]
1.82294e-10 2.68578e-07 1.65946e-09 2.70420e-07 /ariscv/uu_dtpath/uu_dec/uu_reg_file/reg_dt_reg[8][1]
1.83012e-10 2.60508e-07 1.69859e-09 2.62390e-07 /ariscv/uu_dtpath/uu_dec/uu_reg_file/reg_dt_reg[8][2]
1.82297e-10 2.59062e-07 1.61629e-09 2.60861e-07 /ariscv/uu_dtpath/uu_dec/uu_reg_file/reg_dt_reg[8][3]
1.83225e-10 2.52267e-07 1.73367e-09 2.54183e-07 /ariscv/uu_dtpath/uu_dec/uu_reg_file/reg_dt_reg[8][4]
1.83533e-10 2.44074e-07 1.55018e-09 2.45808e-07 /ariscv/uu_dtpath/uu_dec/uu_reg_file/reg_dt_reg[8][5]
1.64957e-10 2.49179e-07 9.75439e-10 2.50319e-07 /ariscv/uu_dtpath/uu_dec/uu_reg_file/reg_dt_reg[8][6]
1.83425e-10 2.52317e-07 1.74311e-09 2.54244e-07 /ariscv/uu_dtpath/uu_dec/uu_reg_file/reg_dt_reg[8][7]
1.64627e-10 2.32837e-07 7.44734e-10 2.33746e-07 /ariscv/uu_dtpath/uu_dec/uu_reg_file/reg_dt_reg[8][8]
1.65199e-10 2.46481e-07 1.06921e-09 2.47716e-07 /ariscv/uu_dtpath/uu_dec/uu_reg_file/reg_dt_reg[8][9]
1.65203e-10 2.45121e-07 7.03585e-10 2.45989e-07 /ariscv/uu_dtpath/uu_dec/uu_reg_file/reg_dt_reg[8][10]
1.65329e-10 2.53330e-07 7.71717e-10 2.54267e-07 /ariscv/uu_dtpath/uu_dec/uu_reg_file/reg_dt_reg[8][11]
1.65836e-10 2.51895e-07 8.18937e-10 2.52880e-07 /ariscv/uu_dtpath/uu_dec/uu_reg_file/reg_dt_reg[8][12]
1.65899e-10 2.51957e-07 8.44571e-10 2.52967e-07 /ariscv/uu_dtpath/uu_dec/uu_reg_file/reg_dt_reg[8][13]
1.65902e-10 2.51954e-07 7.15052e-10 2.52835e-07 /ariscv/uu_dtpath/uu_dec/uu_reg_file/reg_dt_reg[8][14]
1.66020e-10 2.54654e-07 7.75090e-10 2.55596e-07 /ariscv/uu_dtpath/uu_dec/uu_reg_file/reg_dt_reg[8][15]
1.65959e-10 2.50539e-07 8.74927e-10 2.51580e-07 /ariscv/uu_dtpath/uu_dec/uu_reg_file/reg_dt_reg[8][16]
1.65838e-10 2.50549e-07 9.79487e-10 2.51694e-07 /ariscv/uu_dtpath/uu_dec/uu_reg_file/reg_dt_reg[8][17]
1.65964e-10 2.47829e-07 8.71554e-10 2.48866e-07 /ariscv/uu_dtpath/uu_dec/uu_reg_file/reg_dt_reg[8][18]
1.65835e-10 2.50531e-07 9.12029e-10 2.51609e-07 /ariscv/uu_dtpath/uu_dec/uu_reg_file/reg_dt_reg[8][19]
1.65833e-10 2.50535e-07 7.81836e-10 2.51483e-07 /ariscv/uu_dtpath/uu_dec/uu_reg_file/reg_dt_reg[8][20]
1.65958e-10 2.50642e-07 8.36476e-10 2.51644e-07 /ariscv/uu_dtpath/uu_dec/uu_reg_file/reg_dt_reg[8][21]
1.65838e-10 2.47792e-07 8.39849e-10 2.48797e-07 /ariscv/uu_dtpath/uu_dec/uu_reg_file/reg_dt_reg[8][22]
1.65957e-10 2.50537e-07 9.63972e-10 2.51667e-07 /ariscv/uu_dtpath/uu_dec/uu_reg_file/reg_dt_reg[8][23]
1.65958e-10 2.50564e-07 8.88419e-10 2.51618e-07 /ariscv/uu_dtpath/uu_dec/uu_reg_file/reg_dt_reg[8][24]
1.65831e-10 2.47844e-07 9.15402e-10 2.48925e-07 /ariscv/uu_dtpath/uu_dec/uu_reg_file/reg_dt_reg[8][25]
1.65964e-10 2.50544e-07 9.05958e-10 2.51616e-07 /ariscv/uu_dtpath/uu_dec/uu_reg_file/reg_dt_reg[8][26]
1.65838e-10 2.47851e-07 8.61436e-10 2.48878e-07 /ariscv/uu_dtpath/uu_dec/uu_reg_file/reg_dt_reg[8][27]
1.65840e-10 2.47854e-07 7.52154e-10 2.48772e-07 /ariscv/uu_dtpath/uu_dec/uu_reg_file/reg_dt_reg[8][28]
1.65902e-10 2.50510e-07 7.25846e-10 2.51401e-07 /ariscv/uu_dtpath/uu_dec/uu_reg_file/reg_dt_reg[8][29]
1.65717e-10 2.50537e-07 8.71554e-10 2.51574e-07 /ariscv/uu_dtpath/uu_dec/uu_reg_file/reg_dt_reg[8][30]
1.65837e-10 2.50621e-07 9.76114e-10 2.51763e-07 /ariscv/uu_dtpath/uu_dec/uu_reg_file/reg_dt_reg[8][31]
1.65206e-10 2.53274e-07 8.27032e-10 2.54266e-07 /ariscv/uu_dtpath/uu_dec/uu_reg_file/reg_dt_reg[9][0]
1.82060e-10 2.68579e-07 1.58796e-09 2.70349e-07 /ariscv/uu_dtpath/uu_dec/uu_reg_file/reg_dt_reg[9][1]
1.82753e-10 2.60508e-07 1.80922e-09 2.62500e-07 /ariscv/uu_dtpath/uu_dec/uu_reg_file/reg_dt_reg[9][2]
1.82071e-10 2.59063e-07 1.71883e-09 2.60964e-07 /ariscv/uu_dtpath/uu_dec/uu_reg_file/reg_dt_reg[9][3]
1.82966e-10 2.52267e-07 1.75255e-09 2.54203e-07 /ariscv/uu_dtpath/uu_dec/uu_reg_file/reg_dt_reg[9][4]
1.83267e-10 2.44076e-07 1.91445e-09 2.46173e-07 /ariscv/uu_dtpath/uu_dec/uu_reg_file/reg_dt_reg[9][5]
1.64958e-10 2.49180e-07 8.64809e-10 2.50210e-07 /ariscv/uu_dtpath/uu_dec/uu_reg_file/reg_dt_reg[9][6]
1.83168e-10 2.52317e-07 1.91445e-09 2.54414e-07 /ariscv/uu_dtpath/uu_dec/uu_reg_file/reg_dt_reg[9][7]
1.64627e-10 2.32837e-07 8.48619e-10 2.33850e-07 /ariscv/uu_dtpath/uu_dec/uu_reg_file/reg_dt_reg[9][8]
1.65209e-10 2.46483e-07 8.95839e-10 2.47544e-07 /ariscv/uu_dtpath/uu_dec/uu_reg_file/reg_dt_reg[9][9]
1.83271e-10 2.46863e-07 1.60280e-09 2.48649e-07 /ariscv/uu_dtpath/uu_dec/uu_reg_file/reg_dt_reg[9][10]
1.65329e-10 2.53330e-07 9.73416e-10 2.54468e-07 /ariscv/uu_dtpath/uu_dec/uu_reg_file/reg_dt_reg[9][11]
1.82265e-10 2.53636e-07 1.59875e-09 2.55417e-07 /ariscv/uu_dtpath/uu_dec/uu_reg_file/reg_dt_reg[9][12]
1.82161e-10 2.53697e-07 1.70398e-09 2.55583e-07 /ariscv/uu_dtpath/uu_dec/uu_reg_file/reg_dt_reg[9][13]
1.82156e-10 2.53693e-07 1.57447e-09 2.55449e-07 /ariscv/uu_dtpath/uu_dec/uu_reg_file/reg_dt_reg[9][14]
1.81990e-10 2.56391e-07 2.05746e-09 2.58630e-07 /ariscv/uu_dtpath/uu_dec/uu_reg_file/reg_dt_reg[9][15]
1.65959e-10 2.50538e-07 1.03919e-09 2.51743e-07 /ariscv/uu_dtpath/uu_dec/uu_reg_file/reg_dt_reg[9][16]
1.65838e-10 2.50548e-07 1.03278e-09 2.51747e-07 /ariscv/uu_dtpath/uu_dec/uu_reg_file/reg_dt_reg[9][17]
1.65964e-10 2.47828e-07 8.36476e-10 2.48831e-07 /ariscv/uu_dtpath/uu_dec/uu_reg_file/reg_dt_reg[9][18]
1.65835e-10 2.50531e-07 8.28381e-10 2.51525e-07 /ariscv/uu_dtpath/uu_dec/uu_reg_file/reg_dt_reg[9][19]
1.65839e-10 2.50534e-07 9.74765e-10 2.51674e-07 /ariscv/uu_dtpath/uu_dec/uu_reg_file/reg_dt_reg[9][20]
1.65958e-10 2.50641e-07 8.76276e-10 2.51683e-07 /ariscv/uu_dtpath/uu_dec/uu_reg_file/reg_dt_reg[9][21]
1.65840e-10 2.47791e-07 8.85720e-10 2.48842e-07 /ariscv/uu_dtpath/uu_dec/uu_reg_file/reg_dt_reg[9][22]
1.65957e-10 2.50536e-07 9.68019e-10 2.51670e-07 /ariscv/uu_dtpath/uu_dec/uu_reg_file/reg_dt_reg[9][23]
1.65958e-10 2.50563e-07 1.02266e-09 2.51751e-07 /ariscv/uu_dtpath/uu_dec/uu_reg_file/reg_dt_reg[9][24]
1.65831e-10 2.47844e-07 7.74415e-10 2.48785e-07 /ariscv/uu_dtpath/uu_dec/uu_reg_file/reg_dt_reg[9][25]
1.65960e-10 2.50543e-07 9.22822e-10 2.51632e-07 /ariscv/uu_dtpath/uu_dec/uu_reg_file/reg_dt_reg[9][26]
1.65838e-10 2.47851e-07 8.56714e-10 2.48873e-07 /ariscv/uu_dtpath/uu_dec/uu_reg_file/reg_dt_reg[9][27]
1.65840e-10 2.47852e-07 9.79487e-10 2.48997e-07 /ariscv/uu_dtpath/uu_dec/uu_reg_file/reg_dt_reg[9][28]
1.65903e-10 2.50508e-07 9.55202e-10 2.51629e-07 /ariscv/uu_dtpath/uu_dec/uu_reg_file/reg_dt_reg[9][29]
1.65717e-10 2.50537e-07 7.99375e-10 2.51502e-07 /ariscv/uu_dtpath/uu_dec/uu_reg_file/reg_dt_reg[9][30]
1.65837e-10 2.50621e-07 8.01398e-10 2.51589e-07 /ariscv/uu_dtpath/uu_dec/uu_reg_file/reg_dt_reg[9][31]
1.65159e-10 2.50331e-07 1.00377e-09 2.51500e-07 /ariscv/uu_dtpath/uu_dec/uu_reg_file/reg_dt_reg[10][0]
1.65885e-10 2.63896e-07 9.01236e-10 2.64963e-07 /ariscv/uu_dtpath/uu_dec/uu_reg_file/reg_dt_reg[10][1]
1.65465e-10 2.55825e-07 1.12655e-09 2.57117e-07 /ariscv/uu_dtpath/uu_dec/uu_reg_file/reg_dt_reg[10][2]
1.65885e-10 2.54379e-07 1.05032e-09 2.55596e-07 /ariscv/uu_dtpath/uu_dec/uu_reg_file/reg_dt_reg[10][3]
1.65334e-10 2.47584e-07 9.93653e-10 2.48743e-07 /ariscv/uu_dtpath/uu_dec/uu_reg_file/reg_dt_reg[10][4]
1.65159e-10 2.39393e-07 6.69181e-10 2.40227e-07 /ariscv/uu_dtpath/uu_dec/uu_reg_file/reg_dt_reg[10][5]
1.64922e-10 2.46236e-07 1.02198e-09 2.47423e-07 /ariscv/uu_dtpath/uu_dec/uu_reg_file/reg_dt_reg[10][6]
1.65219e-10 2.47633e-07 8.12192e-10 2.48611e-07 /ariscv/uu_dtpath/uu_dec/uu_reg_file/reg_dt_reg[10][7]
1.64609e-10 2.29896e-07 8.81673e-10 2.30942e-07 /ariscv/uu_dtpath/uu_dec/uu_reg_file/reg_dt_reg[10][8]
1.65161e-10 2.43542e-07 9.16751e-10 2.44624e-07 /ariscv/uu_dtpath/uu_dec/uu_reg_file/reg_dt_reg[10][9]
1.65157e-10 2.42178e-07 1.00242e-09 2.43346e-07 /ariscv/uu_dtpath/uu_dec/uu_reg_file/reg_dt_reg[10][10]
1.65280e-10 2.50389e-07 8.87070e-10 2.51441e-07 /ariscv/uu_dtpath/uu_dec/uu_reg_file/reg_dt_reg[10][11]
1.65767e-10 2.48954e-07 9.62622e-10 2.50082e-07 /ariscv/uu_dtpath/uu_dec/uu_reg_file/reg_dt_reg[10][12]
1.65829e-10 2.49016e-07 9.16751e-10 2.50099e-07 /ariscv/uu_dtpath/uu_dec/uu_reg_file/reg_dt_reg[10][13]
1.65829e-10 2.49012e-07 7.78463e-10 2.49956e-07 /ariscv/uu_dtpath/uu_dec/uu_reg_file/reg_dt_reg[10][14]
1.65940e-10 2.51712e-07 8.52666e-10 2.52731e-07 /ariscv/uu_dtpath/uu_dec/uu_reg_file/reg_dt_reg[10][15]
1.65879e-10 2.47598e-07 8.00049e-10 2.48564e-07 /ariscv/uu_dtpath/uu_dec/uu_reg_file/reg_dt_reg[10][16]
1.65761e-10 2.47608e-07 7.81836e-10 2.48556e-07 /ariscv/uu_dtpath/uu_dec/uu_reg_file/reg_dt_reg[10][17]
1.65881e-10 2.44887e-07 9.78812e-10 2.46031e-07 /ariscv/uu_dtpath/uu_dec/uu_reg_file/reg_dt_reg[10][18]
1.65758e-10 2.47589e-07 8.98537e-10 2.48654e-07 /ariscv/uu_dtpath/uu_dec/uu_reg_file/reg_dt_reg[10][19]
1.65763e-10 2.47592e-07 1.03952e-09 2.48798e-07 /ariscv/uu_dtpath/uu_dec/uu_reg_file/reg_dt_reg[10][20]
1.65885e-10 2.44852e-07 8.80324e-10 2.45898e-07 /ariscv/uu_dtpath/uu_dec/uu_reg_file/reg_dt_reg[10][21]
1.65768e-10 2.44850e-07 9.29568e-10 2.45945e-07 /ariscv/uu_dtpath/uu_dec/uu_reg_file/reg_dt_reg[10][22]
1.65885e-10 2.47595e-07 1.08000e-09 2.48840e-07 /ariscv/uu_dtpath/uu_dec/uu_reg_file/reg_dt_reg[10][23]
1.65881e-10 2.47622e-07 9.69368e-10 2.48757e-07 /ariscv/uu_dtpath/uu_dec/uu_reg_file/reg_dt_reg[10][24]
1.65761e-10 2.44903e-07 8.85046e-10 2.45954e-07 /ariscv/uu_dtpath/uu_dec/uu_reg_file/reg_dt_reg[10][25]
1.65886e-10 2.47601e-07 1.09012e-09 2.48857e-07 /ariscv/uu_dtpath/uu_dec/uu_reg_file/reg_dt_reg[10][26]
1.65763e-10 2.44910e-07 8.09493e-10 2.45885e-07 /ariscv/uu_dtpath/uu_dec/uu_reg_file/reg_dt_reg[10][27]
1.65763e-10 2.44910e-07 1.05774e-09 2.46134e-07 /ariscv/uu_dtpath/uu_dec/uu_reg_file/reg_dt_reg[10][28]
1.65830e-10 2.47568e-07 1.11373e-09 2.48848e-07 /ariscv/uu_dtpath/uu_dec/uu_reg_file/reg_dt_reg[10][29]
1.65644e-10 2.47596e-07 8.57388e-10 2.48619e-07 /ariscv/uu_dtpath/uu_dec/uu_reg_file/reg_dt_reg[10][30]
1.65768e-10 2.47680e-07 8.23659e-10 2.48670e-07 /ariscv/uu_dtpath/uu_dec/uu_reg_file/reg_dt_reg[10][31]
1.65159e-10 2.50332e-07 7.97351e-10 2.51295e-07 /ariscv/uu_dtpath/uu_dec/uu_reg_file/reg_dt_reg[11][0]
1.65885e-10 2.63894e-07 9.36988e-10 2.64997e-07 /ariscv/uu_dtpath/uu_dec/uu_reg_file/reg_dt_reg[11][1]
1.65465e-10 2.55824e-07 8.90443e-10 2.56880e-07 /ariscv/uu_dtpath/uu_dec/uu_reg_file/reg_dt_reg[11][2]
1.65885e-10 2.54378e-07 9.28219e-10 2.55472e-07 /ariscv/uu_dtpath/uu_dec/uu_reg_file/reg_dt_reg[11][3]
1.65334e-10 2.47582e-07 1.08405e-09 2.48831e-07 /ariscv/uu_dtpath/uu_dec/uu_reg_file/reg_dt_reg[11][4]
1.65159e-10 2.39390e-07 9.22822e-10 2.40478e-07 /ariscv/uu_dtpath/uu_dec/uu_reg_file/reg_dt_reg[11][5]
1.64922e-10 2.46234e-07 1.06044e-09 2.47459e-07 /ariscv/uu_dtpath/uu_dec/uu_reg_file/reg_dt_reg[11][6]
1.65219e-10 2.47631e-07 8.39849e-10 2.48636e-07 /ariscv/uu_dtpath/uu_dec/uu_reg_file/reg_dt_reg[11][7]
1.64609e-10 2.29894e-07 1.13801e-09 2.31196e-07 /ariscv/uu_dtpath/uu_dec/uu_reg_file/reg_dt_reg[11][8]
1.65161e-10 2.43541e-07 9.27544e-10 2.44634e-07 /ariscv/uu_dtpath/uu_dec/uu_reg_file/reg_dt_reg[11][9]
1.65157e-10 2.42178e-07 9.44409e-10 2.43288e-07 /ariscv/uu_dtpath/uu_dec/uu_reg_file/reg_dt_reg[11][10]
1.65280e-10 2.50389e-07 7.98700e-10 2.51353e-07 /ariscv/uu_dtpath/uu_dec/uu_reg_file/reg_dt_reg[11][11]
1.65767e-10 2.48953e-07 1.01591e-09 2.50135e-07 /ariscv/uu_dtpath/uu_dec/uu_reg_file/reg_dt_reg[11][12]
1.65829e-10 2.49015e-07 9.37663e-10 2.50119e-07 /ariscv/uu_dtpath/uu_dec/uu_reg_file/reg_dt_reg[11][13]
1.65829e-10 2.49011e-07 8.60761e-10 2.50037e-07 /ariscv/uu_dtpath/uu_dec/uu_reg_file/reg_dt_reg[11][14]
1.65940e-10 2.51713e-07 7.70368e-10 2.52649e-07 /ariscv/uu_dtpath/uu_dec/uu_reg_file/reg_dt_reg[11][15]
1.65879e-10 2.47597e-07 9.53178e-10 2.48716e-07 /ariscv/uu_dtpath/uu_dec/uu_reg_file/reg_dt_reg[11][16]
1.65763e-10 2.47607e-07 9.36314e-10 2.48709e-07 /ariscv/uu_dtpath/uu_dec/uu_reg_file/reg_dt_reg[11][17]
1.65883e-10 2.44886e-07 9.79487e-10 2.46032e-07 /ariscv/uu_dtpath/uu_dec/uu_reg_file/reg_dt_reg[11][18]
1.65760e-10 2.47589e-07 8.25009e-10 2.48580e-07 /ariscv/uu_dtpath/uu_dec/uu_reg_file/reg_dt_reg[11][19]
1.65763e-10 2.47592e-07 1.02671e-09 2.48785e-07 /ariscv/uu_dtpath/uu_dec/uu_reg_file/reg_dt_reg[11][20]
1.65885e-10 2.44852e-07 7.71717e-10 2.45790e-07 /ariscv/uu_dtpath/uu_dec/uu_reg_file/reg_dt_reg[11][21]
1.65768e-10 2.44850e-07 8.60761e-10 2.45876e-07 /ariscv/uu_dtpath/uu_dec/uu_reg_file/reg_dt_reg[11][22]
1.65885e-10 2.47596e-07 8.25683e-10 2.48587e-07 /ariscv/uu_dtpath/uu_dec/uu_reg_file/reg_dt_reg[11][23]
1.65881e-10 2.47622e-07 8.00724e-10 2.48589e-07 /ariscv/uu_dtpath/uu_dec/uu_reg_file/reg_dt_reg[11][24]
1.65761e-10 2.44902e-07 8.79649e-10 2.45948e-07 /ariscv/uu_dtpath/uu_dec/uu_reg_file/reg_dt_reg[11][25]
1.65886e-10 2.47601e-07 1.07932e-09 2.48846e-07 /ariscv/uu_dtpath/uu_dec/uu_reg_file/reg_dt_reg[11][26]
1.65763e-10 2.44908e-07 9.91629e-10 2.46066e-07 /ariscv/uu_dtpath/uu_dec/uu_reg_file/reg_dt_reg[11][27]
1.65765e-10 2.44911e-07 8.47270e-10 2.45924e-07 /ariscv/uu_dtpath/uu_dec/uu_reg_file/reg_dt_reg[11][28]
1.65826e-10 2.47569e-07 9.95677e-10 2.48730e-07 /ariscv/uu_dtpath/uu_dec/uu_reg_file/reg_dt_reg[11][29]
1.65646e-10 2.47594e-07 9.72741e-10 2.48733e-07 /ariscv/uu_dtpath/uu_dec/uu_reg_file/reg_dt_reg[11][30]
1.65768e-10 2.47679e-07 9.51155e-10 2.48796e-07 /ariscv/uu_dtpath/uu_dec/uu_reg_file/reg_dt_reg[11][31]
1.65162e-10 2.50332e-07 8.96514e-10 2.51394e-07 /ariscv/uu_dtpath/uu_dec/uu_reg_file/reg_dt_reg[12][0]
1.65885e-10 2.63896e-07 8.89768e-10 2.64951e-07 /ariscv/uu_dtpath/uu_dec/uu_reg_file/reg_dt_reg[12][1]
1.65465e-10 2.55825e-07 1.07258e-09 2.57063e-07 /ariscv/uu_dtpath/uu_dec/uu_reg_file/reg_dt_reg[12][2]
1.65885e-10 2.54381e-07 7.30568e-10 2.55277e-07 /ariscv/uu_dtpath/uu_dec/uu_reg_file/reg_dt_reg[12][3]
1.65339e-10 2.47585e-07 8.13541e-10 2.48564e-07 /ariscv/uu_dtpath/uu_dec/uu_reg_file/reg_dt_reg[12][4]
1.65159e-10 2.39392e-07 8.04097e-10 2.40361e-07 /ariscv/uu_dtpath/uu_dec/uu_reg_file/reg_dt_reg[12][5]
1.64922e-10 2.46237e-07 8.72904e-10 2.47274e-07 /ariscv/uu_dtpath/uu_dec/uu_reg_file/reg_dt_reg[12][6]
1.65219e-10 2.47633e-07 8.85046e-10 2.48683e-07 /ariscv/uu_dtpath/uu_dec/uu_reg_file/reg_dt_reg[12][7]
1.64609e-10 2.29896e-07 8.57388e-10 2.30918e-07 /ariscv/uu_dtpath/uu_dec/uu_reg_file/reg_dt_reg[12][8]
1.65161e-10 2.43541e-07 9.46432e-10 2.44653e-07 /ariscv/uu_dtpath/uu_dec/uu_reg_file/reg_dt_reg[12][9]
1.65157e-10 2.42182e-07 7.11679e-10 2.43059e-07 /ariscv/uu_dtpath/uu_dec/uu_reg_file/reg_dt_reg[12][10]
1.65283e-10 2.50389e-07 8.58063e-10 2.51412e-07 /ariscv/uu_dtpath/uu_dec/uu_reg_file/reg_dt_reg[12][11]
1.65765e-10 2.48954e-07 9.58575e-10 2.50078e-07 /ariscv/uu_dtpath/uu_dec/uu_reg_file/reg_dt_reg[12][12]
1.65820e-10 2.49017e-07 7.86558e-10 2.49969e-07 /ariscv/uu_dtpath/uu_dec/uu_reg_file/reg_dt_reg[12][13]
1.65829e-10 2.49012e-07 8.02747e-10 2.49980e-07 /ariscv/uu_dtpath/uu_dec/uu_reg_file/reg_dt_reg[12][14]
1.65940e-10 2.51712e-07 8.60761e-10 2.52739e-07 /ariscv/uu_dtpath/uu_dec/uu_reg_file/reg_dt_reg[12][15]
1.65885e-10 2.47598e-07 8.14890e-10 2.48579e-07 /ariscv/uu_dtpath/uu_dec/uu_reg_file/reg_dt_reg[12][16]
1.65763e-10 2.47608e-07 7.79137e-10 2.48553e-07 /ariscv/uu_dtpath/uu_dec/uu_reg_file/reg_dt_reg[12][17]
1.65884e-10 2.44888e-07 8.07469e-10 2.45861e-07 /ariscv/uu_dtpath/uu_dec/uu_reg_file/reg_dt_reg[12][18]
1.65760e-10 2.47589e-07 9.16751e-10 2.48672e-07 /ariscv/uu_dtpath/uu_dec/uu_reg_file/reg_dt_reg[12][19]
1.65763e-10 2.47592e-07 1.09417e-09 2.48852e-07 /ariscv/uu_dtpath/uu_dec/uu_reg_file/reg_dt_reg[12][20]
1.65881e-10 2.47700e-07 8.75602e-10 2.48742e-07 /ariscv/uu_dtpath/uu_dec/uu_reg_file/reg_dt_reg[12][21]
1.65768e-10 2.44848e-07 1.12857e-09 2.46143e-07 /ariscv/uu_dtpath/uu_dec/uu_reg_file/reg_dt_reg[12][22]
1.65885e-10 2.47594e-07 1.07393e-09 2.48834e-07 /ariscv/uu_dtpath/uu_dec/uu_reg_file/reg_dt_reg[12][23]
1.65881e-10 2.47623e-07 8.11517e-10 2.48600e-07 /ariscv/uu_dtpath/uu_dec/uu_reg_file/reg_dt_reg[12][24]
1.65763e-10 2.44903e-07 7.89256e-10 2.45858e-07 /ariscv/uu_dtpath/uu_dec/uu_reg_file/reg_dt_reg[12][25]
1.65885e-10 2.47599e-07 1.08472e-09 2.48849e-07 /ariscv/uu_dtpath/uu_dec/uu_reg_file/reg_dt_reg[12][26]
1.65767e-10 2.44909e-07 9.07982e-10 2.45983e-07 /ariscv/uu_dtpath/uu_dec/uu_reg_file/reg_dt_reg[12][27]
1.65771e-10 2.44911e-07 8.64809e-10 2.45942e-07 /ariscv/uu_dtpath/uu_dec/uu_reg_file/reg_dt_reg[12][28]
1.65830e-10 2.47569e-07 1.03548e-09 2.48770e-07 /ariscv/uu_dtpath/uu_dec/uu_reg_file/reg_dt_reg[12][29]
1.65649e-10 2.47595e-07 1.00984e-09 2.48770e-07 /ariscv/uu_dtpath/uu_dec/uu_reg_file/reg_dt_reg[12][30]
1.65768e-10 2.47678e-07 1.15960e-09 2.49004e-07 /ariscv/uu_dtpath/uu_dec/uu_reg_file/reg_dt_reg[12][31]
1.64777e-10 2.50288e-07 1.06786e-09 2.51521e-07 /ariscv/uu_dtpath/uu_dec/uu_reg_file/reg_dt_reg[13][0]
1.65505e-10 2.63837e-07 9.36988e-10 2.64939e-07 /ariscv/uu_dtpath/uu_dec/uu_reg_file/reg_dt_reg[13][1]
1.65084e-10 2.55778e-07 8.15564e-10 2.56759e-07 /ariscv/uu_dtpath/uu_dec/uu_reg_file/reg_dt_reg[13][2]
1.65503e-10 2.54332e-07 8.71554e-10 2.55369e-07 /ariscv/uu_dtpath/uu_dec/uu_reg_file/reg_dt_reg[13][3]
1.64957e-10 2.47545e-07 8.80661e-10 2.48591e-07 /ariscv/uu_dtpath/uu_dec/uu_reg_file/reg_dt_reg[13][4]
1.64776e-10 2.39362e-07 7.35964e-10 2.40263e-07 /ariscv/uu_dtpath/uu_dec/uu_reg_file/reg_dt_reg[13][5]
1.64540e-10 2.46199e-07 8.44571e-10 2.47208e-07 /ariscv/uu_dtpath/uu_dec/uu_reg_file/reg_dt_reg[13][6]
1.64836e-10 2.47595e-07 9.10680e-10 2.48671e-07 /ariscv/uu_dtpath/uu_dec/uu_reg_file/reg_dt_reg[13][7]
1.64226e-10 2.29876e-07 8.70880e-10 2.30911e-07 /ariscv/uu_dtpath/uu_dec/uu_reg_file/reg_dt_reg[13][8]
1.64782e-10 2.43507e-07 9.42048e-10 2.44613e-07 /ariscv/uu_dtpath/uu_dec/uu_reg_file/reg_dt_reg[13][9]
1.64781e-10 2.42146e-07 7.94315e-10 2.43105e-07 /ariscv/uu_dtpath/uu_dec/uu_reg_file/reg_dt_reg[13][10]
1.64903e-10 2.50347e-07 8.01736e-10 2.51314e-07 /ariscv/uu_dtpath/uu_dec/uu_reg_file/reg_dt_reg[13][11]
1.65386e-10 2.48912e-07 1.08540e-09 2.50163e-07 /ariscv/uu_dtpath/uu_dec/uu_reg_file/reg_dt_reg[13][12]
1.65441e-10 2.48975e-07 9.86570e-10 2.50127e-07 /ariscv/uu_dtpath/uu_dec/uu_reg_file/reg_dt_reg[13][13]
1.65447e-10 2.48970e-07 8.61098e-10 2.49997e-07 /ariscv/uu_dtpath/uu_dec/uu_reg_file/reg_dt_reg[13][14]
1.65558e-10 2.51668e-07 8.16914e-10 2.52651e-07 /ariscv/uu_dtpath/uu_dec/uu_reg_file/reg_dt_reg[13][15]
1.65501e-10 2.47559e-07 7.18763e-10 2.48443e-07 /ariscv/uu_dtpath/uu_dec/uu_reg_file/reg_dt_reg[13][16]
1.65380e-10 2.47569e-07 8.18937e-10 2.48553e-07 /ariscv/uu_dtpath/uu_dec/uu_reg_file/reg_dt_reg[13][17]
1.65504e-10 2.44850e-07 9.26870e-10 2.45943e-07 /ariscv/uu_dtpath/uu_dec/uu_reg_file/reg_dt_reg[13][18]
1.65379e-10 2.47550e-07 8.57388e-10 2.48573e-07 /ariscv/uu_dtpath/uu_dec/uu_reg_file/reg_dt_reg[13][19]
1.65384e-10 2.47553e-07 1.04391e-09 2.48762e-07 /ariscv/uu_dtpath/uu_dec/uu_reg_file/reg_dt_reg[13][20]
1.65502e-10 2.47660e-07 1.05167e-09 2.48878e-07 /ariscv/uu_dtpath/uu_dec/uu_reg_file/reg_dt_reg[13][21]
1.65387e-10 2.44812e-07 9.94328e-10 2.45972e-07 /ariscv/uu_dtpath/uu_dec/uu_reg_file/reg_dt_reg[13][22]
1.65503e-10 2.47553e-07 1.34072e-09 2.49060e-07 /ariscv/uu_dtpath/uu_dec/uu_reg_file/reg_dt_reg[13][23]
1.65502e-10 2.47583e-07 8.01061e-10 2.48550e-07 /ariscv/uu_dtpath/uu_dec/uu_reg_file/reg_dt_reg[13][24]
1.65383e-10 2.44866e-07 9.60261e-10 2.45992e-07 /ariscv/uu_dtpath/uu_dec/uu_reg_file/reg_dt_reg[13][25]
1.65505e-10 2.47562e-07 8.75265e-10 2.48603e-07 /ariscv/uu_dtpath/uu_dec/uu_reg_file/reg_dt_reg[13][26]
1.65385e-10 2.44873e-07 8.30405e-10 2.45869e-07 /ariscv/uu_dtpath/uu_dec/uu_reg_file/reg_dt_reg[13][27]
1.65390e-10 2.44874e-07 1.10597e-09 2.46145e-07 /ariscv/uu_dtpath/uu_dec/uu_reg_file/reg_dt_reg[13][28]
1.65449e-10 2.47529e-07 9.84883e-10 2.48679e-07 /ariscv/uu_dtpath/uu_dec/uu_reg_file/reg_dt_reg[13][29]
1.65266e-10 2.47554e-07 1.14813e-09 2.48868e-07 /ariscv/uu_dtpath/uu_dec/uu_reg_file/reg_dt_reg[13][30]
1.65386e-10 2.47639e-07 1.13295e-09 2.48938e-07 /ariscv/uu_dtpath/uu_dec/uu_reg_file/reg_dt_reg[13][31]
1.65162e-10 2.50332e-07 8.77626e-10 2.51375e-07 /ariscv/uu_dtpath/uu_dec/uu_reg_file/reg_dt_reg[14][0]
1.65885e-10 2.63893e-07 9.45083e-10 2.65004e-07 /ariscv/uu_dtpath/uu_dec/uu_reg_file/reg_dt_reg[14][1]
1.65464e-10 2.55823e-07 8.89768e-10 2.56878e-07 /ariscv/uu_dtpath/uu_dec/uu_reg_file/reg_dt_reg[14][2]
1.65886e-10 2.54378e-07 8.07469e-10 2.55351e-07 /ariscv/uu_dtpath/uu_dec/uu_reg_file/reg_dt_reg[14][3]
1.65336e-10 2.47582e-07 8.61436e-10 2.48609e-07 /ariscv/uu_dtpath/uu_dec/uu_reg_file/reg_dt_reg[14][4]
1.65156e-10 2.39391e-07 8.75602e-10 2.40432e-07 /ariscv/uu_dtpath/uu_dec/uu_reg_file/reg_dt_reg[14][5]
1.64920e-10 2.46235e-07 9.68019e-10 2.47368e-07 /ariscv/uu_dtpath/uu_dec/uu_reg_file/reg_dt_reg[14][6]
1.65217e-10 2.47631e-07 1.09754e-09 2.48894e-07 /ariscv/uu_dtpath/uu_dec/uu_reg_file/reg_dt_reg[14][7]
1.64609e-10 2.29896e-07 8.14215e-10 2.30875e-07 /ariscv/uu_dtpath/uu_dec/uu_reg_file/reg_dt_reg[14][8]
1.65161e-10 2.43542e-07 8.49293e-10 2.44557e-07 /ariscv/uu_dtpath/uu_dec/uu_reg_file/reg_dt_reg[14][9]
1.65162e-10 2.42182e-07 7.87907e-10 2.43135e-07 /ariscv/uu_dtpath/uu_dec/uu_reg_file/reg_dt_reg[14][10]
1.65283e-10 2.50389e-07 8.69531e-10 2.51424e-07 /ariscv/uu_dtpath/uu_dec/uu_reg_file/reg_dt_reg[14][11]
1.65765e-10 2.48954e-07 9.63297e-10 2.50083e-07 /ariscv/uu_dtpath/uu_dec/uu_reg_file/reg_dt_reg[14][12]
1.65829e-10 2.49016e-07 9.08656e-10 2.50091e-07 /ariscv/uu_dtpath/uu_dec/uu_reg_file/reg_dt_reg[14][13]
1.65829e-10 2.49009e-07 1.32285e-09 2.50497e-07 /ariscv/uu_dtpath/uu_dec/uu_reg_file/reg_dt_reg[14][14]
1.65944e-10 2.51711e-07 1.15285e-09 2.53030e-07 /ariscv/uu_dtpath/uu_dec/uu_reg_file/reg_dt_reg[14][15]
1.65879e-10 2.47597e-07 1.11103e-09 2.48874e-07 /ariscv/uu_dtpath/uu_dec/uu_reg_file/reg_dt_reg[14][16]
1.65763e-10 2.47607e-07 9.74765e-10 2.48748e-07 /ariscv/uu_dtpath/uu_dec/uu_reg_file/reg_dt_reg[14][17]
1.65883e-10 2.44887e-07 9.24846e-10 2.45978e-07 /ariscv/uu_dtpath/uu_dec/uu_reg_file/reg_dt_reg[14][18]
1.65762e-10 2.47589e-07 9.82185e-10 2.48737e-07 /ariscv/uu_dtpath/uu_dec/uu_reg_file/reg_dt_reg[14][19]
1.65759e-10 2.47594e-07 8.29056e-10 2.48589e-07 /ariscv/uu_dtpath/uu_dec/uu_reg_file/reg_dt_reg[14][20]
1.65881e-10 2.44853e-07 7.55527e-10 2.45774e-07 /ariscv/uu_dtpath/uu_dec/uu_reg_file/reg_dt_reg[14][21]
1.65763e-10 2.44850e-07 8.04097e-10 2.45820e-07 /ariscv/uu_dtpath/uu_dec/uu_reg_file/reg_dt_reg[14][22]
1.65885e-10 2.47595e-07 1.05032e-09 2.48811e-07 /ariscv/uu_dtpath/uu_dec/uu_reg_file/reg_dt_reg[14][23]
1.65879e-10 2.47623e-07 8.17588e-10 2.48606e-07 /ariscv/uu_dtpath/uu_dec/uu_reg_file/reg_dt_reg[14][24]
1.65761e-10 2.44903e-07 9.09331e-10 2.45978e-07 /ariscv/uu_dtpath/uu_dec/uu_reg_file/reg_dt_reg[14][25]
1.65885e-10 2.47600e-07 8.72904e-10 2.48639e-07 /ariscv/uu_dtpath/uu_dec/uu_reg_file/reg_dt_reg[14][26]
1.65763e-10 2.44909e-07 9.91629e-10 2.46066e-07 /ariscv/uu_dtpath/uu_dec/uu_reg_file/reg_dt_reg[14][27]
1.65771e-10 2.44911e-07 1.02671e-09 2.46103e-07 /ariscv/uu_dtpath/uu_dec/uu_reg_file/reg_dt_reg[14][28]
1.65827e-10 2.47566e-07 1.09214e-09 2.48824e-07 /ariscv/uu_dtpath/uu_dec/uu_reg_file/reg_dt_reg[14][29]
1.65649e-10 2.47595e-07 9.96351e-10 2.48757e-07 /ariscv/uu_dtpath/uu_dec/uu_reg_file/reg_dt_reg[14][30]
1.65768e-10 2.47678e-07 1.14746e-09 2.48992e-07 /ariscv/uu_dtpath/uu_dec/uu_reg_file/reg_dt_reg[14][31]
1.65158e-10 2.50328e-07 9.07982e-10 2.51402e-07 /ariscv/uu_dtpath/uu_dec/uu_reg_file/reg_dt_reg[15][0]
1.65885e-10 2.63895e-07 8.74927e-10 2.64935e-07 /ariscv/uu_dtpath/uu_dec/uu_reg_file/reg_dt_reg[15][1]
1.65464e-10 2.55824e-07 1.05302e-09 2.57042e-07 /ariscv/uu_dtpath/uu_dec/uu_reg_file/reg_dt_reg[15][2]
1.65882e-10 2.54379e-07 8.54015e-10 2.55399e-07 /ariscv/uu_dtpath/uu_dec/uu_reg_file/reg_dt_reg[15][3]
1.65336e-10 2.47584e-07 8.75602e-10 2.48624e-07 /ariscv/uu_dtpath/uu_dec/uu_reg_file/reg_dt_reg[15][4]
1.65156e-10 2.39393e-07 8.15564e-10 2.40374e-07 /ariscv/uu_dtpath/uu_dec/uu_reg_file/reg_dt_reg[15][5]
1.64920e-10 2.46238e-07 7.68344e-10 2.47171e-07 /ariscv/uu_dtpath/uu_dec/uu_reg_file/reg_dt_reg[15][6]
1.65217e-10 2.47634e-07 8.59412e-10 2.48658e-07 /ariscv/uu_dtpath/uu_dec/uu_reg_file/reg_dt_reg[15][7]
1.64607e-10 2.29892e-07 8.58063e-10 2.30915e-07 /ariscv/uu_dtpath/uu_dec/uu_reg_file/reg_dt_reg[15][8]
1.65162e-10 2.43538e-07 8.95839e-10 2.44599e-07 /ariscv/uu_dtpath/uu_dec/uu_reg_file/reg_dt_reg[15][9]
1.65160e-10 2.42175e-07 9.03260e-10 2.43244e-07 /ariscv/uu_dtpath/uu_dec/uu_reg_file/reg_dt_reg[15][10]
1.65285e-10 2.50385e-07 9.96351e-10 2.51546e-07 /ariscv/uu_dtpath/uu_dec/uu_reg_file/reg_dt_reg[15][11]
1.65765e-10 2.48950e-07 1.07528e-09 2.50191e-07 /ariscv/uu_dtpath/uu_dec/uu_reg_file/reg_dt_reg[15][12]
1.65825e-10 2.49013e-07 7.89256e-10 2.49968e-07 /ariscv/uu_dtpath/uu_dec/uu_reg_file/reg_dt_reg[15][13]
1.65828e-10 2.49007e-07 9.81511e-10 2.50154e-07 /ariscv/uu_dtpath/uu_dec/uu_reg_file/reg_dt_reg[15][14]
1.65944e-10 2.51706e-07 1.11643e-09 2.52989e-07 /ariscv/uu_dtpath/uu_dec/uu_reg_file/reg_dt_reg[15][15]
1.65879e-10 2.47592e-07 1.14004e-09 2.48898e-07 /ariscv/uu_dtpath/uu_dec/uu_reg_file/reg_dt_reg[15][16]
1.65763e-10 2.47603e-07 9.28219e-10 2.48697e-07 /ariscv/uu_dtpath/uu_dec/uu_reg_file/reg_dt_reg[15][17]
1.65883e-10 2.44883e-07 7.37988e-10 2.45787e-07 /ariscv/uu_dtpath/uu_dec/uu_reg_file/reg_dt_reg[15][18]
1.65762e-10 2.47586e-07 7.26520e-10 2.48478e-07 /ariscv/uu_dtpath/uu_dec/uu_reg_file/reg_dt_reg[15][19]
1.65759e-10 2.47589e-07 8.29056e-10 2.48584e-07 /ariscv/uu_dtpath/uu_dec/uu_reg_file/reg_dt_reg[15][20]
1.65881e-10 2.44847e-07 8.72229e-10 2.45885e-07 /ariscv/uu_dtpath/uu_dec/uu_reg_file/reg_dt_reg[15][21]
1.65763e-10 2.44846e-07 7.26520e-10 2.45738e-07 /ariscv/uu_dtpath/uu_dec/uu_reg_file/reg_dt_reg[15][22]
1.65885e-10 2.47590e-07 1.04222e-09 2.48798e-07 /ariscv/uu_dtpath/uu_dec/uu_reg_file/reg_dt_reg[15][23]
1.65881e-10 2.47618e-07 1.01322e-09 2.48797e-07 /ariscv/uu_dtpath/uu_dec/uu_reg_file/reg_dt_reg[15][24]
1.65761e-10 2.44900e-07 7.20449e-10 2.45787e-07 /ariscv/uu_dtpath/uu_dec/uu_reg_file/reg_dt_reg[15][25]
1.65885e-10 2.47594e-07 9.97700e-10 2.48758e-07 /ariscv/uu_dtpath/uu_dec/uu_reg_file/reg_dt_reg[15][26]
1.65765e-10 2.44906e-07 8.72904e-10 2.45945e-07 /ariscv/uu_dtpath/uu_dec/uu_reg_file/reg_dt_reg[15][27]
1.65765e-10 2.44908e-07 8.32429e-10 2.45906e-07 /ariscv/uu_dtpath/uu_dec/uu_reg_file/reg_dt_reg[15][28]
1.65825e-10 2.47567e-07 7.94653e-10 2.48527e-07 /ariscv/uu_dtpath/uu_dec/uu_reg_file/reg_dt_reg[15][29]
1.65648e-10 2.47592e-07 8.14890e-10 2.48573e-07 /ariscv/uu_dtpath/uu_dec/uu_reg_file/reg_dt_reg[15][30]
1.65768e-10 2.47675e-07 9.05958e-10 2.48747e-07 /ariscv/uu_dtpath/uu_dec/uu_reg_file/reg_dt_reg[15][31]
1.65152e-10 2.50333e-07 8.54690e-10 2.51353e-07 /ariscv/uu_dtpath/uu_dec/uu_reg_file/reg_dt_reg[16][0]
1.65887e-10 2.63899e-07 8.39849e-10 2.64905e-07 /ariscv/uu_dtpath/uu_dec/uu_reg_file/reg_dt_reg[16][1]
1.65462e-10 2.55780e-07 8.06795e-10 2.56753e-07 /ariscv/uu_dtpath/uu_dec/uu_reg_file/reg_dt_reg[16][2]
1.65884e-10 2.54383e-07 8.11517e-10 2.55361e-07 /ariscv/uu_dtpath/uu_dec/uu_reg_file/reg_dt_reg[16][3]
1.65336e-10 2.47589e-07 7.34615e-10 2.48489e-07 /ariscv/uu_dtpath/uu_dec/uu_reg_file/reg_dt_reg[16][4]
1.65155e-10 2.39395e-07 7.91280e-10 2.40351e-07 /ariscv/uu_dtpath/uu_dec/uu_reg_file/reg_dt_reg[16][5]
1.64920e-10 2.46241e-07 6.11842e-10 2.47018e-07 /ariscv/uu_dtpath/uu_dec/uu_reg_file/reg_dt_reg[16][6]
1.65218e-10 2.47640e-07 9.48456e-10 2.48753e-07 /ariscv/uu_dtpath/uu_dec/uu_reg_file/reg_dt_reg[16][7]
1.64610e-10 2.29902e-07 8.71554e-10 2.30939e-07 /ariscv/uu_dtpath/uu_dec/uu_reg_file/reg_dt_reg[16][8]
1.65157e-10 2.43401e-07 7.52154e-10 2.44318e-07 /ariscv/uu_dtpath/uu_dec/uu_reg_file/reg_dt_reg[16][9]
1.65157e-10 2.42145e-07 8.54015e-10 2.43164e-07 /ariscv/uu_dtpath/uu_dec/uu_reg_file/reg_dt_reg[16][10]
1.65282e-10 2.50181e-07 8.78975e-10 2.51225e-07 /ariscv/uu_dtpath/uu_dec/uu_reg_file/reg_dt_reg[16][11]
1.65760e-10 2.48956e-07 7.29893e-10 2.49852e-07 /ariscv/uu_dtpath/uu_dec/uu_reg_file/reg_dt_reg[16][12]
1.65821e-10 2.48917e-07 7.15727e-10 2.49798e-07 /ariscv/uu_dtpath/uu_dec/uu_reg_file/reg_dt_reg[16][13]
1.65822e-10 2.48897e-07 7.80486e-10 2.49844e-07 /ariscv/uu_dtpath/uu_dec/uu_reg_file/reg_dt_reg[16][14]
1.65943e-10 2.51772e-07 8.06795e-10 2.52744e-07 /ariscv/uu_dtpath/uu_dec/uu_reg_file/reg_dt_reg[16][15]
1.65887e-10 2.47594e-07 6.79974e-10 2.48440e-07 /ariscv/uu_dtpath/uu_dec/uu_reg_file/reg_dt_reg[16][16]
1.65765e-10 2.47603e-07 8.06120e-10 2.48575e-07 /ariscv/uu_dtpath/uu_dec/uu_reg_file/reg_dt_reg[16][17]
1.65889e-10 2.44883e-07 7.35964e-10 2.45785e-07 /ariscv/uu_dtpath/uu_dec/uu_reg_file/reg_dt_reg[16][18]
1.65763e-10 2.47586e-07 7.02235e-10 2.48454e-07 /ariscv/uu_dtpath/uu_dec/uu_reg_file/reg_dt_reg[16][19]
1.65763e-10 2.47590e-07 6.79974e-10 2.48435e-07 /ariscv/uu_dtpath/uu_dec/uu_reg_file/reg_dt_reg[16][20]
1.65888e-10 2.44848e-07 7.68344e-10 2.45782e-07 /ariscv/uu_dtpath/uu_dec/uu_reg_file/reg_dt_reg[16][21]
1.65765e-10 2.44846e-07 6.47595e-10 2.45660e-07 /ariscv/uu_dtpath/uu_dec/uu_reg_file/reg_dt_reg[16][22]
1.65883e-10 2.47591e-07 7.60924e-10 2.48518e-07 /ariscv/uu_dtpath/uu_dec/uu_reg_file/reg_dt_reg[16][23]
1.65879e-10 2.47621e-07 8.63459e-10 2.48650e-07 /ariscv/uu_dtpath/uu_dec/uu_reg_file/reg_dt_reg[16][24]
1.65763e-10 2.44873e-07 1.00512e-09 2.46044e-07 /ariscv/uu_dtpath/uu_dec/uu_reg_file/reg_dt_reg[16][25]
1.65887e-10 2.44872e-07 6.73903e-10 2.45712e-07 /ariscv/uu_dtpath/uu_dec/uu_reg_file/reg_dt_reg[16][26]
1.65765e-10 2.44847e-07 8.05446e-10 2.45818e-07 /ariscv/uu_dtpath/uu_dec/uu_reg_file/reg_dt_reg[16][27]
1.65764e-10 2.44776e-07 6.96164e-10 2.45638e-07 /ariscv/uu_dtpath/uu_dec/uu_reg_file/reg_dt_reg[16][28]
1.65821e-10 2.47569e-07 7.64971e-10 2.48499e-07 /ariscv/uu_dtpath/uu_dec/uu_reg_file/reg_dt_reg[16][29]
1.65637e-10 2.47597e-07 7.21124e-10 2.48484e-07 /ariscv/uu_dtpath/uu_dec/uu_reg_file/reg_dt_reg[16][30]
1.65769e-10 2.47604e-07 9.81511e-10 2.48751e-07 /ariscv/uu_dtpath/uu_dec/uu_reg_file/reg_dt_reg[16][31]
1.65156e-10 2.50328e-07 7.26520e-10 2.51220e-07 /ariscv/uu_dtpath/uu_dec/uu_reg_file/reg_dt_reg[17][0]
1.65884e-10 2.63893e-07 9.51829e-10 2.65011e-07 /ariscv/uu_dtpath/uu_dec/uu_reg_file/reg_dt_reg[17][1]
1.65463e-10 2.55776e-07 6.79974e-10 2.56621e-07 /ariscv/uu_dtpath/uu_dec/uu_reg_file/reg_dt_reg[17][2]
1.65886e-10 2.54379e-07 6.78625e-10 2.55223e-07 /ariscv/uu_dtpath/uu_dec/uu_reg_file/reg_dt_reg[17][3]
1.65338e-10 2.47584e-07 6.43547e-10 2.48392e-07 /ariscv/uu_dtpath/uu_dec/uu_reg_file/reg_dt_reg[17][4]
1.65157e-10 2.39390e-07 6.82673e-10 2.40238e-07 /ariscv/uu_dtpath/uu_dec/uu_reg_file/reg_dt_reg[17][5]
1.64921e-10 2.46235e-07 6.98188e-10 2.47098e-07 /ariscv/uu_dtpath/uu_dec/uu_reg_file/reg_dt_reg[17][6]
1.65218e-10 2.47636e-07 6.46920e-10 2.48448e-07 /ariscv/uu_dtpath/uu_dec/uu_reg_file/reg_dt_reg[17][7]
1.64606e-10 2.29898e-07 6.24659e-10 2.30688e-07 /ariscv/uu_dtpath/uu_dec/uu_reg_file/reg_dt_reg[17][8]
1.65160e-10 2.43395e-07 7.37988e-10 2.44298e-07 /ariscv/uu_dtpath/uu_dec/uu_reg_file/reg_dt_reg[17][9]
1.65160e-10 2.42140e-07 7.38663e-10 2.43044e-07 /ariscv/uu_dtpath/uu_dec/uu_reg_file/reg_dt_reg[17][10]
1.65280e-10 2.50179e-07 7.18425e-10 2.51063e-07 /ariscv/uu_dtpath/uu_dec/uu_reg_file/reg_dt_reg[17][11]
1.65760e-10 2.48954e-07 7.52154e-10 2.49872e-07 /ariscv/uu_dtpath/uu_dec/uu_reg_file/reg_dt_reg[17][12]
1.65821e-10 2.48915e-07 6.81998e-10 2.49763e-07 /ariscv/uu_dtpath/uu_dec/uu_reg_file/reg_dt_reg[17][13]
1.65822e-10 2.48895e-07 7.88581e-10 2.49850e-07 /ariscv/uu_dtpath/uu_dec/uu_reg_file/reg_dt_reg[17][14]
1.65942e-10 2.51766e-07 8.79649e-10 2.52811e-07 /ariscv/uu_dtpath/uu_dec/uu_reg_file/reg_dt_reg[17][15]
1.65886e-10 2.47595e-07 6.59062e-10 2.48420e-07 /ariscv/uu_dtpath/uu_dec/uu_reg_file/reg_dt_reg[17][16]
1.65766e-10 2.47605e-07 7.30568e-10 2.48501e-07 /ariscv/uu_dtpath/uu_dec/uu_reg_file/reg_dt_reg[17][17]
1.65889e-10 2.44885e-07 7.00212e-10 2.45751e-07 /ariscv/uu_dtpath/uu_dec/uu_reg_file/reg_dt_reg[17][18]
1.65761e-10 2.47587e-07 6.42198e-10 2.48395e-07 /ariscv/uu_dtpath/uu_dec/uu_reg_file/reg_dt_reg[17][19]
1.65761e-10 2.47591e-07 7.34615e-10 2.48491e-07 /ariscv/uu_dtpath/uu_dec/uu_reg_file/reg_dt_reg[17][20]
1.65889e-10 2.44849e-07 8.00049e-10 2.45815e-07 /ariscv/uu_dtpath/uu_dec/uu_reg_file/reg_dt_reg[17][21]
1.65766e-10 2.44847e-07 6.98862e-10 2.45712e-07 /ariscv/uu_dtpath/uu_dec/uu_reg_file/reg_dt_reg[17][22]
1.65883e-10 2.47593e-07 6.65808e-10 2.48425e-07 /ariscv/uu_dtpath/uu_dec/uu_reg_file/reg_dt_reg[17][23]
1.65881e-10 2.47615e-07 8.84371e-10 2.48666e-07 /ariscv/uu_dtpath/uu_dec/uu_reg_file/reg_dt_reg[17][24]
1.65762e-10 2.44868e-07 8.51317e-10 2.45885e-07 /ariscv/uu_dtpath/uu_dec/uu_reg_file/reg_dt_reg[17][25]
1.65886e-10 2.44866e-07 8.22985e-10 2.45854e-07 /ariscv/uu_dtpath/uu_dec/uu_reg_file/reg_dt_reg[17][26]
1.65767e-10 2.44842e-07 6.63110e-10 2.45671e-07 /ariscv/uu_dtpath/uu_dec/uu_reg_file/reg_dt_reg[17][27]
1.65763e-10 2.44771e-07 7.37988e-10 2.45674e-07 /ariscv/uu_dtpath/uu_dec/uu_reg_file/reg_dt_reg[17][28]
1.65821e-10 2.47567e-07 6.90768e-10 2.48424e-07 /ariscv/uu_dtpath/uu_dec/uu_reg_file/reg_dt_reg[17][29]
1.65638e-10 2.47592e-07 6.86046e-10 2.48443e-07 /ariscv/uu_dtpath/uu_dec/uu_reg_file/reg_dt_reg[17][30]
1.65769e-10 2.47606e-07 8.04771e-10 2.48577e-07 /ariscv/uu_dtpath/uu_dec/uu_reg_file/reg_dt_reg[17][31]
1.65148e-10 2.50334e-07 8.17588e-10 2.51316e-07 /ariscv/uu_dtpath/uu_dec/uu_reg_file/reg_dt_reg[18][0]
1.65882e-10 2.63899e-07 8.60761e-10 2.64926e-07 /ariscv/uu_dtpath/uu_dec/uu_reg_file/reg_dt_reg[18][1]
1.65465e-10 2.55780e-07 8.79649e-10 2.56826e-07 /ariscv/uu_dtpath/uu_dec/uu_reg_file/reg_dt_reg[18][2]
1.65884e-10 2.54382e-07 1.03548e-09 2.55584e-07 /ariscv/uu_dtpath/uu_dec/uu_reg_file/reg_dt_reg[18][3]
1.65331e-10 2.47589e-07 7.86558e-10 2.48541e-07 /ariscv/uu_dtpath/uu_dec/uu_reg_file/reg_dt_reg[18][4]
1.65155e-10 2.39395e-07 9.12029e-10 2.40472e-07 /ariscv/uu_dtpath/uu_dec/uu_reg_file/reg_dt_reg[18][5]
1.64915e-10 2.46240e-07 7.93303e-10 2.47199e-07 /ariscv/uu_dtpath/uu_dec/uu_reg_file/reg_dt_reg[18][6]
1.65215e-10 2.47641e-07 7.99375e-10 2.48605e-07 /ariscv/uu_dtpath/uu_dec/uu_reg_file/reg_dt_reg[18][7]
1.64604e-10 2.29901e-07 1.10293e-09 2.31169e-07 /ariscv/uu_dtpath/uu_dec/uu_reg_file/reg_dt_reg[18][8]
1.65153e-10 2.43400e-07 9.85558e-10 2.44550e-07 /ariscv/uu_dtpath/uu_dec/uu_reg_file/reg_dt_reg[18][9]
1.65151e-10 2.42145e-07 8.84371e-10 2.43194e-07 /ariscv/uu_dtpath/uu_dec/uu_reg_file/reg_dt_reg[18][10]
1.65281e-10 2.50180e-07 1.10563e-09 2.51451e-07 /ariscv/uu_dtpath/uu_dec/uu_reg_file/reg_dt_reg[18][11]
1.65765e-10 2.48955e-07 9.43734e-10 2.50065e-07 /ariscv/uu_dtpath/uu_dec/uu_reg_file/reg_dt_reg[18][12]
1.65821e-10 2.48917e-07 8.18937e-10 2.49901e-07 /ariscv/uu_dtpath/uu_dec/uu_reg_file/reg_dt_reg[18][13]
1.65822e-10 2.48898e-07 8.31754e-10 2.49895e-07 /ariscv/uu_dtpath/uu_dec/uu_reg_file/reg_dt_reg[18][14]
1.65943e-10 2.51770e-07 1.17916e-09 2.53115e-07 /ariscv/uu_dtpath/uu_dec/uu_reg_file/reg_dt_reg[18][15]
1.65883e-10 2.47596e-07 1.00647e-09 2.48768e-07 /ariscv/uu_dtpath/uu_dec/uu_reg_file/reg_dt_reg[18][16]
1.65767e-10 2.47606e-07 9.41710e-10 2.48714e-07 /ariscv/uu_dtpath/uu_dec/uu_reg_file/reg_dt_reg[18][17]
1.65889e-10 2.44886e-07 9.56888e-10 2.46008e-07 /ariscv/uu_dtpath/uu_dec/uu_reg_file/reg_dt_reg[18][18]
1.65761e-10 2.47589e-07 7.65646e-10 2.48520e-07 /ariscv/uu_dtpath/uu_dec/uu_reg_file/reg_dt_reg[18][19]
1.65763e-10 2.47592e-07 8.61436e-10 2.48620e-07 /ariscv/uu_dtpath/uu_dec/uu_reg_file/reg_dt_reg[18][20]
1.65889e-10 2.44851e-07 8.89768e-10 2.45906e-07 /ariscv/uu_dtpath/uu_dec/uu_reg_file/reg_dt_reg[18][21]
1.65768e-10 2.44849e-07 8.10842e-10 2.45826e-07 /ariscv/uu_dtpath/uu_dec/uu_reg_file/reg_dt_reg[18][22]
1.65881e-10 2.47595e-07 8.70880e-10 2.48631e-07 /ariscv/uu_dtpath/uu_dec/uu_reg_file/reg_dt_reg[18][23]
1.65879e-10 2.47620e-07 1.09282e-09 2.48879e-07 /ariscv/uu_dtpath/uu_dec/uu_reg_file/reg_dt_reg[18][24]
1.65763e-10 2.44874e-07 8.95839e-10 2.45936e-07 /ariscv/uu_dtpath/uu_dec/uu_reg_file/reg_dt_reg[18][25]
1.65887e-10 2.44871e-07 8.25009e-10 2.45862e-07 /ariscv/uu_dtpath/uu_dec/uu_reg_file/reg_dt_reg[18][26]
1.65766e-10 2.44847e-07 8.66158e-10 2.45879e-07 /ariscv/uu_dtpath/uu_dec/uu_reg_file/reg_dt_reg[18][27]
1.65765e-10 2.44775e-07 9.28893e-10 2.45870e-07 /ariscv/uu_dtpath/uu_dec/uu_reg_file/reg_dt_reg[18][28]
1.65821e-10 2.47569e-07 7.71042e-10 2.48506e-07 /ariscv/uu_dtpath/uu_dec/uu_reg_file/reg_dt_reg[18][29]
1.65637e-10 2.47596e-07 1.03615e-09 2.48797e-07 /ariscv/uu_dtpath/uu_dec/uu_reg_file/reg_dt_reg[18][30]
1.65767e-10 2.47606e-07 1.19535e-09 2.48967e-07 /ariscv/uu_dtpath/uu_dec/uu_reg_file/reg_dt_reg[18][31]
1.65153e-10 2.50336e-07 8.20961e-10 2.51322e-07 /ariscv/uu_dtpath/uu_dec/uu_reg_file/reg_dt_reg[19][0]
1.65888e-10 2.63900e-07 1.08270e-09 2.65149e-07 /ariscv/uu_dtpath/uu_dec/uu_reg_file/reg_dt_reg[19][1]
1.65464e-10 2.55783e-07 8.69531e-10 2.56818e-07 /ariscv/uu_dtpath/uu_dec/uu_reg_file/reg_dt_reg[19][2]
1.65886e-10 2.54385e-07 8.66832e-10 2.55418e-07 /ariscv/uu_dtpath/uu_dec/uu_reg_file/reg_dt_reg[19][3]
1.65337e-10 2.47590e-07 8.57388e-10 2.48613e-07 /ariscv/uu_dtpath/uu_dec/uu_reg_file/reg_dt_reg[19][4]
1.65159e-10 2.39397e-07 9.29568e-10 2.40491e-07 /ariscv/uu_dtpath/uu_dec/uu_reg_file/reg_dt_reg[19][5]
1.64916e-10 2.46242e-07 8.00724e-10 2.47208e-07 /ariscv/uu_dtpath/uu_dec/uu_reg_file/reg_dt_reg[19][6]
1.65215e-10 2.47641e-07 1.11238e-09 2.48919e-07 /ariscv/uu_dtpath/uu_dec/uu_reg_file/reg_dt_reg[19][7]
1.64604e-10 2.29905e-07 8.64809e-10 2.30934e-07 /ariscv/uu_dtpath/uu_dec/uu_reg_file/reg_dt_reg[19][8]
1.65155e-10 2.43402e-07 1.00849e-09 2.44575e-07 /ariscv/uu_dtpath/uu_dec/uu_reg_file/reg_dt_reg[19][9]
1.65160e-10 2.42145e-07 1.14274e-09 2.43453e-07 /ariscv/uu_dtpath/uu_dec/uu_reg_file/reg_dt_reg[19][10]
1.65282e-10 2.50182e-07 1.04627e-09 2.51394e-07 /ariscv/uu_dtpath/uu_dec/uu_reg_file/reg_dt_reg[19][11]
1.65764e-10 2.48955e-07 8.10842e-10 2.49932e-07 /ariscv/uu_dtpath/uu_dec/uu_reg_file/reg_dt_reg[19][12]
1.65821e-10 2.48915e-07 8.87070e-10 2.49968e-07 /ariscv/uu_dtpath/uu_dec/uu_reg_file/reg_dt_reg[19][13]
1.65827e-10 2.48897e-07 8.41873e-10 2.49904e-07 /ariscv/uu_dtpath/uu_dec/uu_reg_file/reg_dt_reg[19][14]
1.65945e-10 2.51770e-07 1.10496e-09 2.53040e-07 /ariscv/uu_dtpath/uu_dec/uu_reg_file/reg_dt_reg[19][15]
1.65884e-10 2.47596e-07 8.95839e-10 2.48657e-07 /ariscv/uu_dtpath/uu_dec/uu_reg_file/reg_dt_reg[19][16]
1.65767e-10 2.47607e-07 7.31242e-10 2.48504e-07 /ariscv/uu_dtpath/uu_dec/uu_reg_file/reg_dt_reg[19][17]
1.65887e-10 2.44885e-07 8.85046e-10 2.45936e-07 /ariscv/uu_dtpath/uu_dec/uu_reg_file/reg_dt_reg[19][18]
1.65763e-10 2.47588e-07 8.76951e-10 2.48630e-07 /ariscv/uu_dtpath/uu_dec/uu_reg_file/reg_dt_reg[19][19]
1.65763e-10 2.47592e-07 8.04097e-10 2.48562e-07 /ariscv/uu_dtpath/uu_dec/uu_reg_file/reg_dt_reg[19][20]
1.65890e-10 2.44851e-07 7.49456e-10 2.45766e-07 /ariscv/uu_dtpath/uu_dec/uu_reg_file/reg_dt_reg[19][21]
1.65769e-10 2.44849e-07 7.59574e-10 2.45774e-07 /ariscv/uu_dtpath/uu_dec/uu_reg_file/reg_dt_reg[19][22]
1.65881e-10 2.47594e-07 8.76951e-10 2.48636e-07 /ariscv/uu_dtpath/uu_dec/uu_reg_file/reg_dt_reg[19][23]
1.65880e-10 2.47619e-07 1.04492e-09 2.48830e-07 /ariscv/uu_dtpath/uu_dec/uu_reg_file/reg_dt_reg[19][24]
1.65767e-10 2.44872e-07 1.11710e-09 2.46155e-07 /ariscv/uu_dtpath/uu_dec/uu_reg_file/reg_dt_reg[19][25]
1.65886e-10 2.44871e-07 8.14890e-10 2.45851e-07 /ariscv/uu_dtpath/uu_dec/uu_reg_file/reg_dt_reg[19][26]
1.65767e-10 2.44846e-07 8.06120e-10 2.45818e-07 /ariscv/uu_dtpath/uu_dec/uu_reg_file/reg_dt_reg[19][27]
1.65766e-10 2.44774e-07 9.89605e-10 2.45930e-07 /ariscv/uu_dtpath/uu_dec/uu_reg_file/reg_dt_reg[19][28]
1.65822e-10 2.47568e-07 7.42035e-10 2.48476e-07 /ariscv/uu_dtpath/uu_dec/uu_reg_file/reg_dt_reg[19][29]
1.65638e-10 2.47595e-07 9.89605e-10 2.48750e-07 /ariscv/uu_dtpath/uu_dec/uu_reg_file/reg_dt_reg[19][30]
1.65765e-10 2.47607e-07 9.49131e-10 2.48722e-07 /ariscv/uu_dtpath/uu_dec/uu_reg_file/reg_dt_reg[19][31]
1.65156e-10 2.50338e-07 7.76439e-10 2.51279e-07 /ariscv/uu_dtpath/uu_dec/uu_reg_file/reg_dt_reg[20][0]
1.65884e-10 2.63903e-07 9.01236e-10 2.64970e-07 /ariscv/uu_dtpath/uu_dec/uu_reg_file/reg_dt_reg[20][1]
1.65463e-10 2.55785e-07 7.21798e-10 2.56672e-07 /ariscv/uu_dtpath/uu_dec/uu_reg_file/reg_dt_reg[20][2]
1.65883e-10 2.54387e-07 8.98537e-10 2.55452e-07 /ariscv/uu_dtpath/uu_dec/uu_reg_file/reg_dt_reg[20][3]
1.65337e-10 2.47593e-07 6.87395e-10 2.48446e-07 /ariscv/uu_dtpath/uu_dec/uu_reg_file/reg_dt_reg[20][4]
1.65158e-10 2.39399e-07 8.70205e-10 2.40434e-07 /ariscv/uu_dtpath/uu_dec/uu_reg_file/reg_dt_reg[20][5]
1.64921e-10 2.46244e-07 7.84534e-10 2.47194e-07 /ariscv/uu_dtpath/uu_dec/uu_reg_file/reg_dt_reg[20][6]
1.65215e-10 2.47645e-07 6.64459e-10 2.48475e-07 /ariscv/uu_dtpath/uu_dec/uu_reg_file/reg_dt_reg[20][7]
1.64609e-10 2.29907e-07 7.92629e-10 2.30864e-07 /ariscv/uu_dtpath/uu_dec/uu_reg_file/reg_dt_reg[20][8]
1.65160e-10 2.43405e-07 7.52829e-10 2.44323e-07 /ariscv/uu_dtpath/uu_dec/uu_reg_file/reg_dt_reg[20][9]
1.65157e-10 2.42149e-07 7.64971e-10 2.43079e-07 /ariscv/uu_dtpath/uu_dec/uu_reg_file/reg_dt_reg[20][10]
1.65280e-10 2.50186e-07 7.31917e-10 2.51083e-07 /ariscv/uu_dtpath/uu_dec/uu_reg_file/reg_dt_reg[20][11]
1.65764e-10 2.48954e-07 8.93815e-10 2.50014e-07 /ariscv/uu_dtpath/uu_dec/uu_reg_file/reg_dt_reg[20][12]
1.65823e-10 2.48916e-07 7.37988e-10 2.49820e-07 /ariscv/uu_dtpath/uu_dec/uu_reg_file/reg_dt_reg[20][13]
1.65821e-10 2.48897e-07 6.52317e-10 2.49715e-07 /ariscv/uu_dtpath/uu_dec/uu_reg_file/reg_dt_reg[20][14]
1.65942e-10 2.51771e-07 7.91280e-10 2.52728e-07 /ariscv/uu_dtpath/uu_dec/uu_reg_file/reg_dt_reg[20][15]
1.65884e-10 2.47596e-07 8.06795e-10 2.48569e-07 /ariscv/uu_dtpath/uu_dec/uu_reg_file/reg_dt_reg[20][16]
1.65767e-10 2.47607e-07 6.93466e-10 2.48466e-07 /ariscv/uu_dtpath/uu_dec/uu_reg_file/reg_dt_reg[20][17]
1.65887e-10 2.44886e-07 6.28032e-10 2.45680e-07 /ariscv/uu_dtpath/uu_dec/uu_reg_file/reg_dt_reg[20][18]
1.65758e-10 2.47589e-07 5.94303e-10 2.48349e-07 /ariscv/uu_dtpath/uu_dec/uu_reg_file/reg_dt_reg[20][19]
1.65763e-10 2.47592e-07 7.59574e-10 2.48517e-07 /ariscv/uu_dtpath/uu_dec/uu_reg_file/reg_dt_reg[20][20]
1.65890e-10 2.44850e-07 8.30405e-10 2.45846e-07 /ariscv/uu_dtpath/uu_dec/uu_reg_file/reg_dt_reg[20][21]
1.65769e-10 2.44849e-07 5.64622e-10 2.45580e-07 /ariscv/uu_dtpath/uu_dec/uu_reg_file/reg_dt_reg[20][22]
1.65881e-10 2.47594e-07 7.23822e-10 2.48484e-07 /ariscv/uu_dtpath/uu_dec/uu_reg_file/reg_dt_reg[20][23]
1.65881e-10 2.47620e-07 8.53341e-10 2.48639e-07 /ariscv/uu_dtpath/uu_dec/uu_reg_file/reg_dt_reg[20][24]
1.65767e-10 2.44877e-07 1.01659e-09 2.46060e-07 /ariscv/uu_dtpath/uu_dec/uu_reg_file/reg_dt_reg[20][25]
1.65886e-10 2.44875e-07 7.89930e-10 2.45831e-07 /ariscv/uu_dtpath/uu_dec/uu_reg_file/reg_dt_reg[20][26]
1.65763e-10 2.44851e-07 7.17751e-10 2.45735e-07 /ariscv/uu_dtpath/uu_dec/uu_reg_file/reg_dt_reg[20][27]
1.65764e-10 2.44781e-07 6.30730e-10 2.45577e-07 /ariscv/uu_dtpath/uu_dec/uu_reg_file/reg_dt_reg[20][28]
1.65822e-10 2.47573e-07 7.40012e-10 2.48479e-07 /ariscv/uu_dtpath/uu_dec/uu_reg_file/reg_dt_reg[20][29]
1.65638e-10 2.47601e-07 6.94815e-10 2.48462e-07 /ariscv/uu_dtpath/uu_dec/uu_reg_file/reg_dt_reg[20][30]
1.65765e-10 2.47607e-07 8.77626e-10 2.48650e-07 /ariscv/uu_dtpath/uu_dec/uu_reg_file/reg_dt_reg[20][31]
1.64771e-10 2.50293e-07 6.53328e-10 2.51111e-07 /ariscv/uu_dtpath/uu_dec/uu_reg_file/reg_dt_reg[21][0]
1.65503e-10 2.63843e-07 6.56027e-10 2.64664e-07 /ariscv/uu_dtpath/uu_dec/uu_reg_file/reg_dt_reg[21][1]
1.65079e-10 2.55733e-07 7.79137e-10 2.56677e-07 /ariscv/uu_dtpath/uu_dec/uu_reg_file/reg_dt_reg[21][2]
1.65501e-10 2.54337e-07 7.89593e-10 2.55292e-07 /ariscv/uu_dtpath/uu_dec/uu_reg_file/reg_dt_reg[21][3]
1.64954e-10 2.47551e-07 6.60412e-10 2.48376e-07 /ariscv/uu_dtpath/uu_dec/uu_reg_file/reg_dt_reg[21][4]
1.64773e-10 2.39367e-07 6.55015e-10 2.40186e-07 /ariscv/uu_dtpath/uu_dec/uu_reg_file/reg_dt_reg[21][5]
1.64539e-10 2.46204e-07 7.33266e-10 2.47102e-07 /ariscv/uu_dtpath/uu_dec/uu_reg_file/reg_dt_reg[21][6]
1.64837e-10 2.47603e-07 7.80486e-10 2.48548e-07 /ariscv/uu_dtpath/uu_dec/uu_reg_file/reg_dt_reg[21][7]
1.64226e-10 2.29886e-07 6.88407e-10 2.30738e-07 /ariscv/uu_dtpath/uu_dec/uu_reg_file/reg_dt_reg[21][8]
1.64777e-10 2.43365e-07 9.74765e-10 2.44504e-07 /ariscv/uu_dtpath/uu_dec/uu_reg_file/reg_dt_reg[21][9]
1.64773e-10 2.42114e-07 6.54003e-10 2.42933e-07 /ariscv/uu_dtpath/uu_dec/uu_reg_file/reg_dt_reg[21][10]
1.64896e-10 2.50138e-07 8.89093e-10 2.51192e-07 /ariscv/uu_dtpath/uu_dec/uu_reg_file/reg_dt_reg[21][11]
1.65381e-10 2.48915e-07 9.50817e-10 2.50031e-07 /ariscv/uu_dtpath/uu_dec/uu_reg_file/reg_dt_reg[21][12]
1.65440e-10 2.48875e-07 1.01389e-09 2.50054e-07 /ariscv/uu_dtpath/uu_dec/uu_reg_file/reg_dt_reg[21][13]
1.65439e-10 2.48857e-07 7.44059e-10 2.49767e-07 /ariscv/uu_dtpath/uu_dec/uu_reg_file/reg_dt_reg[21][14]
1.65562e-10 2.51729e-07 9.05958e-10 2.52801e-07 /ariscv/uu_dtpath/uu_dec/uu_reg_file/reg_dt_reg[21][15]
1.65501e-10 2.47559e-07 6.77951e-10 2.48403e-07 /ariscv/uu_dtpath/uu_dec/uu_reg_file/reg_dt_reg[21][16]
1.65382e-10 2.47569e-07 7.02910e-10 2.48438e-07 /ariscv/uu_dtpath/uu_dec/uu_reg_file/reg_dt_reg[21][17]
1.65503e-10 2.44852e-07 6.24659e-10 2.45642e-07 /ariscv/uu_dtpath/uu_dec/uu_reg_file/reg_dt_reg[21][18]
1.65378e-10 2.47550e-07 8.12529e-10 2.48528e-07 /ariscv/uu_dtpath/uu_dec/uu_reg_file/reg_dt_reg[21][19]
1.65383e-10 2.47555e-07 6.39837e-10 2.48360e-07 /ariscv/uu_dtpath/uu_dec/uu_reg_file/reg_dt_reg[21][20]
1.65505e-10 2.44816e-07 7.13703e-10 2.45695e-07 /ariscv/uu_dtpath/uu_dec/uu_reg_file/reg_dt_reg[21][21]
1.65385e-10 2.44813e-07 8.66832e-10 2.45845e-07 /ariscv/uu_dtpath/uu_dec/uu_reg_file/reg_dt_reg[21][22]
1.65500e-10 2.47557e-07 6.65134e-10 2.48388e-07 /ariscv/uu_dtpath/uu_dec/uu_reg_file/reg_dt_reg[21][23]
1.65500e-10 2.47584e-07 6.81661e-10 2.48431e-07 /ariscv/uu_dtpath/uu_dec/uu_reg_file/reg_dt_reg[21][24]
1.65384e-10 2.44839e-07 9.04271e-10 2.45908e-07 /ariscv/uu_dtpath/uu_dec/uu_reg_file/reg_dt_reg[21][25]
1.65501e-10 2.44836e-07 8.79312e-10 2.45881e-07 /ariscv/uu_dtpath/uu_dec/uu_reg_file/reg_dt_reg[21][26]
1.65382e-10 2.44812e-07 6.35452e-10 2.45613e-07 /ariscv/uu_dtpath/uu_dec/uu_reg_file/reg_dt_reg[21][27]
1.65380e-10 2.44740e-07 7.39337e-10 2.45645e-07 /ariscv/uu_dtpath/uu_dec/uu_reg_file/reg_dt_reg[21][28]
1.65438e-10 2.47531e-07 6.16901e-10 2.48313e-07 /ariscv/uu_dtpath/uu_dec/uu_reg_file/reg_dt_reg[21][29]
1.65258e-10 2.47559e-07 7.33266e-10 2.48457e-07 /ariscv/uu_dtpath/uu_dec/uu_reg_file/reg_dt_reg[21][30]
1.65385e-10 2.47570e-07 8.83022e-10 2.48618e-07 /ariscv/uu_dtpath/uu_dec/uu_reg_file/reg_dt_reg[21][31]
1.65148e-10 2.50332e-07 9.92304e-10 2.51490e-07 /ariscv/uu_dtpath/uu_dec/uu_reg_file/reg_dt_reg[22][0]
1.65887e-10 2.63899e-07 8.72229e-10 2.64937e-07 /ariscv/uu_dtpath/uu_dec/uu_reg_file/reg_dt_reg[22][1]
1.65462e-10 2.55780e-07 8.03422e-10 2.56749e-07 /ariscv/uu_dtpath/uu_dec/uu_reg_file/reg_dt_reg[22][2]
1.65884e-10 2.54381e-07 1.14813e-09 2.55695e-07 /ariscv/uu_dtpath/uu_dec/uu_reg_file/reg_dt_reg[22][3]
1.65338e-10 2.47588e-07 8.74253e-10 2.48627e-07 /ariscv/uu_dtpath/uu_dec/uu_reg_file/reg_dt_reg[22][4]
1.65161e-10 2.39394e-07 8.80324e-10 2.40440e-07 /ariscv/uu_dtpath/uu_dec/uu_reg_file/reg_dt_reg[22][5]
1.64920e-10 2.46240e-07 8.36476e-10 2.47241e-07 /ariscv/uu_dtpath/uu_dec/uu_reg_file/reg_dt_reg[22][6]
1.65218e-10 2.47641e-07 7.65646e-10 2.48571e-07 /ariscv/uu_dtpath/uu_dec/uu_reg_file/reg_dt_reg[22][7]
1.64604e-10 2.29903e-07 8.18263e-10 2.30885e-07 /ariscv/uu_dtpath/uu_dec/uu_reg_file/reg_dt_reg[22][8]
1.65153e-10 2.43400e-07 8.86395e-10 2.44451e-07 /ariscv/uu_dtpath/uu_dec/uu_reg_file/reg_dt_reg[22][9]
1.65157e-10 2.42144e-07 9.73416e-10 2.43282e-07 /ariscv/uu_dtpath/uu_dec/uu_reg_file/reg_dt_reg[22][10]
1.65281e-10 2.50180e-07 9.06632e-10 2.51252e-07 /ariscv/uu_dtpath/uu_dec/uu_reg_file/reg_dt_reg[22][11]
1.65766e-10 2.48953e-07 1.21222e-09 2.50331e-07 /ariscv/uu_dtpath/uu_dec/uu_reg_file/reg_dt_reg[22][12]
1.65821e-10 2.48916e-07 9.00561e-10 2.49982e-07 /ariscv/uu_dtpath/uu_dec/uu_reg_file/reg_dt_reg[22][13]
1.65822e-10 2.48896e-07 9.70717e-10 2.50033e-07 /ariscv/uu_dtpath/uu_dec/uu_reg_file/reg_dt_reg[22][14]
1.65945e-10 2.51770e-07 9.57226e-10 2.52893e-07 /ariscv/uu_dtpath/uu_dec/uu_reg_file/reg_dt_reg[22][15]
1.65884e-10 2.47596e-07 9.18775e-10 2.48681e-07 /ariscv/uu_dtpath/uu_dec/uu_reg_file/reg_dt_reg[22][16]
1.65764e-10 2.47606e-07 8.50642e-10 2.48623e-07 /ariscv/uu_dtpath/uu_dec/uu_reg_file/reg_dt_reg[22][17]
1.65886e-10 2.44885e-07 1.02536e-09 2.46076e-07 /ariscv/uu_dtpath/uu_dec/uu_reg_file/reg_dt_reg[22][18]
1.65759e-10 2.47588e-07 9.00561e-10 2.48654e-07 /ariscv/uu_dtpath/uu_dec/uu_reg_file/reg_dt_reg[22][19]
1.65759e-10 2.47591e-07 9.14727e-10 2.48672e-07 /ariscv/uu_dtpath/uu_dec/uu_reg_file/reg_dt_reg[22][20]
1.65891e-10 2.44849e-07 1.12182e-09 2.46137e-07 /ariscv/uu_dtpath/uu_dec/uu_reg_file/reg_dt_reg[22][21]
1.65760e-10 2.44848e-07 8.74253e-10 2.45888e-07 /ariscv/uu_dtpath/uu_dec/uu_reg_file/reg_dt_reg[22][22]
1.65879e-10 2.47592e-07 1.14948e-09 2.48908e-07 /ariscv/uu_dtpath/uu_dec/uu_reg_file/reg_dt_reg[22][23]
1.65881e-10 2.47620e-07 9.37663e-10 2.48723e-07 /ariscv/uu_dtpath/uu_dec/uu_reg_file/reg_dt_reg[22][24]
1.65767e-10 2.44873e-07 9.65321e-10 2.46004e-07 /ariscv/uu_dtpath/uu_dec/uu_reg_file/reg_dt_reg[22][25]
1.65887e-10 2.44870e-07 1.01996e-09 2.46056e-07 /ariscv/uu_dtpath/uu_dec/uu_reg_file/reg_dt_reg[22][26]
1.65765e-10 2.44845e-07 1.07393e-09 2.46085e-07 /ariscv/uu_dtpath/uu_dec/uu_reg_file/reg_dt_reg[22][27]
1.65765e-10 2.44775e-07 8.82348e-10 2.45823e-07 /ariscv/uu_dtpath/uu_dec/uu_reg_file/reg_dt_reg[22][28]
1.65821e-10 2.47568e-07 7.90605e-10 2.48525e-07 /ariscv/uu_dtpath/uu_dec/uu_reg_file/reg_dt_reg[22][29]
1.65640e-10 2.47596e-07 9.06632e-10 2.48668e-07 /ariscv/uu_dtpath/uu_dec/uu_reg_file/reg_dt_reg[22][30]
1.65767e-10 2.47607e-07 1.02468e-09 2.48797e-07 /ariscv/uu_dtpath/uu_dec/uu_reg_file/reg_dt_reg[22][31]
1.65153e-10 2.50332e-07 9.27544e-10 2.51425e-07 /ariscv/uu_dtpath/uu_dec/uu_reg_file/reg_dt_reg[23][0]
1.65888e-10 2.63899e-07 8.40524e-10 2.64905e-07 /ariscv/uu_dtpath/uu_dec/uu_reg_file/reg_dt_reg[23][1]
1.65464e-10 2.55780e-07 9.43734e-10 2.56889e-07 /ariscv/uu_dtpath/uu_dec/uu_reg_file/reg_dt_reg[23][2]
1.65886e-10 2.54381e-07 1.24257e-09 2.55789e-07 /ariscv/uu_dtpath/uu_dec/uu_reg_file/reg_dt_reg[23][3]
1.65338e-10 2.47588e-07 8.35802e-10 2.48589e-07 /ariscv/uu_dtpath/uu_dec/uu_reg_file/reg_dt_reg[23][4]
1.65160e-10 2.39394e-07 8.75602e-10 2.40435e-07 /ariscv/uu_dtpath/uu_dec/uu_reg_file/reg_dt_reg[23][5]
1.64921e-10 2.46240e-07 7.42035e-10 2.47147e-07 /ariscv/uu_dtpath/uu_dec/uu_reg_file/reg_dt_reg[23][6]
1.65218e-10 2.47640e-07 9.07982e-10 2.48713e-07 /ariscv/uu_dtpath/uu_dec/uu_reg_file/reg_dt_reg[23][7]
1.64604e-10 2.29903e-07 7.54852e-10 2.30822e-07 /ariscv/uu_dtpath/uu_dec/uu_reg_file/reg_dt_reg[23][8]
1.65153e-10 2.43399e-07 9.38338e-10 2.44503e-07 /ariscv/uu_dtpath/uu_dec/uu_reg_file/reg_dt_reg[23][9]
1.65157e-10 2.42144e-07 9.52504e-10 2.43262e-07 /ariscv/uu_dtpath/uu_dec/uu_reg_file/reg_dt_reg[23][10]
1.65281e-10 2.50181e-07 8.02747e-10 2.51149e-07 /ariscv/uu_dtpath/uu_dec/uu_reg_file/reg_dt_reg[23][11]
1.65765e-10 2.48954e-07 1.08067e-09 2.50201e-07 /ariscv/uu_dtpath/uu_dec/uu_reg_file/reg_dt_reg[23][12]
1.65821e-10 2.48915e-07 9.82185e-10 2.50063e-07 /ariscv/uu_dtpath/uu_dec/uu_reg_file/reg_dt_reg[23][13]
1.65822e-10 2.48896e-07 9.88931e-10 2.50051e-07 /ariscv/uu_dtpath/uu_dec/uu_reg_file/reg_dt_reg[23][14]
1.65943e-10 2.51771e-07 9.61948e-10 2.52899e-07 /ariscv/uu_dtpath/uu_dec/uu_reg_file/reg_dt_reg[23][15]
1.65884e-10 2.47595e-07 1.01996e-09 2.48781e-07 /ariscv/uu_dtpath/uu_dec/uu_reg_file/reg_dt_reg[23][16]
1.65764e-10 2.47607e-07 7.92629e-10 2.48565e-07 /ariscv/uu_dtpath/uu_dec/uu_reg_file/reg_dt_reg[23][17]
1.65886e-10 2.44886e-07 8.89768e-10 2.45941e-07 /ariscv/uu_dtpath/uu_dec/uu_reg_file/reg_dt_reg[23][18]
1.65759e-10 2.47588e-07 8.45920e-10 2.48600e-07 /ariscv/uu_dtpath/uu_dec/uu_reg_file/reg_dt_reg[23][19]
1.65759e-10 2.47593e-07 7.42035e-10 2.48500e-07 /ariscv/uu_dtpath/uu_dec/uu_reg_file/reg_dt_reg[23][20]
1.65891e-10 2.44850e-07 9.64646e-10 2.45980e-07 /ariscv/uu_dtpath/uu_dec/uu_reg_file/reg_dt_reg[23][21]
1.65760e-10 2.44848e-07 8.43897e-10 2.45858e-07 /ariscv/uu_dtpath/uu_dec/uu_reg_file/reg_dt_reg[23][22]
1.65882e-10 2.47592e-07 1.22368e-09 2.48982e-07 /ariscv/uu_dtpath/uu_dec/uu_reg_file/reg_dt_reg[23][23]
1.65879e-10 2.47620e-07 9.67344e-10 2.48754e-07 /ariscv/uu_dtpath/uu_dec/uu_reg_file/reg_dt_reg[23][24]
1.65767e-10 2.44874e-07 8.87744e-10 2.45927e-07 /ariscv/uu_dtpath/uu_dec/uu_reg_file/reg_dt_reg[23][25]
1.65886e-10 2.44870e-07 9.28893e-10 2.45965e-07 /ariscv/uu_dtpath/uu_dec/uu_reg_file/reg_dt_reg[23][26]
1.65762e-10 2.44846e-07 9.03260e-10 2.45915e-07 /ariscv/uu_dtpath/uu_dec/uu_reg_file/reg_dt_reg[23][27]
1.65765e-10 2.44775e-07 9.38338e-10 2.45879e-07 /ariscv/uu_dtpath/uu_dec/uu_reg_file/reg_dt_reg[23][28]
1.65821e-10 2.47568e-07 9.24846e-10 2.48658e-07 /ariscv/uu_dtpath/uu_dec/uu_reg_file/reg_dt_reg[23][29]
1.65640e-10 2.47596e-07 9.06632e-10 2.48668e-07 /ariscv/uu_dtpath/uu_dec/uu_reg_file/reg_dt_reg[23][30]
1.65767e-10 2.47607e-07 9.28893e-10 2.48702e-07 /ariscv/uu_dtpath/uu_dec/uu_reg_file/reg_dt_reg[23][31]
1.65150e-10 2.50335e-07 8.60761e-10 2.51361e-07 /ariscv/uu_dtpath/uu_dec/uu_reg_file/reg_dt_reg[24][0]
1.65882e-10 2.63901e-07 8.44571e-10 2.64911e-07 /ariscv/uu_dtpath/uu_dec/uu_reg_file/reg_dt_reg[24][1]
1.65458e-10 2.55783e-07 7.35290e-10 2.56683e-07 /ariscv/uu_dtpath/uu_dec/uu_reg_file/reg_dt_reg[24][2]
1.65883e-10 2.54385e-07 7.79137e-10 2.55330e-07 /ariscv/uu_dtpath/uu_dec/uu_reg_file/reg_dt_reg[24][3]
1.65335e-10 2.47591e-07 6.26683e-10 2.48383e-07 /ariscv/uu_dtpath/uu_dec/uu_reg_file/reg_dt_reg[24][4]
1.65152e-10 2.39397e-07 7.42035e-10 2.40304e-07 /ariscv/uu_dtpath/uu_dec/uu_reg_file/reg_dt_reg[24][5]
1.64914e-10 2.46242e-07 7.35964e-10 2.47143e-07 /ariscv/uu_dtpath/uu_dec/uu_reg_file/reg_dt_reg[24][6]
1.65215e-10 2.47643e-07 6.95490e-10 2.48504e-07 /ariscv/uu_dtpath/uu_dec/uu_reg_file/reg_dt_reg[24][7]
1.64610e-10 2.29906e-07 6.28706e-10 2.30699e-07 /ariscv/uu_dtpath/uu_dec/uu_reg_file/reg_dt_reg[24][8]
1.65158e-10 2.43403e-07 7.01561e-10 2.44269e-07 /ariscv/uu_dtpath/uu_dec/uu_reg_file/reg_dt_reg[24][9]
1.65157e-10 2.42147e-07 7.33941e-10 2.43046e-07 /ariscv/uu_dtpath/uu_dec/uu_reg_file/reg_dt_reg[24][10]
1.65282e-10 2.50182e-07 8.85720e-10 2.51233e-07 /ariscv/uu_dtpath/uu_dec/uu_reg_file/reg_dt_reg[24][11]
1.65766e-10 2.48958e-07 7.10330e-10 2.49834e-07 /ariscv/uu_dtpath/uu_dec/uu_reg_file/reg_dt_reg[24][12]
1.65821e-10 2.48919e-07 6.65808e-10 2.49750e-07 /ariscv/uu_dtpath/uu_dec/uu_reg_file/reg_dt_reg[24][13]
1.65820e-10 2.48899e-07 7.83859e-10 2.49849e-07 /ariscv/uu_dtpath/uu_dec/uu_reg_file/reg_dt_reg[24][14]
1.65943e-10 2.51773e-07 8.95165e-10 2.52834e-07 /ariscv/uu_dtpath/uu_dec/uu_reg_file/reg_dt_reg[24][15]
1.65881e-10 2.47598e-07 8.52666e-10 2.48617e-07 /ariscv/uu_dtpath/uu_dec/uu_reg_file/reg_dt_reg[24][16]
1.65760e-10 2.47609e-07 7.58225e-10 2.48533e-07 /ariscv/uu_dtpath/uu_dec/uu_reg_file/reg_dt_reg[24][17]
1.65886e-10 2.44889e-07 6.81323e-10 2.45736e-07 /ariscv/uu_dtpath/uu_dec/uu_reg_file/reg_dt_reg[24][18]
1.65759e-10 2.47590e-07 7.60924e-10 2.48517e-07 /ariscv/uu_dtpath/uu_dec/uu_reg_file/reg_dt_reg[24][19]
1.65761e-10 2.47593e-07 9.69368e-10 2.48728e-07 /ariscv/uu_dtpath/uu_dec/uu_reg_file/reg_dt_reg[24][20]
1.65891e-10 2.44852e-07 8.96514e-10 2.45915e-07 /ariscv/uu_dtpath/uu_dec/uu_reg_file/reg_dt_reg[24][21]
1.65765e-10 2.44851e-07 6.69856e-10 2.45687e-07 /ariscv/uu_dtpath/uu_dec/uu_reg_file/reg_dt_reg[24][22]
1.65881e-10 2.47596e-07 8.89768e-10 2.48651e-07 /ariscv/uu_dtpath/uu_dec/uu_reg_file/reg_dt_reg[24][23]
1.65880e-10 2.47622e-07 9.97026e-10 2.48785e-07 /ariscv/uu_dtpath/uu_dec/uu_reg_file/reg_dt_reg[24][24]
1.65763e-10 2.44876e-07 8.06120e-10 2.45848e-07 /ariscv/uu_dtpath/uu_dec/uu_reg_file/reg_dt_reg[24][25]
1.65887e-10 2.44870e-07 1.27765e-09 2.46314e-07 /ariscv/uu_dtpath/uu_dec/uu_reg_file/reg_dt_reg[24][26]
1.65766e-10 2.44849e-07 6.73229e-10 2.45688e-07 /ariscv/uu_dtpath/uu_dec/uu_reg_file/reg_dt_reg[24][27]
1.65768e-10 2.44777e-07 9.62622e-10 2.45905e-07 /ariscv/uu_dtpath/uu_dec/uu_reg_file/reg_dt_reg[24][28]
1.65824e-10 2.47571e-07 6.64459e-10 2.48401e-07 /ariscv/uu_dtpath/uu_dec/uu_reg_file/reg_dt_reg[24][29]
1.65640e-10 2.47600e-07 5.93628e-10 2.48359e-07 /ariscv/uu_dtpath/uu_dec/uu_reg_file/reg_dt_reg[24][30]
1.65772e-10 2.47610e-07 8.11517e-10 2.48587e-07 /ariscv/uu_dtpath/uu_dec/uu_reg_file/reg_dt_reg[24][31]
1.65150e-10 2.50336e-07 6.27357e-10 2.51129e-07 /ariscv/uu_dtpath/uu_dec/uu_reg_file/reg_dt_reg[25][0]
1.65882e-10 2.63901e-07 8.52666e-10 2.64919e-07 /ariscv/uu_dtpath/uu_dec/uu_reg_file/reg_dt_reg[25][1]
1.65458e-10 2.55783e-07 7.46757e-10 2.56695e-07 /ariscv/uu_dtpath/uu_dec/uu_reg_file/reg_dt_reg[25][2]
1.65883e-10 2.54385e-07 8.74253e-10 2.55425e-07 /ariscv/uu_dtpath/uu_dec/uu_reg_file/reg_dt_reg[25][3]
1.65335e-10 2.47591e-07 6.40174e-10 2.48397e-07 /ariscv/uu_dtpath/uu_dec/uu_reg_file/reg_dt_reg[25][4]
1.65152e-10 2.39398e-07 6.36801e-10 2.40200e-07 /ariscv/uu_dtpath/uu_dec/uu_reg_file/reg_dt_reg[25][5]
1.64914e-10 2.46243e-07 6.23984e-10 2.47032e-07 /ariscv/uu_dtpath/uu_dec/uu_reg_file/reg_dt_reg[25][6]
1.65215e-10 2.47643e-07 7.32591e-10 2.48541e-07 /ariscv/uu_dtpath/uu_dec/uu_reg_file/reg_dt_reg[25][7]
1.64604e-10 2.29905e-07 6.94140e-10 2.30764e-07 /ariscv/uu_dtpath/uu_dec/uu_reg_file/reg_dt_reg[25][8]
1.65158e-10 2.43403e-07 7.35290e-10 2.44303e-07 /ariscv/uu_dtpath/uu_dec/uu_reg_file/reg_dt_reg[25][9]
1.65157e-10 2.42148e-07 6.01049e-10 2.42914e-07 /ariscv/uu_dtpath/uu_dec/uu_reg_file/reg_dt_reg[25][10]
1.65281e-10 2.50184e-07 7.15727e-10 2.51065e-07 /ariscv/uu_dtpath/uu_dec/uu_reg_file/reg_dt_reg[25][11]
1.65760e-10 2.48959e-07 6.50293e-10 2.49775e-07 /ariscv/uu_dtpath/uu_dec/uu_reg_file/reg_dt_reg[25][12]
1.65821e-10 2.48919e-07 6.21286e-10 2.49706e-07 /ariscv/uu_dtpath/uu_dec/uu_reg_file/reg_dt_reg[25][13]
1.65822e-10 2.48899e-07 7.94653e-10 2.49860e-07 /ariscv/uu_dtpath/uu_dec/uu_reg_file/reg_dt_reg[25][14]
1.65943e-10 2.51774e-07 7.58225e-10 2.52698e-07 /ariscv/uu_dtpath/uu_dec/uu_reg_file/reg_dt_reg[25][15]
1.65881e-10 2.47598e-07 9.51829e-10 2.48716e-07 /ariscv/uu_dtpath/uu_dec/uu_reg_file/reg_dt_reg[25][16]
1.65760e-10 2.47609e-07 6.81998e-10 2.48457e-07 /ariscv/uu_dtpath/uu_dec/uu_reg_file/reg_dt_reg[25][17]
1.65886e-10 2.44889e-07 7.24496e-10 2.45779e-07 /ariscv/uu_dtpath/uu_dec/uu_reg_file/reg_dt_reg[25][18]
1.65759e-10 2.47592e-07 6.13191e-10 2.48371e-07 /ariscv/uu_dtpath/uu_dec/uu_reg_file/reg_dt_reg[25][19]
1.65761e-10 2.47595e-07 6.95490e-10 2.48456e-07 /ariscv/uu_dtpath/uu_dec/uu_reg_file/reg_dt_reg[25][20]
1.65889e-10 2.44853e-07 8.22985e-10 2.45842e-07 /ariscv/uu_dtpath/uu_dec/uu_reg_file/reg_dt_reg[25][21]
1.65765e-10 2.44851e-07 7.89930e-10 2.45807e-07 /ariscv/uu_dtpath/uu_dec/uu_reg_file/reg_dt_reg[25][22]
1.65881e-10 2.47597e-07 6.56364e-10 2.48420e-07 /ariscv/uu_dtpath/uu_dec/uu_reg_file/reg_dt_reg[25][23]
1.65879e-10 2.47624e-07 7.46083e-10 2.48536e-07 /ariscv/uu_dtpath/uu_dec/uu_reg_file/reg_dt_reg[25][24]
1.65763e-10 2.44876e-07 7.97351e-10 2.45839e-07 /ariscv/uu_dtpath/uu_dec/uu_reg_file/reg_dt_reg[25][25]
1.65887e-10 2.44872e-07 1.07528e-09 2.46113e-07 /ariscv/uu_dtpath/uu_dec/uu_reg_file/reg_dt_reg[25][26]
1.65762e-10 2.44849e-07 8.05446e-10 2.45820e-07 /ariscv/uu_dtpath/uu_dec/uu_reg_file/reg_dt_reg[25][27]
1.65768e-10 2.44778e-07 7.26520e-10 2.45670e-07 /ariscv/uu_dtpath/uu_dec/uu_reg_file/reg_dt_reg[25][28]
1.65824e-10 2.47570e-07 8.39849e-10 2.48576e-07 /ariscv/uu_dtpath/uu_dec/uu_reg_file/reg_dt_reg[25][29]
1.65642e-10 2.47599e-07 6.96164e-10 2.48461e-07 /ariscv/uu_dtpath/uu_dec/uu_reg_file/reg_dt_reg[25][30]
1.65772e-10 2.47611e-07 6.61761e-10 2.48439e-07 /ariscv/uu_dtpath/uu_dec/uu_reg_file/reg_dt_reg[25][31]
1.65150e-10 2.50332e-07 8.06120e-10 2.51303e-07 /ariscv/uu_dtpath/uu_dec/uu_reg_file/reg_dt_reg[26][0]
1.65883e-10 2.63894e-07 1.14476e-09 2.65204e-07 /ariscv/uu_dtpath/uu_dec/uu_reg_file/reg_dt_reg[26][1]
1.65458e-10 2.55778e-07 8.97863e-10 2.56842e-07 /ariscv/uu_dtpath/uu_dec/uu_reg_file/reg_dt_reg[26][2]
1.65881e-10 2.54379e-07 9.43060e-10 2.55488e-07 /ariscv/uu_dtpath/uu_dec/uu_reg_file/reg_dt_reg[26][3]
1.65335e-10 2.47585e-07 1.06178e-09 2.48812e-07 /ariscv/uu_dtpath/uu_dec/uu_reg_file/reg_dt_reg[26][4]
1.65152e-10 2.39393e-07 8.42548e-10 2.40401e-07 /ariscv/uu_dtpath/uu_dec/uu_reg_file/reg_dt_reg[26][5]
1.64915e-10 2.46236e-07 1.11845e-09 2.47520e-07 /ariscv/uu_dtpath/uu_dec/uu_reg_file/reg_dt_reg[26][6]
1.65215e-10 2.47637e-07 1.07258e-09 2.48875e-07 /ariscv/uu_dtpath/uu_dec/uu_reg_file/reg_dt_reg[26][7]
1.64604e-10 2.29901e-07 7.98025e-10 2.30864e-07 /ariscv/uu_dtpath/uu_dec/uu_reg_file/reg_dt_reg[26][8]
1.65160e-10 2.43398e-07 8.65483e-10 2.44429e-07 /ariscv/uu_dtpath/uu_dec/uu_reg_file/reg_dt_reg[26][9]
1.65158e-10 2.42143e-07 9.06632e-10 2.43214e-07 /ariscv/uu_dtpath/uu_dec/uu_reg_file/reg_dt_reg[26][10]
1.65280e-10 2.50178e-07 9.85558e-10 2.51329e-07 /ariscv/uu_dtpath/uu_dec/uu_reg_file/reg_dt_reg[26][11]
1.65766e-10 2.48954e-07 9.01910e-10 2.50021e-07 /ariscv/uu_dtpath/uu_dec/uu_reg_file/reg_dt_reg[26][12]
1.65821e-10 2.48914e-07 9.20799e-10 2.50001e-07 /ariscv/uu_dtpath/uu_dec/uu_reg_file/reg_dt_reg[26][13]
1.65820e-10 2.48895e-07 8.81673e-10 2.49943e-07 /ariscv/uu_dtpath/uu_dec/uu_reg_file/reg_dt_reg[26][14]
1.65943e-10 2.51770e-07 9.28893e-10 2.52864e-07 /ariscv/uu_dtpath/uu_dec/uu_reg_file/reg_dt_reg[26][15]
1.65881e-10 2.47595e-07 8.20286e-10 2.48581e-07 /ariscv/uu_dtpath/uu_dec/uu_reg_file/reg_dt_reg[26][16]
1.65764e-10 2.47605e-07 8.30405e-10 2.48601e-07 /ariscv/uu_dtpath/uu_dec/uu_reg_file/reg_dt_reg[26][17]
1.65886e-10 2.44884e-07 8.89093e-10 2.45939e-07 /ariscv/uu_dtpath/uu_dec/uu_reg_file/reg_dt_reg[26][18]
1.65759e-10 2.47586e-07 9.82185e-10 2.48734e-07 /ariscv/uu_dtpath/uu_dec/uu_reg_file/reg_dt_reg[26][19]
1.65759e-10 2.47591e-07 8.22985e-10 2.48579e-07 /ariscv/uu_dtpath/uu_dec/uu_reg_file/reg_dt_reg[26][20]
1.65891e-10 2.44848e-07 9.86907e-10 2.46001e-07 /ariscv/uu_dtpath/uu_dec/uu_reg_file/reg_dt_reg[26][21]
1.65760e-10 2.44847e-07 8.06795e-10 2.45820e-07 /ariscv/uu_dtpath/uu_dec/uu_reg_file/reg_dt_reg[26][22]
1.65879e-10 2.47592e-07 9.33616e-10 2.48692e-07 /ariscv/uu_dtpath/uu_dec/uu_reg_file/reg_dt_reg[26][23]
1.65880e-10 2.47619e-07 9.36988e-10 2.48722e-07 /ariscv/uu_dtpath/uu_dec/uu_reg_file/reg_dt_reg[26][24]
1.65765e-10 2.44872e-07 9.49131e-10 2.45987e-07 /ariscv/uu_dtpath/uu_dec/uu_reg_file/reg_dt_reg[26][25]
1.65881e-10 2.44869e-07 9.48456e-10 2.45983e-07 /ariscv/uu_dtpath/uu_dec/uu_reg_file/reg_dt_reg[26][26]
1.65766e-10 2.44845e-07 8.04771e-10 2.45816e-07 /ariscv/uu_dtpath/uu_dec/uu_reg_file/reg_dt_reg[26][27]
1.65768e-10 2.44774e-07 8.17588e-10 2.45757e-07 /ariscv/uu_dtpath/uu_dec/uu_reg_file/reg_dt_reg[26][28]
1.65824e-10 2.47566e-07 8.83697e-10 2.48616e-07 /ariscv/uu_dtpath/uu_dec/uu_reg_file/reg_dt_reg[26][29]
1.65640e-10 2.47594e-07 1.04695e-09 2.48806e-07 /ariscv/uu_dtpath/uu_dec/uu_reg_file/reg_dt_reg[26][30]
1.65772e-10 2.47607e-07 7.50130e-10 2.48523e-07 /ariscv/uu_dtpath/uu_dec/uu_reg_file/reg_dt_reg[26][31]
1.65150e-10 2.50332e-07 8.99212e-10 2.51397e-07 /ariscv/uu_dtpath/uu_dec/uu_reg_file/reg_dt_reg[27][0]
1.65883e-10 2.63896e-07 9.20799e-10 2.64982e-07 /ariscv/uu_dtpath/uu_dec/uu_reg_file/reg_dt_reg[27][1]
1.65458e-10 2.55779e-07 9.73416e-10 2.56918e-07 /ariscv/uu_dtpath/uu_dec/uu_reg_file/reg_dt_reg[27][2]
1.65881e-10 2.54380e-07 8.72229e-10 2.55418e-07 /ariscv/uu_dtpath/uu_dec/uu_reg_file/reg_dt_reg[27][3]
1.65335e-10 2.47586e-07 1.08135e-09 2.48833e-07 /ariscv/uu_dtpath/uu_dec/uu_reg_file/reg_dt_reg[27][4]
1.65152e-10 2.39395e-07 7.77113e-10 2.40337e-07 /ariscv/uu_dtpath/uu_dec/uu_reg_file/reg_dt_reg[27][5]
1.64915e-10 2.46238e-07 9.58575e-10 2.47362e-07 /ariscv/uu_dtpath/uu_dec/uu_reg_file/reg_dt_reg[27][6]
1.65215e-10 2.47640e-07 8.00049e-10 2.48605e-07 /ariscv/uu_dtpath/uu_dec/uu_reg_file/reg_dt_reg[27][7]
1.64604e-10 2.29902e-07 9.11354e-10 2.30977e-07 /ariscv/uu_dtpath/uu_dec/uu_reg_file/reg_dt_reg[27][8]
1.65160e-10 2.43399e-07 9.56551e-10 2.44521e-07 /ariscv/uu_dtpath/uu_dec/uu_reg_file/reg_dt_reg[27][9]
1.65158e-10 2.42144e-07 8.22985e-10 2.43132e-07 /ariscv/uu_dtpath/uu_dec/uu_reg_file/reg_dt_reg[27][10]
1.65282e-10 2.50180e-07 9.03260e-10 2.51248e-07 /ariscv/uu_dtpath/uu_dec/uu_reg_file/reg_dt_reg[27][11]
1.65766e-10 2.48955e-07 8.34453e-10 2.49955e-07 /ariscv/uu_dtpath/uu_dec/uu_reg_file/reg_dt_reg[27][12]
1.65821e-10 2.48916e-07 7.96676e-10 2.49878e-07 /ariscv/uu_dtpath/uu_dec/uu_reg_file/reg_dt_reg[27][13]
1.65822e-10 2.48897e-07 7.77113e-10 2.49840e-07 /ariscv/uu_dtpath/uu_dec/uu_reg_file/reg_dt_reg[27][14]
1.65943e-10 2.51770e-07 8.66832e-10 2.52803e-07 /ariscv/uu_dtpath/uu_dec/uu_reg_file/reg_dt_reg[27][15]
1.65881e-10 2.47595e-07 9.05958e-10 2.48667e-07 /ariscv/uu_dtpath/uu_dec/uu_reg_file/reg_dt_reg[27][16]
1.65764e-10 2.47604e-07 1.05167e-09 2.48822e-07 /ariscv/uu_dtpath/uu_dec/uu_reg_file/reg_dt_reg[27][17]
1.65886e-10 2.44884e-07 9.51829e-10 2.46002e-07 /ariscv/uu_dtpath/uu_dec/uu_reg_file/reg_dt_reg[27][18]
1.65759e-10 2.47587e-07 8.91792e-10 2.48644e-07 /ariscv/uu_dtpath/uu_dec/uu_reg_file/reg_dt_reg[27][19]
1.65761e-10 2.47591e-07 8.68856e-10 2.48625e-07 /ariscv/uu_dtpath/uu_dec/uu_reg_file/reg_dt_reg[27][20]
1.65889e-10 2.44850e-07 7.79137e-10 2.45795e-07 /ariscv/uu_dtpath/uu_dec/uu_reg_file/reg_dt_reg[27][21]
1.65765e-10 2.44848e-07 7.97351e-10 2.45811e-07 /ariscv/uu_dtpath/uu_dec/uu_reg_file/reg_dt_reg[27][22]
1.65881e-10 2.47593e-07 9.38338e-10 2.48697e-07 /ariscv/uu_dtpath/uu_dec/uu_reg_file/reg_dt_reg[27][23]
1.65880e-10 2.47618e-07 1.10968e-09 2.48894e-07 /ariscv/uu_dtpath/uu_dec/uu_reg_file/reg_dt_reg[27][24]
1.65763e-10 2.44872e-07 9.44409e-10 2.45982e-07 /ariscv/uu_dtpath/uu_dec/uu_reg_file/reg_dt_reg[27][25]
1.65885e-10 2.44870e-07 9.70043e-10 2.46005e-07 /ariscv/uu_dtpath/uu_dec/uu_reg_file/reg_dt_reg[27][26]
1.65766e-10 2.44846e-07 8.78300e-10 2.45890e-07 /ariscv/uu_dtpath/uu_dec/uu_reg_file/reg_dt_reg[27][27]
1.65768e-10 2.44774e-07 9.61948e-10 2.45902e-07 /ariscv/uu_dtpath/uu_dec/uu_reg_file/reg_dt_reg[27][28]
1.65824e-10 2.47568e-07 8.51317e-10 2.48585e-07 /ariscv/uu_dtpath/uu_dec/uu_reg_file/reg_dt_reg[27][29]
1.65640e-10 2.47595e-07 9.17426e-10 2.48678e-07 /ariscv/uu_dtpath/uu_dec/uu_reg_file/reg_dt_reg[27][30]
1.65772e-10 2.47607e-07 7.56876e-10 2.48530e-07 /ariscv/uu_dtpath/uu_dec/uu_reg_file/reg_dt_reg[27][31]
1.65153e-10 2.50332e-07 8.46595e-10 2.51344e-07 /ariscv/uu_dtpath/uu_dec/uu_reg_file/reg_dt_reg[28][0]
1.65876e-10 2.63896e-07 8.09493e-10 2.64871e-07 /ariscv/uu_dtpath/uu_dec/uu_reg_file/reg_dt_reg[28][1]
1.65453e-10 2.55777e-07 8.02747e-10 2.56745e-07 /ariscv/uu_dtpath/uu_dec/uu_reg_file/reg_dt_reg[28][2]
1.65875e-10 2.54381e-07 6.04422e-10 2.55152e-07 /ariscv/uu_dtpath/uu_dec/uu_reg_file/reg_dt_reg[28][3]
1.65330e-10 2.47585e-07 7.97351e-10 2.48548e-07 /ariscv/uu_dtpath/uu_dec/uu_reg_file/reg_dt_reg[28][4]
1.65148e-10 2.39392e-07 7.11679e-10 2.40269e-07 /ariscv/uu_dtpath/uu_dec/uu_reg_file/reg_dt_reg[28][5]
1.64913e-10 2.46237e-07 6.83347e-10 2.47086e-07 /ariscv/uu_dtpath/uu_dec/uu_reg_file/reg_dt_reg[28][6]
1.65214e-10 2.47640e-07 6.62435e-10 2.48468e-07 /ariscv/uu_dtpath/uu_dec/uu_reg_file/reg_dt_reg[28][7]
1.64606e-10 2.29901e-07 9.05283e-10 2.30971e-07 /ariscv/uu_dtpath/uu_dec/uu_reg_file/reg_dt_reg[28][8]
1.65156e-10 2.43400e-07 7.17751e-10 2.44283e-07 /ariscv/uu_dtpath/uu_dec/uu_reg_file/reg_dt_reg[28][9]
1.65158e-10 2.42145e-07 6.48269e-10 2.42958e-07 /ariscv/uu_dtpath/uu_dec/uu_reg_file/reg_dt_reg[28][10]
1.65280e-10 2.50181e-07 6.61086e-10 2.51007e-07 /ariscv/uu_dtpath/uu_dec/uu_reg_file/reg_dt_reg[28][11]
1.65767e-10 2.48955e-07 7.36639e-10 2.49857e-07 /ariscv/uu_dtpath/uu_dec/uu_reg_file/reg_dt_reg[28][12]
1.65823e-10 2.48916e-07 6.73903e-10 2.49756e-07 /ariscv/uu_dtpath/uu_dec/uu_reg_file/reg_dt_reg[28][13]
1.65822e-10 2.48896e-07 7.44059e-10 2.49806e-07 /ariscv/uu_dtpath/uu_dec/uu_reg_file/reg_dt_reg[28][14]
1.65943e-10 2.51770e-07 9.86233e-10 2.52922e-07 /ariscv/uu_dtpath/uu_dec/uu_reg_file/reg_dt_reg[28][15]
1.65881e-10 2.47597e-07 6.33428e-10 2.48396e-07 /ariscv/uu_dtpath/uu_dec/uu_reg_file/reg_dt_reg[28][16]
1.65760e-10 2.47606e-07 8.12192e-10 2.48584e-07 /ariscv/uu_dtpath/uu_dec/uu_reg_file/reg_dt_reg[28][17]
1.65886e-10 2.44885e-07 7.29893e-10 2.45781e-07 /ariscv/uu_dtpath/uu_dec/uu_reg_file/reg_dt_reg[28][18]
1.65759e-10 2.47588e-07 6.86046e-10 2.48440e-07 /ariscv/uu_dtpath/uu_dec/uu_reg_file/reg_dt_reg[28][19]
1.65760e-10 2.47592e-07 6.65808e-10 2.48424e-07 /ariscv/uu_dtpath/uu_dec/uu_reg_file/reg_dt_reg[28][20]
1.65880e-10 2.44850e-07 8.20961e-10 2.45837e-07 /ariscv/uu_dtpath/uu_dec/uu_reg_file/reg_dt_reg[28][21]
1.65765e-10 2.44849e-07 6.62435e-10 2.45677e-07 /ariscv/uu_dtpath/uu_dec/uu_reg_file/reg_dt_reg[28][22]
1.65880e-10 2.47594e-07 7.23147e-10 2.48483e-07 /ariscv/uu_dtpath/uu_dec/uu_reg_file/reg_dt_reg[28][23]
1.65881e-10 2.47620e-07 8.26358e-10 2.48612e-07 /ariscv/uu_dtpath/uu_dec/uu_reg_file/reg_dt_reg[28][24]
1.65763e-10 2.44874e-07 7.07632e-10 2.45747e-07 /ariscv/uu_dtpath/uu_dec/uu_reg_file/reg_dt_reg[28][25]
1.65883e-10 2.47600e-07 8.08144e-10 2.48574e-07 /ariscv/uu_dtpath/uu_dec/uu_reg_file/reg_dt_reg[28][26]
1.65766e-10 2.44846e-07 8.03422e-10 2.45815e-07 /ariscv/uu_dtpath/uu_dec/uu_reg_file/reg_dt_reg[28][27]
1.65768e-10 2.44775e-07 7.90605e-10 2.45731e-07 /ariscv/uu_dtpath/uu_dec/uu_reg_file/reg_dt_reg[28][28]
1.65824e-10 2.47568e-07 7.32591e-10 2.48466e-07 /ariscv/uu_dtpath/uu_dec/uu_reg_file/reg_dt_reg[28][29]
1.65640e-10 2.47597e-07 5.92279e-10 2.48355e-07 /ariscv/uu_dtpath/uu_dec/uu_reg_file/reg_dt_reg[28][30]
1.65764e-10 2.47607e-07 7.80486e-10 2.48553e-07 /ariscv/uu_dtpath/uu_dec/uu_reg_file/reg_dt_reg[28][31]
1.65153e-10 2.50333e-07 7.44734e-10 2.51242e-07 /ariscv/uu_dtpath/uu_dec/uu_reg_file/reg_dt_reg[29][0]
1.65876e-10 2.63896e-07 7.93303e-10 2.64855e-07 /ariscv/uu_dtpath/uu_dec/uu_reg_file/reg_dt_reg[29][1]
1.65453e-10 2.55778e-07 7.13029e-10 2.56656e-07 /ariscv/uu_dtpath/uu_dec/uu_reg_file/reg_dt_reg[29][2]
1.65875e-10 2.54380e-07 8.49293e-10 2.55395e-07 /ariscv/uu_dtpath/uu_dec/uu_reg_file/reg_dt_reg[29][3]
1.65330e-10 2.47585e-07 7.75090e-10 2.48525e-07 /ariscv/uu_dtpath/uu_dec/uu_reg_file/reg_dt_reg[29][4]
1.65148e-10 2.39392e-07 7.14378e-10 2.40272e-07 /ariscv/uu_dtpath/uu_dec/uu_reg_file/reg_dt_reg[29][5]
1.64913e-10 2.46237e-07 7.43385e-10 2.47145e-07 /ariscv/uu_dtpath/uu_dec/uu_reg_file/reg_dt_reg[29][6]
1.65214e-10 2.47640e-07 7.35290e-10 2.48540e-07 /ariscv/uu_dtpath/uu_dec/uu_reg_file/reg_dt_reg[29][7]
1.64606e-10 2.29902e-07 7.40686e-10 2.30807e-07 /ariscv/uu_dtpath/uu_dec/uu_reg_file/reg_dt_reg[29][8]
1.65158e-10 2.43400e-07 6.91442e-10 2.44256e-07 /ariscv/uu_dtpath/uu_dec/uu_reg_file/reg_dt_reg[29][9]
1.65157e-10 2.42145e-07 6.34778e-10 2.42945e-07 /ariscv/uu_dtpath/uu_dec/uu_reg_file/reg_dt_reg[29][10]
1.65280e-10 2.50181e-07 6.75927e-10 2.51022e-07 /ariscv/uu_dtpath/uu_dec/uu_reg_file/reg_dt_reg[29][11]
1.65767e-10 2.48955e-07 6.71205e-10 2.49792e-07 /ariscv/uu_dtpath/uu_dec/uu_reg_file/reg_dt_reg[29][12]
1.65823e-10 2.48915e-07 7.93978e-10 2.49875e-07 /ariscv/uu_dtpath/uu_dec/uu_reg_file/reg_dt_reg[29][13]
1.65825e-10 2.48896e-07 8.13541e-10 2.49875e-07 /ariscv/uu_dtpath/uu_dec/uu_reg_file/reg_dt_reg[29][14]
1.65943e-10 2.51771e-07 6.14540e-10 2.52552e-07 /ariscv/uu_dtpath/uu_dec/uu_reg_file/reg_dt_reg[29][15]
1.65881e-10 2.47596e-07 6.86720e-10 2.48448e-07 /ariscv/uu_dtpath/uu_dec/uu_reg_file/reg_dt_reg[29][16]
1.65760e-10 2.47606e-07 6.22635e-10 2.48395e-07 /ariscv/uu_dtpath/uu_dec/uu_reg_file/reg_dt_reg[29][17]
1.65886e-10 2.44885e-07 6.98862e-10 2.45750e-07 /ariscv/uu_dtpath/uu_dec/uu_reg_file/reg_dt_reg[29][18]
1.65759e-10 2.47588e-07 6.19262e-10 2.48373e-07 /ariscv/uu_dtpath/uu_dec/uu_reg_file/reg_dt_reg[29][19]
1.65760e-10 2.47591e-07 7.23822e-10 2.48481e-07 /ariscv/uu_dtpath/uu_dec/uu_reg_file/reg_dt_reg[29][20]
1.65880e-10 2.44850e-07 7.49456e-10 2.45765e-07 /ariscv/uu_dtpath/uu_dec/uu_reg_file/reg_dt_reg[29][21]
1.65765e-10 2.44848e-07 6.40849e-10 2.45655e-07 /ariscv/uu_dtpath/uu_dec/uu_reg_file/reg_dt_reg[29][22]
1.65880e-10 2.47593e-07 7.32591e-10 2.48492e-07 /ariscv/uu_dtpath/uu_dec/uu_reg_file/reg_dt_reg[29][23]
1.65882e-10 2.47621e-07 6.44222e-10 2.48431e-07 /ariscv/uu_dtpath/uu_dec/uu_reg_file/reg_dt_reg[29][24]
1.65767e-10 2.44872e-07 8.69531e-10 2.45908e-07 /ariscv/uu_dtpath/uu_dec/uu_reg_file/reg_dt_reg[29][25]
1.65883e-10 2.47599e-07 9.03260e-10 2.48668e-07 /ariscv/uu_dtpath/uu_dec/uu_reg_file/reg_dt_reg[29][26]
1.65766e-10 2.44844e-07 9.68019e-10 2.45978e-07 /ariscv/uu_dtpath/uu_dec/uu_reg_file/reg_dt_reg[29][27]
1.65768e-10 2.44775e-07 6.75252e-10 2.45616e-07 /ariscv/uu_dtpath/uu_dec/uu_reg_file/reg_dt_reg[29][28]
1.65824e-10 2.47568e-07 7.19100e-10 2.48453e-07 /ariscv/uu_dtpath/uu_dec/uu_reg_file/reg_dt_reg[29][29]
1.65640e-10 2.47596e-07 7.02235e-10 2.48463e-07 /ariscv/uu_dtpath/uu_dec/uu_reg_file/reg_dt_reg[29][30]
1.65764e-10 2.47607e-07 7.81161e-10 2.48554e-07 /ariscv/uu_dtpath/uu_dec/uu_reg_file/reg_dt_reg[29][31]
1.65157e-10 2.50333e-07 9.35639e-10 2.51434e-07 /ariscv/uu_dtpath/uu_dec/uu_reg_file/reg_dt_reg[30][0]
1.65883e-10 2.63896e-07 1.10226e-09 2.65164e-07 /ariscv/uu_dtpath/uu_dec/uu_reg_file/reg_dt_reg[30][1]
1.65453e-10 2.55778e-07 8.32429e-10 2.56776e-07 /ariscv/uu_dtpath/uu_dec/uu_reg_file/reg_dt_reg[30][2]
1.65881e-10 2.54382e-07 7.96676e-10 2.55344e-07 /ariscv/uu_dtpath/uu_dec/uu_reg_file/reg_dt_reg[30][3]
1.65330e-10 2.47586e-07 8.74253e-10 2.48625e-07 /ariscv/uu_dtpath/uu_dec/uu_reg_file/reg_dt_reg[30][4]
1.65150e-10 2.39394e-07 1.01929e-09 2.40578e-07 /ariscv/uu_dtpath/uu_dec/uu_reg_file/reg_dt_reg[30][5]
1.64918e-10 2.46239e-07 1.02941e-09 2.47433e-07 /ariscv/uu_dtpath/uu_dec/uu_reg_file/reg_dt_reg[30][6]
1.65219e-10 2.47640e-07 9.36988e-10 2.48742e-07 /ariscv/uu_dtpath/uu_dec/uu_reg_file/reg_dt_reg[30][7]
1.64613e-10 2.29903e-07 8.05446e-10 2.30873e-07 /ariscv/uu_dtpath/uu_dec/uu_reg_file/reg_dt_reg[30][8]
1.65158e-10 2.43400e-07 8.86395e-10 2.44452e-07 /ariscv/uu_dtpath/uu_dec/uu_reg_file/reg_dt_reg[30][9]
1.65158e-10 2.42144e-07 9.40361e-10 2.43250e-07 /ariscv/uu_dtpath/uu_dec/uu_reg_file/reg_dt_reg[30][10]
1.65280e-10 2.50180e-07 9.61948e-10 2.51308e-07 /ariscv/uu_dtpath/uu_dec/uu_reg_file/reg_dt_reg[30][11]
1.65766e-10 2.48955e-07 1.03278e-09 2.50153e-07 /ariscv/uu_dtpath/uu_dec/uu_reg_file/reg_dt_reg[30][12]
1.65823e-10 2.48917e-07 7.85883e-10 2.49868e-07 /ariscv/uu_dtpath/uu_dec/uu_reg_file/reg_dt_reg[30][13]
1.65822e-10 2.48896e-07 9.97700e-10 2.50060e-07 /ariscv/uu_dtpath/uu_dec/uu_reg_file/reg_dt_reg[30][14]
1.65945e-10 2.51773e-07 9.84883e-10 2.52924e-07 /ariscv/uu_dtpath/uu_dec/uu_reg_file/reg_dt_reg[30][15]
1.65881e-10 2.47598e-07 1.00782e-09 2.48772e-07 /ariscv/uu_dtpath/uu_dec/uu_reg_file/reg_dt_reg[30][16]
1.65764e-10 2.47609e-07 9.53853e-10 2.48728e-07 /ariscv/uu_dtpath/uu_dec/uu_reg_file/reg_dt_reg[30][17]
1.65887e-10 2.44888e-07 9.03934e-10 2.45958e-07 /ariscv/uu_dtpath/uu_dec/uu_reg_file/reg_dt_reg[30][18]
1.65761e-10 2.47591e-07 8.87070e-10 2.48643e-07 /ariscv/uu_dtpath/uu_dec/uu_reg_file/reg_dt_reg[30][19]
1.65762e-10 2.47595e-07 8.14215e-10 2.48575e-07 /ariscv/uu_dtpath/uu_dec/uu_reg_file/reg_dt_reg[30][20]
1.65887e-10 2.44853e-07 9.03934e-10 2.45923e-07 /ariscv/uu_dtpath/uu_dec/uu_reg_file/reg_dt_reg[30][21]
1.65763e-10 2.44851e-07 9.59249e-10 2.45976e-07 /ariscv/uu_dtpath/uu_dec/uu_reg_file/reg_dt_reg[30][22]
1.65877e-10 2.47597e-07 8.50642e-10 2.48613e-07 /ariscv/uu_dtpath/uu_dec/uu_reg_file/reg_dt_reg[30][23]
1.65878e-10 2.47623e-07 9.10680e-10 2.48700e-07 /ariscv/uu_dtpath/uu_dec/uu_reg_file/reg_dt_reg[30][24]
1.65764e-10 2.44876e-07 9.02585e-10 2.45945e-07 /ariscv/uu_dtpath/uu_dec/uu_reg_file/reg_dt_reg[30][25]
1.65885e-10 2.44874e-07 7.96002e-10 2.45836e-07 /ariscv/uu_dtpath/uu_dec/uu_reg_file/reg_dt_reg[30][26]
1.65766e-10 2.44847e-07 8.38500e-10 2.45851e-07 /ariscv/uu_dtpath/uu_dec/uu_reg_file/reg_dt_reg[30][27]
1.65768e-10 2.44775e-07 8.72229e-10 2.45813e-07 /ariscv/uu_dtpath/uu_dec/uu_reg_file/reg_dt_reg[30][28]
1.65824e-10 2.47568e-07 9.82860e-10 2.48716e-07 /ariscv/uu_dtpath/uu_dec/uu_reg_file/reg_dt_reg[30][29]
1.65640e-10 2.47596e-07 9.01236e-10 2.48663e-07 /ariscv/uu_dtpath/uu_dec/uu_reg_file/reg_dt_reg[30][30]
1.65767e-10 2.47611e-07 8.08144e-10 2.48585e-07 /ariscv/uu_dtpath/uu_dec/uu_reg_file/reg_dt_reg[30][31]
1.65153e-10 2.50334e-07 8.49293e-10 2.51349e-07 /ariscv/uu_dtpath/uu_dec/uu_reg_file/reg_dt_reg[31][0]
1.65883e-10 2.63897e-07 1.08000e-09 2.65143e-07 /ariscv/uu_dtpath/uu_dec/uu_reg_file/reg_dt_reg[31][1]
1.65453e-10 2.55780e-07 8.08144e-10 2.56753e-07 /ariscv/uu_dtpath/uu_dec/uu_reg_file/reg_dt_reg[31][2]
1.65881e-10 2.54382e-07 9.22822e-10 2.55471e-07 /ariscv/uu_dtpath/uu_dec/uu_reg_file/reg_dt_reg[31][3]
1.65330e-10 2.47586e-07 9.62622e-10 2.48714e-07 /ariscv/uu_dtpath/uu_dec/uu_reg_file/reg_dt_reg[31][4]
1.65148e-10 2.39394e-07 7.92629e-10 2.40352e-07 /ariscv/uu_dtpath/uu_dec/uu_reg_file/reg_dt_reg[31][5]
1.64918e-10 2.46239e-07 1.06921e-09 2.47474e-07 /ariscv/uu_dtpath/uu_dec/uu_reg_file/reg_dt_reg[31][6]
1.65219e-10 2.47640e-07 1.12992e-09 2.48935e-07 /ariscv/uu_dtpath/uu_dec/uu_reg_file/reg_dt_reg[31][7]
1.64613e-10 2.29904e-07 7.42035e-10 2.30811e-07 /ariscv/uu_dtpath/uu_dec/uu_reg_file/reg_dt_reg[31][8]
1.65158e-10 2.43400e-07 9.94328e-10 2.44560e-07 /ariscv/uu_dtpath/uu_dec/uu_reg_file/reg_dt_reg[31][9]
1.65157e-10 2.42145e-07 9.85558e-10 2.43296e-07 /ariscv/uu_dtpath/uu_dec/uu_reg_file/reg_dt_reg[31][10]
1.65281e-10 2.50182e-07 9.05283e-10 2.51252e-07 /ariscv/uu_dtpath/uu_dec/uu_reg_file/reg_dt_reg[31][11]
1.65766e-10 2.48956e-07 9.53178e-10 2.50075e-07 /ariscv/uu_dtpath/uu_dec/uu_reg_file/reg_dt_reg[31][12]
1.65823e-10 2.48917e-07 8.87070e-10 2.49970e-07 /ariscv/uu_dtpath/uu_dec/uu_reg_file/reg_dt_reg[31][13]
1.65822e-10 2.48897e-07 9.67344e-10 2.50031e-07 /ariscv/uu_dtpath/uu_dec/uu_reg_file/reg_dt_reg[31][14]
1.65942e-10 2.51769e-07 7.91280e-10 2.52727e-07 /ariscv/uu_dtpath/uu_dec/uu_reg_file/reg_dt_reg[31][15]
1.65881e-10 2.47594e-07 8.36476e-10 2.48596e-07 /ariscv/uu_dtpath/uu_dec/uu_reg_file/reg_dt_reg[31][16]
1.65764e-10 2.47603e-07 9.51155e-10 2.48720e-07 /ariscv/uu_dtpath/uu_dec/uu_reg_file/reg_dt_reg[31][17]
1.65887e-10 2.44883e-07 8.56039e-10 2.45905e-07 /ariscv/uu_dtpath/uu_dec/uu_reg_file/reg_dt_reg[31][18]
1.65761e-10 2.47586e-07 8.68856e-10 2.48620e-07 /ariscv/uu_dtpath/uu_dec/uu_reg_file/reg_dt_reg[31][19]
1.65762e-10 2.47590e-07 7.66320e-10 2.48522e-07 /ariscv/uu_dtpath/uu_dec/uu_reg_file/reg_dt_reg[31][20]
1.65887e-10 2.44848e-07 8.83697e-10 2.45897e-07 /ariscv/uu_dtpath/uu_dec/uu_reg_file/reg_dt_reg[31][21]
1.65763e-10 2.44846e-07 7.99375e-10 2.45811e-07 /ariscv/uu_dtpath/uu_dec/uu_reg_file/reg_dt_reg[31][22]
1.65877e-10 2.47592e-07 8.14215e-10 2.48572e-07 /ariscv/uu_dtpath/uu_dec/uu_reg_file/reg_dt_reg[31][23]
1.65878e-10 2.47618e-07 9.76788e-10 2.48760e-07 /ariscv/uu_dtpath/uu_dec/uu_reg_file/reg_dt_reg[31][24]
1.65763e-10 2.44872e-07 7.44059e-10 2.45782e-07 /ariscv/uu_dtpath/uu_dec/uu_reg_file/reg_dt_reg[31][25]
1.65882e-10 2.47597e-07 1.01457e-09 2.48778e-07 /ariscv/uu_dtpath/uu_dec/uu_reg_file/reg_dt_reg[31][26]
1.65767e-10 2.44843e-07 9.81511e-10 2.45990e-07 /ariscv/uu_dtpath/uu_dec/uu_reg_file/reg_dt_reg[31][27]
1.65769e-10 2.44773e-07 8.84371e-10 2.45823e-07 /ariscv/uu_dtpath/uu_dec/uu_reg_file/reg_dt_reg[31][28]
1.65822e-10 2.47564e-07 1.11440e-09 2.48844e-07 /ariscv/uu_dtpath/uu_dec/uu_reg_file/reg_dt_reg[31][29]
1.65643e-10 2.47594e-07 8.64809e-10 2.48624e-07 /ariscv/uu_dtpath/uu_dec/uu_reg_file/reg_dt_reg[31][30]
1.65767e-10 2.47605e-07 9.60599e-10 2.48731e-07 /ariscv/uu_dtpath/uu_dec/uu_reg_file/reg_dt_reg[31][31]
5.15190e-11 3.97631e-09 1.82305e-08 2.22583e-08 /ariscv/uu_dtpath/uu_dec/uu_extend/FE_OFC96_inst_fd_27
5.19040e-11 5.58111e-09 2.59193e-08 3.15523e-08 /ariscv/uu_dtpath/uu_dec/uu_extend/FE_OFC95_inst_fd_29
5.17340e-11 7.14579e-09 2.80004e-08 3.51979e-08 /ariscv/uu_dtpath/uu_dec/uu_extend/FE_OFC94_inst_fd_26
5.15760e-11 5.56079e-09 2.70573e-08 3.26697e-08 /ariscv/uu_dtpath/uu_dec/uu_extend/FE_OFC90_inst_fd_25
5.31040e-11 2.29238e-08 8.66533e-08 1.09630e-07 /ariscv/uu_dtpath/uu_dec/uu_extend/FE_OFC89_inst_fd_20
4.09250e-11 1.09572e-09 6.85237e-09 7.98901e-09 /ariscv/uu_dtpath/uu_dec/uu_extend/FE_OFC101_inst_fd_28
4.54990e-11 1.12129e-09 7.11950e-09 8.28629e-09 /ariscv/uu_dtpath/uu_dec/uu_extend/FE_OFC100_inst_fd_28
2.16910e-11 4.01369e-09 6.02769e-09 1.00631e-08 /ariscv/uu_dtpath/uu_dec/uu_extend/g925
2.18360e-11 2.06374e-09 1.17984e-09 3.26541e-09 /ariscv/uu_dtpath/uu_dec/uu_extend/g929
2.19490e-11 1.67513e-09 2.44973e-09 4.14681e-09 /ariscv/uu_dtpath/uu_dec/uu_extend/g930
2.20630e-11 5.61532e-10 3.09125e-09 3.67485e-09 /ariscv/uu_dtpath/uu_dec/uu_extend/g931
3.15260e-11 1.05753e-08 1.46562e-08 2.52631e-08 /ariscv/uu_dtpath/uu_dec/uu_extend/g928__6417
1.37867e-10 1.76636e-08 3.40783e-08 5.18798e-08 /ariscv/uu_dtpath/uu_dec/uu_extend/g903__6260
1.98290e-11 3.32922e-10 4.49943e-10 8.02694e-10 /ariscv/uu_dtpath/uu_dec/uu_extend/g927__7410
5.63710e-11 1.19366e-08 3.54201e-08 4.74130e-08 /ariscv/uu_dtpath/uu_dec/uu_extend/g916__1881
3.96290e-11 1.04240e-08 2.19434e-08 3.24070e-08 /ariscv/uu_dtpath/uu_dec/uu_extend/g926__1666
2.95180e-11 6.11326e-09 8.73343e-09 1.48762e-08 /ariscv/uu_dtpath/uu_dec/uu_extend/g911__1705
3.17760e-11 7.29769e-09 1.83047e-09 9.15993e-09 /ariscv/uu_dtpath/uu_dec/uu_extend/g912__5122
4.87550e-11 4.61968e-09 4.20532e-09 8.87376e-09 /ariscv/uu_dtpath/uu_dec/uu_extend/g913__8246
5.05290e-11 7.60841e-09 8.43392e-09 1.60929e-08 /ariscv/uu_dtpath/uu_dec/uu_extend/g914__7098
5.11180e-11 1.06565e-08 9.74159e-09 2.04492e-08 /ariscv/uu_dtpath/uu_dec/uu_extend/g915__6131
5.27700e-11 1.37086e-08 1.22213e-08 2.59827e-08 /ariscv/uu_dtpath/uu_dec/uu_extend/g917__5115
1.31195e-10 1.37563e-08 1.33384e-08 2.72259e-08 /ariscv/uu_dtpath/uu_dec/uu_extend/g923__2883
5.16330e-11 1.73014e-08 1.65859e-08 3.39389e-08 /ariscv/uu_dtpath/uu_dec/uu_extend/g921__9315
5.17310e-11 2.12597e-08 4.34294e-09 2.56544e-08 /ariscv/uu_dtpath/uu_dec/uu_extend/g924__2346
4.75890e-11 1.35287e-08 1.19178e-08 2.54940e-08 /ariscv/uu_dtpath/uu_dec/uu_extend/g888__1881
4.71680e-11 6.41373e-09 1.15889e-08 1.80498e-08 /ariscv/uu_dtpath/uu_dec/uu_extend/g889__5115
4.75260e-11 1.41084e-08 7.99780e-09 2.21538e-08 /ariscv/uu_dtpath/uu_dec/uu_extend/g890__7482
4.72100e-11 7.06823e-09 1.18257e-08 1.89411e-08 /ariscv/uu_dtpath/uu_dec/uu_extend/g891__4733
4.75670e-11 1.22997e-08 1.42198e-08 2.65670e-08 /ariscv/uu_dtpath/uu_dec/uu_extend/g892__6161
4.75030e-11 1.16300e-08 9.72540e-09 2.14029e-08 /ariscv/uu_dtpath/uu_dec/uu_extend/g893__9315
8.81830e-11 2.12746e-08 1.95736e-08 4.09363e-08 /ariscv/uu_dtpath/uu_dec/uu_extend/g894__9945
4.75050e-11 1.47787e-08 1.13039e-08 2.61301e-08 /ariscv/uu_dtpath/uu_dec/uu_extend/g895__2883
4.82720e-11 1.55748e-08 5.48972e-09 2.11128e-08 /ariscv/uu_dtpath/uu_dec/uu_extend/g898__7410
4.73120e-11 1.03219e-08 5.45464e-09 1.58239e-08 /ariscv/uu_dtpath/uu_dec/uu_extend/g899__6417
4.72480e-11 7.15569e-09 7.36640e-09 1.45693e-08 /ariscv/uu_dtpath/uu_dec/uu_extend/g900__5477
4.78470e-11 1.56685e-08 8.57558e-09 2.42920e-08 /ariscv/uu_dtpath/uu_dec/uu_extend/g901__2398
4.75220e-11 1.03642e-08 5.91504e-09 1.63268e-08 /ariscv/uu_dtpath/uu_dec/uu_extend/g904__4319
4.72250e-11 7.76821e-09 4.33653e-09 1.21520e-08 /ariscv/uu_dtpath/uu_dec/uu_extend/g905__8428
4.72700e-11 7.78649e-09 1.01113e-08 1.79450e-08 /ariscv/uu_dtpath/uu_dec/uu_extend/g906__5526
4.73930e-11 7.82617e-09 7.81364e-09 1.56872e-08 /ariscv/uu_dtpath/uu_dec/uu_extend/g907__6783
4.73500e-11 9.05726e-09 9.37900e-09 1.84836e-08 /ariscv/uu_dtpath/uu_dec/uu_extend/g908__3680
4.71840e-11 7.25404e-09 6.39500e-09 1.36962e-08 /ariscv/uu_dtpath/uu_dec/uu_extend/g909__1617
4.73290e-11 8.44467e-09 5.49410e-09 1.39861e-08 /ariscv/uu_dtpath/uu_dec/uu_extend/g910__2802
3.90650e-11 1.19804e-08 3.47071e-09 1.54902e-08 /ariscv/uu_dtpath/uu_dec/uu_extend/g918__7482
4.16670e-11 1.33159e-08 1.07734e-08 2.41310e-08 /ariscv/uu_dtpath/uu_dec/uu_extend/g920__6161
3.97020e-11 1.20460e-08 2.63136e-08 3.83993e-08 /ariscv/uu_dtpath/uu_dec/uu_extend/g884__5122
4.04280e-11 2.53456e-08 8.17650e-08 1.07151e-07 /ariscv/uu_dtpath/uu_dec/uu_extend/g885__8246
4.07190e-11 1.87943e-08 6.02651e-08 7.91002e-08 /ariscv/uu_dtpath/uu_dec/uu_extend/g886__7098
4.19040e-11 3.37531e-08 9.37212e-08 1.27516e-07 /ariscv/uu_dtpath/uu_dec/uu_extend/g887__6131
4.08130e-11 3.07645e-08 6.84812e-08 9.92865e-08 /ariscv/uu_dtpath/uu_dec/uu_extend/g896__2346
4.03110e-11 1.29790e-08 2.31937e-08 3.62130e-08 /ariscv/uu_dtpath/uu_dec/uu_extend/g897__1666
4.00780e-11 1.48112e-08 2.28126e-08 3.76638e-08 /ariscv/uu_dtpath/uu_dec/uu_extend/g902__5107
4.10260e-11 2.38943e-08 5.71233e-09 2.96477e-08 /ariscv/uu_dtpath/uu_dec/uu_extend/g919__4733
6.12940e-11 4.76943e-09 1.22740e-08 1.71047e-08 /ariscv/uu_dtpath/uu_dec/uu_extend/g922__9945
5.23130e-11 2.28784e-08 1.89368e-08 4.18675e-08 /ariscv/uu_dtpath/uu_dec/uu_ctrl_unit/FE_OFC263_n_20
5.20840e-11 1.67812e-08 6.10561e-08 7.78894e-08 /ariscv/uu_dtpath/uu_dec/uu_ctrl_unit/FE_OFC93_inst_fd_6
5.13370e-11 1.61020e-09 5.16187e-09 6.82341e-09 /ariscv/uu_dtpath/uu_dec/uu_ctrl_unit/FE_OFC91_n_6
2.03070e-11 4.86571e-09 1.79512e-08 2.28372e-08 /ariscv/uu_dtpath/uu_dec/uu_ctrl_unit/g727
2.17150e-11 3.98673e-09 1.88835e-08 2.28919e-08 /ariscv/uu_dtpath/uu_dec/uu_ctrl_unit/g729
5.37030e-11 6.20522e-09 1.86568e-08 2.49157e-08 /ariscv/uu_dtpath/uu_dec/uu_ctrl_unit/g695__1617
2.93260e-11 1.59283e-09 3.52737e-09 5.14953e-09 /ariscv/uu_dtpath/uu_dec/uu_ctrl_unit/g696__2802
3.03650e-11 1.92697e-09 6.86046e-09 8.81780e-09 /ariscv/uu_dtpath/uu_dec/uu_ctrl_unit/g714__6417
3.18210e-11 5.94899e-09 3.11655e-09 9.09737e-09 /ariscv/uu_dtpath/uu_dec/uu_ctrl_unit/g3
2.70330e-11 1.49132e-08 2.53291e-08 4.02693e-08 /ariscv/uu_dtpath/uu_dec/uu_ctrl_unit/g687__2398
2.29520e-11 9.05025e-09 7.12085e-09 1.61940e-08 /ariscv/uu_dtpath/uu_dec/uu_ctrl_unit/g692__5526
4.87710e-11 4.64240e-09 2.88517e-09 7.57634e-09 /ariscv/uu_dtpath/uu_dec/uu_ctrl_unit/g694__3680
4.10700e-11 2.77545e-08 2.65568e-08 5.43524e-08 /ariscv/uu_dtpath/uu_dec/uu_ctrl_unit/g697__1705
3.36600e-11 9.57765e-09 1.50566e-09 1.11170e-08 /ariscv/uu_dtpath/uu_dec/uu_ctrl_unit/g702__1881
4.82500e-11 5.56508e-09 8.42413e-09 1.40375e-08 /ariscv/uu_dtpath/uu_dec/uu_ctrl_unit/g711__2346
2.10420e-11 6.81443e-09 1.88410e-08 2.56764e-08 /ariscv/uu_dtpath/uu_dec/uu_ctrl_unit/g719__4319
3.86050e-11 6.54527e-10 3.98001e-10 1.09113e-09 /ariscv/uu_dtpath/uu_dec/uu_ctrl_unit/g723__6783
2.51000e-11 5.15065e-09 1.14736e-08 1.66493e-08 /ariscv/uu_dtpath/uu_dec/uu_ctrl_unit/g726__1617
3.92130e-11 1.07329e-08 3.08377e-08 4.16098e-08 /ariscv/uu_dtpath/uu_dec/uu_ctrl_unit/g689__6260
3.98210e-11 4.98306e-09 2.43182e-08 2.93411e-08 /ariscv/uu_dtpath/uu_dec/uu_ctrl_unit/g690__4319
4.41310e-11 2.11432e-08 8.02478e-08 1.01435e-07 /ariscv/uu_dtpath/uu_dec/uu_ctrl_unit/g691__8428
3.93980e-11 8.84818e-09 3.22826e-08 4.11702e-08 /ariscv/uu_dtpath/uu_dec/uu_ctrl_unit/g699__8246
3.88750e-11 1.10102e-08 3.70816e-08 4.81307e-08 /ariscv/uu_dtpath/uu_dec/uu_ctrl_unit/g700__7098
4.01040e-11 4.46480e-09 7.22069e-09 1.17256e-08 /ariscv/uu_dtpath/uu_dec/uu_ctrl_unit/g708__9315
3.92270e-11 8.72633e-09 1.47166e-08 2.34822e-08 /ariscv/uu_dtpath/uu_dec/uu_ctrl_unit/g703__5115
2.19570e-11 6.71873e-09 1.83256e-08 2.50663e-08 /ariscv/uu_dtpath/uu_dec/uu_ctrl_unit/g707__6161
2.53150e-11 3.86880e-09 2.06084e-09 5.95495e-09 /ariscv/uu_dtpath/uu_dec/uu_ctrl_unit/g710__2883
2.06040e-11 5.80441e-09 2.76746e-09 8.59247e-09 /ariscv/uu_dtpath/uu_dec/uu_ctrl_unit/g712__1666
2.09300e-11 7.86401e-09 7.48681e-09 1.53718e-08 /ariscv/uu_dtpath/uu_dec/uu_ctrl_unit/g715__5477
4.36320e-11 1.35527e-09 3.43495e-09 4.83385e-09 /ariscv/uu_dtpath/uu_dec/uu_ctrl_unit/g716__2398
3.17530e-11 1.60823e-08 2.87101e-09 1.89851e-08 /ariscv/uu_dtpath/uu_dec/uu_ctrl_unit/g717__5107
3.21200e-11 1.54243e-08 6.23850e-09 2.16949e-08 /ariscv/uu_dtpath/uu_dec/uu_ctrl_unit/g721__8428
3.55450e-11 8.09066e-09 1.24878e-08 2.06140e-08 /ariscv/uu_dtpath/uu_dec/uu_ctrl_unit/g722__5526
4.94490e-11 7.72554e-09 6.17914e-09 1.39541e-08 /ariscv/uu_dtpath/uu_dec/uu_ctrl_unit/g2__2802
3.18720e-11 2.09384e-08 1.88602e-08 3.98305e-08 /ariscv/uu_dtpath/uu_dec/uu_ctrl_unit/g730__1705
5.19790e-11 1.30421e-08 1.10243e-08 2.41184e-08 /ariscv/uu_dtpath/uu_dec/uu_ctrl_unit/g2
6.55550e-11 9.59373e-09 6.65977e-09 1.63191e-08 /ariscv/uu_dtpath/uu_dec/uu_ctrl_unit/g693__6783
3.73790e-11 1.41905e-08 7.92765e-09 2.21555e-08 /ariscv/uu_dtpath/uu_dec/uu_ctrl_unit/g698__5122
3.39040e-11 1.54796e-08 5.30117e-09 2.08147e-08 /ariscv/uu_dtpath/uu_dec/uu_ctrl_unit/g709__9945
4.10250e-11 9.08195e-09 1.67127e-08 2.58357e-08 /ariscv/uu_dtpath/uu_dec/uu_ctrl_unit/g718__6260
3.79730e-11 6.54621e-09 2.74418e-09 9.32837e-09 /ariscv/uu_dtpath/uu_dec/uu_ctrl_unit/g688__5107
4.73680e-11 1.03145e-08 4.43198e-09 1.47938e-08 /ariscv/uu_dtpath/uu_dec/uu_ctrl_unit/g705__7482
4.94380e-11 2.69162e-08 9.52707e-09 3.64927e-08 /ariscv/uu_dtpath/uu_dec/uu_ctrl_unit/g706__4733
4.09690e-11 1.09546e-08 3.60083e-08 4.70039e-08 /ariscv/uu_dtpath/uu_dec/uu_ctrl_unit/g701__6131
8.89720e-11 2.19200e-07 2.57681e-07 4.76970e-07 /ariscv/uu_ctrlpath/CTS_cpc_drv_buf_00551
1.14658e-10 2.79191e-07 2.91098e-07 5.70404e-07 /ariscv/uu_ctrlpath/CTS_ccl_a_buf_00290
8.89170e-11 2.22225e-07 2.46329e-07 4.68643e-07 /ariscv/uu_ctrlpath/CTS_ccl_a_buf_00291
8.89730e-11 2.18493e-07 3.04630e-07 5.23213e-07 /ariscv/uu_ctrlpath/CTS_csf_buf_00481
8.89730e-11 2.18477e-07 2.00885e-07 4.19451e-07 /ariscv/uu_ctrlpath/CTS_csf_buf_00480
1.14709e-10 2.80785e-07 3.68450e-07 6.49350e-07 /ariscv/uu_ctrlpath/CTS_ccl_a_buf_00377
1.14731e-10 2.78628e-07 2.97486e-07 5.76229e-07 /ariscv/uu_ctrlpath/CTS_ccl_a_buf_00399
5.38620e-11 1.44525e-07 1.25118e-07 2.69697e-07 /ariscv/uu_ctrlpath/CTS_ccl_a_buf_00400
8.89540e-11 2.19090e-07 2.05028e-07 4.24207e-07 /ariscv/uu_ctrlpath/CTS_csf_buf_00438
1.14695e-10 2.78589e-07 2.72210e-07 5.50914e-07 /ariscv/uu_ctrlpath/CTS_csf_buf_00437
5.38100e-11 1.43406e-07 1.26439e-07 2.69899e-07 /ariscv/uu_ctrlpath/CTS_ccl_a_buf_00394
5.38100e-11 1.44527e-07 1.49313e-07 2.93894e-07 /ariscv/uu_ctrlpath/CTS_ccl_a_buf_00396
1.14644e-10 2.77265e-07 3.30202e-07 6.07581e-07 /ariscv/uu_ctrlpath/CTS_csf_buf_00426
5.37320e-11 1.42350e-07 1.03043e-07 2.45446e-07 /ariscv/uu_ctrlpath/CTS_ccl_a_buf_00397
1.14664e-10 2.79895e-07 3.12017e-07 5.92026e-07 /ariscv/uu_ctrlpath/CTS_ccl_a_buf_00401
1.14661e-10 2.79721e-07 2.77181e-07 5.57016e-07 /ariscv/uu_ctrlpath/CTS_ccl_a_buf_00402
8.89140e-11 2.19458e-07 2.57441e-07 4.76988e-07 /ariscv/uu_ctrlpath/CTS_ccl_a_buf_00391
8.89140e-11 2.19459e-07 2.63504e-07 4.83053e-07 /ariscv/uu_ctrlpath/CTS_ccl_a_buf_00387
5.37570e-11 1.43220e-07 8.51932e-08 2.28466e-07 /ariscv/uu_ctrlpath/CTS_ccl_a_buf_00393
8.89660e-11 2.19125e-07 2.24780e-07 4.43995e-07 /ariscv/uu_ctrlpath/CTS_ccl_a_buf_00384
8.89720e-11 2.19067e-07 1.78912e-07 3.98068e-07 /ariscv/uu_ctrlpath/CTS_ccl_a_buf_00404
5.38310e-11 1.44526e-07 1.30521e-07 2.75101e-07 /ariscv/uu_ctrlpath/CTS_ccl_a_buf_00405
1.14641e-10 2.82360e-07 3.63335e-07 6.45810e-07 /ariscv/uu_ctrlpath/uu_join_J2/uu_c_element_join/CTS_ccl_a_buf_00002
1.14699e-10 2.78353e-07 3.59745e-07 6.38213e-07 /ariscv/uu_ctrlpath/uu_join_J2/uu_c_element_join/CTS_ccl_a_buf_00129
1.14626e-10 2.80767e-07 3.34718e-07 6.15599e-07 /ariscv/uu_ctrlpath/uu_join_J2/uu_c_element_join/CTS_ccl_a_buf_00172
2.55369e-10 5.97321e-07 1.09761e-07 7.07338e-07 /ariscv/uu_ctrlpath/uu_join_J2/uu_c_element_join/genblk1.DRV_DONT_TOUCH
1.74458e-10 3.28019e-07 1.09761e-07 4.37955e-07 /ariscv/uu_ctrlpath/uu_join_J2/uu_c_element_join/NAND2_1_DONT_TOUCH
1.73369e-10 3.27195e-07 1.06984e-07 4.34352e-07 /ariscv/uu_ctrlpath/uu_join_J2/uu_c_element_join/NAND2_2_DONT_TOUCH
1.75435e-10 3.25973e-07 1.05233e-07 4.31381e-07 /ariscv/uu_ctrlpath/uu_join_J2/uu_c_element_join/NAND2_3_DONT_TOUCH
1.25343e-10 3.11227e-07 8.98376e-08 4.01190e-07 /ariscv/uu_ctrlpath/uu_join_J2/uu_c_element_join/NAND3_1_DONT_TOUCH
8.89600e-11 2.19793e-07 1.87197e-07 4.07079e-07 /ariscv/uu_ctrlpath/uu_join_J1/uu_c_element_join/CTS_cpc_drv_buf_00629
8.88950e-11 2.17736e-07 1.80653e-07 3.98477e-07 /ariscv/uu_ctrlpath/uu_join_J1/uu_c_element_join/CTS_cpc_drv_buf_00768
8.88950e-11 2.17739e-07 1.99757e-07 4.17584e-07 /ariscv/uu_ctrlpath/uu_join_J1/uu_c_element_join/CTS_cpc_drv_buf_00767
1.14645e-10 2.77469e-07 3.51097e-07 6.28681e-07 /ariscv/uu_ctrlpath/uu_join_J1/uu_c_element_join/CTS_cpc_drv_buf_00764
1.14641e-10 2.79200e-07 3.35157e-07 6.14472e-07 /ariscv/uu_ctrlpath/uu_join_J1/uu_c_element_join/CTS_ccl_a_buf_00004
1.14695e-10 2.79343e-07 3.30746e-07 6.10204e-07 /ariscv/uu_ctrlpath/uu_join_J1/uu_c_element_join/CTS_ccl_a_buf_00009
5.38110e-11 1.43530e-07 5.36735e-08 1.97257e-07 /ariscv/uu_ctrlpath/uu_join_J1/uu_c_element_join/CTS_csf_buf_00478
8.88910e-11 2.17298e-07 2.14742e-07 4.32129e-07 /ariscv/uu_ctrlpath/uu_join_J1/uu_c_element_join/CTS_ccl_a_buf_00222
2.55332e-10 5.90130e-07 1.46504e-07 7.36890e-07 /ariscv/uu_ctrlpath/uu_join_J1/uu_c_element_join/genblk1.DRV_DONT_TOUCH
1.75010e-10 3.24554e-07 1.38803e-07 4.63532e-07 /ariscv/uu_ctrlpath/uu_join_J1/uu_c_element_join/NAND2_1_DONT_TOUCH
1.73973e-10 3.23843e-07 1.04416e-07 4.28432e-07 /ariscv/uu_ctrlpath/uu_join_J1/uu_c_element_join/NAND2_2_DONT_TOUCH
1.75310e-10 3.22887e-07 1.16833e-07 4.39896e-07 /ariscv/uu_ctrlpath/uu_join_J1/uu_c_element_join/NAND2_3_DONT_TOUCH
1.66034e-10 3.07919e-07 1.17609e-07 4.25695e-07 /ariscv/uu_ctrlpath/uu_join_J1/uu_c_element_join/NAND3_1_DONT_TOUCH
8.89090e-11 2.19739e-07 2.09010e-07 4.28838e-07 /ariscv/uu_ctrlpath/uu_fork_F2/uu_c_element_fork/CTS_ccl_a_buf_00006
5.38110e-11 1.43381e-07 1.70687e-07 3.14121e-07 /ariscv/uu_ctrlpath/uu_fork_F2/uu_c_element_fork/CTS_csf_buf_00441
5.38110e-11 1.43381e-07 1.73929e-07 3.17364e-07 /ariscv/uu_ctrlpath/uu_fork_F2/uu_c_element_fork/CTS_csf_buf_00440
8.89580e-11 2.18783e-07 2.36968e-07 4.55840e-07 /ariscv/uu_ctrlpath/uu_fork_F2/uu_c_element_fork/CTS_ccl_a_buf_00138
5.38100e-11 1.43410e-07 1.61501e-07 3.04965e-07 /ariscv/uu_ctrlpath/uu_fork_F2/uu_c_element_fork/CTS_ccl_a_buf_00307
8.89260e-11 2.17701e-07 2.37249e-07 4.55038e-07 /ariscv/uu_ctrlpath/uu_fork_F2/uu_c_element_fork/CTS_csf_buf_00417
5.37720e-11 1.42615e-07 1.55519e-07 2.98188e-07 /ariscv/uu_ctrlpath/uu_fork_F2/uu_c_element_fork/CTS_csf_buf_00416
5.37720e-11 1.42241e-07 1.43460e-07 2.85754e-07 /ariscv/uu_ctrlpath/uu_fork_F2/uu_c_element_fork/CTS_ccl_a_buf_00194
5.37680e-11 1.42253e-07 2.21726e-07 3.64033e-07 /ariscv/uu_ctrlpath/uu_fork_F2/uu_c_element_fork/CTS_ccl_a_buf_00280
1.14667e-10 2.76325e-07 4.13483e-07 6.89923e-07 /ariscv/uu_ctrlpath/uu_fork_F2/uu_c_element_fork/CTS_ccl_a_buf_00321
1.14664e-10 2.78185e-07 3.68390e-07 6.46690e-07 /ariscv/uu_ctrlpath/uu_fork_F2/uu_c_element_fork/CTS_ccl_a_buf_00358
1.14662e-10 2.78718e-07 3.08953e-07 5.87786e-07 /ariscv/uu_ctrlpath/uu_fork_F2/uu_c_element_fork/CTS_ccl_buf_00374
8.89140e-11 2.18699e-07 1.78191e-07 3.96979e-07 /ariscv/uu_ctrlpath/uu_fork_F2/uu_c_element_fork/CTS_ccl_a_buf_00382
2.55531e-10 5.90768e-07 1.29788e-07 7.20811e-07 /ariscv/uu_ctrlpath/uu_fork_F2/uu_c_element_fork/genblk1.DRV_DONT_TOUCH
1.75912e-10 3.23572e-07 1.23639e-07 4.47387e-07 /ariscv/uu_ctrlpath/uu_fork_F2/uu_c_element_fork/NAND2_1_DONT_TOUCH
1.75652e-10 3.23363e-07 1.75160e-07 4.98699e-07 /ariscv/uu_ctrlpath/uu_fork_F2/uu_c_element_fork/NAND2_2_DONT_TOUCH
1.75002e-10 3.24003e-07 1.84115e-07 5.08293e-07 /ariscv/uu_ctrlpath/uu_fork_F2/uu_c_element_fork/NAND2_3_DONT_TOUCH
1.30810e-10 3.07678e-07 8.20281e-08 3.89837e-07 /ariscv/uu_ctrlpath/uu_fork_F2/uu_c_element_fork/NAND3_1_DONT_TOUCH
8.89170e-11 2.22220e-07 1.94829e-07 4.17138e-07 /ariscv/uu_ctrlpath/uu_fork_F1/uu_c_element_fork/CTS_ccl_a_buf_00008
8.89220e-11 2.20111e-07 1.97788e-07 4.17988e-07 /ariscv/uu_ctrlpath/uu_fork_F1/uu_c_element_fork/CTS_csf_buf_00468
5.37660e-11 1.44203e-07 1.54861e-07 2.99118e-07 /ariscv/uu_ctrlpath/uu_fork_F1/uu_c_element_fork/CTS_csf_buf_00467
8.89180e-11 2.22224e-07 2.35945e-07 4.58258e-07 /ariscv/uu_ctrlpath/uu_fork_F1/uu_c_element_fork/CTS_ccl_a_buf_00014
8.89170e-11 2.20022e-07 2.56472e-07 4.76583e-07 /ariscv/uu_ctrlpath/uu_fork_F1/uu_c_element_fork/CTS_csf_buf_00420
8.89170e-11 2.20018e-07 2.36126e-07 4.56233e-07 /ariscv/uu_ctrlpath/uu_fork_F1/uu_c_element_fork/CTS_csf_buf_00419
1.14664e-10 2.79890e-07 2.94146e-07 5.74151e-07 /ariscv/uu_ctrlpath/uu_fork_F1/uu_c_element_fork/CTS_ccl_a_buf_00173
2.55584e-10 5.97065e-07 1.34696e-07 7.32017e-07 /ariscv/uu_ctrlpath/uu_fork_F1/uu_c_element_fork/genblk1.DRV_DONT_TOUCH
1.75055e-10 3.27650e-07 1.32824e-07 4.60650e-07 /ariscv/uu_ctrlpath/uu_fork_F1/uu_c_element_fork/NAND2_1_DONT_TOUCH
1.74977e-10 3.27456e-07 1.25640e-07 4.53271e-07 /ariscv/uu_ctrlpath/uu_fork_F1/uu_c_element_fork/NAND2_2_DONT_TOUCH
1.75024e-10 3.28173e-07 1.12901e-07 4.41248e-07 /ariscv/uu_ctrlpath/uu_fork_F1/uu_c_element_fork/NAND2_3_DONT_TOUCH
1.28901e-10 3.11426e-07 1.04690e-07 4.16244e-07 /ariscv/uu_ctrlpath/uu_fork_F1/uu_c_element_fork/NAND3_1_DONT_TOUCH
8.89690e-11 2.19806e-07 2.52097e-07 4.71993e-07 /ariscv/uu_ctrlpath/uu_dly_REG_J2/CTS_cpc_drv_buf_00743
1.14708e-10 2.79349e-07 2.12893e-07 4.92357e-07 /ariscv/uu_ctrlpath/uu_dly_REG_J2/CTS_cpc_drv_buf_00740
5.38630e-11 1.43850e-07 3.66229e-08 1.80526e-07 /ariscv/uu_ctrlpath/uu_dly_REG_J2/buffer_instances[1].uu_buffer_DONT_TOUCH
5.38630e-11 1.43932e-07 7.42664e-08 2.18253e-07 /ariscv/uu_ctrlpath/uu_dly_REG_J2/buffer_instances[2].uu_buffer_DONT_TOUCH
5.38580e-11 1.43748e-07 3.62026e-08 1.80005e-07 /ariscv/uu_ctrlpath/uu_dly_REG_J2/buffer_instances[3].uu_buffer_DONT_TOUCH
5.38550e-11 1.43930e-07 5.57748e-08 1.99759e-07 /ariscv/uu_ctrlpath/uu_dly_REG_J2/buffer_instances[4].uu_buffer_DONT_TOUCH
5.38550e-11 1.43839e-07 6.16585e-08 2.05551e-07 /ariscv/uu_ctrlpath/uu_dly_REG_J2/buffer_instances[5].uu_buffer_DONT_TOUCH
5.38520e-11 1.43816e-07 1.10469e-07 2.54339e-07 /ariscv/uu_ctrlpath/uu_dly_REG_J2/buffer_instances[6].uu_buffer_DONT_TOUCH
5.38490e-11 1.43575e-07 4.94709e-08 1.93100e-07 /ariscv/uu_ctrlpath/uu_dly_REG_J2/buffer_instances[7].uu_buffer_DONT_TOUCH
5.38490e-11 1.43865e-07 5.34934e-08 1.97413e-07 /ariscv/uu_ctrlpath/uu_dly_REG_J2/buffer_instances[8].uu_buffer_DONT_TOUCH
5.38450e-11 1.43848e-07 4.50281e-08 1.88930e-07 /ariscv/uu_ctrlpath/uu_dly_REG_J2/buffer_instances[9].uu_buffer_DONT_TOUCH
5.38420e-11 1.43889e-07 5.97973e-08 2.03740e-07 /ariscv/uu_ctrlpath/uu_dly_REG_J2/buffer_instances[10].uu_buffer_DONT_TOUCH
5.38380e-11 1.43821e-07 7.28255e-08 2.16700e-07 /ariscv/uu_ctrlpath/uu_dly_REG_J2/buffer_instances[11].uu_buffer_DONT_TOUCH
5.38350e-11 1.43762e-07 1.09929e-07 2.53744e-07 /ariscv/uu_ctrlpath/uu_dly_REG_J2/buffer_instances[12].uu_buffer_DONT_TOUCH
5.38300e-11 1.43591e-07 1.60360e-07 3.04005e-07 /ariscv/uu_ctrlpath/uu_dly_REG_J2/buffer_instances[13].uu_buffer_DONT_TOUCH
5.38270e-11 1.43334e-07 5.00112e-08 1.93399e-07 /ariscv/uu_ctrlpath/uu_dly_REG_J2/buffer_instances[14].uu_buffer_DONT_TOUCH
5.38270e-11 1.43529e-07 4.62289e-08 1.89811e-07 /ariscv/uu_ctrlpath/uu_dly_REG_J2/buffer_instances[15].uu_buffer_DONT_TOUCH
5.38240e-11 1.43323e-07 6.00375e-08 2.03414e-07 /ariscv/uu_ctrlpath/uu_dly_REG_J2/buffer_instances[16].uu_buffer_DONT_TOUCH
5.38200e-11 1.43825e-07 1.63842e-07 3.07721e-07 /ariscv/uu_ctrlpath/uu_dly_REG_J2/buffer_instances[17].uu_buffer_DONT_TOUCH
5.38170e-11 1.43333e-07 1.51415e-07 2.94802e-07 /ariscv/uu_ctrlpath/uu_dly_REG_J2/buffer_instances[18].uu_buffer_DONT_TOUCH
5.38630e-11 1.43324e-07 5.18724e-08 1.95251e-07 /ariscv/uu_ctrlpath/uu_dly_REG_J2/uu_buffer_in_DONT_TOUCH
1.14692e-10 2.78626e-07 4.07714e-07 6.86455e-07 /ariscv/uu_ctrlpath/uu_dly_PC_L1/CTS_cpc_drv_buf_00570
5.38060e-11 1.43079e-07 2.10912e-07 3.54044e-07 /ariscv/uu_ctrlpath/uu_dly_PC_L1/buffer_instances[1].uu_buffer_DONT_TOUCH
5.38070e-11 1.43113e-07 2.31865e-07 3.75032e-07 /ariscv/uu_ctrlpath/uu_dly_PC_L1/buffer_instances[2].uu_buffer_DONT_TOUCH
5.38070e-11 1.42994e-07 8.97560e-08 2.32804e-07 /ariscv/uu_ctrlpath/uu_dly_PC_L1/buffer_instances[3].uu_buffer_DONT_TOUCH
5.38080e-11 1.43670e-07 6.81425e-08 2.11866e-07 /ariscv/uu_ctrlpath/uu_dly_PC_L1/buffer_instances[4].uu_buffer_DONT_TOUCH
5.38040e-11 1.43791e-07 1.75309e-07 3.19154e-07 /ariscv/uu_ctrlpath/uu_dly_PC_L1/buffer_instances[5].uu_buffer_DONT_TOUCH
5.38070e-11 1.43479e-07 1.26439e-07 2.69972e-07 /ariscv/uu_ctrlpath/uu_dly_PC_L1/uu_buffer_in_DONT_TOUCH
8.89480e-11 2.19272e-07 2.47354e-07 4.66715e-07 /ariscv/uu_ctrlpath/uu_dly_PC_FD/CTS_cpc_drv_buf_00733
5.38020e-11 1.43606e-07 1.39947e-07 2.83607e-07 /ariscv/uu_ctrlpath/uu_dly_PC_FD/buffer_instances[1].uu_buffer_DONT_TOUCH
5.37990e-11 1.43450e-07 1.93081e-07 3.36584e-07 /ariscv/uu_ctrlpath/uu_dly_PC_FD/buffer_instances[2].uu_buffer_DONT_TOUCH
5.38030e-11 1.43192e-07 1.63362e-07 3.06608e-07 /ariscv/uu_ctrlpath/uu_dly_PC_FD/buffer_instances[3].uu_buffer_DONT_TOUCH
5.38030e-11 1.43327e-07 1.22236e-07 2.65617e-07 /ariscv/uu_ctrlpath/uu_dly_PC_FD/buffer_instances[4].uu_buffer_DONT_TOUCH
5.38000e-11 1.43536e-07 2.28443e-07 3.72032e-07 /ariscv/uu_ctrlpath/uu_dly_PC_FD/buffer_instances[5].uu_buffer_DONT_TOUCH
5.38000e-11 1.43013e-07 7.88292e-08 2.21896e-07 /ariscv/uu_ctrlpath/uu_dly_PC_FD/buffer_instances[6].uu_buffer_DONT_TOUCH
5.37960e-11 1.43730e-07 1.30822e-07 2.74605e-07 /ariscv/uu_ctrlpath/uu_dly_PC_FD/buffer_instances[7].uu_buffer_DONT_TOUCH
5.37970e-11 1.43498e-07 2.14514e-07 3.58065e-07 /ariscv/uu_ctrlpath/uu_dly_PC_FD/buffer_instances[8].uu_buffer_DONT_TOUCH
5.37970e-11 1.43082e-07 1.05846e-07 2.48982e-07 /ariscv/uu_ctrlpath/uu_dly_PC_FD/buffer_instances[9].uu_buffer_DONT_TOUCH
5.37980e-11 1.43343e-07 1.21156e-07 2.64553e-07 /ariscv/uu_ctrlpath/uu_dly_PC_FD/buffer_instances[10].uu_buffer_DONT_TOUCH
5.38070e-11 1.43391e-07 1.05606e-07 2.49050e-07 /ariscv/uu_ctrlpath/uu_dly_PC_FD/uu_buffer_in_DONT_TOUCH
5.37250e-11 1.43033e-07 9.57591e-08 2.38846e-07 /ariscv/uu_ctrlpath/uu_dly_MW_REG/buffer_instances[1].uu_buffer_DONT_TOUCH
5.37220e-11 1.42835e-07 4.21483e-08 1.85038e-07 /ariscv/uu_ctrlpath/uu_dly_MW_REG/buffer_instances[2].uu_buffer_DONT_TOUCH
5.37180e-11 1.43093e-07 6.50732e-08 2.08219e-07 /ariscv/uu_ctrlpath/uu_dly_MW_REG/buffer_instances[3].uu_buffer_DONT_TOUCH
5.37140e-11 1.42985e-07 6.06554e-08 2.03694e-07 /ariscv/uu_ctrlpath/uu_dly_MW_REG/buffer_instances[4].uu_buffer_DONT_TOUCH
5.37100e-11 1.43006e-07 6.54314e-08 2.08491e-07 /ariscv/uu_ctrlpath/uu_dly_MW_REG/buffer_instances[5].uu_buffer_DONT_TOUCH
5.37070e-11 1.42980e-07 4.13722e-08 1.84406e-07 /ariscv/uu_ctrlpath/uu_dly_MW_REG/buffer_instances[6].uu_buffer_DONT_TOUCH
5.37030e-11 1.43097e-07 6.19091e-08 2.05060e-07 /ariscv/uu_ctrlpath/uu_dly_MW_REG/buffer_instances[7].uu_buffer_DONT_TOUCH
5.37000e-11 1.43008e-07 1.26266e-07 2.69327e-07 /ariscv/uu_ctrlpath/uu_dly_MW_REG/buffer_instances[8].uu_buffer_DONT_TOUCH
5.36970e-11 1.42689e-07 3.73126e-08 1.80055e-07 /ariscv/uu_ctrlpath/uu_dly_MW_REG/buffer_instances[9].uu_buffer_DONT_TOUCH
5.36970e-11 1.43115e-07 5.94017e-08 2.02570e-07 /ariscv/uu_ctrlpath/uu_dly_MW_REG/buffer_instances[10].uu_buffer_DONT_TOUCH
5.36930e-11 1.43016e-07 8.96100e-08 2.32680e-07 /ariscv/uu_ctrlpath/uu_dly_MW_REG/buffer_instances[11].uu_buffer_DONT_TOUCH
5.36930e-11 1.42868e-07 6.96104e-08 2.12532e-07 /ariscv/uu_ctrlpath/uu_dly_MW_REG/buffer_instances[12].uu_buffer_DONT_TOUCH
5.36900e-11 1.42962e-07 6.59687e-08 2.08984e-07 /ariscv/uu_ctrlpath/uu_dly_MW_REG/buffer_instances[13].uu_buffer_DONT_TOUCH
5.36860e-11 1.42981e-07 7.21775e-08 2.15213e-07 /ariscv/uu_ctrlpath/uu_dly_MW_REG/buffer_instances[14].uu_buffer_DONT_TOUCH
5.37290e-11 1.42797e-07 5.52227e-08 1.98073e-07 /ariscv/uu_ctrlpath/uu_dly_MW_REG/uu_buffer_in_DONT_TOUCH
5.38270e-11 1.43935e-07 1.71227e-07 3.15216e-07 /ariscv/uu_ctrlpath/uu_dly_L2_J1/buffer_instances[1].uu_buffer_DONT_TOUCH
5.38230e-11 1.43297e-07 1.35084e-07 2.78435e-07 /ariscv/uu_ctrlpath/uu_dly_L2_J1/buffer_instances[2].uu_buffer_DONT_TOUCH
5.38190e-11 1.43459e-07 9.42588e-08 2.37771e-07 /ariscv/uu_ctrlpath/uu_dly_L2_J1/buffer_instances[3].uu_buffer_DONT_TOUCH
5.38150e-11 1.43657e-07 1.09088e-07 2.52799e-07 /ariscv/uu_ctrlpath/uu_dly_L2_J1/buffer_instances[4].uu_buffer_DONT_TOUCH
5.38150e-11 1.43581e-07 4.68893e-08 1.90524e-07 /ariscv/uu_ctrlpath/uu_dly_L2_J1/buffer_instances[5].uu_buffer_DONT_TOUCH
5.38310e-11 1.43477e-07 3.74033e-08 1.80934e-07 /ariscv/uu_ctrlpath/uu_dly_L2_J1/uu_buffer_in_DONT_TOUCH
5.37640e-11 1.44736e-07 6.78009e-08 2.12591e-07 /ariscv/uu_ctrlpath/uu_dly_FD_J2/buffer_instances[1].uu_buffer_DONT_TOUCH
5.37650e-11 1.44592e-07 7.50458e-08 2.19692e-07 /ariscv/uu_ctrlpath/uu_dly_FD_J2/buffer_instances[2].uu_buffer_DONT_TOUCH
5.37610e-11 1.44576e-07 2.34013e-07 3.78642e-07 /ariscv/uu_ctrlpath/uu_dly_FD_J2/buffer_instances[3].uu_buffer_DONT_TOUCH
5.37610e-11 1.43815e-07 1.99780e-07 3.43649e-07 /ariscv/uu_ctrlpath/uu_dly_FD_J2/buffer_instances[4].uu_buffer_DONT_TOUCH
5.37610e-11 1.43953e-07 6.59896e-08 2.09996e-07 /ariscv/uu_ctrlpath/uu_dly_FD_J2/buffer_instances[5].uu_buffer_DONT_TOUCH
5.37580e-11 1.44598e-07 1.07407e-07 2.52059e-07 /ariscv/uu_ctrlpath/uu_dly_FD_J2/buffer_instances[6].uu_buffer_DONT_TOUCH
5.37550e-11 1.44403e-07 8.02381e-08 2.24695e-07 /ariscv/uu_ctrlpath/uu_dly_FD_J2/buffer_instances[7].uu_buffer_DONT_TOUCH
5.37500e-11 1.44530e-07 7.64948e-08 2.21078e-07 /ariscv/uu_ctrlpath/uu_dly_FD_J2/buffer_instances[8].uu_buffer_DONT_TOUCH
5.37470e-11 1.44545e-07 4.55226e-08 1.90122e-07 /ariscv/uu_ctrlpath/uu_dly_FD_J2/buffer_instances[9].uu_buffer_DONT_TOUCH
5.37430e-11 1.44695e-07 6.10389e-08 2.05788e-07 /ariscv/uu_ctrlpath/uu_dly_FD_J2/buffer_instances[10].uu_buffer_DONT_TOUCH
5.37400e-11 1.44626e-07 8.32568e-08 2.27937e-07 /ariscv/uu_ctrlpath/uu_dly_FD_J2/buffer_instances[11].uu_buffer_DONT_TOUCH
5.37360e-11 1.44520e-07 8.65774e-08 2.31151e-07 /ariscv/uu_ctrlpath/uu_dly_FD_J2/buffer_instances[12].uu_buffer_DONT_TOUCH
5.37360e-11 1.44499e-07 4.91451e-08 1.93697e-07 /ariscv/uu_ctrlpath/uu_dly_FD_J2/buffer_instances[13].uu_buffer_DONT_TOUCH
5.37330e-11 1.44687e-07 1.37896e-07 2.82637e-07 /ariscv/uu_ctrlpath/uu_dly_FD_J2/buffer_instances[14].uu_buffer_DONT_TOUCH
5.37290e-11 1.44261e-07 1.09097e-07 2.53412e-07 /ariscv/uu_ctrlpath/uu_dly_FD_J2/buffer_instances[15].uu_buffer_DONT_TOUCH
5.37260e-11 1.44386e-07 3.73116e-08 1.81752e-07 /ariscv/uu_ctrlpath/uu_dly_FD_J2/buffer_instances[16].uu_buffer_DONT_TOUCH
5.37210e-11 1.44742e-07 1.30289e-07 2.75084e-07 /ariscv/uu_ctrlpath/uu_dly_FD_J2/buffer_instances[17].uu_buffer_DONT_TOUCH
5.37180e-11 1.44296e-07 8.67585e-08 2.31108e-07 /ariscv/uu_ctrlpath/uu_dly_FD_J2/buffer_instances[18].uu_buffer_DONT_TOUCH
5.37140e-11 1.44494e-07 4.17190e-08 1.86267e-07 /ariscv/uu_ctrlpath/uu_dly_FD_J2/buffer_instances[19].uu_buffer_DONT_TOUCH
5.37110e-11 1.44720e-07 1.16644e-07 2.61418e-07 /ariscv/uu_ctrlpath/uu_dly_FD_J2/buffer_instances[20].uu_buffer_DONT_TOUCH
5.37080e-11 1.44357e-07 5.90465e-08 2.03457e-07 /ariscv/uu_ctrlpath/uu_dly_FD_J2/buffer_instances[21].uu_buffer_DONT_TOUCH
5.37080e-11 1.44629e-07 4.95677e-08 1.94250e-07 /ariscv/uu_ctrlpath/uu_dly_FD_J2/buffer_instances[22].uu_buffer_DONT_TOUCH
5.37040e-11 1.44678e-07 6.92499e-08 2.13982e-07 /ariscv/uu_ctrlpath/uu_dly_FD_J2/buffer_instances[23].uu_buffer_DONT_TOUCH
5.37640e-11 1.44094e-07 3.62852e-08 1.80433e-07 /ariscv/uu_ctrlpath/uu_dly_FD_J2/uu_buffer_in_DONT_TOUCH
5.37570e-11 1.43535e-07 5.18724e-08 1.95461e-07 /ariscv/uu_ctrlpath/uu_dly_EM_MW/buffer_instances[1].uu_buffer_DONT_TOUCH
5.37570e-11 1.43853e-07 5.60750e-08 1.99982e-07 /ariscv/uu_ctrlpath/uu_dly_EM_MW/buffer_instances[2].uu_buffer_DONT_TOUCH
5.37530e-11 1.43033e-07 1.06445e-07 2.49532e-07 /ariscv/uu_ctrlpath/uu_dly_EM_MW/buffer_instances[3].uu_buffer_DONT_TOUCH
5.37530e-11 1.42785e-07 4.87751e-08 1.91613e-07 /ariscv/uu_ctrlpath/uu_dly_EM_MW/buffer_instances[4].uu_buffer_DONT_TOUCH
5.37490e-11 1.43065e-07 1.14147e-07 2.57266e-07 /ariscv/uu_ctrlpath/uu_dly_EM_MW/buffer_instances[5].uu_buffer_DONT_TOUCH
5.37460e-11 1.42746e-07 3.48052e-08 1.77605e-07 /ariscv/uu_ctrlpath/uu_dly_EM_MW/buffer_instances[6].uu_buffer_DONT_TOUCH
5.37420e-11 1.43135e-07 1.42027e-07 2.85215e-07 /ariscv/uu_ctrlpath/uu_dly_EM_MW/buffer_instances[7].uu_buffer_DONT_TOUCH
5.37380e-11 1.42627e-07 1.49370e-07 2.92051e-07 /ariscv/uu_ctrlpath/uu_dly_EM_MW/buffer_instances[8].uu_buffer_DONT_TOUCH
5.37570e-11 1.43315e-07 1.17974e-07 2.61343e-07 /ariscv/uu_ctrlpath/uu_dly_EM_MW/uu_buffer_in_DONT_TOUCH
1.14650e-10 2.79146e-07 2.64825e-07 5.44086e-07 /ariscv/uu_ctrlpath/uu_dly_DE_PC/CTS_cpc_drv_buf_00761
8.89370e-11 2.19240e-07 2.54919e-07 4.74248e-07 /ariscv/uu_ctrlpath/uu_dly_DE_PC/CTS_cpc_drv_buf_00749
1.14680e-10 2.78214e-07 3.79017e-07 6.57345e-07 /ariscv/uu_ctrlpath/uu_dly_DE_PC/CTS_cpc_drv_buf_00746
5.38260e-11 1.43850e-07 2.10551e-07 3.54455e-07 /ariscv/uu_ctrlpath/uu_dly_DE_PC/buffer_instances[1].uu_buffer_DONT_TOUCH
5.38260e-11 1.43098e-07 5.81763e-08 2.01328e-07 /ariscv/uu_ctrlpath/uu_dly_DE_PC/buffer_instances[2].uu_buffer_DONT_TOUCH
5.38220e-11 1.43821e-07 6.29193e-08 2.06794e-07 /ariscv/uu_ctrlpath/uu_dly_DE_PC/buffer_instances[3].uu_buffer_DONT_TOUCH
5.38220e-11 1.43812e-07 1.31602e-07 2.75468e-07 /ariscv/uu_ctrlpath/uu_dly_DE_PC/buffer_instances[4].uu_buffer_DONT_TOUCH
5.38180e-11 1.43496e-07 2.29403e-07 3.72953e-07 /ariscv/uu_ctrlpath/uu_dly_DE_PC/buffer_instances[5].uu_buffer_DONT_TOUCH
5.38170e-11 1.43002e-07 3.87242e-08 1.81780e-07 /ariscv/uu_ctrlpath/uu_dly_DE_PC/buffer_instances[6].uu_buffer_DONT_TOUCH
5.38130e-11 1.43920e-07 1.20795e-07 2.64769e-07 /ariscv/uu_ctrlpath/uu_dly_DE_PC/buffer_instances[7].uu_buffer_DONT_TOUCH
5.38090e-11 1.43530e-07 7.84089e-08 2.21993e-07 /ariscv/uu_ctrlpath/uu_dly_DE_PC/buffer_instances[8].uu_buffer_DONT_TOUCH
5.38050e-11 1.43730e-07 8.98161e-08 2.33600e-07 /ariscv/uu_ctrlpath/uu_dly_DE_PC/buffer_instances[9].uu_buffer_DONT_TOUCH
5.38010e-11 1.43680e-07 1.01223e-07 2.44957e-07 /ariscv/uu_ctrlpath/uu_dly_DE_PC/buffer_instances[10].uu_buffer_DONT_TOUCH
5.37970e-11 1.43631e-07 1.58979e-07 3.02664e-07 /ariscv/uu_ctrlpath/uu_dly_DE_PC/buffer_instances[11].uu_buffer_DONT_TOUCH
5.37970e-11 1.43341e-07 4.28067e-08 1.86201e-07 /ariscv/uu_ctrlpath/uu_dly_DE_PC/buffer_instances[12].uu_buffer_DONT_TOUCH
5.37930e-11 1.43908e-07 1.77171e-07 3.21133e-07 /ariscv/uu_ctrlpath/uu_dly_DE_PC/buffer_instances[13].uu_buffer_DONT_TOUCH
5.37930e-11 1.43257e-07 4.85103e-08 1.91821e-07 /ariscv/uu_ctrlpath/uu_dly_DE_PC/buffer_instances[14].uu_buffer_DONT_TOUCH
5.37890e-11 1.43865e-07 3.54221e-08 1.79341e-07 /ariscv/uu_ctrlpath/uu_dly_DE_PC/buffer_instances[15].uu_buffer_DONT_TOUCH
5.37890e-11 1.43943e-07 1.27460e-07 2.71457e-07 /ariscv/uu_ctrlpath/uu_dly_DE_PC/buffer_instances[16].uu_buffer_DONT_TOUCH
5.37850e-11 1.43508e-07 1.66004e-07 3.09566e-07 /ariscv/uu_ctrlpath/uu_dly_DE_PC/buffer_instances[17].uu_buffer_DONT_TOUCH
5.37880e-11 1.43132e-07 1.09688e-07 2.52874e-07 /ariscv/uu_ctrlpath/uu_dly_DE_PC/buffer_instances[18].uu_buffer_DONT_TOUCH
5.37840e-11 1.43313e-07 7.70281e-08 2.20395e-07 /ariscv/uu_ctrlpath/uu_dly_DE_PC/buffer_instances[19].uu_buffer_DONT_TOUCH
5.37840e-11 1.43739e-07 1.23797e-07 2.67590e-07 /ariscv/uu_ctrlpath/uu_dly_DE_PC/buffer_instances[20].uu_buffer_DONT_TOUCH
5.37840e-11 1.43517e-07 1.04465e-07 2.48036e-07 /ariscv/uu_ctrlpath/uu_dly_DE_PC/buffer_instances[21].uu_buffer_DONT_TOUCH
5.37830e-11 1.43605e-07 7.69680e-08 2.20627e-07 /ariscv/uu_ctrlpath/uu_dly_DE_PC/buffer_instances[22].uu_buffer_DONT_TOUCH
5.37790e-11 1.43739e-07 9.61800e-08 2.39972e-07 /ariscv/uu_ctrlpath/uu_dly_DE_PC/buffer_instances[23].uu_buffer_DONT_TOUCH
5.37750e-11 1.43652e-07 1.25899e-07 2.69605e-07 /ariscv/uu_ctrlpath/uu_dly_DE_PC/buffer_instances[24].uu_buffer_DONT_TOUCH
5.37750e-11 1.43520e-07 2.07970e-07 3.51543e-07 /ariscv/uu_ctrlpath/uu_dly_DE_PC/buffer_instances[25].uu_buffer_DONT_TOUCH
5.37750e-11 1.43111e-07 8.49530e-08 2.28118e-07 /ariscv/uu_ctrlpath/uu_dly_DE_PC/buffer_instances[26].uu_buffer_DONT_TOUCH
5.37710e-11 1.43700e-07 1.26679e-07 2.70433e-07 /ariscv/uu_ctrlpath/uu_dly_DE_PC/buffer_instances[27].uu_buffer_DONT_TOUCH
5.37710e-11 1.43512e-07 1.75189e-07 3.18755e-07 /ariscv/uu_ctrlpath/uu_dly_DE_PC/buffer_instances[28].uu_buffer_DONT_TOUCH
5.37700e-11 1.43262e-07 4.37673e-08 1.87083e-07 /ariscv/uu_ctrlpath/uu_dly_DE_PC/buffer_instances[29].uu_buffer_DONT_TOUCH
5.37670e-11 1.43889e-07 4.65290e-08 1.90472e-07 /ariscv/uu_ctrlpath/uu_dly_DE_PC/buffer_instances[30].uu_buffer_DONT_TOUCH
5.37620e-11 1.43889e-07 1.14612e-07 2.58554e-07 /ariscv/uu_ctrlpath/uu_dly_DE_PC/buffer_instances[31].uu_buffer_DONT_TOUCH
5.37580e-11 1.43555e-07 4.26866e-08 1.86295e-07 /ariscv/uu_ctrlpath/uu_dly_DE_PC/buffer_instances[32].uu_buffer_DONT_TOUCH
5.37540e-11 1.43913e-07 1.98004e-07 3.41970e-07 /ariscv/uu_ctrlpath/uu_dly_DE_PC/buffer_instances[33].uu_buffer_DONT_TOUCH
5.37540e-11 1.43161e-07 8.18911e-08 2.25106e-07 /ariscv/uu_ctrlpath/uu_dly_DE_PC/buffer_instances[34].uu_buffer_DONT_TOUCH
5.37500e-11 1.43709e-07 6.75422e-08 2.11305e-07 /ariscv/uu_ctrlpath/uu_dly_DE_PC/buffer_instances[35].uu_buffer_DONT_TOUCH
5.37460e-11 1.43788e-07 1.25959e-07 2.69800e-07 /ariscv/uu_ctrlpath/uu_dly_DE_PC/buffer_instances[36].uu_buffer_DONT_TOUCH
5.37430e-11 1.43505e-07 8.51932e-08 2.28751e-07 /ariscv/uu_ctrlpath/uu_dly_DE_PC/buffer_instances[37].uu_buffer_DONT_TOUCH
5.37420e-11 1.43697e-07 7.17448e-08 2.15495e-07 /ariscv/uu_ctrlpath/uu_dly_DE_PC/buffer_instances[38].uu_buffer_DONT_TOUCH
5.37380e-11 1.43405e-07 6.95234e-08 2.12982e-07 /ariscv/uu_ctrlpath/uu_dly_DE_PC/buffer_instances[39].uu_buffer_DONT_TOUCH
5.37380e-11 1.43774e-07 1.04825e-07 2.48653e-07 /ariscv/uu_ctrlpath/uu_dly_DE_PC/buffer_instances[40].uu_buffer_DONT_TOUCH
5.37380e-11 1.43600e-07 3.35009e-08 1.77154e-07 /ariscv/uu_ctrlpath/uu_dly_DE_PC/buffer_instances[41].uu_buffer_DONT_TOUCH
5.37340e-11 1.43945e-07 8.53132e-08 2.29312e-07 /ariscv/uu_ctrlpath/uu_dly_DE_PC/buffer_instances[42].uu_buffer_DONT_TOUCH
5.38260e-11 1.43303e-07 5.60750e-08 1.99432e-07 /ariscv/uu_ctrlpath/uu_dly_DE_PC/uu_buffer_in_DONT_TOUCH
8.89220e-11 2.19695e-07 2.26461e-07 4.46245e-07 /ariscv/uu_ctrlpath/uu_dly_DE_EM/CTS_cpc_drv_buf_00758
1.14669e-10 2.79320e-07 2.79474e-07 5.58909e-07 /ariscv/uu_ctrlpath/uu_dly_DE_EM/CTS_cpc_drv_buf_00755
1.14682e-10 2.79250e-07 2.89681e-07 5.69045e-07 /ariscv/uu_ctrlpath/uu_dly_DE_EM/CTS_cpc_drv_buf_00752
5.38260e-11 1.43463e-07 1.06026e-07 2.49543e-07 /ariscv/uu_ctrlpath/uu_dly_DE_EM/buffer_instances[1].uu_buffer_DONT_TOUCH
5.38220e-11 1.43612e-07 2.13433e-07 3.57099e-07 /ariscv/uu_ctrlpath/uu_dly_DE_EM/buffer_instances[2].uu_buffer_DONT_TOUCH
5.38220e-11 1.43103e-07 2.13793e-07 3.56951e-07 /ariscv/uu_ctrlpath/uu_dly_DE_EM/buffer_instances[3].uu_buffer_DONT_TOUCH
5.38210e-11 1.43083e-07 1.06506e-07 2.49644e-07 /ariscv/uu_ctrlpath/uu_dly_DE_EM/buffer_instances[4].uu_buffer_DONT_TOUCH
5.38180e-11 1.43604e-07 1.87677e-07 3.31335e-07 /ariscv/uu_ctrlpath/uu_dly_DE_EM/buffer_instances[5].uu_buffer_DONT_TOUCH
5.38170e-11 1.43227e-07 2.24180e-07 3.67461e-07 /ariscv/uu_ctrlpath/uu_dly_DE_EM/buffer_instances[6].uu_buffer_DONT_TOUCH
5.38170e-11 1.43050e-07 2.20037e-07 3.63141e-07 /ariscv/uu_ctrlpath/uu_dly_DE_EM/buffer_instances[7].uu_buffer_DONT_TOUCH
5.38160e-11 1.43056e-07 1.26499e-07 2.69609e-07 /ariscv/uu_ctrlpath/uu_dly_DE_EM/buffer_instances[8].uu_buffer_DONT_TOUCH
5.38160e-11 1.43503e-07 1.32863e-07 2.76420e-07 /ariscv/uu_ctrlpath/uu_dly_DE_EM/buffer_instances[9].uu_buffer_DONT_TOUCH
5.38120e-11 1.43471e-07 9.38386e-08 2.37364e-07 /ariscv/uu_ctrlpath/uu_dly_DE_EM/buffer_instances[10].uu_buffer_DONT_TOUCH
5.38120e-11 1.43661e-07 1.26259e-07 2.69974e-07 /ariscv/uu_ctrlpath/uu_dly_DE_EM/buffer_instances[11].uu_buffer_DONT_TOUCH
5.38080e-11 1.43516e-07 2.01786e-07 3.45356e-07 /ariscv/uu_ctrlpath/uu_dly_DE_EM/buffer_instances[12].uu_buffer_DONT_TOUCH
5.38080e-11 1.43143e-07 1.08248e-07 2.51444e-07 /ariscv/uu_ctrlpath/uu_dly_DE_EM/buffer_instances[13].uu_buffer_DONT_TOUCH
5.38080e-11 1.43585e-07 8.98161e-08 2.33455e-07 /ariscv/uu_ctrlpath/uu_dly_DE_EM/buffer_instances[14].uu_buffer_DONT_TOUCH
5.38030e-11 1.43672e-07 5.64953e-08 2.00221e-07 /ariscv/uu_ctrlpath/uu_dly_DE_EM/buffer_instances[15].uu_buffer_DONT_TOUCH
5.37990e-11 1.43836e-07 8.20712e-08 2.25961e-07 /ariscv/uu_ctrlpath/uu_dly_DE_EM/buffer_instances[16].uu_buffer_DONT_TOUCH
5.37960e-11 1.43709e-07 3.75835e-08 1.81346e-07 /ariscv/uu_ctrlpath/uu_dly_DE_EM/buffer_instances[17].uu_buffer_DONT_TOUCH
5.37920e-11 1.43928e-07 1.00503e-07 2.44484e-07 /ariscv/uu_ctrlpath/uu_dly_DE_EM/buffer_instances[18].uu_buffer_DONT_TOUCH
5.37880e-11 1.43628e-07 9.05965e-08 2.34278e-07 /ariscv/uu_ctrlpath/uu_dly_DE_EM/buffer_instances[19].uu_buffer_DONT_TOUCH
5.37880e-11 1.43678e-07 1.30221e-07 2.73953e-07 /ariscv/uu_ctrlpath/uu_dly_DE_EM/buffer_instances[20].uu_buffer_DONT_TOUCH
5.37870e-11 1.43481e-07 6.22589e-08 2.05794e-07 /ariscv/uu_ctrlpath/uu_dly_DE_EM/buffer_instances[21].uu_buffer_DONT_TOUCH
5.37870e-11 1.43344e-07 4.64690e-08 1.89867e-07 /ariscv/uu_ctrlpath/uu_dly_DE_EM/buffer_instances[22].uu_buffer_DONT_TOUCH
5.37830e-11 1.43887e-07 1.29141e-07 2.73081e-07 /ariscv/uu_ctrlpath/uu_dly_DE_EM/buffer_instances[23].uu_buffer_DONT_TOUCH
5.37790e-11 1.43485e-07 3.63827e-08 1.79921e-07 /ariscv/uu_ctrlpath/uu_dly_DE_EM/buffer_instances[24].uu_buffer_DONT_TOUCH
5.37750e-11 1.43947e-07 2.33005e-07 3.77006e-07 /ariscv/uu_ctrlpath/uu_dly_DE_EM/buffer_instances[25].uu_buffer_DONT_TOUCH
5.37710e-11 1.43008e-07 1.82574e-07 3.25636e-07 /ariscv/uu_ctrlpath/uu_dly_DE_EM/buffer_instances[26].uu_buffer_DONT_TOUCH
5.37710e-11 1.43223e-07 5.46341e-08 1.97911e-07 /ariscv/uu_ctrlpath/uu_dly_DE_EM/buffer_instances[27].uu_buffer_DONT_TOUCH
5.37670e-11 1.43371e-07 5.80562e-08 2.01481e-07 /ariscv/uu_ctrlpath/uu_dly_DE_EM/buffer_instances[28].uu_buffer_DONT_TOUCH
5.37700e-11 1.43412e-07 1.23617e-07 2.67083e-07 /ariscv/uu_ctrlpath/uu_dly_DE_EM/buffer_instances[29].uu_buffer_DONT_TOUCH
5.37700e-11 1.43531e-07 2.29103e-07 3.72688e-07 /ariscv/uu_ctrlpath/uu_dly_DE_EM/buffer_instances[30].uu_buffer_DONT_TOUCH
5.38260e-11 1.43313e-07 1.34484e-07 2.77851e-07 /ariscv/uu_ctrlpath/uu_dly_DE_EM/uu_buffer_in_DONT_TOUCH
4.32090e-11 6.62383e-08 1.29501e-07 1.95782e-07 /ariscv/uu_ctrlpath/uu_cell_REG/g2
5.38620e-11 1.43527e-07 1.77651e-07 3.21232e-07 /ariscv/uu_ctrlpath/uu_cell_REG/uu_c_element/CTS_ccl_a_buf_00127
1.14616e-10 2.77584e-07 3.11456e-07 5.89155e-07 /ariscv/uu_ctrlpath/uu_cell_REG/uu_c_element/CTS_ccl_a_buf_00156
1.14706e-10 2.78175e-07 3.04450e-07 5.82740e-07 /ariscv/uu_ctrlpath/uu_cell_REG/uu_c_element/CTS_ccl_a_buf_00219
1.14706e-10 2.78233e-07 3.06311e-07 5.84659e-07 /ariscv/uu_ctrlpath/uu_cell_REG/uu_c_element/CTS_ccl_a_buf_00327
1.14705e-10 2.78194e-07 2.94724e-07 5.73033e-07 /ariscv/uu_ctrlpath/uu_cell_REG/uu_c_element/CTS_ccl_a_buf_00347
1.14705e-10 2.78163e-07 3.01628e-07 5.79906e-07 /ariscv/uu_ctrlpath/uu_cell_REG/uu_c_element/CTS_ccl_buf_00369
8.89660e-11 2.18934e-07 2.59782e-07 4.78805e-07 /ariscv/uu_ctrlpath/uu_cell_REG/uu_c_element/CTS_ccl_a_buf_00376
1.94266e-10 4.16287e-09 1.09484e-09 5.45197e-09 /ariscv/uu_ctrlpath/uu_cell_REG/uu_c_element/genblk1.INV_1_DONT_TOUCH
1.74330e-10 3.24722e-07 1.12654e-07 4.37550e-07 /ariscv/uu_ctrlpath/uu_cell_REG/uu_c_element/NAND2_1_DONT_TOUCH
1.74802e-10 3.25072e-07 1.20773e-07 4.46020e-07 /ariscv/uu_ctrlpath/uu_cell_REG/uu_c_element/NAND2_2_DONT_TOUCH
1.77418e-10 3.25720e-07 1.22957e-07 4.48854e-07 /ariscv/uu_ctrlpath/uu_cell_REG/uu_c_element/NAND2_3_DONT_TOUCH
1.28270e-10 3.07779e-07 4.59887e-08 3.53896e-07 /ariscv/uu_ctrlpath/uu_cell_REG/uu_c_element/NAND3_1_DONT_TOUCH
2.60718e-10 6.13961e-07 6.66056e-07 1.28028e-06 /ariscv/uu_ctrlpath/uu_cell_REG/uu_c_element/genblk1.DRV_DONT_TOUCH
1.06050e-11 1.97828e-08 3.79757e-08 5.77691e-08 /ariscv/uu_ctrlpath/uu_cell_PC/g2
8.90200e-11 2.20253e-07 2.08836e-07 4.29178e-07 /ariscv/uu_ctrlpath/uu_cell_PC/uu_c_element/CTS_cpc_drv_buf_00556
8.90200e-11 2.20255e-07 2.23870e-07 4.44214e-07 /ariscv/uu_ctrlpath/uu_cell_PC/uu_c_element/CTS_cpc_drv_buf_00555
5.37260e-11 1.42789e-07 1.66802e-07 3.09645e-07 /ariscv/uu_ctrlpath/uu_cell_PC/uu_c_element/CTS_csf_buf_00484
5.37260e-11 1.42787e-07 1.50504e-07 2.93344e-07 /ariscv/uu_ctrlpath/uu_cell_PC/uu_c_element/CTS_csf_buf_00483
8.88870e-11 2.19735e-07 1.71817e-07 3.91641e-07 /ariscv/uu_ctrlpath/uu_cell_PC/uu_c_element/CTS_ccl_a_buf_00003
5.38840e-11 1.44284e-07 1.34756e-07 2.79094e-07 /ariscv/uu_ctrlpath/uu_cell_PC/uu_c_element/CTS_ccl_a_buf_00007
5.38100e-11 1.43412e-07 1.73748e-07 3.17214e-07 /ariscv/uu_ctrlpath/uu_cell_PC/uu_c_element/CTS_ccl_a_buf_00135
1.94265e-10 4.13989e-09 1.73434e-09 6.06850e-09 /ariscv/uu_ctrlpath/uu_cell_PC/uu_c_element/genblk1.INV_1_DONT_TOUCH
1.75817e-10 3.25119e-07 1.08236e-07 4.33532e-07 /ariscv/uu_ctrlpath/uu_cell_PC/uu_c_element/NAND2_1_DONT_TOUCH
1.74768e-10 3.24623e-07 1.55519e-07 4.80317e-07 /ariscv/uu_ctrlpath/uu_cell_PC/uu_c_element/NAND2_2_DONT_TOUCH
1.77788e-10 3.25143e-07 1.24157e-07 4.49478e-07 /ariscv/uu_ctrlpath/uu_cell_PC/uu_c_element/NAND2_3_DONT_TOUCH
1.57064e-10 3.09371e-07 9.82213e-08 4.07750e-07 /ariscv/uu_ctrlpath/uu_cell_PC/uu_c_element/NAND3_1_DONT_TOUCH
2.61244e-10 6.12987e-07 2.79835e-07 8.93083e-07 /ariscv/uu_ctrlpath/uu_cell_PC/uu_c_element/genblk1.DRV_DONT_TOUCH
2.08050e-11 3.43232e-08 4.64090e-08 8.07530e-08 /ariscv/uu_ctrlpath/uu_cell_MW/g2
1.14650e-10 2.77868e-07 3.39575e-07 6.17557e-07 /ariscv/uu_ctrlpath/uu_cell_MW/uu_c_element/CTS_cpc_drv_buf_00730
1.14679e-10 2.78966e-07 3.08953e-07 5.88033e-07 /ariscv/uu_ctrlpath/uu_cell_MW/uu_c_element/CTS_ccl_a_buf_00128
5.37380e-11 1.42576e-07 4.42975e-08 1.86927e-07 /ariscv/uu_ctrlpath/uu_cell_MW/uu_c_element/CTS_ccl_a_buf_00193
2.55348e-10 5.91026e-07 1.09371e-07 7.00652e-07 /ariscv/uu_ctrlpath/uu_cell_MW/uu_c_element/genblk1.DRV_DONT_TOUCH
1.74784e-10 3.23782e-07 1.48653e-07 4.72610e-07 /ariscv/uu_ctrlpath/uu_cell_MW/uu_c_element/NAND2_1_DONT_TOUCH
1.74096e-10 3.23314e-07 1.13132e-07 4.36620e-07 /ariscv/uu_ctrlpath/uu_cell_MW/uu_c_element/NAND2_2_DONT_TOUCH
1.74900e-10 3.23213e-07 1.30743e-07 4.54131e-07 /ariscv/uu_ctrlpath/uu_cell_MW/uu_c_element/NAND2_3_DONT_TOUCH
1.63582e-10 3.08246e-07 6.74612e-08 3.75871e-07 /ariscv/uu_ctrlpath/uu_cell_MW/uu_c_element/NAND3_1_DONT_TOUCH
2.08330e-11 3.43726e-08 8.72945e-08 1.21688e-07 /ariscv/uu_ctrlpath/uu_cell_LOOP2/g2
8.89730e-11 2.20982e-07 2.26341e-07 4.47412e-07 /ariscv/uu_ctrlpath/uu_cell_LOOP2/uu_c_element/CTS_ccl_a_buf_00011
1.14665e-10 2.80274e-07 2.72532e-07 5.52920e-07 /ariscv/uu_ctrlpath/uu_cell_LOOP2/uu_c_element/CTS_csf_buf_00471
5.37620e-11 1.44375e-07 1.73698e-07 3.18127e-07 /ariscv/uu_ctrlpath/uu_cell_LOOP2/uu_c_element/CTS_csf_buf_00470
8.89180e-11 2.22219e-07 1.82513e-07 4.04821e-07 /ariscv/uu_ctrlpath/uu_cell_LOOP2/uu_c_element/CTS_ccl_a_buf_00013
1.14716e-10 2.78203e-07 3.49418e-07 6.27736e-07 /ariscv/uu_ctrlpath/uu_cell_LOOP2/uu_c_element/CTS_ccl_a_buf_00137
2.56087e-10 5.94085e-07 8.34521e-08 6.77793e-07 /ariscv/uu_ctrlpath/uu_cell_LOOP2/uu_c_element/genblk1.DRV_DONT_TOUCH
1.75943e-10 3.27810e-07 1.21836e-07 4.49822e-07 /ariscv/uu_ctrlpath/uu_cell_LOOP2/uu_c_element/NAND2_1_DONT_TOUCH
1.75810e-10 3.28440e-07 1.60355e-07 4.88972e-07 /ariscv/uu_ctrlpath/uu_cell_LOOP2/uu_c_element/NAND2_2_DONT_TOUCH
1.77222e-10 3.24884e-07 1.09568e-07 4.34629e-07 /ariscv/uu_ctrlpath/uu_cell_LOOP2/uu_c_element/NAND2_3_DONT_TOUCH
1.84921e-10 2.98170e-07 8.10506e-08 3.79405e-07 /ariscv/uu_ctrlpath/uu_cell_LOOP2/uu_c_element/NAND3_1_DONT_TOUCH
1.06100e-11 1.96459e-08 4.01651e-08 5.98216e-08 /ariscv/uu_ctrlpath/uu_cell_LOOP1/g2
8.89650e-11 2.18770e-07 2.25981e-07 4.44840e-07 /ariscv/uu_ctrlpath/uu_cell_LOOP1/uu_c_element/CTS_csf_buf_00477
8.89650e-11 2.18766e-07 2.00345e-07 4.19200e-07 /ariscv/uu_ctrlpath/uu_cell_LOOP1/uu_c_element/CTS_csf_buf_00476
5.38180e-11 1.43408e-07 1.63122e-07 3.06584e-07 /ariscv/uu_ctrlpath/uu_cell_LOOP1/uu_c_element/CTS_ccl_a_buf_00010
8.89180e-11 2.20457e-07 2.10285e-07 4.30831e-07 /ariscv/uu_ctrlpath/uu_cell_LOOP1/uu_c_element/CTS_csf_buf_00474
5.37620e-11 1.44389e-07 1.52627e-07 2.97070e-07 /ariscv/uu_ctrlpath/uu_cell_LOOP1/uu_c_element/CTS_csf_buf_00473
8.89180e-11 2.22218e-07 1.77140e-07 3.99447e-07 /ariscv/uu_ctrlpath/uu_cell_LOOP1/uu_c_element/CTS_ccl_a_buf_00012
8.89530e-11 2.18724e-07 2.53478e-07 4.72291e-07 /ariscv/uu_ctrlpath/uu_cell_LOOP1/uu_c_element/CTS_csf_buf_00435
8.89530e-11 2.18720e-07 2.26521e-07 4.45330e-07 /ariscv/uu_ctrlpath/uu_cell_LOOP1/uu_c_element/CTS_csf_buf_00434
1.14693e-10 2.78105e-07 3.07452e-07 5.85671e-07 /ariscv/uu_ctrlpath/uu_cell_LOOP1/uu_c_element/CTS_ccl_a_buf_00136
2.55881e-10 5.97459e-07 1.98814e-07 7.96529e-07 /ariscv/uu_ctrlpath/uu_cell_LOOP1/uu_c_element/genblk1.DRV_DONT_TOUCH
1.76532e-10 3.26208e-07 1.50754e-07 4.77138e-07 /ariscv/uu_ctrlpath/uu_cell_LOOP1/uu_c_element/NAND2_1_DONT_TOUCH
1.75814e-10 3.27039e-07 1.05595e-07 4.32810e-07 /ariscv/uu_ctrlpath/uu_cell_LOOP1/uu_c_element/NAND2_2_DONT_TOUCH
1.75993e-10 3.27333e-07 1.94407e-07 5.21916e-07 /ariscv/uu_ctrlpath/uu_cell_LOOP1/uu_c_element/NAND2_3_DONT_TOUCH
1.23844e-10 3.09924e-07 8.50131e-08 3.95061e-07 /ariscv/uu_ctrlpath/uu_cell_LOOP1/uu_c_element/NAND3_1_DONT_TOUCH
8.89480e-11 2.19498e-07 2.41951e-07 4.61537e-07 /ariscv/uu_ctrlpath/uu_cell_FD/uu_c_element/CTS_cpc_drv_buf_00737
8.89480e-11 2.19498e-07 2.43932e-07 4.63519e-07 /ariscv/uu_ctrlpath/uu_cell_FD/uu_c_element/CTS_cpc_drv_buf_00736
8.89480e-11 2.19123e-07 1.28240e-07 3.47452e-07 /ariscv/uu_ctrlpath/uu_cell_FD/uu_c_element/CTS_ccl_a_buf_00134
5.37600e-11 1.44193e-07 1.77200e-07 3.21446e-07 /ariscv/uu_ctrlpath/uu_cell_FD/uu_c_element/CTS_ccl_a_buf_00171
8.89660e-11 2.19121e-07 1.97283e-07 4.16493e-07 /ariscv/uu_ctrlpath/uu_cell_FD/uu_c_element/CTS_ccl_a_buf_00220
2.55825e-10 5.98063e-07 3.43351e-07 9.41670e-07 /ariscv/uu_ctrlpath/uu_cell_FD/uu_c_element/genblk1.DRV_DONT_TOUCH
1.76360e-10 3.26239e-07 1.48833e-07 4.75248e-07 /ariscv/uu_ctrlpath/uu_cell_FD/uu_c_element/NAND2_1_DONT_TOUCH
1.75645e-10 3.27015e-07 1.41035e-07 4.68226e-07 /ariscv/uu_ctrlpath/uu_cell_FD/uu_c_element/NAND2_2_DONT_TOUCH
1.75941e-10 3.26804e-07 1.48280e-07 4.75260e-07 /ariscv/uu_ctrlpath/uu_cell_FD/uu_c_element/NAND2_3_DONT_TOUCH
1.25245e-10 3.10281e-07 6.27992e-08 3.73206e-07 /ariscv/uu_ctrlpath/uu_cell_FD/uu_c_element/NAND3_1_DONT_TOUCH
4.32950e-11 6.56789e-08 9.57591e-08 1.61481e-07 /ariscv/uu_ctrlpath/uu_cell_EM/g2
1.14764e-10 2.77349e-07 3.18799e-07 5.96263e-07 /ariscv/uu_ctrlpath/uu_cell_EM/uu_c_element/CTS_ccl_a_buf_00157
1.14670e-10 2.77553e-07 3.05351e-07 5.83018e-07 /ariscv/uu_ctrlpath/uu_cell_EM/uu_c_element/CTS_ccl_a_buf_00218
2.55618e-10 5.93870e-07 9.40187e-08 6.88144e-07 /ariscv/uu_ctrlpath/uu_cell_EM/uu_c_element/genblk1.DRV_DONT_TOUCH
1.77018e-10 3.26729e-07 1.07107e-07 4.34013e-07 /ariscv/uu_ctrlpath/uu_cell_EM/uu_c_element/NAND2_1_DONT_TOUCH
1.75024e-10 3.25382e-07 1.32683e-07 4.58240e-07 /ariscv/uu_ctrlpath/uu_cell_EM/uu_c_element/NAND2_2_DONT_TOUCH
1.77662e-10 3.24079e-07 1.17013e-07 4.41269e-07 /ariscv/uu_ctrlpath/uu_cell_EM/uu_c_element/NAND2_3_DONT_TOUCH
1.67833e-10 3.09919e-07 9.44990e-08 4.04586e-07 /ariscv/uu_ctrlpath/uu_cell_EM/uu_c_element/NAND3_1_DONT_TOUCH
2.08640e-11 3.41387e-08 5.33123e-08 8.74718e-08 /ariscv/uu_ctrlpath/uu_cell_DE/g2
8.89720e-11 2.19197e-07 2.36368e-07 4.55653e-07 /ariscv/uu_ctrlpath/uu_cell_DE/uu_c_element/CTS_cpc_drv_buf_00552
1.14641e-10 2.82357e-07 3.46551e-07 6.29023e-07 /ariscv/uu_ctrlpath/uu_cell_DE/uu_c_element/CTS_ccl_a_buf_00001
1.14754e-10 2.77268e-07 3.32172e-07 6.09555e-07 /ariscv/uu_ctrlpath/uu_cell_DE/uu_c_element/CTS_ccl_a_buf_00005
8.89720e-11 2.19066e-07 1.73328e-07 3.92484e-07 /ariscv/uu_ctrlpath/uu_cell_DE/uu_c_element/CTS_ccl_a_buf_00221
2.56102e-10 5.94667e-07 3.59745e-07 9.54668e-07 /ariscv/uu_ctrlpath/uu_cell_DE/uu_c_element/genblk1.DRV_DONT_TOUCH
1.76011e-10 3.28709e-07 1.05958e-07 4.34842e-07 /ariscv/uu_ctrlpath/uu_cell_DE/uu_c_element/NAND2_1_DONT_TOUCH
1.75106e-10 3.28753e-07 1.31738e-07 4.60666e-07 /ariscv/uu_ctrlpath/uu_cell_DE/uu_c_element/NAND2_2_DONT_TOUCH
1.78306e-10 3.24856e-07 1.35324e-07 4.60359e-07 /ariscv/uu_ctrlpath/uu_cell_DE/uu_c_element/NAND2_3_DONT_TOUCH
1.50262e-10 3.03434e-07 6.77223e-08 3.71306e-07 /ariscv/uu_ctrlpath/uu_cell_DE/uu_c_element/NAND3_1_DONT_TOUCH
--------------------------------------------------------
5.38405e-07 5.82365e-04 2.42219e-04 8.25122e-04 Total
--------------------------------------------------------
