###############################################################
#  Generated by:      Cadence Innovus 22.14-s061_1
#  OS:                Linux x86_64(Host ID microeletronica)
#  Generated on:      Tue Jun 30 18:27:14 2026
#  Design:            ariscv
#  Command:           checkDesign -all -noHtml -outFile ../reports/innovus/checkDesign.rpt
###############################################################


==============================
Design Stats
==============================
Design Name: ariscv  
    ------------------------------
    Cells used in the design
    ------------------------------
    XOR3X1  
    XNOR3XL  
    XNOR3X1  
    XNOR2X2  
    XNOR2X1  
    SDFFRHQX1  
    OR4X1  
    OR3X6  
    OR3X4  
    OR3X1  
    OR2XL  
    OR2X8  
    OR2X6  
    OR2X4  
    OR2X2  
    OR2X1  
    OAI32XL  
    OAI32X4  
    OAI32X2  
    OAI32X1  
    OAI31XL  
    OAI31X2  
    OAI31X1  
    OAI2BB2XL  
    OAI2BB2X4  
    OAI2BB2X2  
    OAI2BB2X1  
    OAI2BB1X4  
    OAI2BB1X2  
    OAI2BB1X1  
    OAI22XL  
    OAI22X4  
    OAI22X2  
    OAI22X1  
    OAI21X4  
    OAI21X2  
    OAI21X1  
    OAI211X4  
    OAI211X1  
    OA22X2  
    OA21X1  
    NOR4X4  
    NOR3X6  
    NOR3X4  
    NOR3X2  
    NOR3X1  
    NOR3BX4  
    NOR3BX2  
    NOR3BX1  
    NOR2X8  
    NOR2X6  
    NOR2X4  
    NOR2X2  
    NOR2X1  
    NOR2BX4  
    NOR2BX2  
    NOR2BX1  
    NAND4BBXL  
    NAND4BBX4  
    NAND4BBX1  
    NAND3XL  
    NAND3X8  
    NAND3X6  
    NAND3X4  
    NAND3X2  
    NAND3X1  
    NAND3BX4  
    NAND3BX2  
    NAND3BX1  
    NAND2X8  
    NAND2X6  
    NAND2X4  
    NAND2X2  
    NAND2X1  
    NAND2BXL  
    NAND2BX4  
    NAND2BX2  
    NAND2BX1  
    MXI2XL  
    MXI2X2  
    MX2X1  
    INVXL  
    INVX3  
    INVX2  
    INVX1  
    DFFRX2  
    DFFRX1  
    DFFRHQX4  
    DFFRHQX2  
    DFFRHQX1  
    CLKXOR2X2  
    CLKXOR2X1  
    CLKMX2X3  
    CLKMX2X2  
    CLKINVX8  
    CLKINVX6  
    CLKINVX4  
    CLKINVX20  
    CLKINVX16  
    CLKBUFX8  
    CLKBUFX6  
    CLKBUFX4  
    CLKBUFX3  
    CLKBUFX20  
    CLKBUFX2  
    CLKAND2X6  
    CLKAND2X3  
    CLKAND2X2  
    CLKAND2X12  
    BUFX4  
    BUFX3  
    BUFX2  
    BUFX12  
    AOI33X2  
    AOI33X1  
    AOI32X2  
    AOI32X1  
    AOI31X2  
    AOI31X1  
    AOI2BB2X4  
    AOI2BB2X2  
    AOI2BB2X1  
    AOI2BB1X4  
    AOI2BB1X2  
    AOI2BB1X1  
    AOI22X4  
    AOI22X2  
    AOI22X1  
    AOI222X1  
    AOI221X4  
    AOI221X2  
    AOI221X1  
    AOI21XL  
    AOI21X4  
    AOI21X2  
    AOI21X1  
    AOI211XL  
    AO22X4  
    AO22X2  
    AO22X1  
    AO21X4  
    AO21X2  
    AO21X1  
    AND4XL  
    AND4X1  
    AND3XL  
    AND3X4  
    AND3X1  
    AND2XL  
    AND2X8  
    AND2X6  
    AND2X4  
    AND2X2  
    AND2X1  
    ADDHX1  
    ADDFX1  
    Number of cells used in the design  156  
    ------------------------------
    Non-uniquified instances used in the design
    ------------------------------
    FE_OFC1046_o_pc_4  
    FE_OFC1045_o_pc_4  
    FE_OFC1039_o_pc_18  
    FE_OFC1038_o_pc_18  
    FE_OFC176_o_writeAddr_1  
    FE_OFC175_o_writeAddr_1  
    FE_OFC167_o_writeData_26  
    FE_OFC163_o_writeData_4  
    FE_OFC153_o_writeAddr_9  
    FE_OFC151_o_pc_2  
    FE_OFC121_o_writeAddr_5  
    FE_OFC111_o_writeAddr_31  
    FE_OFC110_o_writeAddr_31  
    FE_OFC109_o_pc_31  
    FE_OFC105_o_pc_1  
    FE_OFC104_o_pc_1  
    FE_OFC100_o_pc_30  
    FE_OFC98_o_pc_0  
    FE_OFC97_o_pc_0  
    FE_OFC92_o_writeAddr_16  
    FE_OFC91_o_writeAddr_16  
    FE_OFC90_o_writeAddr_15  
    FE_OFC89_o_writeAddr_15  
    FE_OFC84_o_pc_6  
    FE_OFC75_o_pc_5  
    FE_OFC74_o_pc_5  
    FE_OFC70_o_pc_7  
    FE_OFC69_o_pc_7  
    CTS_ccl_a_buf_00001  
    uu_dtpath/FE_RC_0_0  
    uu_dtpath/FE_OFC1044_wr_addr_reg_em_2  
    uu_dtpath/FE_OFC1042_rs2_de_4  
    uu_dtpath/FE_OFC1041_rs2_de_2  
    uu_dtpath/FE_OFC1040_rs2_de_0  
    uu_dtpath/FE_OFC1029_inst_fd_23  
    uu_dtpath/FE_OFC1027_inst_fd_18  
    uu_dtpath/FE_OFC1021_wr_addr_reg_em_4  
    uu_dtpath/FE_OFC1003_n  
    uu_dtpath/FE_OFC998_n  
    uu_dtpath/FE_OFC997_n  
    uu_dtpath/FE_OFC996_n  
    uu_dtpath/FE_OFC995_n  
    uu_dtpath/FE_OFC993_n  
    uu_dtpath/FE_OFC992_n  
    uu_dtpath/FE_OFC991_n  
    uu_dtpath/FE_OFC990_n  
    uu_dtpath/FE_OFC981_rst_async_n  
    uu_dtpath/FE_OFC980_rst_async_n  
    uu_dtpath/FE_OFC979_rst_async_n  
    uu_dtpath/FE_OFC978_rst_async_n  
    uu_dtpath/FE_OFC977_rst_async_n  
    uu_dtpath/FE_OFC973_rst_async_n  
    uu_dtpath/FE_OFC949_wr_dt_reg_21  
    uu_dtpath/FE_OFC948_wr_dt_reg_3  
    uu_dtpath/FE_OFC945_wr_dt_reg_4  
    uu_dtpath/FE_OFC941_wr_dt_reg_27  
    uu_dtpath/FE_OFC938_wr_dt_reg_28  
    uu_dtpath/FE_OFC935_wr_dt_reg_29  
    uu_dtpath/FE_OFC934_wr_dt_reg_19  
    uu_dtpath/FE_OFC933_wr_dt_reg_19  
    uu_dtpath/FE_OFC931_wr_dt_reg_26  
    uu_dtpath/FE_OFC930_wr_dt_reg_26  
    uu_dtpath/FE_OFC676_wr_en_reg  
    uu_dtpath/FE_OFC670_wr_dt_reg_11  
    uu_dtpath/FE_OFC663_wr_dt_reg_30  
    uu_dtpath/FE_OFC659_wr_dt_reg_13  
    uu_dtpath/FE_OFC654_wr_dt_reg_9  
    uu_dtpath/FE_OFC648_wr_dt_reg_18  
    uu_dtpath/FE_OFC640_wr_dt_reg_12  
    uu_dtpath/FE_OFC639_wr_dt_reg_15  
    uu_dtpath/FE_OFC638_wr_dt_reg_15  
    uu_dtpath/FE_OFC636_wr_dt_reg_20  
    uu_dtpath/FE_OFC628_wr_dt_reg_8  
    uu_dtpath/FE_OFC626_wr_dt_reg_14  
    uu_dtpath/FE_OFC625_wr_dt_reg_16  
    uu_dtpath/FE_OFC624_wr_dt_reg_2  
    uu_dtpath/FE_OFC619_wr_dt_reg_23  
    uu_dtpath/FE_OFC613_wr_dt_reg_6  
    uu_dtpath/FE_OFC611_wr_dt_reg_31  
    uu_dtpath/FE_OFC609_wr_dt_reg_22  
    uu_dtpath/FE_OFC607_wr_dt_reg_7  
    uu_dtpath/FE_OFC588_wr_dt_reg_0  
    uu_dtpath/FE_OFC286_wr_dt_reg_25  
    uu_dtpath/FE_OFC243_rst_async_n  
    uu_dtpath/FE_OFC242_rst_async_n  
    uu_dtpath/FE_OFC241_rst_async_n  
    uu_dtpath/FE_OFC215_wr_dt_reg_17  
    uu_dtpath/FE_OFC207_wr_dt_reg_5  
    uu_dtpath/FE_OFC187_o_writeAddr_11  
    uu_dtpath/FE_OFC177_o_writeAddr_8  
    uu_dtpath/FE_OFC165_o_writeAddr_20  
    uu_dtpath/FE_OFC156_o_writeAddr_18  
    uu_dtpath/FE_OFC154_o_writeAddr_10  
    uu_dtpath/FE_OFC152_o_writeAddr_28  
    uu_dtpath/FE_OFC149_o_writeAddr_27  
    uu_dtpath/FE_OFC144_o_writeAddr_19  
    uu_dtpath/FE_OFC137_o_writeAddr_22  
    uu_dtpath/FE_OFC122_o_writeAddr_17  
    uu_dtpath/FE_OFC117_o_writeAddr_29  
    uu_dtpath/FE_OFC108_o_writeAddr_14  
    uu_dtpath/FE_OFC96_inst_fd_22  
    uu_dtpath/FE_OFC56_inst_fd_19  
    uu_dtpath/FE_OFC50_inst_fd_21  
    uu_dtpath/FE_OFC46_inst_fd_16  
    uu_dtpath/FE_OFC45_inst_fd_16  
    uu_dtpath/FE_OFC44_inst_fd_17  
    uu_dtpath/FE_OFC43_inst_fd_17  
    uu_dtpath/FE_OFC41_inst_fd_20  
    uu_dtpath/FE_OFC40_rst_async_n  
    uu_dtpath/FE_OFC39_inst_fd_24  
    uu_dtpath/FE_OFC38_inst_fd_15  
    uu_dtpath/FE_OFC33_rst_async_n  
    uu_dtpath/FE_OFC32_rst_async_n  
    uu_dtpath/FE_OFC31_rst_async_n  
    uu_dtpath/FE_OFC30_rst_async_n  
    uu_dtpath/FE_OFC5_rst_async_n  
    uu_dtpath/FE_OFC0_rst_async_n  
    uu_dtpath/CTS_cpc_drv_buf_00376  
    uu_dtpath/CTS_cpc_drv_buf_00365  
    uu_dtpath/CTS_ccl_a_buf_00069  
    uu_dtpath/CTS_ccl_a_buf_00254  
    uu_dtpath/CTS_ccl_a_buf_00289  
    uu_dtpath/CTS_ccl_a_buf_00297  
    uu_dtpath/CTS_ccl_a_buf_00054  
    uu_dtpath/CTS_ccl_a_buf_00029  
    uu_dtpath/CTS_ccl_a_buf_00211  
    uu_dtpath/CTS_ccl_a_buf_00041  
    uu_dtpath/CTS_ccl_a_buf_00015  
    uu_dtpath/CTS_ccl_a_buf_00008  
    uu_dtpath/CTS_ccl_a_buf_00195  
    uu_dtpath/CTS_ccl_a_buf_00257  
    uu_dtpath/CTS_ccl_a_buf_00071  
    uu_dtpath/CTS_ccl_a_buf_00056  
    uu_dtpath/CTS_ccl_a_buf_00033  
    uu_dtpath/CTS_ccl_a_buf_00017  
    uu_dtpath/CTS_ccl_a_buf_00210  
    uu_dtpath/CTS_ccl_a_buf_00028  
    uu_dtpath/CTS_ccl_a_buf_00018  
    uu_dtpath/CTS_ccl_a_buf_00016  
    uu_dtpath/CTS_ccl_a_buf_00204  
    uu_dtpath/CTS_ccl_a_buf_00256  
    uu_dtpath/CTS_ccl_a_buf_00291  
    uu_dtpath/CTS_ccl_a_buf_00031  
    uu_dtpath/CTS_ccl_a_buf_00030  
    uu_dtpath/CTS_ccl_a_buf_00014  
    uu_dtpath/CTS_ccl_a_buf_00013  
    uu_dtpath/CTS_ccl_a_buf_00192  
    uu_dtpath/CTS_cdb_buf_00329  
    uu_dtpath/CTS_ccl_a_buf_00067  
    uu_dtpath/CTS_ccl_a_buf_00064  
    uu_dtpath/CTS_ccl_a_buf_00027  
    uu_dtpath/CTS_ccl_a_buf_00206  
    uu_dtpath/CTS_ccl_a_buf_00066  
    uu_dtpath/CTS_ccl_a_buf_00062  
    uu_dtpath/CTS_ccl_a_buf_00009  
    uu_dtpath/CTS_ccl_a_buf_00205  
    uu_dtpath/CTS_cdb_buf_00328  
    uu_dtpath/CTS_ccl_a_buf_00252  
    uu_dtpath/CTS_ccl_a_buf_00061  
    uu_dtpath/CTS_ccl_a_buf_00060  
    uu_dtpath/CTS_ccl_a_buf_00038  
    uu_dtpath/CTS_ccl_a_buf_00011  
    uu_dtpath/CTS_ccl_a_buf_00202  
    uu_dtpath/CTS_ccl_a_buf_00052  
    uu_dtpath/CTS_ccl_a_buf_00048  
    uu_dtpath/CTS_ccl_a_buf_00039  
    uu_dtpath/CTS_ccl_a_buf_00197  
    uu_dtpath/CTS_ccl_a_buf_00044  
    uu_dtpath/CTS_ccl_a_buf_00032  
    uu_dtpath/CTS_ccl_a_buf_00012  
    uu_dtpath/CTS_ccl_a_buf_00010  
    uu_dtpath/CTS_ccl_a_buf_00196  
    uu_dtpath/CTS_ccl_a_buf_00250  
    uu_dtpath/CTS_ccl_a_buf_00288  
    uu_dtpath/CTS_ccl_a_buf_00304  
    uu_dtpath/CTS_ccl_a_buf_00308  
    uu_dtpath/CTS_ccl_a_buf_00070  
    uu_dtpath/CTS_ccl_a_buf_00050  
    uu_dtpath/CTS_ccl_a_buf_00025  
    uu_dtpath/CTS_ccl_a_buf_00002  
    uu_dtpath/CTS_cdb_buf_00325  
    uu_dtpath/CTS_ccl_a_buf_00057  
    uu_dtpath/CTS_ccl_a_buf_00049  
    uu_dtpath/CTS_ccl_a_buf_00200  
    uu_dtpath/CTS_ccl_a_buf_00255  
    uu_dtpath/CTS_ccl_a_buf_00020  
    uu_dtpath/CTS_ccl_a_buf_00019  
    uu_dtpath/CTS_ccl_a_buf_00191  
    uu_dtpath/CTS_ccl_a_buf_00247  
    uu_dtpath/CTS_ccl_a_buf_00276  
    uu_dtpath/CTS_ccl_a_buf_00022  
    uu_dtpath/CTS_cdb_buf_00334  
    uu_dtpath/CTS_ccl_a_buf_00068  
    uu_dtpath/CTS_ccl_a_buf_00034  
    uu_dtpath/CTS_ccl_a_buf_00023  
    uu_dtpath/CTS_ccl_a_buf_00207  
    uu_dtpath/CTS_ccl_a_buf_00040  
    uu_dtpath/CTS_ccl_a_buf_00026  
    uu_dtpath/CTS_ccl_a_buf_00007  
    uu_dtpath/CTS_ccl_a_buf_00194  
    uu_dtpath/CTS_ccl_a_buf_00253  
    uu_dtpath/CTS_ccl_a_buf_00059  
    uu_dtpath/CTS_ccl_a_buf_00037  
    uu_dtpath/CTS_ccl_a_buf_00005  
    uu_dtpath/CTS_ccl_a_buf_00201  
    uu_dtpath/CTS_cdb_buf_00333  
    uu_dtpath/CTS_ccl_a_buf_00053  
    uu_dtpath/CTS_ccl_a_buf_00046  
    uu_dtpath/CTS_ccl_a_buf_00024  
    uu_dtpath/CTS_ccl_a_buf_00006  
    uu_dtpath/CTS_ccl_a_buf_00198  
    uu_dtpath/CTS_ccl_a_buf_00249  
    uu_dtpath/CTS_ccl_a_buf_00274  
    uu_dtpath/CTS_ccl_a_buf_00290  
    uu_dtpath/CTS_ccl_a_buf_00063  
    uu_dtpath/CTS_ccl_a_buf_00042  
    uu_dtpath/CTS_ccl_a_buf_00035  
    uu_dtpath/CTS_ccl_a_buf_00203  
    uu_dtpath/CTS_ccl_a_buf_00036  
    uu_dtpath/CTS_ccl_a_buf_00021  
    uu_dtpath/CTS_ccl_a_buf_00004  
    uu_dtpath/CTS_ccl_a_buf_00003  
    uu_dtpath/CTS_ccl_a_buf_00193  
    uu_dtpath/CTS_ccl_a_buf_00251  
    uu_dtpath/CTS_ccl_a_buf_00055  
    uu_dtpath/CTS_ccl_a_buf_00051  
    uu_dtpath/CTS_ccl_a_buf_00047  
    uu_dtpath/CTS_ccl_a_buf_00199  
    uu_dtpath/CTS_ccl_a_buf_00248  
    uu_dtpath/CTS_ccl_a_buf_00272  
    uu_dtpath/CTS_ccl_a_buf_00287  
    uu_dtpath/CTS_ccl_a_buf_00307  
    uu_dtpath/uu_dec/FE_OFC1125_rd2_w_8  
    uu_dtpath/uu_dec/FE_OFC1124_rd1_w_3  
    uu_dtpath/uu_dec/FE_OFC1123_rd2_w_20  
    uu_dtpath/uu_dec/FE_OFC1122_rd2_w_3  
    uu_dtpath/uu_dec/FE_OFC1121_rd2_w_28  
    uu_dtpath/uu_dec/FE_OFC1119_rd2_w_10  
    uu_dtpath/uu_dec/FE_OFC1118_rd1_w_20  
    uu_dtpath/uu_dec/FE_OFC1116_rd1_w_4  
    uu_dtpath/uu_dec/FE_OFC1113_rd1_w_12  
    uu_dtpath/uu_dec/FE_OFC1112_rd1_w_11  
    uu_dtpath/uu_dec/FE_OFC1111_rd1_w_10  
    uu_dtpath/uu_dec/FE_OFC1099_rd2_w_18  
    uu_dtpath/uu_dec/FE_OFC1098_rd1_w_27  
    uu_dtpath/uu_dec/FE_OFC1097_rd1_w_31  
    uu_dtpath/uu_dec/FE_OFC1091_rd2_w_15  
    uu_dtpath/uu_dec/FE_OFC1090_rd2_w_21  
    uu_dtpath/uu_dec/FE_OFC1089_rd1_w_8  
    uu_dtpath/uu_dec/FE_OFC1086_rd2_w_4  
    uu_dtpath/uu_dec/FE_OFC1085_rd2_w_24  
    uu_dtpath/uu_dec/FE_OFC1084_rd1_w_30  
    uu_dtpath/uu_dec/FE_OFC1083_rd2_w_1  
    uu_dtpath/uu_dec/FE_OFC1081_rd1_w_18  
    uu_dtpath/uu_dec/FE_OFC1080_rd1_w_9  
    uu_dtpath/uu_dec/FE_OFC1077_rd2_w_11  
    uu_dtpath/uu_dec/FE_OFC1076_rd2_w_29  
    uu_dtpath/uu_dec/FE_OFC1075_rd2_w_12  
    uu_dtpath/uu_dec/FE_OFC1071_rd1_w_14  
    uu_dtpath/uu_dec/FE_OFC1070_rd1_w_7  
    uu_dtpath/uu_dec/FE_OFC1068_rd1_w_6  
    uu_dtpath/uu_dec/FE_OFC1066_rd1_w_29  
    uu_dtpath/uu_dec/FE_OFC1064_rd1_w_5  
    uu_dtpath/uu_dec/FE_OFC1063_rd2_w_13  
    uu_dtpath/uu_dec/FE_OFC1062_rd2_w_9  
    uu_dtpath/uu_dec/FE_OFC1060_rd1_w_23  
    uu_dtpath/uu_dec/FE_OFC1059_rd1_w_13  
    uu_dtpath/uu_dec/FE_OFC1058_rd1_w_19  
    uu_dtpath/uu_dec/FE_OFC1057_rd1_w_22  
    uu_dtpath/uu_dec/FE_OFC1055_rd2_w_19  
    uu_dtpath/uu_dec/FE_OFC1054_rd1_w_15  
    uu_dtpath/uu_dec/FE_OFC1053_rd2_w_22  
    uu_dtpath/uu_dec/FE_OFC1052_rd1_w_25  
    uu_dtpath/uu_dec/FE_OFC1037_inst_fd_31  
    uu_dtpath/uu_dec/FE_OFC1025_inst_fd_14  
    uu_dtpath/uu_dec/FE_OFC922_rd2_w_27  
    uu_dtpath/uu_dec/FE_OFC921_rd2_w_29  
    uu_dtpath/uu_dec/FE_OFC920_rd2_w_15  
    uu_dtpath/uu_dec/FE_OFC919_rd2_w_18  
    uu_dtpath/uu_dec/FE_OFC918_rd2_w_9  
    uu_dtpath/uu_dec/FE_OFC888_rd1_w_1  
    uu_dtpath/uu_dec/FE_OFC887_rd1_w_26  
    uu_dtpath/uu_dec/FE_OFC886_rd1_w_27  
    uu_dtpath/uu_dec/FE_OFC858_rd1_w_21  
    uu_dtpath/uu_dec/FE_OFC857_rd1_w_28  
    uu_dtpath/uu_dec/FE_OFC741_flush_de  
    uu_dtpath/uu_dec/FE_OFC740_flush_de  
    uu_dtpath/uu_dec/FE_OFC739_flush_de  
    uu_dtpath/uu_dec/FE_OFC738_flush_de  
    uu_dtpath/uu_dec/FE_OFC737_flush_de  
    uu_dtpath/uu_dec/FE_OFC574_rd1_w_24  
    uu_dtpath/uu_dec/FE_OFC573_rd1_w_15  
    uu_dtpath/uu_dec/FE_OFC572_rd1_w_5  
    uu_dtpath/uu_dec/FE_OFC571_rd1_w_17  
    uu_dtpath/uu_dec/FE_OFC570_rd2_w_1  
    uu_dtpath/uu_dec/FE_OFC569_rd2_w_13  
    uu_dtpath/uu_dec/FE_OFC568_rd2_w_21  
    uu_dtpath/uu_dec/FE_OFC567_rd1_w_10  
    uu_dtpath/uu_dec/FE_OFC566_rd2_w_8  
    uu_dtpath/uu_dec/FE_OFC565_rd2_w_19  
    uu_dtpath/uu_dec/FE_OFC564_rd2_w_28  
    uu_dtpath/uu_dec/FE_OFC563_rd1_w_29  
    uu_dtpath/uu_dec/FE_OFC562_rd2_w_22  
    uu_dtpath/uu_dec/FE_OFC561_rd2_w_4  
    uu_dtpath/uu_dec/FE_OFC560_rd2_w_7  
    uu_dtpath/uu_dec/FE_OFC559_rd2_w_26  
    uu_dtpath/uu_dec/FE_OFC558_rd1_w_7  
    uu_dtpath/uu_dec/FE_OFC557_rd2_w_5  
    uu_dtpath/uu_dec/FE_OFC556_rd1_w_12  
    uu_dtpath/uu_dec/FE_OFC555_rd1_w_19  
    uu_dtpath/uu_dec/FE_OFC554_rd2_w_12  
    uu_dtpath/uu_dec/FE_OFC553_rd2_w_3  
    uu_dtpath/uu_dec/FE_OFC552_rd2_w_10  
    uu_dtpath/uu_dec/FE_OFC551_rd1_w_13  
    uu_dtpath/uu_dec/FE_OFC550_rd1_w_14  
    uu_dtpath/uu_dec/FE_OFC549_rd2_w_2  
    uu_dtpath/uu_dec/FE_OFC548_rd2_w_16  
    uu_dtpath/uu_dec/FE_OFC547_rd1_w_16  
    uu_dtpath/uu_dec/FE_OFC546_rd2_w_17  
    uu_dtpath/uu_dec/FE_OFC545_rd1_w_4  
    uu_dtpath/uu_dec/FE_OFC544_rd2_w_23  
    uu_dtpath/uu_dec/FE_OFC543_rd1_w_22  
    uu_dtpath/uu_dec/FE_OFC542_rd2_w_20  
    uu_dtpath/uu_dec/FE_OFC541_rd2_w_24  
    uu_dtpath/uu_dec/FE_OFC540_rd2_w_25  
    uu_dtpath/uu_dec/FE_OFC539_rd1_w_20  
    uu_dtpath/uu_dec/FE_OFC538_rd1_w_25  
    uu_dtpath/uu_dec/FE_OFC537_rd2_w_30  
    uu_dtpath/uu_dec/FE_OFC536_rd1_w_0  
    uu_dtpath/uu_dec/FE_OFC535_rd2_w_11  
    uu_dtpath/uu_dec/FE_OFC534_rd1_w_11  
    uu_dtpath/uu_dec/FE_OFC533_rd1_w_8  
    uu_dtpath/uu_dec/FE_OFC512_rd1_w_9  
    uu_dtpath/uu_dec/FE_OFC498_rd2_w_31  
    uu_dtpath/uu_dec/FE_OFC495_rd1_w_6  
    uu_dtpath/uu_dec/FE_OFC490_rd2_w_6  
    uu_dtpath/uu_dec/FE_OFC482_rd2_w_0  
    uu_dtpath/uu_dec/FE_OFC468_rd1_w_3  
    uu_dtpath/uu_dec/FE_OFC463_rd1_w_31  
    uu_dtpath/uu_dec/FE_OFC462_rd1_w_30  
    uu_dtpath/uu_dec/FE_OFC461_rd1_w_2  
    uu_dtpath/uu_dec/FE_OFC439_rd1_w_18  
    uu_dtpath/uu_dec/FE_OFC437_rd1_w_23  
    uu_dtpath/uu_dec/FE_OFC169_inst_fd_30  
    uu_dtpath/uu_dec/FE_OFC66_inst_fd_12  
    uu_dtpath/uu_dec/FE_OFC52_inst_fd_13  
    uu_dtpath/uu_dec/FE_OFC51_inst_fd_13  
    uu_dtpath/uu_dec/CTS_cpc_drv_buf_00364  
    uu_dtpath/uu_dec/CTS_ccl_a_buf_00072  
    uu_dtpath/uu_dec/g1414  
    uu_dtpath/uu_dec/uu_ctrl_unit/FE_OFC1023_inst_fd_3  
    uu_dtpath/uu_dec/uu_ctrl_unit/FE_OFC1017_inst_fd_4  
    uu_dtpath/uu_dec/uu_ctrl_unit/FE_OFC1016_inst_fd_4  
    uu_dtpath/uu_dec/uu_ctrl_unit/FE_OFC184_inst_fd_5  
    uu_dtpath/uu_dec/uu_ctrl_unit/g682__2398  
    uu_dtpath/uu_dec/uu_ctrl_unit/g683__5107  
    uu_dtpath/uu_dec/uu_ctrl_unit/g684__6260  
    uu_dtpath/uu_dec/uu_ctrl_unit/g685__4319  
    uu_dtpath/uu_dec/uu_ctrl_unit/g686__8428  
    uu_dtpath/uu_dec/uu_ctrl_unit/g687__5526  
    uu_dtpath/uu_dec/uu_ctrl_unit/g688__6783  
    uu_dtpath/uu_dec/uu_ctrl_unit/g689__3680  
    uu_dtpath/uu_dec/uu_ctrl_unit/g690__1617  
    uu_dtpath/uu_dec/uu_ctrl_unit/g691__2802  
    uu_dtpath/uu_dec/uu_ctrl_unit/g692__1705  
    uu_dtpath/uu_dec/uu_ctrl_unit/g693__5122  
    uu_dtpath/uu_dec/uu_ctrl_unit/g694__8246  
    uu_dtpath/uu_dec/uu_ctrl_unit/g695__7098  
    uu_dtpath/uu_dec/uu_ctrl_unit/g696__6131  
    uu_dtpath/uu_dec/uu_ctrl_unit/g697__1881  
    uu_dtpath/uu_dec/uu_ctrl_unit/g698__5115  
    uu_dtpath/uu_dec/uu_ctrl_unit/g699__7482  
    uu_dtpath/uu_dec/uu_ctrl_unit/g700__4733  
    uu_dtpath/uu_dec/uu_ctrl_unit/g701__6161  
    uu_dtpath/uu_dec/uu_ctrl_unit/g702__9315  
    uu_dtpath/uu_dec/uu_ctrl_unit/g703__9945  
    uu_dtpath/uu_dec/uu_ctrl_unit/g704__2883  
    uu_dtpath/uu_dec/uu_ctrl_unit/g705__2346  
    uu_dtpath/uu_dec/uu_ctrl_unit/g706__1666  
    uu_dtpath/uu_dec/uu_ctrl_unit/g707__7410  
    uu_dtpath/uu_dec/uu_ctrl_unit/g708__6417  
    uu_dtpath/uu_dec/uu_ctrl_unit/g709__5477  
    uu_dtpath/uu_dec/uu_ctrl_unit/g710__2398  
    uu_dtpath/uu_dec/uu_ctrl_unit/g711__5107  
    uu_dtpath/uu_dec/uu_ctrl_unit/g712__6260  
    uu_dtpath/uu_dec/uu_ctrl_unit/g713__4319  
    uu_dtpath/uu_dec/uu_ctrl_unit/g714__8428  
    uu_dtpath/uu_dec/uu_ctrl_unit/g715__5526  
    uu_dtpath/uu_dec/uu_ctrl_unit/g716__6783  
    uu_dtpath/uu_dec/uu_ctrl_unit/g717__3680  
    uu_dtpath/uu_dec/uu_ctrl_unit/g718__1617  
    uu_dtpath/uu_dec/uu_ctrl_unit/g719__2802  
    uu_dtpath/uu_dec/uu_ctrl_unit/g720__1705  
    uu_dtpath/uu_dec/uu_ctrl_unit/g721  
    uu_dtpath/uu_dec/uu_extend/FE_OFC1035_inst_fd_29  
    uu_dtpath/uu_dec/uu_extend/FE_OFC1033_inst_fd_26  
    uu_dtpath/uu_dec/uu_extend/FE_OFC1031_inst_fd_25  
    uu_dtpath/uu_dec/uu_extend/g884__5122  
    uu_dtpath/uu_dec/uu_extend/g885__8246  
    uu_dtpath/uu_dec/uu_extend/g886__7098  
    uu_dtpath/uu_dec/uu_extend/g887__6131  
    uu_dtpath/uu_dec/uu_extend/g888__1881  
    uu_dtpath/uu_dec/uu_extend/g889__5115  
    uu_dtpath/uu_dec/uu_extend/g890__7482  
    uu_dtpath/uu_dec/uu_extend/g891__4733  
    uu_dtpath/uu_dec/uu_extend/g892__6161  
    uu_dtpath/uu_dec/uu_extend/g893__9315  
    uu_dtpath/uu_dec/uu_extend/g894__9945  
    uu_dtpath/uu_dec/uu_extend/g895__2883  
    uu_dtpath/uu_dec/uu_extend/g896__2346  
    uu_dtpath/uu_dec/uu_extend/g897__1666  
    uu_dtpath/uu_dec/uu_extend/g898__7410  
    uu_dtpath/uu_dec/uu_extend/g899__6417  
    uu_dtpath/uu_dec/uu_extend/g900__5477  
    uu_dtpath/uu_dec/uu_extend/g901__2398  
    uu_dtpath/uu_dec/uu_extend/g902__5107  
    uu_dtpath/uu_dec/uu_extend/g903__6260  
    uu_dtpath/uu_dec/uu_extend/g904__4319  
    uu_dtpath/uu_dec/uu_extend/g905__8428  
    uu_dtpath/uu_dec/uu_extend/g906__5526  
    uu_dtpath/uu_dec/uu_extend/g907__6783  
    uu_dtpath/uu_dec/uu_extend/g908__3680  
    uu_dtpath/uu_dec/uu_extend/g909__1617  
    uu_dtpath/uu_dec/uu_extend/g910__2802  
    uu_dtpath/uu_dec/uu_extend/g911__1705  
    uu_dtpath/uu_dec/uu_extend/g912__5122  
    uu_dtpath/uu_dec/uu_extend/g913__8246  
    uu_dtpath/uu_dec/uu_extend/g914__7098  
    uu_dtpath/uu_dec/uu_extend/g915__6131  
    uu_dtpath/uu_dec/uu_extend/g917__1881  
    uu_dtpath/uu_dec/uu_extend/g918__5115  
    uu_dtpath/uu_dec/uu_extend/g919__7482  
    uu_dtpath/uu_dec/uu_extend/g920__4733  
    uu_dtpath/uu_dec/uu_extend/g921__6161  
    uu_dtpath/uu_dec/uu_extend/g922__9315  
    uu_dtpath/uu_dec/uu_extend/g924__2883  
    uu_dtpath/uu_dec/uu_extend/g925  
    uu_dtpath/uu_dec/uu_extend/g926__2346  
    uu_dtpath/uu_dec/uu_extend/g927__1666  
    uu_dtpath/uu_dec/uu_extend/g928__7410  
    uu_dtpath/uu_dec/uu_extend/g930  
    uu_dtpath/uu_dec/uu_extend/g931  
    uu_dtpath/uu_dec/uu_extend/g2__6417  
    uu_dtpath/uu_dec/uu_reg_file/FE_OFC1120_n_2228  
    uu_dtpath/uu_dec/uu_reg_file/FE_OFC1117_n_2356  
    uu_dtpath/uu_dec/uu_reg_file/FE_OFC1115_n_2337  
    uu_dtpath/uu_dec/uu_reg_file/FE_OFC1114_n_2355  
    uu_dtpath/uu_dec/uu_reg_file/FE_OFC1110_n_2350  
    uu_dtpath/uu_dec/uu_reg_file/FE_OFC1109_n_495  
    uu_dtpath/uu_dec/uu_reg_file/FE_OFC1108_n_782  
    uu_dtpath/uu_dec/uu_reg_file/FE_OFC1106_n_1785  
    uu_dtpath/uu_dec/uu_reg_file/FE_OFC1104_n_793  
    uu_dtpath/uu_dec/uu_reg_file/FE_OFC1102_n_2079  
    uu_dtpath/uu_dec/uu_reg_file/FE_OFC1096_n_800  
    uu_dtpath/uu_dec/uu_reg_file/FE_OFC1095_n_2226  
    uu_dtpath/uu_dec/uu_reg_file/FE_OFC1094_n_542  
    uu_dtpath/uu_dec/uu_reg_file/FE_OFC1093_n_490  
    uu_dtpath/uu_dec/uu_reg_file/FE_OFC1088_n_524  
    uu_dtpath/uu_dec/uu_reg_file/FE_OFC1082_n_50  
    uu_dtpath/uu_dec/uu_reg_file/FE_OFC1079_n_54  
    uu_dtpath/uu_dec/uu_reg_file/FE_OFC1078_n_48  
    uu_dtpath/uu_dec/uu_reg_file/FE_OFC1074_n_96  
    uu_dtpath/uu_dec/uu_reg_file/FE_OFC1073_n_27  
    uu_dtpath/uu_dec/uu_reg_file/FE_OFC1072_n_27  
    uu_dtpath/uu_dec/uu_reg_file/FE_OFC1069_n_61  
    uu_dtpath/uu_dec/uu_reg_file/FE_OFC1065_n_99  
    uu_dtpath/uu_dec/uu_reg_file/FE_OFC1061_n_60  
    uu_dtpath/uu_dec/uu_reg_file/FE_OFC1013_n_3  
    uu_dtpath/uu_dec/uu_reg_file/FE_OFC1010_n_4  
    uu_dtpath/uu_dec/uu_reg_file/FE_OFC1009_n_4  
    uu_dtpath/uu_dec/uu_reg_file/FE_OFC1008_n_6  
    uu_dtpath/uu_dec/uu_reg_file/FE_OFC1007_n_6  
    uu_dtpath/uu_dec/uu_reg_file/FE_OFC1006_n_11  
    uu_dtpath/uu_dec/uu_reg_file/FE_OFC1005_n_11  
    uu_dtpath/uu_dec/uu_reg_file/FE_OFC1002_n  
    uu_dtpath/uu_dec/uu_reg_file/FE_OFC1001_n  
    uu_dtpath/uu_dec/uu_reg_file/FE_OFC1000_n  
    uu_dtpath/uu_dec/uu_reg_file/FE_OFC999_n  
    uu_dtpath/uu_dec/uu_reg_file/FE_OFC994_n  
    uu_dtpath/uu_dec/uu_reg_file/FE_OFC989_rst_async_n  
    uu_dtpath/uu_dec/uu_reg_file/FE_OFC988_rst_async_n  
    uu_dtpath/uu_dec/uu_reg_file/FE_OFC987_rst_async_n  
    uu_dtpath/uu_dec/uu_reg_file/FE_OFC982_rst_async_n  
    uu_dtpath/uu_dec/uu_reg_file/FE_OFC976_rst_async_n  
    uu_dtpath/uu_dec/uu_reg_file/FE_OFC975_rst_async_n  
    uu_dtpath/uu_dec/uu_reg_file/FE_OFC974_rst_async_n  
    uu_dtpath/uu_dec/uu_reg_file/FE_OFC962_n_26  
    uu_dtpath/uu_dec/uu_reg_file/FE_OFC961_n_26  
    uu_dtpath/uu_dec/uu_reg_file/FE_OFC960_n_26  
    uu_dtpath/uu_dec/uu_reg_file/FE_OFC959_n_28  
    uu_dtpath/uu_dec/uu_reg_file/FE_OFC958_n_28  
    uu_dtpath/uu_dec/uu_reg_file/FE_OFC957_n_28  
    uu_dtpath/uu_dec/uu_reg_file/FE_OFC956_n_34  
    uu_dtpath/uu_dec/uu_reg_file/FE_OFC955_n_34  
    uu_dtpath/uu_dec/uu_reg_file/FE_OFC954_n_34  
    uu_dtpath/uu_dec/uu_reg_file/FE_OFC953_n_49  
    uu_dtpath/uu_dec/uu_reg_file/FE_OFC952_n_42  
    uu_dtpath/uu_dec/uu_reg_file/FE_OFC950_wr_dt_reg_21  
    uu_dtpath/uu_dec/uu_reg_file/FE_OFC944_n_101  
    uu_dtpath/uu_dec/uu_reg_file/FE_OFC942_wr_dt_reg_27  
    uu_dtpath/uu_dec/uu_reg_file/FE_OFC939_wr_dt_reg_28  
    uu_dtpath/uu_dec/uu_reg_file/FE_OFC937_wr_dt_reg_2  
    uu_dtpath/uu_dec/uu_reg_file/FE_OFC936_wr_dt_reg_29  
    uu_dtpath/uu_dec/uu_reg_file/FE_OFC929_wr_dt_reg_31  
    uu_dtpath/uu_dec/uu_reg_file/FE_OFC725_wr_dt_reg_24  
    uu_dtpath/uu_dec/uu_reg_file/FE_OFC724_wr_dt_reg_24  
    uu_dtpath/uu_dec/uu_reg_file/FE_OFC723_wr_dt_reg_24  
    uu_dtpath/uu_dec/uu_reg_file/FE_OFC675_wr_dt_reg_11  
    uu_dtpath/uu_dec/uu_reg_file/FE_OFC671_wr_dt_reg_11  
    uu_dtpath/uu_dec/uu_reg_file/FE_OFC660_wr_dt_reg_13  
    uu_dtpath/uu_dec/uu_reg_file/FE_OFC657_wr_dt_reg_10  
    uu_dtpath/uu_dec/uu_reg_file/FE_OFC655_wr_dt_reg_9  
    uu_dtpath/uu_dec/uu_reg_file/FE_OFC649_wr_dt_reg_18  
    uu_dtpath/uu_dec/uu_reg_file/FE_OFC641_wr_dt_reg_12  
    uu_dtpath/uu_dec/uu_reg_file/FE_OFC637_wr_dt_reg_20  
    uu_dtpath/uu_dec/uu_reg_file/FE_OFC629_wr_dt_reg_8  
    uu_dtpath/uu_dec/uu_reg_file/FE_OFC627_wr_dt_reg_14  
    uu_dtpath/uu_dec/uu_reg_file/FE_OFC620_wr_dt_reg_23  
    uu_dtpath/uu_dec/uu_reg_file/FE_OFC614_wr_dt_reg_6  
    uu_dtpath/uu_dec/uu_reg_file/FE_OFC610_wr_dt_reg_22  
    uu_dtpath/uu_dec/uu_reg_file/FE_OFC608_wr_dt_reg_7  
    uu_dtpath/uu_dec/uu_reg_file/FE_OFC590_wr_dt_reg_0  
    uu_dtpath/uu_dec/uu_reg_file/FE_OFC575_n_2122  
    uu_dtpath/uu_dec/uu_reg_file/FE_OFC489_n_2340  
    uu_dtpath/uu_dec/uu_reg_file/FE_OFC459_n_778  
    uu_dtpath/uu_dec/uu_reg_file/FE_OFC457_n_2335  
    uu_dtpath/uu_dec/uu_reg_file/FE_OFC456_n_2358  
    uu_dtpath/uu_dec/uu_reg_file/FE_OFC418_n_2069  
    uu_dtpath/uu_dec/uu_reg_file/FE_OFC417_n_532  
    uu_dtpath/uu_dec/uu_reg_file/FE_OFC414_n_680  
    uu_dtpath/uu_dec/uu_reg_file/FE_OFC413_n_671  
    uu_dtpath/uu_dec/uu_reg_file/FE_OFC412_n_551  
    uu_dtpath/uu_dec/uu_reg_file/FE_OFC411_n_583  
    uu_dtpath/uu_dec/uu_reg_file/FE_OFC409_n_2201  
    uu_dtpath/uu_dec/uu_reg_file/FE_OFC407_n_2226  
    uu_dtpath/uu_dec/uu_reg_file/FE_OFC406_n_539  
    uu_dtpath/uu_dec/uu_reg_file/FE_OFC405_n_2237  
    uu_dtpath/uu_dec/uu_reg_file/FE_OFC404_n_549  
    uu_dtpath/uu_dec/uu_reg_file/FE_OFC403_n_2124  
    uu_dtpath/uu_dec/uu_reg_file/FE_OFC402_n_2104  
    uu_dtpath/uu_dec/uu_reg_file/FE_OFC401_n_2090  
    uu_dtpath/uu_dec/uu_reg_file/FE_OFC397_n_2089  
    uu_dtpath/uu_dec/uu_reg_file/FE_OFC396_n_2102  
    uu_dtpath/uu_dec/uu_reg_file/FE_OFC389_n_2096  
    uu_dtpath/uu_dec/uu_reg_file/FE_OFC388_n_523  
    uu_dtpath/uu_dec/uu_reg_file/FE_OFC384_n_2080  
    uu_dtpath/uu_dec/uu_reg_file/FE_OFC381_n_567  
    uu_dtpath/uu_dec/uu_reg_file/FE_OFC378_n_2205  
    uu_dtpath/uu_dec/uu_reg_file/FE_OFC377_n_2198  
    uu_dtpath/uu_dec/uu_reg_file/FE_OFC375_n_648  
    uu_dtpath/uu_dec/uu_reg_file/FE_OFC374_n_2346  
    uu_dtpath/uu_dec/uu_reg_file/FE_OFC368_n_2350  
    uu_dtpath/uu_dec/uu_reg_file/FE_OFC367_n_2343  
    uu_dtpath/uu_dec/uu_reg_file/FE_OFC366_n_794  
    uu_dtpath/uu_dec/uu_reg_file/FE_OFC365_n_2355  
    uu_dtpath/uu_dec/uu_reg_file/FE_OFC364_n_2347  
    uu_dtpath/uu_dec/uu_reg_file/FE_OFC363_n_792  
    uu_dtpath/uu_dec/uu_reg_file/FE_OFC362_n_2357  
    uu_dtpath/uu_dec/uu_reg_file/FE_OFC361_n_799  
    uu_dtpath/uu_dec/uu_reg_file/FE_OFC360_n_2341  
    uu_dtpath/uu_dec/uu_reg_file/FE_OFC359_n_70  
    uu_dtpath/uu_dec/uu_reg_file/FE_OFC358_n_2362  
    uu_dtpath/uu_dec/uu_reg_file/FE_OFC357_n_795  
    uu_dtpath/uu_dec/uu_reg_file/FE_OFC356_n_2356  
    uu_dtpath/uu_dec/uu_reg_file/FE_OFC355_n_2345  
    uu_dtpath/uu_dec/uu_reg_file/FE_OFC354_n_786  
    uu_dtpath/uu_dec/uu_reg_file/FE_OFC353_n_781  
    uu_dtpath/uu_dec/uu_reg_file/FE_OFC352_n_2344  
    uu_dtpath/uu_dec/uu_reg_file/FE_OFC351_n_2363  
    uu_dtpath/uu_dec/uu_reg_file/FE_OFC350_n_779  
    uu_dtpath/uu_dec/uu_reg_file/FE_OFC349_n_2348  
    uu_dtpath/uu_dec/uu_reg_file/FE_OFC348_n_801  
    uu_dtpath/uu_dec/uu_reg_file/FE_OFC347_n_780  
    uu_dtpath/uu_dec/uu_reg_file/FE_OFC346_n_2338  
    uu_dtpath/uu_dec/uu_reg_file/FE_OFC345_n_2336  
    uu_dtpath/uu_dec/uu_reg_file/FE_OFC344_n_2349  
    uu_dtpath/uu_dec/uu_reg_file/FE_OFC343_n_2360  
    uu_dtpath/uu_dec/uu_reg_file/FE_OFC342_n_2352  
    uu_dtpath/uu_dec/uu_reg_file/FE_OFC341_n_809  
    uu_dtpath/uu_dec/uu_reg_file/FE_OFC340_n_2337  
    uu_dtpath/uu_dec/uu_reg_file/FE_OFC339_n_806  
    uu_dtpath/uu_dec/uu_reg_file/FE_OFC334_n_804  
    uu_dtpath/uu_dec/uu_reg_file/FE_OFC333_n_2366  
    uu_dtpath/uu_dec/uu_reg_file/FE_OFC330_n_2361  
    uu_dtpath/uu_dec/uu_reg_file/FE_OFC326_n_66  
    uu_dtpath/uu_dec/uu_reg_file/FE_OFC325_n_64  
    uu_dtpath/uu_dec/uu_reg_file/FE_OFC324_n_96  
    uu_dtpath/uu_dec/uu_reg_file/FE_OFC323_n_96  
    uu_dtpath/uu_dec/uu_reg_file/FE_OFC322_n_68  
    uu_dtpath/uu_dec/uu_reg_file/FE_OFC321_n_98  
    uu_dtpath/uu_dec/uu_reg_file/FE_OFC318_wr_dt_reg_26  
    uu_dtpath/uu_dec/uu_reg_file/FE_OFC311_wr_dt_reg_12  
    uu_dtpath/uu_dec/uu_reg_file/FE_OFC305_wr_dt_reg_16  
    uu_dtpath/uu_dec/uu_reg_file/FE_OFC294_wr_dt_reg_30  
    uu_dtpath/uu_dec/uu_reg_file/FE_OFC265_n_71  
    uu_dtpath/uu_dec/uu_reg_file/FE_OFC263_n_93  
    uu_dtpath/uu_dec/uu_reg_file/FE_OFC262_n_92  
    uu_dtpath/uu_dec/uu_reg_file/FE_OFC260_wr_dt_reg_1  
    uu_dtpath/uu_dec/uu_reg_file/FE_OFC256_n_101  
    uu_dtpath/uu_dec/uu_reg_file/FE_OFC255_n_65  
    uu_dtpath/uu_dec/uu_reg_file/FE_OFC254_n_69  
    uu_dtpath/uu_dec/uu_reg_file/FE_OFC253_n_69  
    uu_dtpath/uu_dec/uu_reg_file/FE_OFC252_n_69  
    uu_dtpath/uu_dec/uu_reg_file/FE_OFC249_n_99  
    uu_dtpath/uu_dec/uu_reg_file/FE_OFC240_n_40  
    uu_dtpath/uu_dec/uu_reg_file/FE_OFC239_n_40  
    uu_dtpath/uu_dec/uu_reg_file/FE_OFC238_n_33  
    uu_dtpath/uu_dec/uu_reg_file/FE_OFC237_n_39  
    uu_dtpath/uu_dec/uu_reg_file/FE_OFC236_n_39  
    uu_dtpath/uu_dec/uu_reg_file/FE_OFC235_n_39  
    uu_dtpath/uu_dec/uu_reg_file/FE_OFC234_n_44  
    uu_dtpath/uu_dec/uu_reg_file/FE_OFC233_n_47  
    uu_dtpath/uu_dec/uu_reg_file/FE_OFC230_n_25  
    uu_dtpath/uu_dec/uu_reg_file/FE_OFC227_n_51  
    uu_dtpath/uu_dec/uu_reg_file/FE_OFC226_n_35  
    uu_dtpath/uu_dec/uu_reg_file/FE_OFC220_n_24  
    uu_dtpath/uu_dec/uu_reg_file/FE_OFC219_n_52  
    uu_dtpath/uu_dec/uu_reg_file/FE_OFC218_wr_dt_reg_0  
    uu_dtpath/uu_dec/uu_reg_file/FE_OFC216_wr_dt_reg_17  
    uu_dtpath/uu_dec/uu_reg_file/FE_OFC213_wr_dt_reg_3  
    uu_dtpath/uu_dec/uu_reg_file/FE_OFC159_n_707  
    uu_dtpath/uu_dec/uu_reg_file/FE_OFC129_n_46  
    uu_dtpath/uu_dec/uu_reg_file/FE_OFC93_n_31  
    uu_dtpath/uu_dec/uu_reg_file/FE_OFC82_n_41  
    uu_dtpath/uu_dec/uu_reg_file/FE_OFC71_n_30  
    uu_dtpath/uu_dec/uu_reg_file/FE_OFC68_n_32  
    uu_dtpath/uu_dec/uu_reg_file/FE_OFC63_n_36  
    uu_dtpath/uu_dec/uu_reg_file/FE_OFC62_n_53  
    uu_dtpath/uu_dec/uu_reg_file/FE_OFC61_n_53  
    uu_dtpath/uu_dec/uu_reg_file/FE_OFC60_n_53  
    uu_dtpath/uu_dec/uu_reg_file/CTS_ccl_a_buf_00190  
    uu_dtpath/uu_dec/uu_reg_file/CTS_ccl_a_buf_00166  
    uu_dtpath/uu_dec/uu_reg_file/CTS_ccl_a_buf_00159  
    uu_dtpath/uu_dec/uu_reg_file/CTS_ccl_a_buf_00158  
    uu_dtpath/uu_dec/uu_reg_file/CTS_ccl_a_buf_00246  
    uu_dtpath/uu_dec/uu_reg_file/CTS_ccl_a_buf_00186  
    uu_dtpath/uu_dec/uu_reg_file/CTS_ccl_a_buf_00180  
    uu_dtpath/uu_dec/uu_reg_file/CTS_ccl_a_buf_00160  
    uu_dtpath/uu_dec/uu_reg_file/CTS_ccl_a_buf_00242  
    uu_dtpath/uu_dec/uu_reg_file/CTS_ccl_a_buf_00178  
    uu_dtpath/uu_dec/uu_reg_file/CTS_ccl_a_buf_00177  
    uu_dtpath/uu_dec/uu_reg_file/CTS_ccl_a_buf_00167  
    uu_dtpath/uu_dec/uu_reg_file/CTS_ccl_a_buf_00235  
    uu_dtpath/uu_dec/uu_reg_file/CTS_ccl_a_buf_00271  
    uu_dtpath/uu_dec/uu_reg_file/CTS_ccl_a_buf_00188  
    uu_dtpath/uu_dec/uu_reg_file/CTS_ccl_a_buf_00162  
    uu_dtpath/uu_dec/uu_reg_file/CTS_ccl_a_buf_00161  
    uu_dtpath/uu_dec/uu_reg_file/CTS_ccl_a_buf_00244  
    uu_dtpath/uu_dec/uu_reg_file/CTS_ccl_a_buf_00187  
    uu_dtpath/uu_dec/uu_reg_file/CTS_ccl_a_buf_00153  
    uu_dtpath/uu_dec/uu_reg_file/CTS_ccl_a_buf_00243  
    uu_dtpath/uu_dec/uu_reg_file/CTS_ccl_a_buf_00179  
    uu_dtpath/uu_dec/uu_reg_file/CTS_ccl_a_buf_00155  
    uu_dtpath/uu_dec/uu_reg_file/CTS_ccl_a_buf_00154  
    uu_dtpath/uu_dec/uu_reg_file/CTS_ccl_a_buf_00236  
    uu_dtpath/uu_dec/uu_reg_file/CTS_ccl_a_buf_00269  
    uu_dtpath/uu_dec/uu_reg_file/CTS_ccl_a_buf_00296  
    uu_dtpath/uu_dec/uu_reg_file/CTS_ccl_a_buf_00171  
    uu_dtpath/uu_dec/uu_reg_file/CTS_ccl_a_buf_00156  
    uu_dtpath/uu_dec/uu_reg_file/CTS_cdb_buf_00323  
    uu_dtpath/uu_dec/uu_reg_file/CTS_ccl_a_buf_00172  
    uu_dtpath/uu_dec/uu_reg_file/CTS_ccl_a_buf_00157  
    uu_dtpath/uu_dec/uu_reg_file/CTS_ccl_a_buf_00233  
    uu_dtpath/uu_dec/uu_reg_file/CTS_ccl_a_buf_00282  
    uu_dtpath/uu_dec/uu_reg_file/CTS_ccl_a_buf_00141  
    uu_dtpath/uu_dec/uu_reg_file/CTS_ccl_a_buf_00140  
    uu_dtpath/uu_dec/uu_reg_file/CTS_ccl_a_buf_00132  
    uu_dtpath/uu_dec/uu_reg_file/CTS_ccl_a_buf_00124  
    uu_dtpath/uu_dec/uu_reg_file/CTS_ccl_a_buf_00228  
    uu_dtpath/uu_dec/uu_reg_file/CTS_ccl_a_buf_00123  
    uu_dtpath/uu_dec/uu_reg_file/CTS_ccl_a_buf_00095  
    uu_dtpath/uu_dec/uu_reg_file/CTS_ccl_a_buf_00222  
    uu_dtpath/uu_dec/uu_reg_file/CTS_ccl_a_buf_00264  
    uu_dtpath/uu_dec/uu_reg_file/CTS_ccl_a_buf_00139  
    uu_dtpath/uu_dec/uu_reg_file/CTS_ccl_a_buf_00131  
    uu_dtpath/uu_dec/uu_reg_file/CTS_ccl_a_buf_00101  
    uu_dtpath/uu_dec/uu_reg_file/CTS_ccl_a_buf_00100  
    uu_dtpath/uu_dec/uu_reg_file/CTS_ccl_a_buf_00227  
    uu_dtpath/uu_dec/uu_reg_file/CTS_ccl_a_buf_00102  
    uu_dtpath/uu_dec/uu_reg_file/CTS_ccl_a_buf_00096  
    uu_dtpath/uu_dec/uu_reg_file/CTS_ccl_a_buf_00089  
    uu_dtpath/uu_dec/uu_reg_file/CTS_ccl_a_buf_00216  
    uu_dtpath/uu_dec/uu_reg_file/CTS_ccl_a_buf_00094  
    uu_dtpath/uu_dec/uu_reg_file/CTS_ccl_a_buf_00088  
    uu_dtpath/uu_dec/uu_reg_file/CTS_ccl_a_buf_00087  
    uu_dtpath/uu_dec/uu_reg_file/CTS_ccl_a_buf_00086  
    uu_dtpath/uu_dec/uu_reg_file/CTS_ccl_a_buf_00214  
    uu_dtpath/uu_dec/uu_reg_file/CTS_ccl_a_buf_00263  
    uu_dtpath/uu_dec/uu_reg_file/CTS_ccl_a_buf_00293  
    uu_dtpath/uu_dec/uu_reg_file/CTS_ccl_a_buf_00306  
    uu_dtpath/uu_dec/uu_reg_file/CTS_ccl_a_buf_00310  
    uu_dtpath/uu_dec/uu_reg_file/CTS_ccl_a_buf_00189  
    uu_dtpath/uu_dec/uu_reg_file/CTS_ccl_a_buf_00116  
    uu_dtpath/uu_dec/uu_reg_file/CTS_ccl_a_buf_00114  
    uu_dtpath/uu_dec/uu_reg_file/CTS_ccl_a_buf_00245  
    uu_dtpath/uu_dec/uu_reg_file/CTS_ccl_a_buf_00181  
    uu_dtpath/uu_dec/uu_reg_file/CTS_ccl_a_buf_00134  
    uu_dtpath/uu_dec/uu_reg_file/CTS_ccl_a_buf_00113  
    uu_dtpath/uu_dec/uu_reg_file/CTS_ccl_a_buf_00112  
    uu_dtpath/uu_dec/uu_reg_file/CTS_ccl_a_buf_00237  
    uu_dtpath/uu_dec/uu_reg_file/CTS_ccl_a_buf_00142  
    uu_dtpath/uu_dec/uu_reg_file/CTS_ccl_a_buf_00126  
    uu_dtpath/uu_dec/uu_reg_file/CTS_ccl_a_buf_00119  
    uu_dtpath/uu_dec/uu_reg_file/CTS_ccl_a_buf_00104  
    uu_dtpath/uu_dec/uu_reg_file/CTS_ccl_a_buf_00229  
    uu_dtpath/uu_dec/uu_reg_file/CTS_cfo_buf_00319  
    uu_dtpath/uu_dec/uu_reg_file/CTS_ccl_a_buf_00133  
    uu_dtpath/uu_dec/uu_reg_file/CTS_ccl_a_buf_00128  
    uu_dtpath/uu_dec/uu_reg_file/CTS_ccl_a_buf_00121  
    uu_dtpath/uu_dec/uu_reg_file/CTS_ccl_a_buf_00120  
    uu_dtpath/uu_dec/uu_reg_file/CTS_ccl_a_buf_00225  
    uu_dtpath/uu_dec/uu_reg_file/CTS_ccl_a_buf_00130  
    uu_dtpath/uu_dec/uu_reg_file/CTS_ccl_a_buf_00129  
    uu_dtpath/uu_dec/uu_reg_file/CTS_ccl_a_buf_00125  
    uu_dtpath/uu_dec/uu_reg_file/CTS_ccl_a_buf_00122  
    uu_dtpath/uu_dec/uu_reg_file/CTS_ccl_a_buf_00224  
    uu_dtpath/uu_dec/uu_reg_file/CTS_ccl_a_buf_00261  
    uu_dtpath/uu_dec/uu_reg_file/CTS_ccl_a_buf_00285  
    uu_dtpath/uu_dec/uu_reg_file/CTS_ccl_a_buf_00183  
    uu_dtpath/uu_dec/uu_reg_file/CTS_ccl_a_buf_00146  
    uu_dtpath/uu_dec/uu_reg_file/CTS_ccl_a_buf_00145  
    uu_dtpath/uu_dec/uu_reg_file/CTS_ccl_a_buf_00144  
    uu_dtpath/uu_dec/uu_reg_file/CTS_ccl_a_buf_00239  
    uu_dtpath/uu_dec/uu_reg_file/CTS_ccl_a_buf_00176  
    uu_dtpath/uu_dec/uu_reg_file/CTS_ccl_a_buf_00175  
    uu_dtpath/uu_dec/uu_reg_file/CTS_ccl_a_buf_00174  
    uu_dtpath/uu_dec/uu_reg_file/CTS_ccl_a_buf_00173  
    uu_dtpath/uu_dec/uu_reg_file/CTS_ccl_a_buf_00234  
    uu_dtpath/uu_dec/uu_reg_file/CTS_ccl_a_buf_00164  
    uu_dtpath/uu_dec/uu_reg_file/CTS_ccl_a_buf_00163  
    uu_dtpath/uu_dec/uu_reg_file/CTS_ccl_a_buf_00152  
    uu_dtpath/uu_dec/uu_reg_file/CTS_ccl_a_buf_00143  
    uu_dtpath/uu_dec/uu_reg_file/CTS_ccl_a_buf_00230  
    uu_dtpath/uu_dec/uu_reg_file/CTS_ccl_a_buf_00266  
    uu_dtpath/uu_dec/uu_reg_file/CTS_ccl_a_buf_00283  
    uu_dtpath/uu_dec/uu_reg_file/CTS_ccl_a_buf_00136  
    uu_dtpath/uu_dec/uu_reg_file/CTS_ccl_a_buf_00135  
    uu_dtpath/uu_dec/uu_reg_file/CTS_ccl_a_buf_00226  
    uu_dtpath/uu_dec/uu_reg_file/CTS_ccl_a_buf_00106  
    uu_dtpath/uu_dec/uu_reg_file/CTS_ccl_a_buf_00078  
    uu_dtpath/uu_dec/uu_reg_file/CTS_ccl_a_buf_00076  
    uu_dtpath/uu_dec/uu_reg_file/CTS_ccl_a_buf_00075  
    uu_dtpath/uu_dec/uu_reg_file/CTS_ccl_a_buf_00217  
    uu_dtpath/uu_dec/uu_reg_file/CTS_ccl_a_buf_00262  
    uu_dtpath/uu_dec/uu_reg_file/CTS_ccl_a_buf_00280  
    uu_dtpath/uu_dec/uu_reg_file/CTS_ccl_a_buf_00111  
    uu_dtpath/uu_dec/uu_reg_file/CTS_ccl_a_buf_00105  
    uu_dtpath/uu_dec/uu_reg_file/CTS_ccl_a_buf_00093  
    uu_dtpath/uu_dec/uu_reg_file/CTS_ccl_a_buf_00083  
    uu_dtpath/uu_dec/uu_reg_file/CTS_ccl_a_buf_00220  
    uu_dtpath/uu_dec/uu_reg_file/CTS_ccl_a_buf_00107  
    uu_dtpath/uu_dec/uu_reg_file/CTS_ccl_a_buf_00103  
    uu_dtpath/uu_dec/uu_reg_file/CTS_ccl_a_buf_00085  
    uu_dtpath/uu_dec/uu_reg_file/CTS_ccl_a_buf_00084  
    uu_dtpath/uu_dec/uu_reg_file/CTS_ccl_a_buf_00218  
    uu_dtpath/uu_dec/uu_reg_file/CTS_ccl_a_buf_00260  
    uu_dtpath/uu_dec/uu_reg_file/CTS_ccl_a_buf_00110  
    uu_dtpath/uu_dec/uu_reg_file/CTS_ccl_a_buf_00108  
    uu_dtpath/uu_dec/uu_reg_file/CTS_ccl_a_buf_00090  
    uu_dtpath/uu_dec/uu_reg_file/CTS_ccl_a_buf_00082  
    uu_dtpath/uu_dec/uu_reg_file/CTS_ccl_a_buf_00219  
    uu_dtpath/uu_dec/uu_reg_file/CTS_ccl_a_buf_00074  
    uu_dtpath/uu_dec/uu_reg_file/CTS_ccl_a_buf_00073  
    uu_dtpath/uu_dec/uu_reg_file/CTS_ccl_a_buf_00212  
    uu_dtpath/uu_dec/uu_reg_file/CTS_ccl_a_buf_00259  
    uu_dtpath/uu_dec/uu_reg_file/CTS_ccl_a_buf_00279  
    uu_dtpath/uu_dec/uu_reg_file/CTS_ccl_a_buf_00301  
    uu_dtpath/uu_dec/uu_reg_file/CTS_ccl_a_buf_00099  
    uu_dtpath/uu_dec/uu_reg_file/CTS_ccl_a_buf_00098  
    uu_dtpath/uu_dec/uu_reg_file/CTS_ccl_a_buf_00092  
    uu_dtpath/uu_dec/uu_reg_file/CTS_ccl_a_buf_00091  
    uu_dtpath/uu_dec/uu_reg_file/CTS_ccl_a_buf_00215  
    uu_dtpath/uu_dec/uu_reg_file/CTS_ccl_a_buf_00081  
    uu_dtpath/uu_dec/uu_reg_file/CTS_ccl_a_buf_00080  
    uu_dtpath/uu_dec/uu_reg_file/CTS_ccl_a_buf_00077  
    uu_dtpath/uu_dec/uu_reg_file/CTS_ccl_a_buf_00213  
    uu_dtpath/uu_dec/uu_reg_file/CTS_ccl_a_buf_00278  
    uu_dtpath/uu_dec/uu_reg_file/CTS_ccl_a_buf_00185  
    uu_dtpath/uu_dec/uu_reg_file/CTS_ccl_a_buf_00138  
    uu_dtpath/uu_dec/uu_reg_file/CTS_ccl_a_buf_00137  
    uu_dtpath/uu_dec/uu_reg_file/CTS_ccl_a_buf_00117  
    uu_dtpath/uu_dec/uu_reg_file/CTS_cfo_buf_00317  
    uu_dtpath/uu_dec/uu_reg_file/CTS_ccl_a_buf_00127  
    uu_dtpath/uu_dec/uu_reg_file/CTS_ccl_a_buf_00115  
    uu_dtpath/uu_dec/uu_reg_file/CTS_ccl_a_buf_00079  
    uu_dtpath/uu_dec/uu_reg_file/CTS_ccl_a_buf_00223  
    uu_dtpath/uu_dec/uu_reg_file/CTS_ccl_a_buf_00118  
    uu_dtpath/uu_dec/uu_reg_file/CTS_ccl_a_buf_00109  
    uu_dtpath/uu_dec/uu_reg_file/CTS_ccl_a_buf_00097  
    uu_dtpath/uu_dec/uu_reg_file/CTS_ccl_a_buf_00221  
    uu_dtpath/uu_dec/uu_reg_file/CTS_ccl_a_buf_00268  
    uu_dtpath/uu_dec/uu_reg_file/CTS_ccl_a_buf_00184  
    uu_dtpath/uu_dec/uu_reg_file/CTS_ccl_a_buf_00170  
    uu_dtpath/uu_dec/uu_reg_file/CTS_ccl_a_buf_00169  
    uu_dtpath/uu_dec/uu_reg_file/CTS_ccl_a_buf_00149  
    uu_dtpath/uu_dec/uu_reg_file/CTS_ccl_a_buf_00240  
    uu_dtpath/uu_dec/uu_reg_file/CTS_ccl_a_buf_00182  
    uu_dtpath/uu_dec/uu_reg_file/CTS_ccl_a_buf_00168  
    uu_dtpath/uu_dec/uu_reg_file/CTS_ccl_a_buf_00151  
    uu_dtpath/uu_dec/uu_reg_file/CTS_ccl_a_buf_00150  
    uu_dtpath/uu_dec/uu_reg_file/CTS_ccl_a_buf_00238  
    uu_dtpath/uu_dec/uu_reg_file/CTS_ccl_a_buf_00165  
    uu_dtpath/uu_dec/uu_reg_file/CTS_ccl_a_buf_00148  
    uu_dtpath/uu_dec/uu_reg_file/CTS_ccl_a_buf_00147  
    uu_dtpath/uu_dec/uu_reg_file/CTS_ccl_a_buf_00231  
    uu_dtpath/uu_dec/uu_reg_file/CTS_ccl_a_buf_00267  
    uu_dtpath/uu_dec/uu_reg_file/CTS_ccl_a_buf_00294  
    uu_dtpath/uu_dec/uu_reg_file/CTS_ccl_a_buf_00300  
    uu_dtpath/uu_dec/uu_reg_file/CTS_ccl_a_buf_00305  
    uu_dtpath/uu_dec/uu_reg_file/reg_dt_reg[1][0]  
    uu_dtpath/uu_dec/uu_reg_file/reg_dt_reg[1][1]  
    uu_dtpath/uu_dec/uu_reg_file/reg_dt_reg[1][2]  
    uu_dtpath/uu_dec/uu_reg_file/reg_dt_reg[1][3]  
    uu_dtpath/uu_dec/uu_reg_file/reg_dt_reg[1][4]  
    uu_dtpath/uu_dec/uu_reg_file/reg_dt_reg[1][5]  
    uu_dtpath/uu_dec/uu_reg_file/reg_dt_reg[1][6]  
    uu_dtpath/uu_dec/uu_reg_file/reg_dt_reg[1][7]  
    uu_dtpath/uu_dec/uu_reg_file/reg_dt_reg[1][8]  
    uu_dtpath/uu_dec/uu_reg_file/reg_dt_reg[1][9]  
    uu_dtpath/uu_dec/uu_reg_file/reg_dt_reg[1][10]  
    uu_dtpath/uu_dec/uu_reg_file/reg_dt_reg[1][11]  
    uu_dtpath/uu_dec/uu_reg_file/reg_dt_reg[1][12]  
    uu_dtpath/uu_dec/uu_reg_file/reg_dt_reg[1][13]  
    uu_dtpath/uu_dec/uu_reg_file/reg_dt_reg[1][14]  
    uu_dtpath/uu_dec/uu_reg_file/reg_dt_reg[1][15]  
    uu_dtpath/uu_dec/uu_reg_file/reg_dt_reg[1][16]  
    uu_dtpath/uu_dec/uu_reg_file/reg_dt_reg[1][17]  
    uu_dtpath/uu_dec/uu_reg_file/reg_dt_reg[1][18]  
    uu_dtpath/uu_dec/uu_reg_file/reg_dt_reg[1][19]  
    uu_dtpath/uu_dec/uu_reg_file/reg_dt_reg[1][20]  
    uu_dtpath/uu_dec/uu_reg_file/reg_dt_reg[1][21]  
    uu_dtpath/uu_dec/uu_reg_file/reg_dt_reg[1][22]  
    uu_dtpath/uu_dec/uu_reg_file/reg_dt_reg[1][23]  
    uu_dtpath/uu_dec/uu_reg_file/reg_dt_reg[1][24]  
    uu_dtpath/uu_dec/uu_reg_file/reg_dt_reg[1][25]  
    uu_dtpath/uu_dec/uu_reg_file/reg_dt_reg[1][26]  
    uu_dtpath/uu_dec/uu_reg_file/reg_dt_reg[1][27]  
    uu_dtpath/uu_dec/uu_reg_file/reg_dt_reg[1][28]  
    uu_dtpath/uu_dec/uu_reg_file/reg_dt_reg[1][29]  
    uu_dtpath/uu_dec/uu_reg_file/reg_dt_reg[1][30]  
    uu_dtpath/uu_dec/uu_reg_file/reg_dt_reg[1][31]  
    uu_dtpath/uu_dec/uu_reg_file/reg_dt_reg[2][0]  
    uu_dtpath/uu_dec/uu_reg_file/reg_dt_reg[2][1]  
    uu_dtpath/uu_dec/uu_reg_file/reg_dt_reg[2][2]  
    uu_dtpath/uu_dec/uu_reg_file/reg_dt_reg[2][3]  
    uu_dtpath/uu_dec/uu_reg_file/reg_dt_reg[2][4]  
    uu_dtpath/uu_dec/uu_reg_file/reg_dt_reg[2][5]  
    uu_dtpath/uu_dec/uu_reg_file/reg_dt_reg[2][6]  
    uu_dtpath/uu_dec/uu_reg_file/reg_dt_reg[2][7]  
    uu_dtpath/uu_dec/uu_reg_file/reg_dt_reg[2][8]  
    uu_dtpath/uu_dec/uu_reg_file/reg_dt_reg[2][9]  
    uu_dtpath/uu_dec/uu_reg_file/reg_dt_reg[2][10]  
    uu_dtpath/uu_dec/uu_reg_file/reg_dt_reg[2][11]  
    uu_dtpath/uu_dec/uu_reg_file/reg_dt_reg[2][12]  
    uu_dtpath/uu_dec/uu_reg_file/reg_dt_reg[2][13]  
    uu_dtpath/uu_dec/uu_reg_file/reg_dt_reg[2][14]  
    uu_dtpath/uu_dec/uu_reg_file/reg_dt_reg[2][15]  
    uu_dtpath/uu_dec/uu_reg_file/reg_dt_reg[2][16]  
    uu_dtpath/uu_dec/uu_reg_file/reg_dt_reg[2][17]  
    uu_dtpath/uu_dec/uu_reg_file/reg_dt_reg[2][18]  
    uu_dtpath/uu_dec/uu_reg_file/reg_dt_reg[2][19]  
    uu_dtpath/uu_dec/uu_reg_file/reg_dt_reg[2][20]  
    uu_dtpath/uu_dec/uu_reg_file/reg_dt_reg[2][21]  
    uu_dtpath/uu_dec/uu_reg_file/reg_dt_reg[2][22]  
    uu_dtpath/uu_dec/uu_reg_file/reg_dt_reg[2][23]  
    uu_dtpath/uu_dec/uu_reg_file/reg_dt_reg[2][24]  
    uu_dtpath/uu_dec/uu_reg_file/reg_dt_reg[2][25]  
    uu_dtpath/uu_dec/uu_reg_file/reg_dt_reg[2][26]  
    uu_dtpath/uu_dec/uu_reg_file/reg_dt_reg[2][27]  
    uu_dtpath/uu_dec/uu_reg_file/reg_dt_reg[2][28]  
    uu_dtpath/uu_dec/uu_reg_file/reg_dt_reg[2][29]  
    uu_dtpath/uu_dec/uu_reg_file/reg_dt_reg[2][30]  
    uu_dtpath/uu_dec/uu_reg_file/reg_dt_reg[2][31]  
    uu_dtpath/uu_dec/uu_reg_file/reg_dt_reg[3][0]  
    uu_dtpath/uu_dec/uu_reg_file/reg_dt_reg[3][1]  
    uu_dtpath/uu_dec/uu_reg_file/reg_dt_reg[3][2]  
    uu_dtpath/uu_dec/uu_reg_file/reg_dt_reg[3][3]  
    uu_dtpath/uu_dec/uu_reg_file/reg_dt_reg[3][4]  
    uu_dtpath/uu_dec/uu_reg_file/reg_dt_reg[3][5]  
    uu_dtpath/uu_dec/uu_reg_file/reg_dt_reg[3][6]  
    uu_dtpath/uu_dec/uu_reg_file/reg_dt_reg[3][7]  
    uu_dtpath/uu_dec/uu_reg_file/reg_dt_reg[3][8]  
    uu_dtpath/uu_dec/uu_reg_file/reg_dt_reg[3][9]  
    uu_dtpath/uu_dec/uu_reg_file/reg_dt_reg[3][10]  
    uu_dtpath/uu_dec/uu_reg_file/reg_dt_reg[3][11]  
    uu_dtpath/uu_dec/uu_reg_file/reg_dt_reg[3][12]  
    uu_dtpath/uu_dec/uu_reg_file/reg_dt_reg[3][13]  
    uu_dtpath/uu_dec/uu_reg_file/reg_dt_reg[3][14]  
    uu_dtpath/uu_dec/uu_reg_file/reg_dt_reg[3][15]  
    uu_dtpath/uu_dec/uu_reg_file/reg_dt_reg[3][16]  
    uu_dtpath/uu_dec/uu_reg_file/reg_dt_reg[3][17]  
    uu_dtpath/uu_dec/uu_reg_file/reg_dt_reg[3][18]  
    uu_dtpath/uu_dec/uu_reg_file/reg_dt_reg[3][19]  
    uu_dtpath/uu_dec/uu_reg_file/reg_dt_reg[3][20]  
    uu_dtpath/uu_dec/uu_reg_file/reg_dt_reg[3][21]  
    uu_dtpath/uu_dec/uu_reg_file/reg_dt_reg[3][22]  
    uu_dtpath/uu_dec/uu_reg_file/reg_dt_reg[3][23]  
    uu_dtpath/uu_dec/uu_reg_file/reg_dt_reg[3][24]  
    uu_dtpath/uu_dec/uu_reg_file/reg_dt_reg[3][25]  
    uu_dtpath/uu_dec/uu_reg_file/reg_dt_reg[3][26]  
    uu_dtpath/uu_dec/uu_reg_file/reg_dt_reg[3][27]  
    uu_dtpath/uu_dec/uu_reg_file/reg_dt_reg[3][28]  
    uu_dtpath/uu_dec/uu_reg_file/reg_dt_reg[3][29]  
    uu_dtpath/uu_dec/uu_reg_file/reg_dt_reg[3][30]  
    uu_dtpath/uu_dec/uu_reg_file/reg_dt_reg[3][31]  
    uu_dtpath/uu_dec/uu_reg_file/reg_dt_reg[4][0]  
    uu_dtpath/uu_dec/uu_reg_file/reg_dt_reg[4][1]  
    uu_dtpath/uu_dec/uu_reg_file/reg_dt_reg[4][2]  
    uu_dtpath/uu_dec/uu_reg_file/reg_dt_reg[4][3]  
    uu_dtpath/uu_dec/uu_reg_file/reg_dt_reg[4][4]  
    uu_dtpath/uu_dec/uu_reg_file/reg_dt_reg[4][5]  
    uu_dtpath/uu_dec/uu_reg_file/reg_dt_reg[4][6]  
    uu_dtpath/uu_dec/uu_reg_file/reg_dt_reg[4][7]  
    uu_dtpath/uu_dec/uu_reg_file/reg_dt_reg[4][8]  
    uu_dtpath/uu_dec/uu_reg_file/reg_dt_reg[4][9]  
    uu_dtpath/uu_dec/uu_reg_file/reg_dt_reg[4][10]  
    uu_dtpath/uu_dec/uu_reg_file/reg_dt_reg[4][11]  
    uu_dtpath/uu_dec/uu_reg_file/reg_dt_reg[4][12]  
    uu_dtpath/uu_dec/uu_reg_file/reg_dt_reg[4][13]  
    uu_dtpath/uu_dec/uu_reg_file/reg_dt_reg[4][14]  
    uu_dtpath/uu_dec/uu_reg_file/reg_dt_reg[4][15]  
    uu_dtpath/uu_dec/uu_reg_file/reg_dt_reg[4][16]  
    uu_dtpath/uu_dec/uu_reg_file/reg_dt_reg[4][17]  
    uu_dtpath/uu_dec/uu_reg_file/reg_dt_reg[4][18]  
    uu_dtpath/uu_dec/uu_reg_file/reg_dt_reg[4][19]  
    uu_dtpath/uu_dec/uu_reg_file/reg_dt_reg[4][20]  
    uu_dtpath/uu_dec/uu_reg_file/reg_dt_reg[4][21]  
    uu_dtpath/uu_dec/uu_reg_file/reg_dt_reg[4][22]  
    uu_dtpath/uu_dec/uu_reg_file/reg_dt_reg[4][23]  
    uu_dtpath/uu_dec/uu_reg_file/reg_dt_reg[4][24]  
    uu_dtpath/uu_dec/uu_reg_file/reg_dt_reg[4][25]  
    uu_dtpath/uu_dec/uu_reg_file/reg_dt_reg[4][26]  
    uu_dtpath/uu_dec/uu_reg_file/reg_dt_reg[4][27]  
    uu_dtpath/uu_dec/uu_reg_file/reg_dt_reg[4][28]  
    uu_dtpath/uu_dec/uu_reg_file/reg_dt_reg[4][29]  
    uu_dtpath/uu_dec/uu_reg_file/reg_dt_reg[4][30]  
    uu_dtpath/uu_dec/uu_reg_file/reg_dt_reg[4][31]  
    uu_dtpath/uu_dec/uu_reg_file/reg_dt_reg[5][0]  
    uu_dtpath/uu_dec/uu_reg_file/reg_dt_reg[5][1]  
    uu_dtpath/uu_dec/uu_reg_file/reg_dt_reg[5][2]  
    uu_dtpath/uu_dec/uu_reg_file/reg_dt_reg[5][3]  
    uu_dtpath/uu_dec/uu_reg_file/reg_dt_reg[5][4]  
    uu_dtpath/uu_dec/uu_reg_file/reg_dt_reg[5][5]  
    uu_dtpath/uu_dec/uu_reg_file/reg_dt_reg[5][6]  
    uu_dtpath/uu_dec/uu_reg_file/reg_dt_reg[5][7]  
    uu_dtpath/uu_dec/uu_reg_file/reg_dt_reg[5][8]  
    uu_dtpath/uu_dec/uu_reg_file/reg_dt_reg[5][9]  
    uu_dtpath/uu_dec/uu_reg_file/reg_dt_reg[5][10]  
    uu_dtpath/uu_dec/uu_reg_file/reg_dt_reg[5][11]  
    uu_dtpath/uu_dec/uu_reg_file/reg_dt_reg[5][12]  
    uu_dtpath/uu_dec/uu_reg_file/reg_dt_reg[5][13]  
    uu_dtpath/uu_dec/uu_reg_file/reg_dt_reg[5][14]  
    uu_dtpath/uu_dec/uu_reg_file/reg_dt_reg[5][15]  
    uu_dtpath/uu_dec/uu_reg_file/reg_dt_reg[5][16]  
    uu_dtpath/uu_dec/uu_reg_file/reg_dt_reg[5][17]  
    uu_dtpath/uu_dec/uu_reg_file/reg_dt_reg[5][18]  
    uu_dtpath/uu_dec/uu_reg_file/reg_dt_reg[5][19]  
    uu_dtpath/uu_dec/uu_reg_file/reg_dt_reg[5][20]  
    uu_dtpath/uu_dec/uu_reg_file/reg_dt_reg[5][21]  
    uu_dtpath/uu_dec/uu_reg_file/reg_dt_reg[5][22]  
    uu_dtpath/uu_dec/uu_reg_file/reg_dt_reg[5][23]  
    uu_dtpath/uu_dec/uu_reg_file/reg_dt_reg[5][24]  
    uu_dtpath/uu_dec/uu_reg_file/reg_dt_reg[5][25]  
    uu_dtpath/uu_dec/uu_reg_file/reg_dt_reg[5][26]  
    uu_dtpath/uu_dec/uu_reg_file/reg_dt_reg[5][27]  
    uu_dtpath/uu_dec/uu_reg_file/reg_dt_reg[5][28]  
    uu_dtpath/uu_dec/uu_reg_file/reg_dt_reg[5][29]  
    uu_dtpath/uu_dec/uu_reg_file/reg_dt_reg[5][30]  
    uu_dtpath/uu_dec/uu_reg_file/reg_dt_reg[5][31]  
    uu_dtpath/uu_dec/uu_reg_file/reg_dt_reg[6][0]  
    uu_dtpath/uu_dec/uu_reg_file/reg_dt_reg[6][1]  
    uu_dtpath/uu_dec/uu_reg_file/reg_dt_reg[6][2]  
    uu_dtpath/uu_dec/uu_reg_file/reg_dt_reg[6][3]  
    uu_dtpath/uu_dec/uu_reg_file/reg_dt_reg[6][4]  
    uu_dtpath/uu_dec/uu_reg_file/reg_dt_reg[6][5]  
    uu_dtpath/uu_dec/uu_reg_file/reg_dt_reg[6][6]  
    uu_dtpath/uu_dec/uu_reg_file/reg_dt_reg[6][7]  
    uu_dtpath/uu_dec/uu_reg_file/reg_dt_reg[6][8]  
    uu_dtpath/uu_dec/uu_reg_file/reg_dt_reg[6][9]  
    uu_dtpath/uu_dec/uu_reg_file/reg_dt_reg[6][10]  
    uu_dtpath/uu_dec/uu_reg_file/reg_dt_reg[6][11]  
    uu_dtpath/uu_dec/uu_reg_file/reg_dt_reg[6][12]  
    uu_dtpath/uu_dec/uu_reg_file/reg_dt_reg[6][13]  
    uu_dtpath/uu_dec/uu_reg_file/reg_dt_reg[6][14]  
    uu_dtpath/uu_dec/uu_reg_file/reg_dt_reg[6][15]  
    uu_dtpath/uu_dec/uu_reg_file/reg_dt_reg[6][16]  
    uu_dtpath/uu_dec/uu_reg_file/reg_dt_reg[6][17]  
    uu_dtpath/uu_dec/uu_reg_file/reg_dt_reg[6][18]  
    uu_dtpath/uu_dec/uu_reg_file/reg_dt_reg[6][19]  
    uu_dtpath/uu_dec/uu_reg_file/reg_dt_reg[6][20]  
    uu_dtpath/uu_dec/uu_reg_file/reg_dt_reg[6][21]  
    uu_dtpath/uu_dec/uu_reg_file/reg_dt_reg[6][22]  
    uu_dtpath/uu_dec/uu_reg_file/reg_dt_reg[6][23]  
    uu_dtpath/uu_dec/uu_reg_file/reg_dt_reg[6][24]  
    uu_dtpath/uu_dec/uu_reg_file/reg_dt_reg[6][25]  
    uu_dtpath/uu_dec/uu_reg_file/reg_dt_reg[6][26]  
    uu_dtpath/uu_dec/uu_reg_file/reg_dt_reg[6][27]  
    uu_dtpath/uu_dec/uu_reg_file/reg_dt_reg[6][28]  
    uu_dtpath/uu_dec/uu_reg_file/reg_dt_reg[6][29]  
    uu_dtpath/uu_dec/uu_reg_file/reg_dt_reg[6][30]  
    uu_dtpath/uu_dec/uu_reg_file/reg_dt_reg[6][31]  
    uu_dtpath/uu_dec/uu_reg_file/reg_dt_reg[7][0]  
    uu_dtpath/uu_dec/uu_reg_file/reg_dt_reg[7][1]  
    uu_dtpath/uu_dec/uu_reg_file/reg_dt_reg[7][2]  
    uu_dtpath/uu_dec/uu_reg_file/reg_dt_reg[7][3]  
    uu_dtpath/uu_dec/uu_reg_file/reg_dt_reg[7][4]  
    uu_dtpath/uu_dec/uu_reg_file/reg_dt_reg[7][5]  
    uu_dtpath/uu_dec/uu_reg_file/reg_dt_reg[7][6]  
    uu_dtpath/uu_dec/uu_reg_file/reg_dt_reg[7][7]  
    uu_dtpath/uu_dec/uu_reg_file/reg_dt_reg[7][8]  
    uu_dtpath/uu_dec/uu_reg_file/reg_dt_reg[7][9]  
    uu_dtpath/uu_dec/uu_reg_file/reg_dt_reg[7][10]  
    uu_dtpath/uu_dec/uu_reg_file/reg_dt_reg[7][11]  
    uu_dtpath/uu_dec/uu_reg_file/reg_dt_reg[7][12]  
    uu_dtpath/uu_dec/uu_reg_file/reg_dt_reg[7][13]  
    uu_dtpath/uu_dec/uu_reg_file/reg_dt_reg[7][14]  
    uu_dtpath/uu_dec/uu_reg_file/reg_dt_reg[7][15]  
    uu_dtpath/uu_dec/uu_reg_file/reg_dt_reg[7][16]  
    uu_dtpath/uu_dec/uu_reg_file/reg_dt_reg[7][17]  
    uu_dtpath/uu_dec/uu_reg_file/reg_dt_reg[7][18]  
    uu_dtpath/uu_dec/uu_reg_file/reg_dt_reg[7][19]  
    uu_dtpath/uu_dec/uu_reg_file/reg_dt_reg[7][20]  
    uu_dtpath/uu_dec/uu_reg_file/reg_dt_reg[7][21]  
    uu_dtpath/uu_dec/uu_reg_file/reg_dt_reg[7][22]  
    uu_dtpath/uu_dec/uu_reg_file/reg_dt_reg[7][23]  
    uu_dtpath/uu_dec/uu_reg_file/reg_dt_reg[7][24]  
    uu_dtpath/uu_dec/uu_reg_file/reg_dt_reg[7][25]  
    uu_dtpath/uu_dec/uu_reg_file/reg_dt_reg[7][26]  
    uu_dtpath/uu_dec/uu_reg_file/reg_dt_reg[7][27]  
    uu_dtpath/uu_dec/uu_reg_file/reg_dt_reg[7][28]  
    uu_dtpath/uu_dec/uu_reg_file/reg_dt_reg[7][29]  
    uu_dtpath/uu_dec/uu_reg_file/reg_dt_reg[7][30]  
    uu_dtpath/uu_dec/uu_reg_file/reg_dt_reg[7][31]  
    uu_dtpath/uu_dec/uu_reg_file/reg_dt_reg[8][0]  
    uu_dtpath/uu_dec/uu_reg_file/reg_dt_reg[8][1]  
    uu_dtpath/uu_dec/uu_reg_file/reg_dt_reg[8][2]  
    uu_dtpath/uu_dec/uu_reg_file/reg_dt_reg[8][3]  
    uu_dtpath/uu_dec/uu_reg_file/reg_dt_reg[8][4]  
    uu_dtpath/uu_dec/uu_reg_file/reg_dt_reg[8][5]  
    uu_dtpath/uu_dec/uu_reg_file/reg_dt_reg[8][6]  
    uu_dtpath/uu_dec/uu_reg_file/reg_dt_reg[8][7]  
    uu_dtpath/uu_dec/uu_reg_file/reg_dt_reg[8][8]  
    uu_dtpath/uu_dec/uu_reg_file/reg_dt_reg[8][9]  
    uu_dtpath/uu_dec/uu_reg_file/reg_dt_reg[8][10]  
    uu_dtpath/uu_dec/uu_reg_file/reg_dt_reg[8][11]  
    uu_dtpath/uu_dec/uu_reg_file/reg_dt_reg[8][12]  
    uu_dtpath/uu_dec/uu_reg_file/reg_dt_reg[8][13]  
    uu_dtpath/uu_dec/uu_reg_file/reg_dt_reg[8][14]  
    uu_dtpath/uu_dec/uu_reg_file/reg_dt_reg[8][15]  
    uu_dtpath/uu_dec/uu_reg_file/reg_dt_reg[8][16]  
    uu_dtpath/uu_dec/uu_reg_file/reg_dt_reg[8][17]  
    uu_dtpath/uu_dec/uu_reg_file/reg_dt_reg[8][18]  
    uu_dtpath/uu_dec/uu_reg_file/reg_dt_reg[8][19]  
    uu_dtpath/uu_dec/uu_reg_file/reg_dt_reg[8][20]  
    uu_dtpath/uu_dec/uu_reg_file/reg_dt_reg[8][21]  
    uu_dtpath/uu_dec/uu_reg_file/reg_dt_reg[8][22]  
    uu_dtpath/uu_dec/uu_reg_file/reg_dt_reg[8][23]  
    uu_dtpath/uu_dec/uu_reg_file/reg_dt_reg[8][24]  
    uu_dtpath/uu_dec/uu_reg_file/reg_dt_reg[8][25]  
    uu_dtpath/uu_dec/uu_reg_file/reg_dt_reg[8][26]  
    uu_dtpath/uu_dec/uu_reg_file/reg_dt_reg[8][27]  
    uu_dtpath/uu_dec/uu_reg_file/reg_dt_reg[8][28]  
    uu_dtpath/uu_dec/uu_reg_file/reg_dt_reg[8][29]  
    uu_dtpath/uu_dec/uu_reg_file/reg_dt_reg[8][30]  
    uu_dtpath/uu_dec/uu_reg_file/reg_dt_reg[8][31]  
    uu_dtpath/uu_dec/uu_reg_file/reg_dt_reg[9][0]  
    uu_dtpath/uu_dec/uu_reg_file/reg_dt_reg[9][1]  
    uu_dtpath/uu_dec/uu_reg_file/reg_dt_reg[9][2]  
    uu_dtpath/uu_dec/uu_reg_file/reg_dt_reg[9][3]  
    uu_dtpath/uu_dec/uu_reg_file/reg_dt_reg[9][4]  
    uu_dtpath/uu_dec/uu_reg_file/reg_dt_reg[9][5]  
    uu_dtpath/uu_dec/uu_reg_file/reg_dt_reg[9][6]  
    uu_dtpath/uu_dec/uu_reg_file/reg_dt_reg[9][7]  
    uu_dtpath/uu_dec/uu_reg_file/reg_dt_reg[9][8]  
    uu_dtpath/uu_dec/uu_reg_file/reg_dt_reg[9][9]  
    uu_dtpath/uu_dec/uu_reg_file/reg_dt_reg[9][10]  
    uu_dtpath/uu_dec/uu_reg_file/reg_dt_reg[9][11]  
    uu_dtpath/uu_dec/uu_reg_file/reg_dt_reg[9][12]  
    uu_dtpath/uu_dec/uu_reg_file/reg_dt_reg[9][13]  
    uu_dtpath/uu_dec/uu_reg_file/reg_dt_reg[9][14]  
    uu_dtpath/uu_dec/uu_reg_file/reg_dt_reg[9][15]  
    uu_dtpath/uu_dec/uu_reg_file/reg_dt_reg[9][16]  
    uu_dtpath/uu_dec/uu_reg_file/reg_dt_reg[9][17]  
    uu_dtpath/uu_dec/uu_reg_file/reg_dt_reg[9][18]  
    uu_dtpath/uu_dec/uu_reg_file/reg_dt_reg[9][19]  
    uu_dtpath/uu_dec/uu_reg_file/reg_dt_reg[9][20]  
    uu_dtpath/uu_dec/uu_reg_file/reg_dt_reg[9][21]  
    uu_dtpath/uu_dec/uu_reg_file/reg_dt_reg[9][22]  
    uu_dtpath/uu_dec/uu_reg_file/reg_dt_reg[9][23]  
    uu_dtpath/uu_dec/uu_reg_file/reg_dt_reg[9][24]  
    uu_dtpath/uu_dec/uu_reg_file/reg_dt_reg[9][25]  
    uu_dtpath/uu_dec/uu_reg_file/reg_dt_reg[9][26]  
    uu_dtpath/uu_dec/uu_reg_file/reg_dt_reg[9][27]  
    uu_dtpath/uu_dec/uu_reg_file/reg_dt_reg[9][28]  
    uu_dtpath/uu_dec/uu_reg_file/reg_dt_reg[9][29]  
    uu_dtpath/uu_dec/uu_reg_file/reg_dt_reg[9][30]  
    uu_dtpath/uu_dec/uu_reg_file/reg_dt_reg[9][31]  
    uu_dtpath/uu_dec/uu_reg_file/reg_dt_reg[10][0]  
    uu_dtpath/uu_dec/uu_reg_file/reg_dt_reg[10][1]  
    uu_dtpath/uu_dec/uu_reg_file/reg_dt_reg[10][2]  
    uu_dtpath/uu_dec/uu_reg_file/reg_dt_reg[10][3]  
    uu_dtpath/uu_dec/uu_reg_file/reg_dt_reg[10][4]  
    uu_dtpath/uu_dec/uu_reg_file/reg_dt_reg[10][5]  
    uu_dtpath/uu_dec/uu_reg_file/reg_dt_reg[10][6]  
    uu_dtpath/uu_dec/uu_reg_file/reg_dt_reg[10][7]  
    uu_dtpath/uu_dec/uu_reg_file/reg_dt_reg[10][8]  
    uu_dtpath/uu_dec/uu_reg_file/reg_dt_reg[10][9]  
    uu_dtpath/uu_dec/uu_reg_file/reg_dt_reg[10][10]  
    uu_dtpath/uu_dec/uu_reg_file/reg_dt_reg[10][11]  
    uu_dtpath/uu_dec/uu_reg_file/reg_dt_reg[10][12]  
    uu_dtpath/uu_dec/uu_reg_file/reg_dt_reg[10][13]  
    uu_dtpath/uu_dec/uu_reg_file/reg_dt_reg[10][14]  
    uu_dtpath/uu_dec/uu_reg_file/reg_dt_reg[10][15]  
    uu_dtpath/uu_dec/uu_reg_file/reg_dt_reg[10][16]  
    uu_dtpath/uu_dec/uu_reg_file/reg_dt_reg[10][17]  
    uu_dtpath/uu_dec/uu_reg_file/reg_dt_reg[10][18]  
    uu_dtpath/uu_dec/uu_reg_file/reg_dt_reg[10][19]  
    uu_dtpath/uu_dec/uu_reg_file/reg_dt_reg[10][20]  
    uu_dtpath/uu_dec/uu_reg_file/reg_dt_reg[10][21]  
    uu_dtpath/uu_dec/uu_reg_file/reg_dt_reg[10][22]  
    uu_dtpath/uu_dec/uu_reg_file/reg_dt_reg[10][23]  
    uu_dtpath/uu_dec/uu_reg_file/reg_dt_reg[10][24]  
    uu_dtpath/uu_dec/uu_reg_file/reg_dt_reg[10][25]  
    uu_dtpath/uu_dec/uu_reg_file/reg_dt_reg[10][26]  
    uu_dtpath/uu_dec/uu_reg_file/reg_dt_reg[10][27]  
    uu_dtpath/uu_dec/uu_reg_file/reg_dt_reg[10][28]  
    uu_dtpath/uu_dec/uu_reg_file/reg_dt_reg[10][29]  
    uu_dtpath/uu_dec/uu_reg_file/reg_dt_reg[10][30]  
    uu_dtpath/uu_dec/uu_reg_file/reg_dt_reg[10][31]  
    uu_dtpath/uu_dec/uu_reg_file/reg_dt_reg[11][0]  
    uu_dtpath/uu_dec/uu_reg_file/reg_dt_reg[11][1]  
    uu_dtpath/uu_dec/uu_reg_file/reg_dt_reg[11][2]  
    uu_dtpath/uu_dec/uu_reg_file/reg_dt_reg[11][3]  
    uu_dtpath/uu_dec/uu_reg_file/reg_dt_reg[11][4]  
    uu_dtpath/uu_dec/uu_reg_file/reg_dt_reg[11][5]  
    uu_dtpath/uu_dec/uu_reg_file/reg_dt_reg[11][6]  
    uu_dtpath/uu_dec/uu_reg_file/reg_dt_reg[11][7]  
    uu_dtpath/uu_dec/uu_reg_file/reg_dt_reg[11][8]  
    uu_dtpath/uu_dec/uu_reg_file/reg_dt_reg[11][9]  
    uu_dtpath/uu_dec/uu_reg_file/reg_dt_reg[11][10]  
    uu_dtpath/uu_dec/uu_reg_file/reg_dt_reg[11][11]  
    uu_dtpath/uu_dec/uu_reg_file/reg_dt_reg[11][12]  
    uu_dtpath/uu_dec/uu_reg_file/reg_dt_reg[11][13]  
    uu_dtpath/uu_dec/uu_reg_file/reg_dt_reg[11][14]  
    uu_dtpath/uu_dec/uu_reg_file/reg_dt_reg[11][15]  
    uu_dtpath/uu_dec/uu_reg_file/reg_dt_reg[11][16]  
    uu_dtpath/uu_dec/uu_reg_file/reg_dt_reg[11][17]  
    uu_dtpath/uu_dec/uu_reg_file/reg_dt_reg[11][18]  
    uu_dtpath/uu_dec/uu_reg_file/reg_dt_reg[11][19]  
    uu_dtpath/uu_dec/uu_reg_file/reg_dt_reg[11][20]  
    uu_dtpath/uu_dec/uu_reg_file/reg_dt_reg[11][21]  
    uu_dtpath/uu_dec/uu_reg_file/reg_dt_reg[11][22]  
    uu_dtpath/uu_dec/uu_reg_file/reg_dt_reg[11][23]  
    uu_dtpath/uu_dec/uu_reg_file/reg_dt_reg[11][24]  
    uu_dtpath/uu_dec/uu_reg_file/reg_dt_reg[11][25]  
    uu_dtpath/uu_dec/uu_reg_file/reg_dt_reg[11][26]  
    uu_dtpath/uu_dec/uu_reg_file/reg_dt_reg[11][27]  
    uu_dtpath/uu_dec/uu_reg_file/reg_dt_reg[11][28]  
    uu_dtpath/uu_dec/uu_reg_file/reg_dt_reg[11][29]  
    uu_dtpath/uu_dec/uu_reg_file/reg_dt_reg[11][30]  
    uu_dtpath/uu_dec/uu_reg_file/reg_dt_reg[11][31]  
    uu_dtpath/uu_dec/uu_reg_file/reg_dt_reg[12][0]  
    uu_dtpath/uu_dec/uu_reg_file/reg_dt_reg[12][1]  
    uu_dtpath/uu_dec/uu_reg_file/reg_dt_reg[12][2]  
    uu_dtpath/uu_dec/uu_reg_file/reg_dt_reg[12][3]  
    uu_dtpath/uu_dec/uu_reg_file/reg_dt_reg[12][4]  
    uu_dtpath/uu_dec/uu_reg_file/reg_dt_reg[12][5]  
    uu_dtpath/uu_dec/uu_reg_file/reg_dt_reg[12][6]  
    uu_dtpath/uu_dec/uu_reg_file/reg_dt_reg[12][7]  
    uu_dtpath/uu_dec/uu_reg_file/reg_dt_reg[12][8]  
    uu_dtpath/uu_dec/uu_reg_file/reg_dt_reg[12][9]  
    uu_dtpath/uu_dec/uu_reg_file/reg_dt_reg[12][10]  
    uu_dtpath/uu_dec/uu_reg_file/reg_dt_reg[12][11]  
    uu_dtpath/uu_dec/uu_reg_file/reg_dt_reg[12][12]  
    uu_dtpath/uu_dec/uu_reg_file/reg_dt_reg[12][13]  
    uu_dtpath/uu_dec/uu_reg_file/reg_dt_reg[12][14]  
    uu_dtpath/uu_dec/uu_reg_file/reg_dt_reg[12][15]  
    uu_dtpath/uu_dec/uu_reg_file/reg_dt_reg[12][16]  
    uu_dtpath/uu_dec/uu_reg_file/reg_dt_reg[12][17]  
    uu_dtpath/uu_dec/uu_reg_file/reg_dt_reg[12][18]  
    uu_dtpath/uu_dec/uu_reg_file/reg_dt_reg[12][19]  
    uu_dtpath/uu_dec/uu_reg_file/reg_dt_reg[12][20]  
    uu_dtpath/uu_dec/uu_reg_file/reg_dt_reg[12][21]  
    uu_dtpath/uu_dec/uu_reg_file/reg_dt_reg[12][22]  
    uu_dtpath/uu_dec/uu_reg_file/reg_dt_reg[12][23]  
    uu_dtpath/uu_dec/uu_reg_file/reg_dt_reg[12][24]  
    uu_dtpath/uu_dec/uu_reg_file/reg_dt_reg[12][25]  
    uu_dtpath/uu_dec/uu_reg_file/reg_dt_reg[12][26]  
    uu_dtpath/uu_dec/uu_reg_file/reg_dt_reg[12][27]  
    uu_dtpath/uu_dec/uu_reg_file/reg_dt_reg[12][28]  
    uu_dtpath/uu_dec/uu_reg_file/reg_dt_reg[12][29]  
    uu_dtpath/uu_dec/uu_reg_file/reg_dt_reg[12][30]  
    uu_dtpath/uu_dec/uu_reg_file/reg_dt_reg[12][31]  
    uu_dtpath/uu_dec/uu_reg_file/reg_dt_reg[13][0]  
    uu_dtpath/uu_dec/uu_reg_file/reg_dt_reg[13][1]  
    uu_dtpath/uu_dec/uu_reg_file/reg_dt_reg[13][2]  
    uu_dtpath/uu_dec/uu_reg_file/reg_dt_reg[13][3]  
    uu_dtpath/uu_dec/uu_reg_file/reg_dt_reg[13][4]  
    uu_dtpath/uu_dec/uu_reg_file/reg_dt_reg[13][5]  
    uu_dtpath/uu_dec/uu_reg_file/reg_dt_reg[13][6]  
    uu_dtpath/uu_dec/uu_reg_file/reg_dt_reg[13][7]  
    uu_dtpath/uu_dec/uu_reg_file/reg_dt_reg[13][8]  
    uu_dtpath/uu_dec/uu_reg_file/reg_dt_reg[13][9]  
    uu_dtpath/uu_dec/uu_reg_file/reg_dt_reg[13][10]  
    uu_dtpath/uu_dec/uu_reg_file/reg_dt_reg[13][11]  
    uu_dtpath/uu_dec/uu_reg_file/reg_dt_reg[13][12]  
    uu_dtpath/uu_dec/uu_reg_file/reg_dt_reg[13][13]  
    uu_dtpath/uu_dec/uu_reg_file/reg_dt_reg[13][14]  
    uu_dtpath/uu_dec/uu_reg_file/reg_dt_reg[13][15]  
    uu_dtpath/uu_dec/uu_reg_file/reg_dt_reg[13][16]  
    uu_dtpath/uu_dec/uu_reg_file/reg_dt_reg[13][17]  
    uu_dtpath/uu_dec/uu_reg_file/reg_dt_reg[13][18]  
    uu_dtpath/uu_dec/uu_reg_file/reg_dt_reg[13][19]  
    uu_dtpath/uu_dec/uu_reg_file/reg_dt_reg[13][20]  
    uu_dtpath/uu_dec/uu_reg_file/reg_dt_reg[13][21]  
    uu_dtpath/uu_dec/uu_reg_file/reg_dt_reg[13][22]  
    uu_dtpath/uu_dec/uu_reg_file/reg_dt_reg[13][23]  
    uu_dtpath/uu_dec/uu_reg_file/reg_dt_reg[13][24]  
    uu_dtpath/uu_dec/uu_reg_file/reg_dt_reg[13][25]  
    uu_dtpath/uu_dec/uu_reg_file/reg_dt_reg[13][26]  
    uu_dtpath/uu_dec/uu_reg_file/reg_dt_reg[13][27]  
    uu_dtpath/uu_dec/uu_reg_file/reg_dt_reg[13][28]  
    uu_dtpath/uu_dec/uu_reg_file/reg_dt_reg[13][29]  
    uu_dtpath/uu_dec/uu_reg_file/reg_dt_reg[13][30]  
    uu_dtpath/uu_dec/uu_reg_file/reg_dt_reg[13][31]  
    uu_dtpath/uu_dec/uu_reg_file/reg_dt_reg[14][0]  
    uu_dtpath/uu_dec/uu_reg_file/reg_dt_reg[14][1]  
    uu_dtpath/uu_dec/uu_reg_file/reg_dt_reg[14][2]  
    uu_dtpath/uu_dec/uu_reg_file/reg_dt_reg[14][3]  
    uu_dtpath/uu_dec/uu_reg_file/reg_dt_reg[14][4]  
    uu_dtpath/uu_dec/uu_reg_file/reg_dt_reg[14][5]  
    uu_dtpath/uu_dec/uu_reg_file/reg_dt_reg[14][6]  
    uu_dtpath/uu_dec/uu_reg_file/reg_dt_reg[14][7]  
    uu_dtpath/uu_dec/uu_reg_file/reg_dt_reg[14][8]  
    uu_dtpath/uu_dec/uu_reg_file/reg_dt_reg[14][9]  
    uu_dtpath/uu_dec/uu_reg_file/reg_dt_reg[14][10]  
    uu_dtpath/uu_dec/uu_reg_file/reg_dt_reg[14][11]  
    uu_dtpath/uu_dec/uu_reg_file/reg_dt_reg[14][12]  
    uu_dtpath/uu_dec/uu_reg_file/reg_dt_reg[14][13]  
    uu_dtpath/uu_dec/uu_reg_file/reg_dt_reg[14][14]  
    uu_dtpath/uu_dec/uu_reg_file/reg_dt_reg[14][15]  
    uu_dtpath/uu_dec/uu_reg_file/reg_dt_reg[14][16]  
    uu_dtpath/uu_dec/uu_reg_file/reg_dt_reg[14][17]  
    uu_dtpath/uu_dec/uu_reg_file/reg_dt_reg[14][18]  
    uu_dtpath/uu_dec/uu_reg_file/reg_dt_reg[14][19]  
    uu_dtpath/uu_dec/uu_reg_file/reg_dt_reg[14][20]  
    uu_dtpath/uu_dec/uu_reg_file/reg_dt_reg[14][21]  
    uu_dtpath/uu_dec/uu_reg_file/reg_dt_reg[14][22]  
    uu_dtpath/uu_dec/uu_reg_file/reg_dt_reg[14][23]  
    uu_dtpath/uu_dec/uu_reg_file/reg_dt_reg[14][24]  
    uu_dtpath/uu_dec/uu_reg_file/reg_dt_reg[14][25]  
    uu_dtpath/uu_dec/uu_reg_file/reg_dt_reg[14][26]  
    uu_dtpath/uu_dec/uu_reg_file/reg_dt_reg[14][27]  
    uu_dtpath/uu_dec/uu_reg_file/reg_dt_reg[14][28]  
    uu_dtpath/uu_dec/uu_reg_file/reg_dt_reg[14][29]  
    uu_dtpath/uu_dec/uu_reg_file/reg_dt_reg[14][30]  
    uu_dtpath/uu_dec/uu_reg_file/reg_dt_reg[14][31]  
    uu_dtpath/uu_dec/uu_reg_file/reg_dt_reg[15][0]  
    uu_dtpath/uu_dec/uu_reg_file/reg_dt_reg[15][1]  
    uu_dtpath/uu_dec/uu_reg_file/reg_dt_reg[15][2]  
    uu_dtpath/uu_dec/uu_reg_file/reg_dt_reg[15][3]  
    uu_dtpath/uu_dec/uu_reg_file/reg_dt_reg[15][4]  
    uu_dtpath/uu_dec/uu_reg_file/reg_dt_reg[15][5]  
    uu_dtpath/uu_dec/uu_reg_file/reg_dt_reg[15][6]  
    uu_dtpath/uu_dec/uu_reg_file/reg_dt_reg[15][7]  
    uu_dtpath/uu_dec/uu_reg_file/reg_dt_reg[15][8]  
    uu_dtpath/uu_dec/uu_reg_file/reg_dt_reg[15][9]  
    uu_dtpath/uu_dec/uu_reg_file/reg_dt_reg[15][10]  
    uu_dtpath/uu_dec/uu_reg_file/reg_dt_reg[15][11]  
    uu_dtpath/uu_dec/uu_reg_file/reg_dt_reg[15][12]  
    uu_dtpath/uu_dec/uu_reg_file/reg_dt_reg[15][13]  
    uu_dtpath/uu_dec/uu_reg_file/reg_dt_reg[15][14]  
    uu_dtpath/uu_dec/uu_reg_file/reg_dt_reg[15][15]  
    uu_dtpath/uu_dec/uu_reg_file/reg_dt_reg[15][16]  
    uu_dtpath/uu_dec/uu_reg_file/reg_dt_reg[15][17]  
    uu_dtpath/uu_dec/uu_reg_file/reg_dt_reg[15][18]  
    uu_dtpath/uu_dec/uu_reg_file/reg_dt_reg[15][19]  
    uu_dtpath/uu_dec/uu_reg_file/reg_dt_reg[15][20]  
    uu_dtpath/uu_dec/uu_reg_file/reg_dt_reg[15][21]  
    uu_dtpath/uu_dec/uu_reg_file/reg_dt_reg[15][22]  
    uu_dtpath/uu_dec/uu_reg_file/reg_dt_reg[15][23]  
    uu_dtpath/uu_dec/uu_reg_file/reg_dt_reg[15][24]  
    uu_dtpath/uu_dec/uu_reg_file/reg_dt_reg[15][25]  
    uu_dtpath/uu_dec/uu_reg_file/reg_dt_reg[15][26]  
    uu_dtpath/uu_dec/uu_reg_file/reg_dt_reg[15][27]  
    uu_dtpath/uu_dec/uu_reg_file/reg_dt_reg[15][28]  
    uu_dtpath/uu_dec/uu_reg_file/reg_dt_reg[15][29]  
    uu_dtpath/uu_dec/uu_reg_file/reg_dt_reg[15][30]  
    uu_dtpath/uu_dec/uu_reg_file/reg_dt_reg[15][31]  
    uu_dtpath/uu_dec/uu_reg_file/reg_dt_reg[16][0]  
    uu_dtpath/uu_dec/uu_reg_file/reg_dt_reg[16][1]  
    uu_dtpath/uu_dec/uu_reg_file/reg_dt_reg[16][2]  
    uu_dtpath/uu_dec/uu_reg_file/reg_dt_reg[16][3]  
    uu_dtpath/uu_dec/uu_reg_file/reg_dt_reg[16][4]  
    uu_dtpath/uu_dec/uu_reg_file/reg_dt_reg[16][5]  
    uu_dtpath/uu_dec/uu_reg_file/reg_dt_reg[16][6]  
    uu_dtpath/uu_dec/uu_reg_file/reg_dt_reg[16][7]  
    uu_dtpath/uu_dec/uu_reg_file/reg_dt_reg[16][8]  
    uu_dtpath/uu_dec/uu_reg_file/reg_dt_reg[16][9]  
    uu_dtpath/uu_dec/uu_reg_file/reg_dt_reg[16][10]  
    uu_dtpath/uu_dec/uu_reg_file/reg_dt_reg[16][11]  
    uu_dtpath/uu_dec/uu_reg_file/reg_dt_reg[16][12]  
    uu_dtpath/uu_dec/uu_reg_file/reg_dt_reg[16][13]  
    uu_dtpath/uu_dec/uu_reg_file/reg_dt_reg[16][14]  
    uu_dtpath/uu_dec/uu_reg_file/reg_dt_reg[16][15]  
    uu_dtpath/uu_dec/uu_reg_file/reg_dt_reg[16][16]  
    uu_dtpath/uu_dec/uu_reg_file/reg_dt_reg[16][17]  
    uu_dtpath/uu_dec/uu_reg_file/reg_dt_reg[16][18]  
    uu_dtpath/uu_dec/uu_reg_file/reg_dt_reg[16][19]  
    uu_dtpath/uu_dec/uu_reg_file/reg_dt_reg[16][20]  
    uu_dtpath/uu_dec/uu_reg_file/reg_dt_reg[16][21]  
    uu_dtpath/uu_dec/uu_reg_file/reg_dt_reg[16][22]  
    uu_dtpath/uu_dec/uu_reg_file/reg_dt_reg[16][23]  
    uu_dtpath/uu_dec/uu_reg_file/reg_dt_reg[16][24]  
    uu_dtpath/uu_dec/uu_reg_file/reg_dt_reg[16][25]  
    uu_dtpath/uu_dec/uu_reg_file/reg_dt_reg[16][26]  
    uu_dtpath/uu_dec/uu_reg_file/reg_dt_reg[16][27]  
    uu_dtpath/uu_dec/uu_reg_file/reg_dt_reg[16][28]  
    uu_dtpath/uu_dec/uu_reg_file/reg_dt_reg[16][29]  
    uu_dtpath/uu_dec/uu_reg_file/reg_dt_reg[16][30]  
    uu_dtpath/uu_dec/uu_reg_file/reg_dt_reg[16][31]  
    uu_dtpath/uu_dec/uu_reg_file/reg_dt_reg[17][0]  
    uu_dtpath/uu_dec/uu_reg_file/reg_dt_reg[17][1]  
    uu_dtpath/uu_dec/uu_reg_file/reg_dt_reg[17][2]  
    uu_dtpath/uu_dec/uu_reg_file/reg_dt_reg[17][3]  
    uu_dtpath/uu_dec/uu_reg_file/reg_dt_reg[17][4]  
    uu_dtpath/uu_dec/uu_reg_file/reg_dt_reg[17][5]  
    uu_dtpath/uu_dec/uu_reg_file/reg_dt_reg[17][6]  
    uu_dtpath/uu_dec/uu_reg_file/reg_dt_reg[17][7]  
    uu_dtpath/uu_dec/uu_reg_file/reg_dt_reg[17][8]  
    uu_dtpath/uu_dec/uu_reg_file/reg_dt_reg[17][9]  
    uu_dtpath/uu_dec/uu_reg_file/reg_dt_reg[17][10]  
    uu_dtpath/uu_dec/uu_reg_file/reg_dt_reg[17][11]  
    uu_dtpath/uu_dec/uu_reg_file/reg_dt_reg[17][12]  
    uu_dtpath/uu_dec/uu_reg_file/reg_dt_reg[17][13]  
    uu_dtpath/uu_dec/uu_reg_file/reg_dt_reg[17][14]  
    uu_dtpath/uu_dec/uu_reg_file/reg_dt_reg[17][15]  
    uu_dtpath/uu_dec/uu_reg_file/reg_dt_reg[17][16]  
    uu_dtpath/uu_dec/uu_reg_file/reg_dt_reg[17][17]  
    uu_dtpath/uu_dec/uu_reg_file/reg_dt_reg[17][18]  
    uu_dtpath/uu_dec/uu_reg_file/reg_dt_reg[17][19]  
    uu_dtpath/uu_dec/uu_reg_file/reg_dt_reg[17][20]  
    uu_dtpath/uu_dec/uu_reg_file/reg_dt_reg[17][21]  
    uu_dtpath/uu_dec/uu_reg_file/reg_dt_reg[17][22]  
    uu_dtpath/uu_dec/uu_reg_file/reg_dt_reg[17][23]  
    uu_dtpath/uu_dec/uu_reg_file/reg_dt_reg[17][24]  
    uu_dtpath/uu_dec/uu_reg_file/reg_dt_reg[17][25]  
    uu_dtpath/uu_dec/uu_reg_file/reg_dt_reg[17][26]  
    uu_dtpath/uu_dec/uu_reg_file/reg_dt_reg[17][27]  
    uu_dtpath/uu_dec/uu_reg_file/reg_dt_reg[17][28]  
    uu_dtpath/uu_dec/uu_reg_file/reg_dt_reg[17][29]  
    uu_dtpath/uu_dec/uu_reg_file/reg_dt_reg[17][30]  
    uu_dtpath/uu_dec/uu_reg_file/reg_dt_reg[17][31]  
    uu_dtpath/uu_dec/uu_reg_file/reg_dt_reg[18][0]  
    uu_dtpath/uu_dec/uu_reg_file/reg_dt_reg[18][1]  
    uu_dtpath/uu_dec/uu_reg_file/reg_dt_reg[18][2]  
    uu_dtpath/uu_dec/uu_reg_file/reg_dt_reg[18][3]  
    uu_dtpath/uu_dec/uu_reg_file/reg_dt_reg[18][4]  
    uu_dtpath/uu_dec/uu_reg_file/reg_dt_reg[18][5]  
    uu_dtpath/uu_dec/uu_reg_file/reg_dt_reg[18][6]  
    uu_dtpath/uu_dec/uu_reg_file/reg_dt_reg[18][7]  
    uu_dtpath/uu_dec/uu_reg_file/reg_dt_reg[18][8]  
    uu_dtpath/uu_dec/uu_reg_file/reg_dt_reg[18][9]  
    uu_dtpath/uu_dec/uu_reg_file/reg_dt_reg[18][10]  
    uu_dtpath/uu_dec/uu_reg_file/reg_dt_reg[18][11]  
    uu_dtpath/uu_dec/uu_reg_file/reg_dt_reg[18][12]  
    uu_dtpath/uu_dec/uu_reg_file/reg_dt_reg[18][13]  
    uu_dtpath/uu_dec/uu_reg_file/reg_dt_reg[18][14]  
    uu_dtpath/uu_dec/uu_reg_file/reg_dt_reg[18][15]  
    uu_dtpath/uu_dec/uu_reg_file/reg_dt_reg[18][16]  
    uu_dtpath/uu_dec/uu_reg_file/reg_dt_reg[18][17]  
    uu_dtpath/uu_dec/uu_reg_file/reg_dt_reg[18][18]  
    uu_dtpath/uu_dec/uu_reg_file/reg_dt_reg[18][19]  
    uu_dtpath/uu_dec/uu_reg_file/reg_dt_reg[18][20]  
    uu_dtpath/uu_dec/uu_reg_file/reg_dt_reg[18][21]  
    uu_dtpath/uu_dec/uu_reg_file/reg_dt_reg[18][22]  
    uu_dtpath/uu_dec/uu_reg_file/reg_dt_reg[18][23]  
    uu_dtpath/uu_dec/uu_reg_file/reg_dt_reg[18][24]  
    uu_dtpath/uu_dec/uu_reg_file/reg_dt_reg[18][25]  
    uu_dtpath/uu_dec/uu_reg_file/reg_dt_reg[18][26]  
    uu_dtpath/uu_dec/uu_reg_file/reg_dt_reg[18][27]  
    uu_dtpath/uu_dec/uu_reg_file/reg_dt_reg[18][28]  
    uu_dtpath/uu_dec/uu_reg_file/reg_dt_reg[18][29]  
    uu_dtpath/uu_dec/uu_reg_file/reg_dt_reg[18][30]  
    uu_dtpath/uu_dec/uu_reg_file/reg_dt_reg[18][31]  
    uu_dtpath/uu_dec/uu_reg_file/reg_dt_reg[19][0]  
    uu_dtpath/uu_dec/uu_reg_file/reg_dt_reg[19][1]  
    uu_dtpath/uu_dec/uu_reg_file/reg_dt_reg[19][2]  
    uu_dtpath/uu_dec/uu_reg_file/reg_dt_reg[19][3]  
    uu_dtpath/uu_dec/uu_reg_file/reg_dt_reg[19][4]  
    uu_dtpath/uu_dec/uu_reg_file/reg_dt_reg[19][5]  
    uu_dtpath/uu_dec/uu_reg_file/reg_dt_reg[19][6]  
    uu_dtpath/uu_dec/uu_reg_file/reg_dt_reg[19][7]  
    uu_dtpath/uu_dec/uu_reg_file/reg_dt_reg[19][8]  
    uu_dtpath/uu_dec/uu_reg_file/reg_dt_reg[19][9]  
    uu_dtpath/uu_dec/uu_reg_file/reg_dt_reg[19][10]  
    uu_dtpath/uu_dec/uu_reg_file/reg_dt_reg[19][11]  
    uu_dtpath/uu_dec/uu_reg_file/reg_dt_reg[19][12]  
    uu_dtpath/uu_dec/uu_reg_file/reg_dt_reg[19][13]  
    uu_dtpath/uu_dec/uu_reg_file/reg_dt_reg[19][14]  
    uu_dtpath/uu_dec/uu_reg_file/reg_dt_reg[19][15]  
    uu_dtpath/uu_dec/uu_reg_file/reg_dt_reg[19][16]  
    uu_dtpath/uu_dec/uu_reg_file/reg_dt_reg[19][17]  
    uu_dtpath/uu_dec/uu_reg_file/reg_dt_reg[19][18]  
    uu_dtpath/uu_dec/uu_reg_file/reg_dt_reg[19][19]  
    uu_dtpath/uu_dec/uu_reg_file/reg_dt_reg[19][20]  
    uu_dtpath/uu_dec/uu_reg_file/reg_dt_reg[19][21]  
    uu_dtpath/uu_dec/uu_reg_file/reg_dt_reg[19][22]  
    uu_dtpath/uu_dec/uu_reg_file/reg_dt_reg[19][23]  
    uu_dtpath/uu_dec/uu_reg_file/reg_dt_reg[19][24]  
    uu_dtpath/uu_dec/uu_reg_file/reg_dt_reg[19][25]  
    uu_dtpath/uu_dec/uu_reg_file/reg_dt_reg[19][26]  
    uu_dtpath/uu_dec/uu_reg_file/reg_dt_reg[19][27]  
    uu_dtpath/uu_dec/uu_reg_file/reg_dt_reg[19][28]  
    uu_dtpath/uu_dec/uu_reg_file/reg_dt_reg[19][29]  
    uu_dtpath/uu_dec/uu_reg_file/reg_dt_reg[19][30]  
    uu_dtpath/uu_dec/uu_reg_file/reg_dt_reg[19][31]  
    uu_dtpath/uu_dec/uu_reg_file/reg_dt_reg[20][0]  
    uu_dtpath/uu_dec/uu_reg_file/reg_dt_reg[20][1]  
    uu_dtpath/uu_dec/uu_reg_file/reg_dt_reg[20][2]  
    uu_dtpath/uu_dec/uu_reg_file/reg_dt_reg[20][3]  
    uu_dtpath/uu_dec/uu_reg_file/reg_dt_reg[20][4]  
    uu_dtpath/uu_dec/uu_reg_file/reg_dt_reg[20][5]  
    uu_dtpath/uu_dec/uu_reg_file/reg_dt_reg[20][6]  
    uu_dtpath/uu_dec/uu_reg_file/reg_dt_reg[20][7]  
    uu_dtpath/uu_dec/uu_reg_file/reg_dt_reg[20][8]  
    uu_dtpath/uu_dec/uu_reg_file/reg_dt_reg[20][9]  
    uu_dtpath/uu_dec/uu_reg_file/reg_dt_reg[20][10]  
    uu_dtpath/uu_dec/uu_reg_file/reg_dt_reg[20][11]  
    uu_dtpath/uu_dec/uu_reg_file/reg_dt_reg[20][12]  
    uu_dtpath/uu_dec/uu_reg_file/reg_dt_reg[20][13]  
    uu_dtpath/uu_dec/uu_reg_file/reg_dt_reg[20][14]  
    uu_dtpath/uu_dec/uu_reg_file/reg_dt_reg[20][15]  
    uu_dtpath/uu_dec/uu_reg_file/reg_dt_reg[20][16]  
    uu_dtpath/uu_dec/uu_reg_file/reg_dt_reg[20][17]  
    uu_dtpath/uu_dec/uu_reg_file/reg_dt_reg[20][18]  
    uu_dtpath/uu_dec/uu_reg_file/reg_dt_reg[20][19]  
    uu_dtpath/uu_dec/uu_reg_file/reg_dt_reg[20][20]  
    uu_dtpath/uu_dec/uu_reg_file/reg_dt_reg[20][21]  
    uu_dtpath/uu_dec/uu_reg_file/reg_dt_reg[20][22]  
    uu_dtpath/uu_dec/uu_reg_file/reg_dt_reg[20][23]  
    uu_dtpath/uu_dec/uu_reg_file/reg_dt_reg[20][24]  
    uu_dtpath/uu_dec/uu_reg_file/reg_dt_reg[20][25]  
    uu_dtpath/uu_dec/uu_reg_file/reg_dt_reg[20][26]  
    uu_dtpath/uu_dec/uu_reg_file/reg_dt_reg[20][27]  
    uu_dtpath/uu_dec/uu_reg_file/reg_dt_reg[20][28]  
    uu_dtpath/uu_dec/uu_reg_file/reg_dt_reg[20][29]  
    uu_dtpath/uu_dec/uu_reg_file/reg_dt_reg[20][30]  
    uu_dtpath/uu_dec/uu_reg_file/reg_dt_reg[20][31]  
    uu_dtpath/uu_dec/uu_reg_file/reg_dt_reg[21][0]  
    uu_dtpath/uu_dec/uu_reg_file/reg_dt_reg[21][1]  
    uu_dtpath/uu_dec/uu_reg_file/reg_dt_reg[21][2]  
    uu_dtpath/uu_dec/uu_reg_file/reg_dt_reg[21][3]  
    uu_dtpath/uu_dec/uu_reg_file/reg_dt_reg[21][4]  
    uu_dtpath/uu_dec/uu_reg_file/reg_dt_reg[21][5]  
    uu_dtpath/uu_dec/uu_reg_file/reg_dt_reg[21][6]  
    uu_dtpath/uu_dec/uu_reg_file/reg_dt_reg[21][7]  
    uu_dtpath/uu_dec/uu_reg_file/reg_dt_reg[21][8]  
    uu_dtpath/uu_dec/uu_reg_file/reg_dt_reg[21][9]  
    uu_dtpath/uu_dec/uu_reg_file/reg_dt_reg[21][10]  
    uu_dtpath/uu_dec/uu_reg_file/reg_dt_reg[21][11]  
    uu_dtpath/uu_dec/uu_reg_file/reg_dt_reg[21][12]  
    uu_dtpath/uu_dec/uu_reg_file/reg_dt_reg[21][13]  
    uu_dtpath/uu_dec/uu_reg_file/reg_dt_reg[21][14]  
    uu_dtpath/uu_dec/uu_reg_file/reg_dt_reg[21][15]  
    uu_dtpath/uu_dec/uu_reg_file/reg_dt_reg[21][16]  
    uu_dtpath/uu_dec/uu_reg_file/reg_dt_reg[21][17]  
    uu_dtpath/uu_dec/uu_reg_file/reg_dt_reg[21][18]  
    uu_dtpath/uu_dec/uu_reg_file/reg_dt_reg[21][19]  
    uu_dtpath/uu_dec/uu_reg_file/reg_dt_reg[21][20]  
    uu_dtpath/uu_dec/uu_reg_file/reg_dt_reg[21][21]  
    uu_dtpath/uu_dec/uu_reg_file/reg_dt_reg[21][22]  
    uu_dtpath/uu_dec/uu_reg_file/reg_dt_reg[21][23]  
    uu_dtpath/uu_dec/uu_reg_file/reg_dt_reg[21][24]  
    uu_dtpath/uu_dec/uu_reg_file/reg_dt_reg[21][25]  
    uu_dtpath/uu_dec/uu_reg_file/reg_dt_reg[21][26]  
    uu_dtpath/uu_dec/uu_reg_file/reg_dt_reg[21][27]  
    uu_dtpath/uu_dec/uu_reg_file/reg_dt_reg[21][28]  
    uu_dtpath/uu_dec/uu_reg_file/reg_dt_reg[21][29]  
    uu_dtpath/uu_dec/uu_reg_file/reg_dt_reg[21][30]  
    uu_dtpath/uu_dec/uu_reg_file/reg_dt_reg[21][31]  
    uu_dtpath/uu_dec/uu_reg_file/reg_dt_reg[22][0]  
    uu_dtpath/uu_dec/uu_reg_file/reg_dt_reg[22][1]  
    uu_dtpath/uu_dec/uu_reg_file/reg_dt_reg[22][2]  
    uu_dtpath/uu_dec/uu_reg_file/reg_dt_reg[22][3]  
    uu_dtpath/uu_dec/uu_reg_file/reg_dt_reg[22][4]  
    uu_dtpath/uu_dec/uu_reg_file/reg_dt_reg[22][5]  
    uu_dtpath/uu_dec/uu_reg_file/reg_dt_reg[22][6]  
    uu_dtpath/uu_dec/uu_reg_file/reg_dt_reg[22][7]  
    uu_dtpath/uu_dec/uu_reg_file/reg_dt_reg[22][8]  
    uu_dtpath/uu_dec/uu_reg_file/reg_dt_reg[22][9]  
    uu_dtpath/uu_dec/uu_reg_file/reg_dt_reg[22][10]  
    uu_dtpath/uu_dec/uu_reg_file/reg_dt_reg[22][11]  
    uu_dtpath/uu_dec/uu_reg_file/reg_dt_reg[22][12]  
    uu_dtpath/uu_dec/uu_reg_file/reg_dt_reg[22][13]  
    uu_dtpath/uu_dec/uu_reg_file/reg_dt_reg[22][14]  
    uu_dtpath/uu_dec/uu_reg_file/reg_dt_reg[22][15]  
    uu_dtpath/uu_dec/uu_reg_file/reg_dt_reg[22][16]  
    uu_dtpath/uu_dec/uu_reg_file/reg_dt_reg[22][17]  
    uu_dtpath/uu_dec/uu_reg_file/reg_dt_reg[22][18]  
    uu_dtpath/uu_dec/uu_reg_file/reg_dt_reg[22][19]  
    uu_dtpath/uu_dec/uu_reg_file/reg_dt_reg[22][20]  
    uu_dtpath/uu_dec/uu_reg_file/reg_dt_reg[22][21]  
    uu_dtpath/uu_dec/uu_reg_file/reg_dt_reg[22][22]  
    uu_dtpath/uu_dec/uu_reg_file/reg_dt_reg[22][23]  
    uu_dtpath/uu_dec/uu_reg_file/reg_dt_reg[22][24]  
    uu_dtpath/uu_dec/uu_reg_file/reg_dt_reg[22][25]  
    uu_dtpath/uu_dec/uu_reg_file/reg_dt_reg[22][26]  
    uu_dtpath/uu_dec/uu_reg_file/reg_dt_reg[22][27]  
    uu_dtpath/uu_dec/uu_reg_file/reg_dt_reg[22][28]  
    uu_dtpath/uu_dec/uu_reg_file/reg_dt_reg[22][29]  
    uu_dtpath/uu_dec/uu_reg_file/reg_dt_reg[22][30]  
    uu_dtpath/uu_dec/uu_reg_file/reg_dt_reg[22][31]  
    uu_dtpath/uu_dec/uu_reg_file/reg_dt_reg[23][0]  
    uu_dtpath/uu_dec/uu_reg_file/reg_dt_reg[23][1]  
    uu_dtpath/uu_dec/uu_reg_file/reg_dt_reg[23][2]  
    uu_dtpath/uu_dec/uu_reg_file/reg_dt_reg[23][3]  
    uu_dtpath/uu_dec/uu_reg_file/reg_dt_reg[23][4]  
    uu_dtpath/uu_dec/uu_reg_file/reg_dt_reg[23][5]  
    uu_dtpath/uu_dec/uu_reg_file/reg_dt_reg[23][6]  
    uu_dtpath/uu_dec/uu_reg_file/reg_dt_reg[23][7]  
    uu_dtpath/uu_dec/uu_reg_file/reg_dt_reg[23][8]  
    uu_dtpath/uu_dec/uu_reg_file/reg_dt_reg[23][9]  
    uu_dtpath/uu_dec/uu_reg_file/reg_dt_reg[23][10]  
    uu_dtpath/uu_dec/uu_reg_file/reg_dt_reg[23][11]  
    uu_dtpath/uu_dec/uu_reg_file/reg_dt_reg[23][12]  
    uu_dtpath/uu_dec/uu_reg_file/reg_dt_reg[23][13]  
    uu_dtpath/uu_dec/uu_reg_file/reg_dt_reg[23][14]  
    uu_dtpath/uu_dec/uu_reg_file/reg_dt_reg[23][15]  
    uu_dtpath/uu_dec/uu_reg_file/reg_dt_reg[23][16]  
    uu_dtpath/uu_dec/uu_reg_file/reg_dt_reg[23][17]  
    uu_dtpath/uu_dec/uu_reg_file/reg_dt_reg[23][18]  
    uu_dtpath/uu_dec/uu_reg_file/reg_dt_reg[23][19]  
    uu_dtpath/uu_dec/uu_reg_file/reg_dt_reg[23][20]  
    uu_dtpath/uu_dec/uu_reg_file/reg_dt_reg[23][21]  
    uu_dtpath/uu_dec/uu_reg_file/reg_dt_reg[23][22]  
    uu_dtpath/uu_dec/uu_reg_file/reg_dt_reg[23][23]  
    uu_dtpath/uu_dec/uu_reg_file/reg_dt_reg[23][24]  
    uu_dtpath/uu_dec/uu_reg_file/reg_dt_reg[23][25]  
    uu_dtpath/uu_dec/uu_reg_file/reg_dt_reg[23][26]  
    uu_dtpath/uu_dec/uu_reg_file/reg_dt_reg[23][27]  
    uu_dtpath/uu_dec/uu_reg_file/reg_dt_reg[23][28]  
    uu_dtpath/uu_dec/uu_reg_file/reg_dt_reg[23][29]  
    uu_dtpath/uu_dec/uu_reg_file/reg_dt_reg[23][30]  
    uu_dtpath/uu_dec/uu_reg_file/reg_dt_reg[23][31]  
    uu_dtpath/uu_dec/uu_reg_file/reg_dt_reg[24][0]  
    uu_dtpath/uu_dec/uu_reg_file/reg_dt_reg[24][1]  
    uu_dtpath/uu_dec/uu_reg_file/reg_dt_reg[24][2]  
    uu_dtpath/uu_dec/uu_reg_file/reg_dt_reg[24][3]  
    uu_dtpath/uu_dec/uu_reg_file/reg_dt_reg[24][4]  
    uu_dtpath/uu_dec/uu_reg_file/reg_dt_reg[24][5]  
    uu_dtpath/uu_dec/uu_reg_file/reg_dt_reg[24][6]  
    uu_dtpath/uu_dec/uu_reg_file/reg_dt_reg[24][7]  
    uu_dtpath/uu_dec/uu_reg_file/reg_dt_reg[24][8]  
    uu_dtpath/uu_dec/uu_reg_file/reg_dt_reg[24][9]  
    uu_dtpath/uu_dec/uu_reg_file/reg_dt_reg[24][10]  
    uu_dtpath/uu_dec/uu_reg_file/reg_dt_reg[24][11]  
    uu_dtpath/uu_dec/uu_reg_file/reg_dt_reg[24][12]  
    uu_dtpath/uu_dec/uu_reg_file/reg_dt_reg[24][13]  
    uu_dtpath/uu_dec/uu_reg_file/reg_dt_reg[24][14]  
    uu_dtpath/uu_dec/uu_reg_file/reg_dt_reg[24][15]  
    uu_dtpath/uu_dec/uu_reg_file/reg_dt_reg[24][16]  
    uu_dtpath/uu_dec/uu_reg_file/reg_dt_reg[24][17]  
    uu_dtpath/uu_dec/uu_reg_file/reg_dt_reg[24][18]  
    uu_dtpath/uu_dec/uu_reg_file/reg_dt_reg[24][19]  
    uu_dtpath/uu_dec/uu_reg_file/reg_dt_reg[24][20]  
    uu_dtpath/uu_dec/uu_reg_file/reg_dt_reg[24][21]  
    uu_dtpath/uu_dec/uu_reg_file/reg_dt_reg[24][22]  
    uu_dtpath/uu_dec/uu_reg_file/reg_dt_reg[24][23]  
    uu_dtpath/uu_dec/uu_reg_file/reg_dt_reg[24][24]  
    uu_dtpath/uu_dec/uu_reg_file/reg_dt_reg[24][25]  
    uu_dtpath/uu_dec/uu_reg_file/reg_dt_reg[24][26]  
    uu_dtpath/uu_dec/uu_reg_file/reg_dt_reg[24][27]  
    uu_dtpath/uu_dec/uu_reg_file/reg_dt_reg[24][28]  
    uu_dtpath/uu_dec/uu_reg_file/reg_dt_reg[24][29]  
    uu_dtpath/uu_dec/uu_reg_file/reg_dt_reg[24][30]  
    uu_dtpath/uu_dec/uu_reg_file/reg_dt_reg[24][31]  
    uu_dtpath/uu_dec/uu_reg_file/reg_dt_reg[25][0]  
    uu_dtpath/uu_dec/uu_reg_file/reg_dt_reg[25][1]  
    uu_dtpath/uu_dec/uu_reg_file/reg_dt_reg[25][2]  
    uu_dtpath/uu_dec/uu_reg_file/reg_dt_reg[25][3]  
    uu_dtpath/uu_dec/uu_reg_file/reg_dt_reg[25][4]  
    uu_dtpath/uu_dec/uu_reg_file/reg_dt_reg[25][5]  
    uu_dtpath/uu_dec/uu_reg_file/reg_dt_reg[25][6]  
    uu_dtpath/uu_dec/uu_reg_file/reg_dt_reg[25][7]  
    uu_dtpath/uu_dec/uu_reg_file/reg_dt_reg[25][8]  
    uu_dtpath/uu_dec/uu_reg_file/reg_dt_reg[25][9]  
    uu_dtpath/uu_dec/uu_reg_file/reg_dt_reg[25][10]  
    uu_dtpath/uu_dec/uu_reg_file/reg_dt_reg[25][11]  
    uu_dtpath/uu_dec/uu_reg_file/reg_dt_reg[25][12]  
    uu_dtpath/uu_dec/uu_reg_file/reg_dt_reg[25][13]  
    uu_dtpath/uu_dec/uu_reg_file/reg_dt_reg[25][14]  
    uu_dtpath/uu_dec/uu_reg_file/reg_dt_reg[25][15]  
    uu_dtpath/uu_dec/uu_reg_file/reg_dt_reg[25][16]  
    uu_dtpath/uu_dec/uu_reg_file/reg_dt_reg[25][17]  
    uu_dtpath/uu_dec/uu_reg_file/reg_dt_reg[25][18]  
    uu_dtpath/uu_dec/uu_reg_file/reg_dt_reg[25][19]  
    uu_dtpath/uu_dec/uu_reg_file/reg_dt_reg[25][20]  
    uu_dtpath/uu_dec/uu_reg_file/reg_dt_reg[25][21]  
    uu_dtpath/uu_dec/uu_reg_file/reg_dt_reg[25][22]  
    uu_dtpath/uu_dec/uu_reg_file/reg_dt_reg[25][23]  
    uu_dtpath/uu_dec/uu_reg_file/reg_dt_reg[25][24]  
    uu_dtpath/uu_dec/uu_reg_file/reg_dt_reg[25][25]  
    uu_dtpath/uu_dec/uu_reg_file/reg_dt_reg[25][26]  
    uu_dtpath/uu_dec/uu_reg_file/reg_dt_reg[25][27]  
    uu_dtpath/uu_dec/uu_reg_file/reg_dt_reg[25][28]  
    uu_dtpath/uu_dec/uu_reg_file/reg_dt_reg[25][29]  
    uu_dtpath/uu_dec/uu_reg_file/reg_dt_reg[25][30]  
    uu_dtpath/uu_dec/uu_reg_file/reg_dt_reg[25][31]  
    uu_dtpath/uu_dec/uu_reg_file/reg_dt_reg[26][0]  
    uu_dtpath/uu_dec/uu_reg_file/reg_dt_reg[26][1]  
    uu_dtpath/uu_dec/uu_reg_file/reg_dt_reg[26][2]  
    uu_dtpath/uu_dec/uu_reg_file/reg_dt_reg[26][3]  
    uu_dtpath/uu_dec/uu_reg_file/reg_dt_reg[26][4]  
    uu_dtpath/uu_dec/uu_reg_file/reg_dt_reg[26][5]  
    uu_dtpath/uu_dec/uu_reg_file/reg_dt_reg[26][6]  
    uu_dtpath/uu_dec/uu_reg_file/reg_dt_reg[26][7]  
    uu_dtpath/uu_dec/uu_reg_file/reg_dt_reg[26][8]  
    uu_dtpath/uu_dec/uu_reg_file/reg_dt_reg[26][9]  
    uu_dtpath/uu_dec/uu_reg_file/reg_dt_reg[26][10]  
    uu_dtpath/uu_dec/uu_reg_file/reg_dt_reg[26][11]  
    uu_dtpath/uu_dec/uu_reg_file/reg_dt_reg[26][12]  
    uu_dtpath/uu_dec/uu_reg_file/reg_dt_reg[26][13]  
    uu_dtpath/uu_dec/uu_reg_file/reg_dt_reg[26][14]  
    uu_dtpath/uu_dec/uu_reg_file/reg_dt_reg[26][15]  
    uu_dtpath/uu_dec/uu_reg_file/reg_dt_reg[26][16]  
    uu_dtpath/uu_dec/uu_reg_file/reg_dt_reg[26][17]  
    uu_dtpath/uu_dec/uu_reg_file/reg_dt_reg[26][18]  
    uu_dtpath/uu_dec/uu_reg_file/reg_dt_reg[26][19]  
    uu_dtpath/uu_dec/uu_reg_file/reg_dt_reg[26][20]  
    uu_dtpath/uu_dec/uu_reg_file/reg_dt_reg[26][21]  
    uu_dtpath/uu_dec/uu_reg_file/reg_dt_reg[26][22]  
    uu_dtpath/uu_dec/uu_reg_file/reg_dt_reg[26][23]  
    uu_dtpath/uu_dec/uu_reg_file/reg_dt_reg[26][24]  
    uu_dtpath/uu_dec/uu_reg_file/reg_dt_reg[26][25]  
    uu_dtpath/uu_dec/uu_reg_file/reg_dt_reg[26][26]  
    uu_dtpath/uu_dec/uu_reg_file/reg_dt_reg[26][27]  
    uu_dtpath/uu_dec/uu_reg_file/reg_dt_reg[26][28]  
    uu_dtpath/uu_dec/uu_reg_file/reg_dt_reg[26][29]  
    uu_dtpath/uu_dec/uu_reg_file/reg_dt_reg[26][30]  
    uu_dtpath/uu_dec/uu_reg_file/reg_dt_reg[26][31]  
    uu_dtpath/uu_dec/uu_reg_file/reg_dt_reg[27][0]  
    uu_dtpath/uu_dec/uu_reg_file/reg_dt_reg[27][1]  
    uu_dtpath/uu_dec/uu_reg_file/reg_dt_reg[27][2]  
    uu_dtpath/uu_dec/uu_reg_file/reg_dt_reg[27][3]  
    uu_dtpath/uu_dec/uu_reg_file/reg_dt_reg[27][4]  
    uu_dtpath/uu_dec/uu_reg_file/reg_dt_reg[27][5]  
    uu_dtpath/uu_dec/uu_reg_file/reg_dt_reg[27][6]  
    uu_dtpath/uu_dec/uu_reg_file/reg_dt_reg[27][7]  
    uu_dtpath/uu_dec/uu_reg_file/reg_dt_reg[27][8]  
    uu_dtpath/uu_dec/uu_reg_file/reg_dt_reg[27][9]  
    uu_dtpath/uu_dec/uu_reg_file/reg_dt_reg[27][10]  
    uu_dtpath/uu_dec/uu_reg_file/reg_dt_reg[27][11]  
    uu_dtpath/uu_dec/uu_reg_file/reg_dt_reg[27][12]  
    uu_dtpath/uu_dec/uu_reg_file/reg_dt_reg[27][13]  
    uu_dtpath/uu_dec/uu_reg_file/reg_dt_reg[27][14]  
    uu_dtpath/uu_dec/uu_reg_file/reg_dt_reg[27][15]  
    uu_dtpath/uu_dec/uu_reg_file/reg_dt_reg[27][16]  
    uu_dtpath/uu_dec/uu_reg_file/reg_dt_reg[27][17]  
    uu_dtpath/uu_dec/uu_reg_file/reg_dt_reg[27][18]  
    uu_dtpath/uu_dec/uu_reg_file/reg_dt_reg[27][19]  
    uu_dtpath/uu_dec/uu_reg_file/reg_dt_reg[27][20]  
    uu_dtpath/uu_dec/uu_reg_file/reg_dt_reg[27][21]  
    uu_dtpath/uu_dec/uu_reg_file/reg_dt_reg[27][22]  
    uu_dtpath/uu_dec/uu_reg_file/reg_dt_reg[27][23]  
    uu_dtpath/uu_dec/uu_reg_file/reg_dt_reg[27][24]  
    uu_dtpath/uu_dec/uu_reg_file/reg_dt_reg[27][25]  
    uu_dtpath/uu_dec/uu_reg_file/reg_dt_reg[27][26]  
    uu_dtpath/uu_dec/uu_reg_file/reg_dt_reg[27][27]  
    uu_dtpath/uu_dec/uu_reg_file/reg_dt_reg[27][28]  
    uu_dtpath/uu_dec/uu_reg_file/reg_dt_reg[27][29]  
    uu_dtpath/uu_dec/uu_reg_file/reg_dt_reg[27][30]  
    uu_dtpath/uu_dec/uu_reg_file/reg_dt_reg[27][31]  
    uu_dtpath/uu_dec/uu_reg_file/reg_dt_reg[28][0]  
    uu_dtpath/uu_dec/uu_reg_file/reg_dt_reg[28][1]  
    uu_dtpath/uu_dec/uu_reg_file/reg_dt_reg[28][2]  
    uu_dtpath/uu_dec/uu_reg_file/reg_dt_reg[28][3]  
    uu_dtpath/uu_dec/uu_reg_file/reg_dt_reg[28][4]  
    uu_dtpath/uu_dec/uu_reg_file/reg_dt_reg[28][5]  
    uu_dtpath/uu_dec/uu_reg_file/reg_dt_reg[28][6]  
    uu_dtpath/uu_dec/uu_reg_file/reg_dt_reg[28][7]  
    uu_dtpath/uu_dec/uu_reg_file/reg_dt_reg[28][8]  
    uu_dtpath/uu_dec/uu_reg_file/reg_dt_reg[28][9]  
    uu_dtpath/uu_dec/uu_reg_file/reg_dt_reg[28][10]  
    uu_dtpath/uu_dec/uu_reg_file/reg_dt_reg[28][11]  
    uu_dtpath/uu_dec/uu_reg_file/reg_dt_reg[28][12]  
    uu_dtpath/uu_dec/uu_reg_file/reg_dt_reg[28][13]  
    uu_dtpath/uu_dec/uu_reg_file/reg_dt_reg[28][14]  
    uu_dtpath/uu_dec/uu_reg_file/reg_dt_reg[28][15]  
    uu_dtpath/uu_dec/uu_reg_file/reg_dt_reg[28][16]  
    uu_dtpath/uu_dec/uu_reg_file/reg_dt_reg[28][17]  
    uu_dtpath/uu_dec/uu_reg_file/reg_dt_reg[28][18]  
    uu_dtpath/uu_dec/uu_reg_file/reg_dt_reg[28][19]  
    uu_dtpath/uu_dec/uu_reg_file/reg_dt_reg[28][20]  
    uu_dtpath/uu_dec/uu_reg_file/reg_dt_reg[28][21]  
    uu_dtpath/uu_dec/uu_reg_file/reg_dt_reg[28][22]  
    uu_dtpath/uu_dec/uu_reg_file/reg_dt_reg[28][23]  
    uu_dtpath/uu_dec/uu_reg_file/reg_dt_reg[28][24]  
    uu_dtpath/uu_dec/uu_reg_file/reg_dt_reg[28][25]  
    uu_dtpath/uu_dec/uu_reg_file/reg_dt_reg[28][26]  
    uu_dtpath/uu_dec/uu_reg_file/reg_dt_reg[28][27]  
    uu_dtpath/uu_dec/uu_reg_file/reg_dt_reg[28][28]  
    uu_dtpath/uu_dec/uu_reg_file/reg_dt_reg[28][29]  
    uu_dtpath/uu_dec/uu_reg_file/reg_dt_reg[28][30]  
    uu_dtpath/uu_dec/uu_reg_file/reg_dt_reg[28][31]  
    uu_dtpath/uu_dec/uu_reg_file/reg_dt_reg[29][0]  
    uu_dtpath/uu_dec/uu_reg_file/reg_dt_reg[29][1]  
    uu_dtpath/uu_dec/uu_reg_file/reg_dt_reg[29][2]  
    uu_dtpath/uu_dec/uu_reg_file/reg_dt_reg[29][3]  
    uu_dtpath/uu_dec/uu_reg_file/reg_dt_reg[29][4]  
    uu_dtpath/uu_dec/uu_reg_file/reg_dt_reg[29][5]  
    uu_dtpath/uu_dec/uu_reg_file/reg_dt_reg[29][6]  
    uu_dtpath/uu_dec/uu_reg_file/reg_dt_reg[29][7]  
    uu_dtpath/uu_dec/uu_reg_file/reg_dt_reg[29][8]  
    uu_dtpath/uu_dec/uu_reg_file/reg_dt_reg[29][9]  
    uu_dtpath/uu_dec/uu_reg_file/reg_dt_reg[29][10]  
    uu_dtpath/uu_dec/uu_reg_file/reg_dt_reg[29][11]  
    uu_dtpath/uu_dec/uu_reg_file/reg_dt_reg[29][12]  
    uu_dtpath/uu_dec/uu_reg_file/reg_dt_reg[29][13]  
    uu_dtpath/uu_dec/uu_reg_file/reg_dt_reg[29][14]  
    uu_dtpath/uu_dec/uu_reg_file/reg_dt_reg[29][15]  
    uu_dtpath/uu_dec/uu_reg_file/reg_dt_reg[29][16]  
    uu_dtpath/uu_dec/uu_reg_file/reg_dt_reg[29][17]  
    uu_dtpath/uu_dec/uu_reg_file/reg_dt_reg[29][18]  
    uu_dtpath/uu_dec/uu_reg_file/reg_dt_reg[29][19]  
    uu_dtpath/uu_dec/uu_reg_file/reg_dt_reg[29][20]  
    uu_dtpath/uu_dec/uu_reg_file/reg_dt_reg[29][21]  
    uu_dtpath/uu_dec/uu_reg_file/reg_dt_reg[29][22]  
    uu_dtpath/uu_dec/uu_reg_file/reg_dt_reg[29][23]  
    uu_dtpath/uu_dec/uu_reg_file/reg_dt_reg[29][24]  
    uu_dtpath/uu_dec/uu_reg_file/reg_dt_reg[29][25]  
    uu_dtpath/uu_dec/uu_reg_file/reg_dt_reg[29][26]  
    uu_dtpath/uu_dec/uu_reg_file/reg_dt_reg[29][27]  
    uu_dtpath/uu_dec/uu_reg_file/reg_dt_reg[29][28]  
    uu_dtpath/uu_dec/uu_reg_file/reg_dt_reg[29][29]  
    uu_dtpath/uu_dec/uu_reg_file/reg_dt_reg[29][30]  
    uu_dtpath/uu_dec/uu_reg_file/reg_dt_reg[29][31]  
    uu_dtpath/uu_dec/uu_reg_file/reg_dt_reg[30][0]  
    uu_dtpath/uu_dec/uu_reg_file/reg_dt_reg[30][1]  
    uu_dtpath/uu_dec/uu_reg_file/reg_dt_reg[30][2]  
    uu_dtpath/uu_dec/uu_reg_file/reg_dt_reg[30][3]  
    uu_dtpath/uu_dec/uu_reg_file/reg_dt_reg[30][4]  
    uu_dtpath/uu_dec/uu_reg_file/reg_dt_reg[30][5]  
    uu_dtpath/uu_dec/uu_reg_file/reg_dt_reg[30][6]  
    uu_dtpath/uu_dec/uu_reg_file/reg_dt_reg[30][7]  
    uu_dtpath/uu_dec/uu_reg_file/reg_dt_reg[30][8]  
    uu_dtpath/uu_dec/uu_reg_file/reg_dt_reg[30][9]  
    uu_dtpath/uu_dec/uu_reg_file/reg_dt_reg[30][10]  
    uu_dtpath/uu_dec/uu_reg_file/reg_dt_reg[30][11]  
    uu_dtpath/uu_dec/uu_reg_file/reg_dt_reg[30][12]  
    uu_dtpath/uu_dec/uu_reg_file/reg_dt_reg[30][13]  
    uu_dtpath/uu_dec/uu_reg_file/reg_dt_reg[30][14]  
    uu_dtpath/uu_dec/uu_reg_file/reg_dt_reg[30][15]  
    uu_dtpath/uu_dec/uu_reg_file/reg_dt_reg[30][16]  
    uu_dtpath/uu_dec/uu_reg_file/reg_dt_reg[30][17]  
    uu_dtpath/uu_dec/uu_reg_file/reg_dt_reg[30][18]  
    uu_dtpath/uu_dec/uu_reg_file/reg_dt_reg[30][19]  
    uu_dtpath/uu_dec/uu_reg_file/reg_dt_reg[30][20]  
    uu_dtpath/uu_dec/uu_reg_file/reg_dt_reg[30][21]  
    uu_dtpath/uu_dec/uu_reg_file/reg_dt_reg[30][22]  
    uu_dtpath/uu_dec/uu_reg_file/reg_dt_reg[30][23]  
    uu_dtpath/uu_dec/uu_reg_file/reg_dt_reg[30][24]  
    uu_dtpath/uu_dec/uu_reg_file/reg_dt_reg[30][25]  
    uu_dtpath/uu_dec/uu_reg_file/reg_dt_reg[30][26]  
    uu_dtpath/uu_dec/uu_reg_file/reg_dt_reg[30][27]  
    uu_dtpath/uu_dec/uu_reg_file/reg_dt_reg[30][28]  
    uu_dtpath/uu_dec/uu_reg_file/reg_dt_reg[30][29]  
    uu_dtpath/uu_dec/uu_reg_file/reg_dt_reg[30][30]  
    uu_dtpath/uu_dec/uu_reg_file/reg_dt_reg[30][31]  
    uu_dtpath/uu_dec/uu_reg_file/reg_dt_reg[31][0]  
    uu_dtpath/uu_dec/uu_reg_file/reg_dt_reg[31][1]  
    uu_dtpath/uu_dec/uu_reg_file/reg_dt_reg[31][2]  
    uu_dtpath/uu_dec/uu_reg_file/reg_dt_reg[31][3]  
    uu_dtpath/uu_dec/uu_reg_file/reg_dt_reg[31][4]  
    uu_dtpath/uu_dec/uu_reg_file/reg_dt_reg[31][5]  
    uu_dtpath/uu_dec/uu_reg_file/reg_dt_reg[31][6]  
    uu_dtpath/uu_dec/uu_reg_file/reg_dt_reg[31][7]  
    uu_dtpath/uu_dec/uu_reg_file/reg_dt_reg[31][8]  
    uu_dtpath/uu_dec/uu_reg_file/reg_dt_reg[31][9]  
    uu_dtpath/uu_dec/uu_reg_file/reg_dt_reg[31][10]  
    uu_dtpath/uu_dec/uu_reg_file/reg_dt_reg[31][11]  
    uu_dtpath/uu_dec/uu_reg_file/reg_dt_reg[31][12]  
    uu_dtpath/uu_dec/uu_reg_file/reg_dt_reg[31][13]  
    uu_dtpath/uu_dec/uu_reg_file/reg_dt_reg[31][14]  
    uu_dtpath/uu_dec/uu_reg_file/reg_dt_reg[31][15]  
    uu_dtpath/uu_dec/uu_reg_file/reg_dt_reg[31][16]  
    uu_dtpath/uu_dec/uu_reg_file/reg_dt_reg[31][17]  
    uu_dtpath/uu_dec/uu_reg_file/reg_dt_reg[31][18]  
    uu_dtpath/uu_dec/uu_reg_file/reg_dt_reg[31][19]  
    uu_dtpath/uu_dec/uu_reg_file/reg_dt_reg[31][20]  
    uu_dtpath/uu_dec/uu_reg_file/reg_dt_reg[31][21]  
    uu_dtpath/uu_dec/uu_reg_file/reg_dt_reg[31][22]  
    uu_dtpath/uu_dec/uu_reg_file/reg_dt_reg[31][23]  
    uu_dtpath/uu_dec/uu_reg_file/reg_dt_reg[31][24]  
    uu_dtpath/uu_dec/uu_reg_file/reg_dt_reg[31][25]  
    uu_dtpath/uu_dec/uu_reg_file/reg_dt_reg[31][26]  
    uu_dtpath/uu_dec/uu_reg_file/reg_dt_reg[31][27]  
    uu_dtpath/uu_dec/uu_reg_file/reg_dt_reg[31][28]  
    uu_dtpath/uu_dec/uu_reg_file/reg_dt_reg[31][29]  
    uu_dtpath/uu_dec/uu_reg_file/reg_dt_reg[31][30]  
    uu_dtpath/uu_dec/uu_reg_file/reg_dt_reg[31][31]  
    uu_dtpath/uu_dec/uu_reg_file/g36980  
    uu_dtpath/uu_dec/uu_reg_file/g36981  
    uu_dtpath/uu_dec/uu_reg_file/g36982  
    uu_dtpath/uu_dec/uu_reg_file/g36983  
    uu_dtpath/uu_dec/uu_reg_file/g36984  
    uu_dtpath/uu_dec/uu_reg_file/g36985  
    uu_dtpath/uu_dec/uu_reg_file/g36986  
    uu_dtpath/uu_dec/uu_reg_file/g36987  
    uu_dtpath/uu_dec/uu_reg_file/g36988  
    uu_dtpath/uu_dec/uu_reg_file/g36989  
    uu_dtpath/uu_dec/uu_reg_file/g36990  
    uu_dtpath/uu_dec/uu_reg_file/g36991  
    uu_dtpath/uu_dec/uu_reg_file/g36992  
    uu_dtpath/uu_dec/uu_reg_file/g36993  
    uu_dtpath/uu_dec/uu_reg_file/g36994  
    uu_dtpath/uu_dec/uu_reg_file/g36995  
    uu_dtpath/uu_dec/uu_reg_file/g36996  
    uu_dtpath/uu_dec/uu_reg_file/g36997  
    uu_dtpath/uu_dec/uu_reg_file/g36998  
    uu_dtpath/uu_dec/uu_reg_file/g36999  
    uu_dtpath/uu_dec/uu_reg_file/g37000  
    uu_dtpath/uu_dec/uu_reg_file/g37001  
    uu_dtpath/uu_dec/uu_reg_file/g37002  
    uu_dtpath/uu_dec/uu_reg_file/g37003  
    uu_dtpath/uu_dec/uu_reg_file/g37004  
    uu_dtpath/uu_dec/uu_reg_file/g37005  
    uu_dtpath/uu_dec/uu_reg_file/g37006  
    uu_dtpath/uu_dec/uu_reg_file/g37007  
    uu_dtpath/uu_dec/uu_reg_file/g37008  
    uu_dtpath/uu_dec/uu_reg_file/g37009  
    uu_dtpath/uu_dec/uu_reg_file/g37010  
    uu_dtpath/uu_dec/uu_reg_file/g37011  
    uu_dtpath/uu_dec/uu_reg_file/g37012  
    uu_dtpath/uu_dec/uu_reg_file/g37013  
    uu_dtpath/uu_dec/uu_reg_file/g37015  
    uu_dtpath/uu_dec/uu_reg_file/g37016  
    uu_dtpath/uu_dec/uu_reg_file/g37017  
    uu_dtpath/uu_dec/uu_reg_file/g37019  
    uu_dtpath/uu_dec/uu_reg_file/g37020  
    uu_dtpath/uu_dec/uu_reg_file/g37021  
    uu_dtpath/uu_dec/uu_reg_file/g37023  
    uu_dtpath/uu_dec/uu_reg_file/g37024  
    uu_dtpath/uu_dec/uu_reg_file/g37025  
    uu_dtpath/uu_dec/uu_reg_file/g37027  
    uu_dtpath/uu_dec/uu_reg_file/g37032  
    uu_dtpath/uu_dec/uu_reg_file/g37033  
    uu_dtpath/uu_dec/uu_reg_file/g37034  
    uu_dtpath/uu_dec/uu_reg_file/g37035  
    uu_dtpath/uu_dec/uu_reg_file/g37036  
    uu_dtpath/uu_dec/uu_reg_file/g2  
    uu_dtpath/uu_dec/uu_reg_file/g37038  
    uu_dtpath/uu_dec/uu_reg_file/g37039  
    uu_dtpath/uu_dec/uu_reg_file/g433__5477  
    uu_dtpath/uu_dec/uu_reg_file/g434__2398  
    uu_dtpath/uu_dec/uu_reg_file/g435__5107  
    uu_dtpath/uu_dec/uu_reg_file/g436__6260  
    uu_dtpath/uu_dec/uu_reg_file/g437__4319  
    uu_dtpath/uu_dec/uu_reg_file/g438__8428  
    uu_dtpath/uu_dec/uu_reg_file/g439__5526  
    uu_dtpath/uu_dec/uu_reg_file/g440__6783  
    uu_dtpath/uu_dec/uu_reg_file/g441__3680  
    uu_dtpath/uu_dec/uu_reg_file/g442__1617  
    uu_dtpath/uu_dec/uu_reg_file/g443__2802  
    uu_dtpath/uu_dec/uu_reg_file/g444__1705  
    uu_dtpath/uu_dec/uu_reg_file/g445__5122  
    uu_dtpath/uu_dec/uu_reg_file/g446__8246  
    uu_dtpath/uu_dec/uu_reg_file/g447__7098  
    uu_dtpath/uu_dec/uu_reg_file/g448__6131  
    uu_dtpath/uu_dec/uu_reg_file/g449__1881  
    uu_dtpath/uu_dec/uu_reg_file/g450__5115  
    uu_dtpath/uu_dec/uu_reg_file/g451__7482  
    uu_dtpath/uu_dec/uu_reg_file/g452__4733  
    uu_dtpath/uu_dec/uu_reg_file/g453__6161  
    uu_dtpath/uu_dec/uu_reg_file/g454__9315  
    uu_dtpath/uu_dec/uu_reg_file/g455__9945  
    uu_dtpath/uu_dec/uu_reg_file/g456__2883  
    uu_dtpath/uu_dec/uu_reg_file/g457__2346  
    uu_dtpath/uu_dec/uu_reg_file/g458__1666  
    uu_dtpath/uu_dec/uu_reg_file/g459__7410  
    uu_dtpath/uu_dec/uu_reg_file/g460__6417  
    uu_dtpath/uu_dec/uu_reg_file/g461__5477  
    uu_dtpath/uu_dec/uu_reg_file/g462__2398  
    uu_dtpath/uu_dec/uu_reg_file/g463__5107  
    uu_dtpath/uu_dec/uu_reg_file/g464__6260  
    uu_dtpath/uu_dec/uu_reg_file/g465__4319  
    uu_dtpath/uu_dec/uu_reg_file/g466__8428  
    uu_dtpath/uu_dec/uu_reg_file/g467__5526  
    uu_dtpath/uu_dec/uu_reg_file/g468__6783  
    uu_dtpath/uu_dec/uu_reg_file/g469__3680  
    uu_dtpath/uu_dec/uu_reg_file/g470__1617  
    uu_dtpath/uu_dec/uu_reg_file/g471__2802  
    uu_dtpath/uu_dec/uu_reg_file/g472__1705  
    uu_dtpath/uu_dec/uu_reg_file/g473__5122  
    uu_dtpath/uu_dec/uu_reg_file/g474__8246  
    uu_dtpath/uu_dec/uu_reg_file/g475__7098  
    uu_dtpath/uu_dec/uu_reg_file/g476__6131  
    uu_dtpath/uu_dec/uu_reg_file/g477__1881  
    uu_dtpath/uu_dec/uu_reg_file/g478__5115  
    uu_dtpath/uu_dec/uu_reg_file/g479__7482  
    uu_dtpath/uu_dec/uu_reg_file/g480  
    uu_dtpath/uu_dec/uu_reg_file/g433__4733  
    uu_dtpath/uu_dec/uu_reg_file/g434__6161  
    uu_dtpath/uu_dec/uu_reg_file/g435__9315  
    uu_dtpath/uu_dec/uu_reg_file/g436__9945  
    uu_dtpath/uu_dec/uu_reg_file/g437__2883  
    uu_dtpath/uu_dec/uu_reg_file/g438__2346  
    uu_dtpath/uu_dec/uu_reg_file/g439__1666  
    uu_dtpath/uu_dec/uu_reg_file/g440__7410  
    uu_dtpath/uu_dec/uu_reg_file/g441__6417  
    uu_dtpath/uu_dec/uu_reg_file/g442__5477  
    uu_dtpath/uu_dec/uu_reg_file/g443__2398  
    uu_dtpath/uu_dec/uu_reg_file/g444__5107  
    uu_dtpath/uu_dec/uu_reg_file/g445__6260  
    uu_dtpath/uu_dec/uu_reg_file/g446__4319  
    uu_dtpath/uu_dec/uu_reg_file/g447__8428  
    uu_dtpath/uu_dec/uu_reg_file/g448__5526  
    uu_dtpath/uu_dec/uu_reg_file/g449__6783  
    uu_dtpath/uu_dec/uu_reg_file/g450__3680  
    uu_dtpath/uu_dec/uu_reg_file/g451__1617  
    uu_dtpath/uu_dec/uu_reg_file/g452__2802  
    uu_dtpath/uu_dec/uu_reg_file/g453__1705  
    uu_dtpath/uu_dec/uu_reg_file/g454__5122  
    uu_dtpath/uu_dec/uu_reg_file/g455__8246  
    uu_dtpath/uu_dec/uu_reg_file/g456__7098  
    uu_dtpath/uu_dec/uu_reg_file/g457__6131  
    uu_dtpath/uu_dec/uu_reg_file/g458__1881  
    uu_dtpath/uu_dec/uu_reg_file/g459__5115  
    uu_dtpath/uu_dec/uu_reg_file/g460__7482  
    uu_dtpath/uu_dec/uu_reg_file/g461__4733  
    uu_dtpath/uu_dec/uu_reg_file/g462__6161  
    uu_dtpath/uu_dec/uu_reg_file/g463__9315  
    uu_dtpath/uu_dec/uu_reg_file/g464__9945  
    uu_dtpath/uu_dec/uu_reg_file/g465__2883  
    uu_dtpath/uu_dec/uu_reg_file/g466__2346  
    uu_dtpath/uu_dec/uu_reg_file/g467__1666  
    uu_dtpath/uu_dec/uu_reg_file/g468__7410  
    uu_dtpath/uu_dec/uu_reg_file/g469__6417  
    uu_dtpath/uu_dec/uu_reg_file/g470__5477  
    uu_dtpath/uu_dec/uu_reg_file/g471__2398  
    uu_dtpath/uu_dec/uu_reg_file/g472__5107  
    uu_dtpath/uu_dec/uu_reg_file/g473__6260  
    uu_dtpath/uu_dec/uu_reg_file/g474__4319  
    uu_dtpath/uu_dec/uu_reg_file/g475__8428  
    uu_dtpath/uu_dec/uu_reg_file/g476__5526  
    uu_dtpath/uu_dec/uu_reg_file/g477__6783  
    uu_dtpath/uu_dec/uu_reg_file/g478__3680  
    uu_dtpath/uu_dec/uu_reg_file/g479__1617  
    uu_dtpath/uu_dec/uu_reg_file/g37040  
    uu_dtpath/uu_dec/uu_reg_file/g3457__7482  
    uu_dtpath/uu_dec/uu_reg_file/g3458__4733  
    uu_dtpath/uu_dec/uu_reg_file/g3459__6161  
    uu_dtpath/uu_dec/uu_reg_file/g3460__9315  
    uu_dtpath/uu_dec/uu_reg_file/g3461__9945  
    uu_dtpath/uu_dec/uu_reg_file/g3462__2883  
    uu_dtpath/uu_dec/uu_reg_file/g3463__2346  
    uu_dtpath/uu_dec/uu_reg_file/g3464__1666  
    uu_dtpath/uu_dec/uu_reg_file/g3465__7410  
    uu_dtpath/uu_dec/uu_reg_file/g3466__6417  
    uu_dtpath/uu_dec/uu_reg_file/g3467__5477  
    uu_dtpath/uu_dec/uu_reg_file/g3468__2398  
    uu_dtpath/uu_dec/uu_reg_file/g3469__5107  
    uu_dtpath/uu_dec/uu_reg_file/g3470__6260  
    uu_dtpath/uu_dec/uu_reg_file/g3471__4319  
    uu_dtpath/uu_dec/uu_reg_file/g3472__8428  
    uu_dtpath/uu_dec/uu_reg_file/g3473__5526  
    uu_dtpath/uu_dec/uu_reg_file/g3474__6783  
    uu_dtpath/uu_dec/uu_reg_file/g3475__3680  
    uu_dtpath/uu_dec/uu_reg_file/g3476__1617  
    uu_dtpath/uu_dec/uu_reg_file/g3477__2802  
    uu_dtpath/uu_dec/uu_reg_file/g3478__1705  
    uu_dtpath/uu_dec/uu_reg_file/g3479__5122  
    uu_dtpath/uu_dec/uu_reg_file/g3480__8246  
    uu_dtpath/uu_dec/uu_reg_file/g3481__7098  
    uu_dtpath/uu_dec/uu_reg_file/g3482__6131  
    uu_dtpath/uu_dec/uu_reg_file/g3483__1881  
    uu_dtpath/uu_dec/uu_reg_file/g3484__5115  
    uu_dtpath/uu_dec/uu_reg_file/g3485__7482  
    uu_dtpath/uu_dec/uu_reg_file/g3486__4733  
    uu_dtpath/uu_dec/uu_reg_file/g3487__6161  
    uu_dtpath/uu_dec/uu_reg_file/g3488__9315  
    uu_dtpath/uu_dec/uu_reg_file/g3489__9945  
    uu_dtpath/uu_dec/uu_reg_file/g3490__2883  
    uu_dtpath/uu_dec/uu_reg_file/g3491__2346  
    uu_dtpath/uu_dec/uu_reg_file/g3493__7410  
    uu_dtpath/uu_dec/uu_reg_file/g3494__6417  
    uu_dtpath/uu_dec/uu_reg_file/g3497__5107  
    uu_dtpath/uu_dec/uu_reg_file/g3498__6260  
    uu_dtpath/uu_dec/uu_reg_file/g3501__5526  
    uu_dtpath/uu_dec/uu_reg_file/g3502__6783  
    uu_dtpath/uu_dec/uu_reg_file/g3503__3680  
    uu_dtpath/uu_dec/uu_reg_file/g3504__1617  
    uu_dtpath/uu_dec/uu_reg_file/g3506__1705  
    uu_dtpath/uu_dec/uu_reg_file/g3507__5122  
    uu_dtpath/uu_dec/uu_reg_file/g3508__8246  
    uu_dtpath/uu_dec/uu_reg_file/g3510__6131  
    uu_dtpath/uu_dec/uu_reg_file/g3512__5115  
    uu_dtpath/uu_dec/uu_reg_file/g3513__7482  
    uu_dtpath/uu_dec/uu_reg_file/g3514__4733  
    uu_dtpath/uu_dec/uu_reg_file/g3516__9315  
    uu_dtpath/uu_dec/uu_reg_file/g3517__9945  
    uu_dtpath/uu_dec/uu_reg_file/g3519__2346  
    uu_dtpath/uu_dec/uu_reg_file/g3521__7410  
    uu_dtpath/uu_dec/uu_reg_file/g3523__5477  
    uu_dtpath/uu_dec/uu_reg_file/g3524__2398  
    uu_dtpath/uu_dec/uu_reg_file/g3525__5107  
    uu_dtpath/uu_dec/uu_reg_file/g3526__6260  
    uu_dtpath/uu_dec/uu_reg_file/g3528__8428  
    uu_dtpath/uu_dec/uu_reg_file/g3529__5526  
    uu_dtpath/uu_dec/uu_reg_file/g3530__6783  
    uu_dtpath/uu_dec/uu_reg_file/g3533__2802  
    uu_dtpath/uu_dec/uu_reg_file/g3535__5122  
    uu_dtpath/uu_dec/uu_reg_file/g3536__8246  
    uu_dtpath/uu_dec/uu_reg_file/g3537__7098  
    uu_dtpath/uu_dec/uu_reg_file/g3538__6131  
    uu_dtpath/uu_dec/uu_reg_file/g3540__5115  
    uu_dtpath/uu_dec/uu_reg_file/g3541__7482  
    uu_dtpath/uu_dec/uu_reg_file/g3543__6161  
    uu_dtpath/uu_dec/uu_reg_file/g3547__2346  
    uu_dtpath/uu_dec/uu_reg_file/g3548__1666  
    uu_dtpath/uu_dec/uu_reg_file/g3549__7410  
    uu_dtpath/uu_dec/uu_reg_file/g3550__6417  
    uu_dtpath/uu_dec/uu_reg_file/g3551__5477  
    uu_dtpath/uu_dec/uu_reg_file/g3553__5107  
    uu_dtpath/uu_dec/uu_reg_file/g3554__6260  
    uu_dtpath/uu_dec/uu_reg_file/g3555__4319  
    uu_dtpath/uu_dec/uu_reg_file/g3558__6783  
    uu_dtpath/uu_dec/uu_reg_file/g3559__3680  
    uu_dtpath/uu_dec/uu_reg_file/g3560__1617  
    uu_dtpath/uu_dec/uu_reg_file/g3561__2802  
    uu_dtpath/uu_dec/uu_reg_file/g3562__1705  
    uu_dtpath/uu_dec/uu_reg_file/g3564__8246  
    uu_dtpath/uu_dec/uu_reg_file/g3565__7098  
    uu_dtpath/uu_dec/uu_reg_file/g3568__5115  
    uu_dtpath/uu_dec/uu_reg_file/g3569__7482  
    uu_dtpath/uu_dec/uu_reg_file/g3571__6161  
    uu_dtpath/uu_dec/uu_reg_file/g3572__9315  
    uu_dtpath/uu_dec/uu_reg_file/g3573__9945  
    uu_dtpath/uu_dec/uu_reg_file/g3574__2883  
    uu_dtpath/uu_dec/uu_reg_file/g3576__1666  
    uu_dtpath/uu_dec/uu_reg_file/g3577__7410  
    uu_dtpath/uu_dec/uu_reg_file/g3578__6417  
    uu_dtpath/uu_dec/uu_reg_file/g3579__5477  
    uu_dtpath/uu_dec/uu_reg_file/g3583__4319  
    uu_dtpath/uu_dec/uu_reg_file/g3584__8428  
    uu_dtpath/uu_dec/uu_reg_file/g3585__5526  
    uu_dtpath/uu_dec/uu_reg_file/g3586__6783  
    uu_dtpath/uu_dec/uu_reg_file/g3587__3680  
    uu_dtpath/uu_dec/uu_reg_file/g3588__1617  
    uu_dtpath/uu_dec/uu_reg_file/g3589__2802  
    uu_dtpath/uu_dec/uu_reg_file/g3590__1705  
    uu_dtpath/uu_dec/uu_reg_file/g3591__5122  
    uu_dtpath/uu_dec/uu_reg_file/g3592__8246  
    uu_dtpath/uu_dec/uu_reg_file/g3593__7098  
    uu_dtpath/uu_dec/uu_reg_file/g3594__6131  
    uu_dtpath/uu_dec/uu_reg_file/g3595__1881  
    uu_dtpath/uu_dec/uu_reg_file/g3596__5115  
    uu_dtpath/uu_dec/uu_reg_file/g3597__7482  
    uu_dtpath/uu_dec/uu_reg_file/g3598__4733  
    uu_dtpath/uu_dec/uu_reg_file/g3599__6161  
    uu_dtpath/uu_dec/uu_reg_file/g3600__9315  
    uu_dtpath/uu_dec/uu_reg_file/g3601__9945  
    uu_dtpath/uu_dec/uu_reg_file/g3602__2883  
    uu_dtpath/uu_dec/uu_reg_file/g3603__2346  
    uu_dtpath/uu_dec/uu_reg_file/g3604__1666  
    uu_dtpath/uu_dec/uu_reg_file/g3605__7410  
    uu_dtpath/uu_dec/uu_reg_file/g3606__6417  
    uu_dtpath/uu_dec/uu_reg_file/g3607__5477  
    uu_dtpath/uu_dec/uu_reg_file/g3608__2398  
    uu_dtpath/uu_dec/uu_reg_file/g3609__5107  
    uu_dtpath/uu_dec/uu_reg_file/g3610__6260  
    uu_dtpath/uu_dec/uu_reg_file/g3611__4319  
    uu_dtpath/uu_dec/uu_reg_file/g3612__8428  
    uu_dtpath/uu_dec/uu_reg_file/g3613__5526  
    uu_dtpath/uu_dec/uu_reg_file/g3614__6783  
    uu_dtpath/uu_dec/uu_reg_file/g3615__3680  
    uu_dtpath/uu_dec/uu_reg_file/g3616__1617  
    uu_dtpath/uu_dec/uu_reg_file/g3617__2802  
    uu_dtpath/uu_dec/uu_reg_file/g3618__1705  
    uu_dtpath/uu_dec/uu_reg_file/g3619__5122  
    uu_dtpath/uu_dec/uu_reg_file/g3620__8246  
    uu_dtpath/uu_dec/uu_reg_file/g3621__7098  
    uu_dtpath/uu_dec/uu_reg_file/g3622__6131  
    uu_dtpath/uu_dec/uu_reg_file/g3623__1881  
    uu_dtpath/uu_dec/uu_reg_file/g3624__5115  
    uu_dtpath/uu_dec/uu_reg_file/g3625__7482  
    uu_dtpath/uu_dec/uu_reg_file/g3626__4733  
    uu_dtpath/uu_dec/uu_reg_file/g3627__6161  
    uu_dtpath/uu_dec/uu_reg_file/g3628__9315  
    uu_dtpath/uu_dec/uu_reg_file/g3629__9945  
    uu_dtpath/uu_dec/uu_reg_file/g3630__2883  
    uu_dtpath/uu_dec/uu_reg_file/g3631__2346  
    uu_dtpath/uu_dec/uu_reg_file/g3632__1666  
    uu_dtpath/uu_dec/uu_reg_file/g3633__7410  
    uu_dtpath/uu_dec/uu_reg_file/g3634__6417  
    uu_dtpath/uu_dec/uu_reg_file/g3635__5477  
    uu_dtpath/uu_dec/uu_reg_file/g3636__2398  
    uu_dtpath/uu_dec/uu_reg_file/g3637__5107  
    uu_dtpath/uu_dec/uu_reg_file/g3638__6260  
    uu_dtpath/uu_dec/uu_reg_file/g3639__4319  
    uu_dtpath/uu_dec/uu_reg_file/g3640__8428  
    uu_dtpath/uu_dec/uu_reg_file/g3641__5526  
    uu_dtpath/uu_dec/uu_reg_file/g3642__6783  
    uu_dtpath/uu_dec/uu_reg_file/g3643__3680  
    uu_dtpath/uu_dec/uu_reg_file/g3644__1617  
    uu_dtpath/uu_dec/uu_reg_file/g3645__2802  
    uu_dtpath/uu_dec/uu_reg_file/g3646__1705  
    uu_dtpath/uu_dec/uu_reg_file/g3647__5122  
    uu_dtpath/uu_dec/uu_reg_file/g3648__8246  
    uu_dtpath/uu_dec/uu_reg_file/g3649__7098  
    uu_dtpath/uu_dec/uu_reg_file/g3650__6131  
    uu_dtpath/uu_dec/uu_reg_file/g3651__1881  
    uu_dtpath/uu_dec/uu_reg_file/g3652__5115  
    uu_dtpath/uu_dec/uu_reg_file/g3653__7482  
    uu_dtpath/uu_dec/uu_reg_file/g3654__4733  
    uu_dtpath/uu_dec/uu_reg_file/g3655__6161  
    uu_dtpath/uu_dec/uu_reg_file/g3656__9315  
    uu_dtpath/uu_dec/uu_reg_file/g3657__9945  
    uu_dtpath/uu_dec/uu_reg_file/g3658__2883  
    uu_dtpath/uu_dec/uu_reg_file/g3659__2346  
    uu_dtpath/uu_dec/uu_reg_file/g3660__1666  
    uu_dtpath/uu_dec/uu_reg_file/g3661__7410  
    uu_dtpath/uu_dec/uu_reg_file/g3662__6417  
    uu_dtpath/uu_dec/uu_reg_file/g3663__5477  
    uu_dtpath/uu_dec/uu_reg_file/g3664__2398  
    uu_dtpath/uu_dec/uu_reg_file/g3665__5107  
    uu_dtpath/uu_dec/uu_reg_file/g3666__6260  
    uu_dtpath/uu_dec/uu_reg_file/g3667__4319  
    uu_dtpath/uu_dec/uu_reg_file/g3668__8428  
    uu_dtpath/uu_dec/uu_reg_file/g3669__5526  
    uu_dtpath/uu_dec/uu_reg_file/g3670__6783  
    uu_dtpath/uu_dec/uu_reg_file/g3671__3680  
    uu_dtpath/uu_dec/uu_reg_file/g3672__1617  
    uu_dtpath/uu_dec/uu_reg_file/g3673__2802  
    uu_dtpath/uu_dec/uu_reg_file/g3674__1705  
    uu_dtpath/uu_dec/uu_reg_file/g3675__5122  
    uu_dtpath/uu_dec/uu_reg_file/g3676__8246  
    uu_dtpath/uu_dec/uu_reg_file/g3677__7098  
    uu_dtpath/uu_dec/uu_reg_file/g3678__6131  
    uu_dtpath/uu_dec/uu_reg_file/g3679__1881  
    uu_dtpath/uu_dec/uu_reg_file/g3680__5115  
    uu_dtpath/uu_dec/uu_reg_file/g3681__7482  
    uu_dtpath/uu_dec/uu_reg_file/g3682__4733  
    uu_dtpath/uu_dec/uu_reg_file/g3683__6161  
    uu_dtpath/uu_dec/uu_reg_file/g3684__9315  
    uu_dtpath/uu_dec/uu_reg_file/g3685__9945  
    uu_dtpath/uu_dec/uu_reg_file/g3686__2883  
    uu_dtpath/uu_dec/uu_reg_file/g3687__2346  
    uu_dtpath/uu_dec/uu_reg_file/g3688__1666  
    uu_dtpath/uu_dec/uu_reg_file/g3689__7410  
    uu_dtpath/uu_dec/uu_reg_file/g3690__6417  
    uu_dtpath/uu_dec/uu_reg_file/g3691__5477  
    uu_dtpath/uu_dec/uu_reg_file/g3692__2398  
    uu_dtpath/uu_dec/uu_reg_file/g3693__5107  
    uu_dtpath/uu_dec/uu_reg_file/g3694__6260  
    uu_dtpath/uu_dec/uu_reg_file/g3695__4319  
    uu_dtpath/uu_dec/uu_reg_file/g3696__8428  
    uu_dtpath/uu_dec/uu_reg_file/g3697__5526  
    uu_dtpath/uu_dec/uu_reg_file/g3698__6783  
    uu_dtpath/uu_dec/uu_reg_file/g3699__3680  
    uu_dtpath/uu_dec/uu_reg_file/g3700__1617  
    uu_dtpath/uu_dec/uu_reg_file/g3701__2802  
    uu_dtpath/uu_dec/uu_reg_file/g3702__1705  
    uu_dtpath/uu_dec/uu_reg_file/g3703__5122  
    uu_dtpath/uu_dec/uu_reg_file/g3704__8246  
    uu_dtpath/uu_dec/uu_reg_file/g3705__7098  
    uu_dtpath/uu_dec/uu_reg_file/g3706__6131  
    uu_dtpath/uu_dec/uu_reg_file/g3707__1881  
    uu_dtpath/uu_dec/uu_reg_file/g3708__5115  
    uu_dtpath/uu_dec/uu_reg_file/g3709__7482  
    uu_dtpath/uu_dec/uu_reg_file/g3710__4733  
    uu_dtpath/uu_dec/uu_reg_file/g3711__6161  
    uu_dtpath/uu_dec/uu_reg_file/g3712__9315  
    uu_dtpath/uu_dec/uu_reg_file/g3713__9945  
    uu_dtpath/uu_dec/uu_reg_file/g3714__2883  
    uu_dtpath/uu_dec/uu_reg_file/g3715__2346  
    uu_dtpath/uu_dec/uu_reg_file/g3716__1666  
    uu_dtpath/uu_dec/uu_reg_file/g3717__7410  
    uu_dtpath/uu_dec/uu_reg_file/g3718__6417  
    uu_dtpath/uu_dec/uu_reg_file/g3719__5477  
    uu_dtpath/uu_dec/uu_reg_file/g3720__2398  
    uu_dtpath/uu_dec/uu_reg_file/g3721__5107  
    uu_dtpath/uu_dec/uu_reg_file/g3722__6260  
    uu_dtpath/uu_dec/uu_reg_file/g3723__4319  
    uu_dtpath/uu_dec/uu_reg_file/g3724__8428  
    uu_dtpath/uu_dec/uu_reg_file/g3725__5526  
    uu_dtpath/uu_dec/uu_reg_file/g3726__6783  
    uu_dtpath/uu_dec/uu_reg_file/g3727__3680  
    uu_dtpath/uu_dec/uu_reg_file/g3728__1617  
    uu_dtpath/uu_dec/uu_reg_file/g3729__2802  
    uu_dtpath/uu_dec/uu_reg_file/g3730__1705  
    uu_dtpath/uu_dec/uu_reg_file/g3731__5122  
    uu_dtpath/uu_dec/uu_reg_file/g3732__8246  
    uu_dtpath/uu_dec/uu_reg_file/g3733__7098  
    uu_dtpath/uu_dec/uu_reg_file/g3734__6131  
    uu_dtpath/uu_dec/uu_reg_file/g3735__1881  
    uu_dtpath/uu_dec/uu_reg_file/g3736__5115  
    uu_dtpath/uu_dec/uu_reg_file/g3737__7482  
    uu_dtpath/uu_dec/uu_reg_file/g3738__4733  
    uu_dtpath/uu_dec/uu_reg_file/g3739__6161  
    uu_dtpath/uu_dec/uu_reg_file/g3740__9315  
    uu_dtpath/uu_dec/uu_reg_file/g3741__9945  
    uu_dtpath/uu_dec/uu_reg_file/g3742__2883  
    uu_dtpath/uu_dec/uu_reg_file/g3743__2346  
    uu_dtpath/uu_dec/uu_reg_file/g3744__1666  
    uu_dtpath/uu_dec/uu_reg_file/g3745__7410  
    uu_dtpath/uu_dec/uu_reg_file/g3746__6417  
    uu_dtpath/uu_dec/uu_reg_file/g3747__5477  
    uu_dtpath/uu_dec/uu_reg_file/g3748__2398  
    uu_dtpath/uu_dec/uu_reg_file/g3749__5107  
    uu_dtpath/uu_dec/uu_reg_file/g3750__6260  
    uu_dtpath/uu_dec/uu_reg_file/g3751__4319  
    uu_dtpath/uu_dec/uu_reg_file/g3752__8428  
    uu_dtpath/uu_dec/uu_reg_file/g3753__5526  
    uu_dtpath/uu_dec/uu_reg_file/g3754__6783  
    uu_dtpath/uu_dec/uu_reg_file/g3755__3680  
    uu_dtpath/uu_dec/uu_reg_file/g3756__1617  
    uu_dtpath/uu_dec/uu_reg_file/g3757__2802  
    uu_dtpath/uu_dec/uu_reg_file/g3758__1705  
    uu_dtpath/uu_dec/uu_reg_file/g3759__5122  
    uu_dtpath/uu_dec/uu_reg_file/g3760__8246  
    uu_dtpath/uu_dec/uu_reg_file/g3761__7098  
    uu_dtpath/uu_dec/uu_reg_file/g3762__6131  
    uu_dtpath/uu_dec/uu_reg_file/g3763__1881  
    uu_dtpath/uu_dec/uu_reg_file/g3764__5115  
    uu_dtpath/uu_dec/uu_reg_file/g3765__7482  
    uu_dtpath/uu_dec/uu_reg_file/g3766__4733  
    uu_dtpath/uu_dec/uu_reg_file/g3767__6161  
    uu_dtpath/uu_dec/uu_reg_file/g3768__9315  
    uu_dtpath/uu_dec/uu_reg_file/g3769__9945  
    uu_dtpath/uu_dec/uu_reg_file/g3770__2883  
    uu_dtpath/uu_dec/uu_reg_file/g3771__2346  
    uu_dtpath/uu_dec/uu_reg_file/g3772__1666  
    uu_dtpath/uu_dec/uu_reg_file/g3773__7410  
    uu_dtpath/uu_dec/uu_reg_file/g3774__6417  
    uu_dtpath/uu_dec/uu_reg_file/g3775__5477  
    uu_dtpath/uu_dec/uu_reg_file/g3776__2398  
    uu_dtpath/uu_dec/uu_reg_file/g3777__5107  
    uu_dtpath/uu_dec/uu_reg_file/g3778__6260  
    uu_dtpath/uu_dec/uu_reg_file/g3779__4319  
    uu_dtpath/uu_dec/uu_reg_file/g3780__8428  
    uu_dtpath/uu_dec/uu_reg_file/g3781__5526  
    uu_dtpath/uu_dec/uu_reg_file/g3782__6783  
    uu_dtpath/uu_dec/uu_reg_file/g3783__3680  
    uu_dtpath/uu_dec/uu_reg_file/g3784__1617  
    uu_dtpath/uu_dec/uu_reg_file/g3785__2802  
    uu_dtpath/uu_dec/uu_reg_file/g3786__1705  
    uu_dtpath/uu_dec/uu_reg_file/g3787__5122  
    uu_dtpath/uu_dec/uu_reg_file/g3788__8246  
    uu_dtpath/uu_dec/uu_reg_file/g3789__7098  
    uu_dtpath/uu_dec/uu_reg_file/g3790__6131  
    uu_dtpath/uu_dec/uu_reg_file/g3791__1881  
    uu_dtpath/uu_dec/uu_reg_file/g3792__5115  
    uu_dtpath/uu_dec/uu_reg_file/g3793__7482  
    uu_dtpath/uu_dec/uu_reg_file/g3794__4733  
    uu_dtpath/uu_dec/uu_reg_file/g3795__6161  
    uu_dtpath/uu_dec/uu_reg_file/g3796__9315  
    uu_dtpath/uu_dec/uu_reg_file/g3797__9945  
    uu_dtpath/uu_dec/uu_reg_file/g3798__2883  
    uu_dtpath/uu_dec/uu_reg_file/g3799__2346  
    uu_dtpath/uu_dec/uu_reg_file/g3800__1666  
    uu_dtpath/uu_dec/uu_reg_file/g3801__7410  
    uu_dtpath/uu_dec/uu_reg_file/g3802__6417  
    uu_dtpath/uu_dec/uu_reg_file/g3803__5477  
    uu_dtpath/uu_dec/uu_reg_file/g3804__2398  
    uu_dtpath/uu_dec/uu_reg_file/g3805__5107  
    uu_dtpath/uu_dec/uu_reg_file/g3806__6260  
    uu_dtpath/uu_dec/uu_reg_file/g3807__4319  
    uu_dtpath/uu_dec/uu_reg_file/g3808__8428  
    uu_dtpath/uu_dec/uu_reg_file/g3809__5526  
    uu_dtpath/uu_dec/uu_reg_file/g3810__6783  
    uu_dtpath/uu_dec/uu_reg_file/g3811__3680  
    uu_dtpath/uu_dec/uu_reg_file/g3812__1617  
    uu_dtpath/uu_dec/uu_reg_file/g3813__2802  
    uu_dtpath/uu_dec/uu_reg_file/g3814__1705  
    uu_dtpath/uu_dec/uu_reg_file/g3815__5122  
    uu_dtpath/uu_dec/uu_reg_file/g3816__8246  
    uu_dtpath/uu_dec/uu_reg_file/g3817__7098  
    uu_dtpath/uu_dec/uu_reg_file/g3818__6131  
    uu_dtpath/uu_dec/uu_reg_file/g3819__1881  
    uu_dtpath/uu_dec/uu_reg_file/g3820__5115  
    uu_dtpath/uu_dec/uu_reg_file/g3821__7482  
    uu_dtpath/uu_dec/uu_reg_file/g3822__4733  
    uu_dtpath/uu_dec/uu_reg_file/g3823__6161  
    uu_dtpath/uu_dec/uu_reg_file/g3824__9315  
    uu_dtpath/uu_dec/uu_reg_file/g3825__9945  
    uu_dtpath/uu_dec/uu_reg_file/g3826__2883  
    uu_dtpath/uu_dec/uu_reg_file/g3827__2346  
    uu_dtpath/uu_dec/uu_reg_file/g3828__1666  
    uu_dtpath/uu_dec/uu_reg_file/g3829__7410  
    uu_dtpath/uu_dec/uu_reg_file/g3830__6417  
    uu_dtpath/uu_dec/uu_reg_file/g3831__5477  
    uu_dtpath/uu_dec/uu_reg_file/g3832__2398  
    uu_dtpath/uu_dec/uu_reg_file/g3833__5107  
    uu_dtpath/uu_dec/uu_reg_file/g3834__6260  
    uu_dtpath/uu_dec/uu_reg_file/g3835__4319  
    uu_dtpath/uu_dec/uu_reg_file/g3836__8428  
    uu_dtpath/uu_dec/uu_reg_file/g3837__5526  
    uu_dtpath/uu_dec/uu_reg_file/g3838__6783  
    uu_dtpath/uu_dec/uu_reg_file/g3839__3680  
    uu_dtpath/uu_dec/uu_reg_file/g3840__1617  
    uu_dtpath/uu_dec/uu_reg_file/g3841__2802  
    uu_dtpath/uu_dec/uu_reg_file/g3842__1705  
    uu_dtpath/uu_dec/uu_reg_file/g3843__5122  
    uu_dtpath/uu_dec/uu_reg_file/g3844__8246  
    uu_dtpath/uu_dec/uu_reg_file/g3845__7098  
    uu_dtpath/uu_dec/uu_reg_file/g3846__6131  
    uu_dtpath/uu_dec/uu_reg_file/g3847__1881  
    uu_dtpath/uu_dec/uu_reg_file/g3848__5115  
    uu_dtpath/uu_dec/uu_reg_file/g3849__7482  
    uu_dtpath/uu_dec/uu_reg_file/g3850__4733  
    uu_dtpath/uu_dec/uu_reg_file/g3851__6161  
    uu_dtpath/uu_dec/uu_reg_file/g3852__9315  
    uu_dtpath/uu_dec/uu_reg_file/g3853__9945  
    uu_dtpath/uu_dec/uu_reg_file/g3854__2883  
    uu_dtpath/uu_dec/uu_reg_file/g3855__2346  
    uu_dtpath/uu_dec/uu_reg_file/g3856__1666  
    uu_dtpath/uu_dec/uu_reg_file/g3857__7410  
    uu_dtpath/uu_dec/uu_reg_file/g3858__6417  
    uu_dtpath/uu_dec/uu_reg_file/g3859__5477  
    uu_dtpath/uu_dec/uu_reg_file/g3860__2398  
    uu_dtpath/uu_dec/uu_reg_file/g3861__5107  
    uu_dtpath/uu_dec/uu_reg_file/g3862__6260  
    uu_dtpath/uu_dec/uu_reg_file/g3863__4319  
    uu_dtpath/uu_dec/uu_reg_file/g3864__8428  
    uu_dtpath/uu_dec/uu_reg_file/g3865__5526  
    uu_dtpath/uu_dec/uu_reg_file/g3866__6783  
    uu_dtpath/uu_dec/uu_reg_file/g3867__3680  
    uu_dtpath/uu_dec/uu_reg_file/g3868__1617  
    uu_dtpath/uu_dec/uu_reg_file/g3869__2802  
    uu_dtpath/uu_dec/uu_reg_file/g3870__1705  
    uu_dtpath/uu_dec/uu_reg_file/g3871__5122  
    uu_dtpath/uu_dec/uu_reg_file/g3872__8246  
    uu_dtpath/uu_dec/uu_reg_file/g3873__7098  
    uu_dtpath/uu_dec/uu_reg_file/g3874__6131  
    uu_dtpath/uu_dec/uu_reg_file/g3875__1881  
    uu_dtpath/uu_dec/uu_reg_file/g3876__5115  
    uu_dtpath/uu_dec/uu_reg_file/g3877__7482  
    uu_dtpath/uu_dec/uu_reg_file/g3878__4733  
    uu_dtpath/uu_dec/uu_reg_file/g3879__6161  
    uu_dtpath/uu_dec/uu_reg_file/g3880__9315  
    uu_dtpath/uu_dec/uu_reg_file/g3881__9945  
    uu_dtpath/uu_dec/uu_reg_file/g3882__2883  
    uu_dtpath/uu_dec/uu_reg_file/g3883__2346  
    uu_dtpath/uu_dec/uu_reg_file/g3884__1666  
    uu_dtpath/uu_dec/uu_reg_file/g3885__7410  
    uu_dtpath/uu_dec/uu_reg_file/g3886__6417  
    uu_dtpath/uu_dec/uu_reg_file/g3887__5477  
    uu_dtpath/uu_dec/uu_reg_file/g3888__2398  
    uu_dtpath/uu_dec/uu_reg_file/g3889__5107  
    uu_dtpath/uu_dec/uu_reg_file/g3890__6260  
    uu_dtpath/uu_dec/uu_reg_file/g3891__4319  
    uu_dtpath/uu_dec/uu_reg_file/g3892__8428  
    uu_dtpath/uu_dec/uu_reg_file/g3893__5526  
    uu_dtpath/uu_dec/uu_reg_file/g3894__6783  
    uu_dtpath/uu_dec/uu_reg_file/g3895__3680  
    uu_dtpath/uu_dec/uu_reg_file/g3896__1617  
    uu_dtpath/uu_dec/uu_reg_file/g3897__2802  
    uu_dtpath/uu_dec/uu_reg_file/g3898__1705  
    uu_dtpath/uu_dec/uu_reg_file/g3899__5122  
    uu_dtpath/uu_dec/uu_reg_file/g3900__8246  
    uu_dtpath/uu_dec/uu_reg_file/g3901__7098  
    uu_dtpath/uu_dec/uu_reg_file/g3902__6131  
    uu_dtpath/uu_dec/uu_reg_file/g3903__1881  
    uu_dtpath/uu_dec/uu_reg_file/g3904__5115  
    uu_dtpath/uu_dec/uu_reg_file/g3905__7482  
    uu_dtpath/uu_dec/uu_reg_file/g3906__4733  
    uu_dtpath/uu_dec/uu_reg_file/g3907__6161  
    uu_dtpath/uu_dec/uu_reg_file/g3908__9315  
    uu_dtpath/uu_dec/uu_reg_file/g3909__9945  
    uu_dtpath/uu_dec/uu_reg_file/g3910__2883  
    uu_dtpath/uu_dec/uu_reg_file/g3911__2346  
    uu_dtpath/uu_dec/uu_reg_file/g3912__1666  
    uu_dtpath/uu_dec/uu_reg_file/g3913__7410  
    uu_dtpath/uu_dec/uu_reg_file/g3914__6417  
    uu_dtpath/uu_dec/uu_reg_file/g3915__5477  
    uu_dtpath/uu_dec/uu_reg_file/g3916__2398  
    uu_dtpath/uu_dec/uu_reg_file/g3917__5107  
    uu_dtpath/uu_dec/uu_reg_file/g3918__6260  
    uu_dtpath/uu_dec/uu_reg_file/g3919__4319  
    uu_dtpath/uu_dec/uu_reg_file/g3920__8428  
    uu_dtpath/uu_dec/uu_reg_file/g3921__5526  
    uu_dtpath/uu_dec/uu_reg_file/g3922__6783  
    uu_dtpath/uu_dec/uu_reg_file/g3923__3680  
    uu_dtpath/uu_dec/uu_reg_file/g3924__1617  
    uu_dtpath/uu_dec/uu_reg_file/g3925__2802  
    uu_dtpath/uu_dec/uu_reg_file/g3926__1705  
    uu_dtpath/uu_dec/uu_reg_file/g3927__5122  
    uu_dtpath/uu_dec/uu_reg_file/g3928__8246  
    uu_dtpath/uu_dec/uu_reg_file/g3929__7098  
    uu_dtpath/uu_dec/uu_reg_file/g3930__6131  
    uu_dtpath/uu_dec/uu_reg_file/g3931__1881  
    uu_dtpath/uu_dec/uu_reg_file/g3932__5115  
    uu_dtpath/uu_dec/uu_reg_file/g3933__7482  
    uu_dtpath/uu_dec/uu_reg_file/g3934__4733  
    uu_dtpath/uu_dec/uu_reg_file/g3935__6161  
    uu_dtpath/uu_dec/uu_reg_file/g3936__9315  
    uu_dtpath/uu_dec/uu_reg_file/g3937__9945  
    uu_dtpath/uu_dec/uu_reg_file/g3938__2883  
    uu_dtpath/uu_dec/uu_reg_file/g3939__2346  
    uu_dtpath/uu_dec/uu_reg_file/g3940__1666  
    uu_dtpath/uu_dec/uu_reg_file/g3941__7410  
    uu_dtpath/uu_dec/uu_reg_file/g3942__6417  
    uu_dtpath/uu_dec/uu_reg_file/g3943__5477  
    uu_dtpath/uu_dec/uu_reg_file/g3944__2398  
    uu_dtpath/uu_dec/uu_reg_file/g3945__5107  
    uu_dtpath/uu_dec/uu_reg_file/g3946__6260  
    uu_dtpath/uu_dec/uu_reg_file/g3947__4319  
    uu_dtpath/uu_dec/uu_reg_file/g3948__8428  
    uu_dtpath/uu_dec/uu_reg_file/g3949__5526  
    uu_dtpath/uu_dec/uu_reg_file/g3950__6783  
    uu_dtpath/uu_dec/uu_reg_file/g3951__3680  
    uu_dtpath/uu_dec/uu_reg_file/g3952__1617  
    uu_dtpath/uu_dec/uu_reg_file/g3953__2802  
    uu_dtpath/uu_dec/uu_reg_file/g3954__1705  
    uu_dtpath/uu_dec/uu_reg_file/g3955__5122  
    uu_dtpath/uu_dec/uu_reg_file/g3956__8246  
    uu_dtpath/uu_dec/uu_reg_file/g3957__7098  
    uu_dtpath/uu_dec/uu_reg_file/g3958__6131  
    uu_dtpath/uu_dec/uu_reg_file/g3959__1881  
    uu_dtpath/uu_dec/uu_reg_file/g3960__5115  
    uu_dtpath/uu_dec/uu_reg_file/g3961__7482  
    uu_dtpath/uu_dec/uu_reg_file/g3962__4733  
    uu_dtpath/uu_dec/uu_reg_file/g3963__6161  
    uu_dtpath/uu_dec/uu_reg_file/g3964__9315  
    uu_dtpath/uu_dec/uu_reg_file/g3965__9945  
    uu_dtpath/uu_dec/uu_reg_file/g3966__2883  
    uu_dtpath/uu_dec/uu_reg_file/g3967__2346  
    uu_dtpath/uu_dec/uu_reg_file/g3968__1666  
    uu_dtpath/uu_dec/uu_reg_file/g3969__7410  
    uu_dtpath/uu_dec/uu_reg_file/g3970__6417  
    uu_dtpath/uu_dec/uu_reg_file/g3971__5477  
    uu_dtpath/uu_dec/uu_reg_file/g3972__2398  
    uu_dtpath/uu_dec/uu_reg_file/g3973__5107  
    uu_dtpath/uu_dec/uu_reg_file/g3974__6260  
    uu_dtpath/uu_dec/uu_reg_file/g3975__4319  
    uu_dtpath/uu_dec/uu_reg_file/g3976__8428  
    uu_dtpath/uu_dec/uu_reg_file/g3977__5526  
    uu_dtpath/uu_dec/uu_reg_file/g3978__6783  
    uu_dtpath/uu_dec/uu_reg_file/g3979__3680  
    uu_dtpath/uu_dec/uu_reg_file/g3980__1617  
    uu_dtpath/uu_dec/uu_reg_file/g3981__2802  
    uu_dtpath/uu_dec/uu_reg_file/g3982__1705  
    uu_dtpath/uu_dec/uu_reg_file/g3983__5122  
    uu_dtpath/uu_dec/uu_reg_file/g3984__8246  
    uu_dtpath/uu_dec/uu_reg_file/g3985__7098  
    uu_dtpath/uu_dec/uu_reg_file/g3986__6131  
    uu_dtpath/uu_dec/uu_reg_file/g3987__1881  
    uu_dtpath/uu_dec/uu_reg_file/g3988__5115  
    uu_dtpath/uu_dec/uu_reg_file/g3989__7482  
    uu_dtpath/uu_dec/uu_reg_file/g3990__4733  
    uu_dtpath/uu_dec/uu_reg_file/g3991__6161  
    uu_dtpath/uu_dec/uu_reg_file/g3992__9315  
    uu_dtpath/uu_dec/uu_reg_file/g3993__9945  
    uu_dtpath/uu_dec/uu_reg_file/g3994__2883  
    uu_dtpath/uu_dec/uu_reg_file/g3995__2346  
    uu_dtpath/uu_dec/uu_reg_file/g3996__1666  
    uu_dtpath/uu_dec/uu_reg_file/g3997__7410  
    uu_dtpath/uu_dec/uu_reg_file/g3998__6417  
    uu_dtpath/uu_dec/uu_reg_file/g3999__5477  
    uu_dtpath/uu_dec/uu_reg_file/g4000__2398  
    uu_dtpath/uu_dec/uu_reg_file/g4001__5107  
    uu_dtpath/uu_dec/uu_reg_file/g4002__6260  
    uu_dtpath/uu_dec/uu_reg_file/g4003__4319  
    uu_dtpath/uu_dec/uu_reg_file/g4004__8428  
    uu_dtpath/uu_dec/uu_reg_file/g4005__5526  
    uu_dtpath/uu_dec/uu_reg_file/g4006__6783  
    uu_dtpath/uu_dec/uu_reg_file/g4007__3680  
    uu_dtpath/uu_dec/uu_reg_file/g4008__1617  
    uu_dtpath/uu_dec/uu_reg_file/g4009__2802  
    uu_dtpath/uu_dec/uu_reg_file/g4010__1705  
    uu_dtpath/uu_dec/uu_reg_file/g4011__5122  
    uu_dtpath/uu_dec/uu_reg_file/g4012__8246  
    uu_dtpath/uu_dec/uu_reg_file/g4013__7098  
    uu_dtpath/uu_dec/uu_reg_file/g4014__6131  
    uu_dtpath/uu_dec/uu_reg_file/g4015__1881  
    uu_dtpath/uu_dec/uu_reg_file/g4016__5115  
    uu_dtpath/uu_dec/uu_reg_file/g4017__7482  
    uu_dtpath/uu_dec/uu_reg_file/g4018__4733  
    uu_dtpath/uu_dec/uu_reg_file/g4019__6161  
    uu_dtpath/uu_dec/uu_reg_file/g4020__9315  
    uu_dtpath/uu_dec/uu_reg_file/g4021__9945  
    uu_dtpath/uu_dec/uu_reg_file/g4022__2883  
    uu_dtpath/uu_dec/uu_reg_file/g4023__2346  
    uu_dtpath/uu_dec/uu_reg_file/g4024__1666  
    uu_dtpath/uu_dec/uu_reg_file/g4025__7410  
    uu_dtpath/uu_dec/uu_reg_file/g4026__6417  
    uu_dtpath/uu_dec/uu_reg_file/g4027__5477  
    uu_dtpath/uu_dec/uu_reg_file/g4028__2398  
    uu_dtpath/uu_dec/uu_reg_file/g4029__5107  
    uu_dtpath/uu_dec/uu_reg_file/g4030__6260  
    uu_dtpath/uu_dec/uu_reg_file/g4031__4319  
    uu_dtpath/uu_dec/uu_reg_file/g4032__8428  
    uu_dtpath/uu_dec/uu_reg_file/g4033__5526  
    uu_dtpath/uu_dec/uu_reg_file/g4034__6783  
    uu_dtpath/uu_dec/uu_reg_file/g4035__3680  
    uu_dtpath/uu_dec/uu_reg_file/g4036__1617  
    uu_dtpath/uu_dec/uu_reg_file/g4037__2802  
    uu_dtpath/uu_dec/uu_reg_file/g4038__1705  
    uu_dtpath/uu_dec/uu_reg_file/g4039__5122  
    uu_dtpath/uu_dec/uu_reg_file/g4040__8246  
    uu_dtpath/uu_dec/uu_reg_file/g4041__7098  
    uu_dtpath/uu_dec/uu_reg_file/g4042__6131  
    uu_dtpath/uu_dec/uu_reg_file/g4043__1881  
    uu_dtpath/uu_dec/uu_reg_file/g4044__5115  
    uu_dtpath/uu_dec/uu_reg_file/g4045__7482  
    uu_dtpath/uu_dec/uu_reg_file/g4046__4733  
    uu_dtpath/uu_dec/uu_reg_file/g4047__6161  
    uu_dtpath/uu_dec/uu_reg_file/g4048__9315  
    uu_dtpath/uu_dec/uu_reg_file/g4049__9945  
    uu_dtpath/uu_dec/uu_reg_file/g4050__2883  
    uu_dtpath/uu_dec/uu_reg_file/g4051__2346  
    uu_dtpath/uu_dec/uu_reg_file/g4052__1666  
    uu_dtpath/uu_dec/uu_reg_file/g4053__7410  
    uu_dtpath/uu_dec/uu_reg_file/g4054__6417  
    uu_dtpath/uu_dec/uu_reg_file/g4055__5477  
    uu_dtpath/uu_dec/uu_reg_file/g4056__2398  
    uu_dtpath/uu_dec/uu_reg_file/g4057__5107  
    uu_dtpath/uu_dec/uu_reg_file/g4058__6260  
    uu_dtpath/uu_dec/uu_reg_file/g4059__4319  
    uu_dtpath/uu_dec/uu_reg_file/g4060__8428  
    uu_dtpath/uu_dec/uu_reg_file/g4061__5526  
    uu_dtpath/uu_dec/uu_reg_file/g4062__6783  
    uu_dtpath/uu_dec/uu_reg_file/g4063__3680  
    uu_dtpath/uu_dec/uu_reg_file/g4064__1617  
    uu_dtpath/uu_dec/uu_reg_file/g4065__2802  
    uu_dtpath/uu_dec/uu_reg_file/g4066__1705  
    uu_dtpath/uu_dec/uu_reg_file/g4067__5122  
    uu_dtpath/uu_dec/uu_reg_file/g4068__8246  
    uu_dtpath/uu_dec/uu_reg_file/g4069__7098  
    uu_dtpath/uu_dec/uu_reg_file/g4070__6131  
    uu_dtpath/uu_dec/uu_reg_file/g4071__1881  
    uu_dtpath/uu_dec/uu_reg_file/g4072__5115  
    uu_dtpath/uu_dec/uu_reg_file/g4073__7482  
    uu_dtpath/uu_dec/uu_reg_file/g4074__4733  
    uu_dtpath/uu_dec/uu_reg_file/g4075__6161  
    uu_dtpath/uu_dec/uu_reg_file/g4076__9315  
    uu_dtpath/uu_dec/uu_reg_file/g4077__9945  
    uu_dtpath/uu_dec/uu_reg_file/g4078__2883  
    uu_dtpath/uu_dec/uu_reg_file/g4079__2346  
    uu_dtpath/uu_dec/uu_reg_file/g4080__1666  
    uu_dtpath/uu_dec/uu_reg_file/g4081__7410  
    uu_dtpath/uu_dec/uu_reg_file/g4082__6417  
    uu_dtpath/uu_dec/uu_reg_file/g4083__5477  
    uu_dtpath/uu_dec/uu_reg_file/g4084__2398  
    uu_dtpath/uu_dec/uu_reg_file/g4085__5107  
    uu_dtpath/uu_dec/uu_reg_file/g4086__6260  
    uu_dtpath/uu_dec/uu_reg_file/g4087__4319  
    uu_dtpath/uu_dec/uu_reg_file/g4088__8428  
    uu_dtpath/uu_dec/uu_reg_file/g4089__5526  
    uu_dtpath/uu_dec/uu_reg_file/g4090__6783  
    uu_dtpath/uu_dec/uu_reg_file/g4091__3680  
    uu_dtpath/uu_dec/uu_reg_file/g4092__1617  
    uu_dtpath/uu_dec/uu_reg_file/g4093__2802  
    uu_dtpath/uu_dec/uu_reg_file/g4094__1705  
    uu_dtpath/uu_dec/uu_reg_file/g4095__5122  
    uu_dtpath/uu_dec/uu_reg_file/g4096__8246  
    uu_dtpath/uu_dec/uu_reg_file/g3457__9945  
    uu_dtpath/uu_dec/uu_reg_file/g3458__2883  
    uu_dtpath/uu_dec/uu_reg_file/g3459__2346  
    uu_dtpath/uu_dec/uu_reg_file/g3460__1666  
    uu_dtpath/uu_dec/uu_reg_file/g3461__7410  
    uu_dtpath/uu_dec/uu_reg_file/g3462__6417  
    uu_dtpath/uu_dec/uu_reg_file/g3463__5477  
    uu_dtpath/uu_dec/uu_reg_file/g3464__2398  
    uu_dtpath/uu_dec/uu_reg_file/g3465__5107  
    uu_dtpath/uu_dec/uu_reg_file/g3466__6260  
    uu_dtpath/uu_dec/uu_reg_file/g3467__4319  
    uu_dtpath/uu_dec/uu_reg_file/g3468__8428  
    uu_dtpath/uu_dec/uu_reg_file/g3469__5526  
    uu_dtpath/uu_dec/uu_reg_file/g3470__6783  
    uu_dtpath/uu_dec/uu_reg_file/g3471__3680  
    uu_dtpath/uu_dec/uu_reg_file/g3472__1617  
    uu_dtpath/uu_dec/uu_reg_file/g3473__2802  
    uu_dtpath/uu_dec/uu_reg_file/g3474__1705  
    uu_dtpath/uu_dec/uu_reg_file/g3475__5122  
    uu_dtpath/uu_dec/uu_reg_file/g3476__8246  
    uu_dtpath/uu_dec/uu_reg_file/g3478__6131  
    uu_dtpath/uu_dec/uu_reg_file/g3479__1881  
    uu_dtpath/uu_dec/uu_reg_file/g3480__5115  
    uu_dtpath/uu_dec/uu_reg_file/g3481__7482  
    uu_dtpath/uu_dec/uu_reg_file/g3482__4733  
    uu_dtpath/uu_dec/uu_reg_file/g3483__6161  
    uu_dtpath/uu_dec/uu_reg_file/g3484__9315  
    uu_dtpath/uu_dec/uu_reg_file/g3485__9945  
    uu_dtpath/uu_dec/uu_reg_file/g3486__2883  
    uu_dtpath/uu_dec/uu_reg_file/g3487__2346  
    uu_dtpath/uu_dec/uu_reg_file/g3488__1666  
    uu_dtpath/uu_dec/uu_reg_file/g3489__7410  
    uu_dtpath/uu_dec/uu_reg_file/g3490__6417  
    uu_dtpath/uu_dec/uu_reg_file/g3491__5477  
    uu_dtpath/uu_dec/uu_reg_file/g3493__5107  
    uu_dtpath/uu_dec/uu_reg_file/g3494__6260  
    uu_dtpath/uu_dec/uu_reg_file/g3497__5526  
    uu_dtpath/uu_dec/uu_reg_file/g3498__6783  
    uu_dtpath/uu_dec/uu_reg_file/g3501__2802  
    uu_dtpath/uu_dec/uu_reg_file/g3502__1705  
    uu_dtpath/uu_dec/uu_reg_file/g3503__5122  
    uu_dtpath/uu_dec/uu_reg_file/g3504__8246  
    uu_dtpath/uu_dec/uu_reg_file/g3506__6131  
    uu_dtpath/uu_dec/uu_reg_file/g3507__1881  
    uu_dtpath/uu_dec/uu_reg_file/g3508__5115  
    uu_dtpath/uu_dec/uu_reg_file/g3510__4733  
    uu_dtpath/uu_dec/uu_reg_file/g3512  
    uu_dtpath/uu_dec/uu_reg_file/g3513  
    uu_dtpath/uu_dec/uu_reg_file/g3514  
    uu_dtpath/uu_dec/uu_reg_file/g3516  
    uu_dtpath/uu_dec/uu_reg_file/g3517  
    uu_dtpath/uu_dec/uu_reg_file/g3519  
    uu_dtpath/uu_dec/uu_reg_file/g3521  
    uu_dtpath/uu_dec/uu_reg_file/g3523  
    uu_dtpath/uu_dec/uu_reg_file/g3524  
    uu_dtpath/uu_dec/uu_reg_file/g3525  
    uu_dtpath/uu_dec/uu_reg_file/g3526  
    uu_dtpath/uu_dec/uu_reg_file/g3528  
    uu_dtpath/uu_dec/uu_reg_file/g3529  
    uu_dtpath/uu_dec/uu_reg_file/g3530  
    uu_dtpath/uu_dec/uu_reg_file/g3533  
    uu_dtpath/uu_dec/uu_reg_file/g3535  
    uu_dtpath/uu_dec/uu_reg_file/g3536  
    uu_dtpath/uu_dec/uu_reg_file/g3537  
    uu_dtpath/uu_dec/uu_reg_file/g3538  
    uu_dtpath/uu_dec/uu_reg_file/g3540  
    uu_dtpath/uu_dec/uu_reg_file/g3541  
    uu_dtpath/uu_dec/uu_reg_file/g3543  
    uu_dtpath/uu_dec/uu_reg_file/g3547  
    uu_dtpath/uu_dec/uu_reg_file/g3548  
    uu_dtpath/uu_dec/uu_reg_file/g3549  
    uu_dtpath/uu_dec/uu_reg_file/g3550  
    uu_dtpath/uu_dec/uu_reg_file/g3551  
    uu_dtpath/uu_dec/uu_reg_file/g3553  
    uu_dtpath/uu_dec/uu_reg_file/g3554  
    uu_dtpath/uu_dec/uu_reg_file/g3555  
    uu_dtpath/uu_dec/uu_reg_file/g3558  
    uu_dtpath/uu_dec/uu_reg_file/g3559  
    uu_dtpath/uu_dec/uu_reg_file/g3560  
    uu_dtpath/uu_dec/uu_reg_file/g3561  
    uu_dtpath/uu_dec/uu_reg_file/g3562  
    uu_dtpath/uu_dec/uu_reg_file/g3564  
    uu_dtpath/uu_dec/uu_reg_file/g3565  
    uu_dtpath/uu_dec/uu_reg_file/g3568  
    uu_dtpath/uu_dec/uu_reg_file/g3569  
    uu_dtpath/uu_dec/uu_reg_file/g3571  
    uu_dtpath/uu_dec/uu_reg_file/g3572  
    uu_dtpath/uu_dec/uu_reg_file/g3573  
    uu_dtpath/uu_dec/uu_reg_file/g3574  
    uu_dtpath/uu_dec/uu_reg_file/g3576  
    uu_dtpath/uu_dec/uu_reg_file/g3577  
    uu_dtpath/uu_dec/uu_reg_file/g3578  
    uu_dtpath/uu_dec/uu_reg_file/g3579  
    uu_dtpath/uu_dec/uu_reg_file/g3583  
    uu_dtpath/uu_dec/uu_reg_file/g3584  
    uu_dtpath/uu_dec/uu_reg_file/g3585  
    uu_dtpath/uu_dec/uu_reg_file/g3586  
    uu_dtpath/uu_dec/uu_reg_file/g3587  
    uu_dtpath/uu_dec/uu_reg_file/g3588  
    uu_dtpath/uu_dec/uu_reg_file/g3589  
    uu_dtpath/uu_dec/uu_reg_file/g3590  
    uu_dtpath/uu_dec/uu_reg_file/g3591  
    uu_dtpath/uu_dec/uu_reg_file/g3592  
    uu_dtpath/uu_dec/uu_reg_file/g3593  
    uu_dtpath/uu_dec/uu_reg_file/g3594  
    uu_dtpath/uu_dec/uu_reg_file/g3595  
    uu_dtpath/uu_dec/uu_reg_file/g3596  
    uu_dtpath/uu_dec/uu_reg_file/g3597  
    uu_dtpath/uu_dec/uu_reg_file/g3598  
    uu_dtpath/uu_dec/uu_reg_file/g3599  
    uu_dtpath/uu_dec/uu_reg_file/g3600  
    uu_dtpath/uu_dec/uu_reg_file/g3601  
    uu_dtpath/uu_dec/uu_reg_file/g3602  
    uu_dtpath/uu_dec/uu_reg_file/g3603  
    uu_dtpath/uu_dec/uu_reg_file/g3604  
    uu_dtpath/uu_dec/uu_reg_file/g3605  
    uu_dtpath/uu_dec/uu_reg_file/g3606  
    uu_dtpath/uu_dec/uu_reg_file/g3607  
    uu_dtpath/uu_dec/uu_reg_file/g3608  
    uu_dtpath/uu_dec/uu_reg_file/g3609  
    uu_dtpath/uu_dec/uu_reg_file/g3610  
    uu_dtpath/uu_dec/uu_reg_file/g3611  
    uu_dtpath/uu_dec/uu_reg_file/g3612  
    uu_dtpath/uu_dec/uu_reg_file/g3613  
    uu_dtpath/uu_dec/uu_reg_file/g3614  
    uu_dtpath/uu_dec/uu_reg_file/g3615  
    uu_dtpath/uu_dec/uu_reg_file/g3616  
    uu_dtpath/uu_dec/uu_reg_file/g3617  
    uu_dtpath/uu_dec/uu_reg_file/g3618  
    uu_dtpath/uu_dec/uu_reg_file/g3619  
    uu_dtpath/uu_dec/uu_reg_file/g3620  
    uu_dtpath/uu_dec/uu_reg_file/g3621  
    uu_dtpath/uu_dec/uu_reg_file/g3622  
    uu_dtpath/uu_dec/uu_reg_file/g3623  
    uu_dtpath/uu_dec/uu_reg_file/g3624  
    uu_dtpath/uu_dec/uu_reg_file/g3625  
    uu_dtpath/uu_dec/uu_reg_file/g3626  
    uu_dtpath/uu_dec/uu_reg_file/g3627  
    uu_dtpath/uu_dec/uu_reg_file/g3628  
    uu_dtpath/uu_dec/uu_reg_file/g3629  
    uu_dtpath/uu_dec/uu_reg_file/g3630  
    uu_dtpath/uu_dec/uu_reg_file/g3631  
    uu_dtpath/uu_dec/uu_reg_file/g3632  
    uu_dtpath/uu_dec/uu_reg_file/g3633  
    uu_dtpath/uu_dec/uu_reg_file/g3634  
    uu_dtpath/uu_dec/uu_reg_file/g3635  
    uu_dtpath/uu_dec/uu_reg_file/g3636  
    uu_dtpath/uu_dec/uu_reg_file/g3637  
    uu_dtpath/uu_dec/uu_reg_file/g3638  
    uu_dtpath/uu_dec/uu_reg_file/g3639  
    uu_dtpath/uu_dec/uu_reg_file/g3640  
    uu_dtpath/uu_dec/uu_reg_file/g3641  
    uu_dtpath/uu_dec/uu_reg_file/g3642  
    uu_dtpath/uu_dec/uu_reg_file/g3643  
    uu_dtpath/uu_dec/uu_reg_file/g3644  
    uu_dtpath/uu_dec/uu_reg_file/g3645  
    uu_dtpath/uu_dec/uu_reg_file/g3646  
    uu_dtpath/uu_dec/uu_reg_file/g3647  
    uu_dtpath/uu_dec/uu_reg_file/g3648  
    uu_dtpath/uu_dec/uu_reg_file/g3649  
    uu_dtpath/uu_dec/uu_reg_file/g3650  
    uu_dtpath/uu_dec/uu_reg_file/g3651  
    uu_dtpath/uu_dec/uu_reg_file/g3652  
    uu_dtpath/uu_dec/uu_reg_file/g3653  
    uu_dtpath/uu_dec/uu_reg_file/g3654  
    uu_dtpath/uu_dec/uu_reg_file/g3655  
    uu_dtpath/uu_dec/uu_reg_file/g3656  
    uu_dtpath/uu_dec/uu_reg_file/g3657  
    uu_dtpath/uu_dec/uu_reg_file/g3658  
    uu_dtpath/uu_dec/uu_reg_file/g3659  
    uu_dtpath/uu_dec/uu_reg_file/g3660  
    uu_dtpath/uu_dec/uu_reg_file/g3661  
    uu_dtpath/uu_dec/uu_reg_file/g3662  
    uu_dtpath/uu_dec/uu_reg_file/g3663  
    uu_dtpath/uu_dec/uu_reg_file/g3664  
    uu_dtpath/uu_dec/uu_reg_file/g3665  
    uu_dtpath/uu_dec/uu_reg_file/g3666  
    uu_dtpath/uu_dec/uu_reg_file/g3667  
    uu_dtpath/uu_dec/uu_reg_file/g3668  
    uu_dtpath/uu_dec/uu_reg_file/g3669  
    uu_dtpath/uu_dec/uu_reg_file/g3670  
    uu_dtpath/uu_dec/uu_reg_file/g3671  
    uu_dtpath/uu_dec/uu_reg_file/g3672  
    uu_dtpath/uu_dec/uu_reg_file/g3673  
    uu_dtpath/uu_dec/uu_reg_file/g3674  
    uu_dtpath/uu_dec/uu_reg_file/g3675  
    uu_dtpath/uu_dec/uu_reg_file/g3676  
    uu_dtpath/uu_dec/uu_reg_file/g3677  
    uu_dtpath/uu_dec/uu_reg_file/g3678  
    uu_dtpath/uu_dec/uu_reg_file/g3679  
    uu_dtpath/uu_dec/uu_reg_file/g3680  
    uu_dtpath/uu_dec/uu_reg_file/g3681  
    uu_dtpath/uu_dec/uu_reg_file/g3682  
    uu_dtpath/uu_dec/uu_reg_file/g3683  
    uu_dtpath/uu_dec/uu_reg_file/g3684  
    uu_dtpath/uu_dec/uu_reg_file/g3685  
    uu_dtpath/uu_dec/uu_reg_file/g3686  
    uu_dtpath/uu_dec/uu_reg_file/g3687  
    uu_dtpath/uu_dec/uu_reg_file/g3688  
    uu_dtpath/uu_dec/uu_reg_file/g3689  
    uu_dtpath/uu_dec/uu_reg_file/g3690  
    uu_dtpath/uu_dec/uu_reg_file/g3691  
    uu_dtpath/uu_dec/uu_reg_file/g3692  
    uu_dtpath/uu_dec/uu_reg_file/g3693  
    uu_dtpath/uu_dec/uu_reg_file/g3694  
    uu_dtpath/uu_dec/uu_reg_file/g3695  
    uu_dtpath/uu_dec/uu_reg_file/g3696  
    uu_dtpath/uu_dec/uu_reg_file/g3697  
    uu_dtpath/uu_dec/uu_reg_file/g3698  
    uu_dtpath/uu_dec/uu_reg_file/g3699  
    uu_dtpath/uu_dec/uu_reg_file/g3700  
    uu_dtpath/uu_dec/uu_reg_file/g3701  
    uu_dtpath/uu_dec/uu_reg_file/g3702  
    uu_dtpath/uu_dec/uu_reg_file/g3703  
    uu_dtpath/uu_dec/uu_reg_file/g3704  
    uu_dtpath/uu_dec/uu_reg_file/g3705  
    uu_dtpath/uu_dec/uu_reg_file/g3706  
    uu_dtpath/uu_dec/uu_reg_file/g3707  
    uu_dtpath/uu_dec/uu_reg_file/g3708  
    uu_dtpath/uu_dec/uu_reg_file/g3709  
    uu_dtpath/uu_dec/uu_reg_file/g3710  
    uu_dtpath/uu_dec/uu_reg_file/g3711  
    uu_dtpath/uu_dec/uu_reg_file/g3712  
    uu_dtpath/uu_dec/uu_reg_file/g3713  
    uu_dtpath/uu_dec/uu_reg_file/g3714  
    uu_dtpath/uu_dec/uu_reg_file/g3715  
    uu_dtpath/uu_dec/uu_reg_file/g3716  
    uu_dtpath/uu_dec/uu_reg_file/g3717  
    uu_dtpath/uu_dec/uu_reg_file/g3718  
    uu_dtpath/uu_dec/uu_reg_file/g3719  
    uu_dtpath/uu_dec/uu_reg_file/g3720  
    uu_dtpath/uu_dec/uu_reg_file/g3721  
    uu_dtpath/uu_dec/uu_reg_file/g3722  
    uu_dtpath/uu_dec/uu_reg_file/g3723  
    uu_dtpath/uu_dec/uu_reg_file/g3724  
    uu_dtpath/uu_dec/uu_reg_file/g3725  
    uu_dtpath/uu_dec/uu_reg_file/g3726  
    uu_dtpath/uu_dec/uu_reg_file/g3727  
    uu_dtpath/uu_dec/uu_reg_file/g3728  
    uu_dtpath/uu_dec/uu_reg_file/g3729  
    uu_dtpath/uu_dec/uu_reg_file/g3730  
    uu_dtpath/uu_dec/uu_reg_file/g3731  
    uu_dtpath/uu_dec/uu_reg_file/g3732  
    uu_dtpath/uu_dec/uu_reg_file/g3733  
    uu_dtpath/uu_dec/uu_reg_file/g3734  
    uu_dtpath/uu_dec/uu_reg_file/g3735  
    uu_dtpath/uu_dec/uu_reg_file/g3736  
    uu_dtpath/uu_dec/uu_reg_file/g3737  
    uu_dtpath/uu_dec/uu_reg_file/g3738  
    uu_dtpath/uu_dec/uu_reg_file/g3739  
    uu_dtpath/uu_dec/uu_reg_file/g3740  
    uu_dtpath/uu_dec/uu_reg_file/g3741  
    uu_dtpath/uu_dec/uu_reg_file/g3742  
    uu_dtpath/uu_dec/uu_reg_file/g3743  
    uu_dtpath/uu_dec/uu_reg_file/g3744  
    uu_dtpath/uu_dec/uu_reg_file/g3745  
    uu_dtpath/uu_dec/uu_reg_file/g3746  
    uu_dtpath/uu_dec/uu_reg_file/g3747  
    uu_dtpath/uu_dec/uu_reg_file/g3748  
    uu_dtpath/uu_dec/uu_reg_file/g3749  
    uu_dtpath/uu_dec/uu_reg_file/g3750  
    uu_dtpath/uu_dec/uu_reg_file/g3751  
    uu_dtpath/uu_dec/uu_reg_file/g3752  
    uu_dtpath/uu_dec/uu_reg_file/g3753  
    uu_dtpath/uu_dec/uu_reg_file/g3754  
    uu_dtpath/uu_dec/uu_reg_file/g3755  
    uu_dtpath/uu_dec/uu_reg_file/g3756  
    uu_dtpath/uu_dec/uu_reg_file/g3757  
    uu_dtpath/uu_dec/uu_reg_file/g3758  
    uu_dtpath/uu_dec/uu_reg_file/g3759  
    uu_dtpath/uu_dec/uu_reg_file/g3760  
    uu_dtpath/uu_dec/uu_reg_file/g3761  
    uu_dtpath/uu_dec/uu_reg_file/g3762  
    uu_dtpath/uu_dec/uu_reg_file/g3763  
    uu_dtpath/uu_dec/uu_reg_file/g3764  
    uu_dtpath/uu_dec/uu_reg_file/g3765  
    uu_dtpath/uu_dec/uu_reg_file/g3766  
    uu_dtpath/uu_dec/uu_reg_file/g3767  
    uu_dtpath/uu_dec/uu_reg_file/g3768  
    uu_dtpath/uu_dec/uu_reg_file/g3769  
    uu_dtpath/uu_dec/uu_reg_file/g3770  
    uu_dtpath/uu_dec/uu_reg_file/g3771  
    uu_dtpath/uu_dec/uu_reg_file/g3772  
    uu_dtpath/uu_dec/uu_reg_file/g3773  
    uu_dtpath/uu_dec/uu_reg_file/g3774  
    uu_dtpath/uu_dec/uu_reg_file/g3775  
    uu_dtpath/uu_dec/uu_reg_file/g3776  
    uu_dtpath/uu_dec/uu_reg_file/g3777  
    uu_dtpath/uu_dec/uu_reg_file/g3778  
    uu_dtpath/uu_dec/uu_reg_file/g3779  
    uu_dtpath/uu_dec/uu_reg_file/g3780  
    uu_dtpath/uu_dec/uu_reg_file/g3781  
    uu_dtpath/uu_dec/uu_reg_file/g3782  
    uu_dtpath/uu_dec/uu_reg_file/g3783  
    uu_dtpath/uu_dec/uu_reg_file/g3784  
    uu_dtpath/uu_dec/uu_reg_file/g3785  
    uu_dtpath/uu_dec/uu_reg_file/g3786  
    uu_dtpath/uu_dec/uu_reg_file/g3787  
    uu_dtpath/uu_dec/uu_reg_file/g3788  
    uu_dtpath/uu_dec/uu_reg_file/g3789  
    uu_dtpath/uu_dec/uu_reg_file/g3790  
    uu_dtpath/uu_dec/uu_reg_file/g3791  
    uu_dtpath/uu_dec/uu_reg_file/g3792  
    uu_dtpath/uu_dec/uu_reg_file/g3793  
    uu_dtpath/uu_dec/uu_reg_file/g3794  
    uu_dtpath/uu_dec/uu_reg_file/g3795  
    uu_dtpath/uu_dec/uu_reg_file/g3796  
    uu_dtpath/uu_dec/uu_reg_file/g3797  
    uu_dtpath/uu_dec/uu_reg_file/g3798  
    uu_dtpath/uu_dec/uu_reg_file/g3799  
    uu_dtpath/uu_dec/uu_reg_file/g3800  
    uu_dtpath/uu_dec/uu_reg_file/g3801  
    uu_dtpath/uu_dec/uu_reg_file/g3802  
    uu_dtpath/uu_dec/uu_reg_file/g3803  
    uu_dtpath/uu_dec/uu_reg_file/g3804  
    uu_dtpath/uu_dec/uu_reg_file/g3805  
    uu_dtpath/uu_dec/uu_reg_file/g3806  
    uu_dtpath/uu_dec/uu_reg_file/g3807  
    uu_dtpath/uu_dec/uu_reg_file/g3808  
    uu_dtpath/uu_dec/uu_reg_file/g3809  
    uu_dtpath/uu_dec/uu_reg_file/g3810  
    uu_dtpath/uu_dec/uu_reg_file/g3811  
    uu_dtpath/uu_dec/uu_reg_file/g3812  
    uu_dtpath/uu_dec/uu_reg_file/g3813  
    uu_dtpath/uu_dec/uu_reg_file/g3814  
    uu_dtpath/uu_dec/uu_reg_file/g3815  
    uu_dtpath/uu_dec/uu_reg_file/g3816  
    uu_dtpath/uu_dec/uu_reg_file/g3817  
    uu_dtpath/uu_dec/uu_reg_file/g3818  
    uu_dtpath/uu_dec/uu_reg_file/g3819  
    uu_dtpath/uu_dec/uu_reg_file/g3820  
    uu_dtpath/uu_dec/uu_reg_file/g3821  
    uu_dtpath/uu_dec/uu_reg_file/g3822  
    uu_dtpath/uu_dec/uu_reg_file/g3823  
    uu_dtpath/uu_dec/uu_reg_file/g3824  
    uu_dtpath/uu_dec/uu_reg_file/g3825  
    uu_dtpath/uu_dec/uu_reg_file/g3826  
    uu_dtpath/uu_dec/uu_reg_file/g3827  
    uu_dtpath/uu_dec/uu_reg_file/g3828  
    uu_dtpath/uu_dec/uu_reg_file/g3829  
    uu_dtpath/uu_dec/uu_reg_file/g3830  
    uu_dtpath/uu_dec/uu_reg_file/g3831  
    uu_dtpath/uu_dec/uu_reg_file/g3832  
    uu_dtpath/uu_dec/uu_reg_file/g3833  
    uu_dtpath/uu_dec/uu_reg_file/g3834  
    uu_dtpath/uu_dec/uu_reg_file/g3835  
    uu_dtpath/uu_dec/uu_reg_file/g3836  
    uu_dtpath/uu_dec/uu_reg_file/g3837  
    uu_dtpath/uu_dec/uu_reg_file/g3838  
    uu_dtpath/uu_dec/uu_reg_file/g3839  
    uu_dtpath/uu_dec/uu_reg_file/g3840  
    uu_dtpath/uu_dec/uu_reg_file/g3841  
    uu_dtpath/uu_dec/uu_reg_file/g3842  
    uu_dtpath/uu_dec/uu_reg_file/g3843  
    uu_dtpath/uu_dec/uu_reg_file/g3844  
    uu_dtpath/uu_dec/uu_reg_file/g3845  
    uu_dtpath/uu_dec/uu_reg_file/g3846  
    uu_dtpath/uu_dec/uu_reg_file/g3847  
    uu_dtpath/uu_dec/uu_reg_file/g3848  
    uu_dtpath/uu_dec/uu_reg_file/g3849  
    uu_dtpath/uu_dec/uu_reg_file/g3850  
    uu_dtpath/uu_dec/uu_reg_file/g3851  
    uu_dtpath/uu_dec/uu_reg_file/g3852  
    uu_dtpath/uu_dec/uu_reg_file/g3853  
    uu_dtpath/uu_dec/uu_reg_file/g3854  
    uu_dtpath/uu_dec/uu_reg_file/g3855  
    uu_dtpath/uu_dec/uu_reg_file/g3856  
    uu_dtpath/uu_dec/uu_reg_file/g3857  
    uu_dtpath/uu_dec/uu_reg_file/g3858  
    uu_dtpath/uu_dec/uu_reg_file/g3859  
    uu_dtpath/uu_dec/uu_reg_file/g3860  
    uu_dtpath/uu_dec/uu_reg_file/g3861  
    uu_dtpath/uu_dec/uu_reg_file/g3862  
    uu_dtpath/uu_dec/uu_reg_file/g3863  
    uu_dtpath/uu_dec/uu_reg_file/g3864  
    uu_dtpath/uu_dec/uu_reg_file/g3865  
    uu_dtpath/uu_dec/uu_reg_file/g3866  
    uu_dtpath/uu_dec/uu_reg_file/g3867  
    uu_dtpath/uu_dec/uu_reg_file/g3868  
    uu_dtpath/uu_dec/uu_reg_file/g3869  
    uu_dtpath/uu_dec/uu_reg_file/g3870  
    uu_dtpath/uu_dec/uu_reg_file/g3871  
    uu_dtpath/uu_dec/uu_reg_file/g3872  
    uu_dtpath/uu_dec/uu_reg_file/g3873  
    uu_dtpath/uu_dec/uu_reg_file/g3874  
    uu_dtpath/uu_dec/uu_reg_file/g3875  
    uu_dtpath/uu_dec/uu_reg_file/g3876  
    uu_dtpath/uu_dec/uu_reg_file/g3877  
    uu_dtpath/uu_dec/uu_reg_file/g3878  
    uu_dtpath/uu_dec/uu_reg_file/g3879  
    uu_dtpath/uu_dec/uu_reg_file/g3880  
    uu_dtpath/uu_dec/uu_reg_file/g3881  
    uu_dtpath/uu_dec/uu_reg_file/g3882  
    uu_dtpath/uu_dec/uu_reg_file/g3883  
    uu_dtpath/uu_dec/uu_reg_file/g3884  
    uu_dtpath/uu_dec/uu_reg_file/g3885  
    uu_dtpath/uu_dec/uu_reg_file/g3886  
    uu_dtpath/uu_dec/uu_reg_file/g3887  
    uu_dtpath/uu_dec/uu_reg_file/g3888  
    uu_dtpath/uu_dec/uu_reg_file/g3889  
    uu_dtpath/uu_dec/uu_reg_file/g3890  
    uu_dtpath/uu_dec/uu_reg_file/g3891  
    uu_dtpath/uu_dec/uu_reg_file/g3892  
    uu_dtpath/uu_dec/uu_reg_file/g3893  
    uu_dtpath/uu_dec/uu_reg_file/g3894  
    uu_dtpath/uu_dec/uu_reg_file/g3895  
    uu_dtpath/uu_dec/uu_reg_file/g3896  
    uu_dtpath/uu_dec/uu_reg_file/g3897  
    uu_dtpath/uu_dec/uu_reg_file/g3898  
    uu_dtpath/uu_dec/uu_reg_file/g3899  
    uu_dtpath/uu_dec/uu_reg_file/g3900  
    uu_dtpath/uu_dec/uu_reg_file/g3901  
    uu_dtpath/uu_dec/uu_reg_file/g3902  
    uu_dtpath/uu_dec/uu_reg_file/g3903  
    uu_dtpath/uu_dec/uu_reg_file/g3904  
    uu_dtpath/uu_dec/uu_reg_file/g3905  
    uu_dtpath/uu_dec/uu_reg_file/g3906  
    uu_dtpath/uu_dec/uu_reg_file/g3907  
    uu_dtpath/uu_dec/uu_reg_file/g3908  
    uu_dtpath/uu_dec/uu_reg_file/g3909  
    uu_dtpath/uu_dec/uu_reg_file/g3910  
    uu_dtpath/uu_dec/uu_reg_file/g3911  
    uu_dtpath/uu_dec/uu_reg_file/g3912  
    uu_dtpath/uu_dec/uu_reg_file/g3913  
    uu_dtpath/uu_dec/uu_reg_file/g3914  
    uu_dtpath/uu_dec/uu_reg_file/g3915  
    uu_dtpath/uu_dec/uu_reg_file/g3916  
    uu_dtpath/uu_dec/uu_reg_file/g3917  
    uu_dtpath/uu_dec/uu_reg_file/g3918  
    uu_dtpath/uu_dec/uu_reg_file/g3919  
    uu_dtpath/uu_dec/uu_reg_file/g3920  
    uu_dtpath/uu_dec/uu_reg_file/g3921  
    uu_dtpath/uu_dec/uu_reg_file/g3922  
    uu_dtpath/uu_dec/uu_reg_file/g3923  
    uu_dtpath/uu_dec/uu_reg_file/g3924  
    uu_dtpath/uu_dec/uu_reg_file/g3925  
    uu_dtpath/uu_dec/uu_reg_file/g3926  
    uu_dtpath/uu_dec/uu_reg_file/g3927  
    uu_dtpath/uu_dec/uu_reg_file/g3928  
    uu_dtpath/uu_dec/uu_reg_file/g3929  
    uu_dtpath/uu_dec/uu_reg_file/g3930  
    uu_dtpath/uu_dec/uu_reg_file/g3931  
    uu_dtpath/uu_dec/uu_reg_file/g3932  
    uu_dtpath/uu_dec/uu_reg_file/g3933  
    uu_dtpath/uu_dec/uu_reg_file/g3934  
    uu_dtpath/uu_dec/uu_reg_file/g3935  
    uu_dtpath/uu_dec/uu_reg_file/g3936  
    uu_dtpath/uu_dec/uu_reg_file/g3937  
    uu_dtpath/uu_dec/uu_reg_file/g3938  
    uu_dtpath/uu_dec/uu_reg_file/g3939  
    uu_dtpath/uu_dec/uu_reg_file/g3940  
    uu_dtpath/uu_dec/uu_reg_file/g3941  
    uu_dtpath/uu_dec/uu_reg_file/g3942  
    uu_dtpath/uu_dec/uu_reg_file/g3943  
    uu_dtpath/uu_dec/uu_reg_file/g3944  
    uu_dtpath/uu_dec/uu_reg_file/g3945  
    uu_dtpath/uu_dec/uu_reg_file/g3946  
    uu_dtpath/uu_dec/uu_reg_file/g3947  
    uu_dtpath/uu_dec/uu_reg_file/g3948  
    uu_dtpath/uu_dec/uu_reg_file/g3949  
    uu_dtpath/uu_dec/uu_reg_file/g3950  
    uu_dtpath/uu_dec/uu_reg_file/g3951  
    uu_dtpath/uu_dec/uu_reg_file/g3952  
    uu_dtpath/uu_dec/uu_reg_file/g3953  
    uu_dtpath/uu_dec/uu_reg_file/g3954  
    uu_dtpath/uu_dec/uu_reg_file/g3955  
    uu_dtpath/uu_dec/uu_reg_file/g3956  
    uu_dtpath/uu_dec/uu_reg_file/g3957  
    uu_dtpath/uu_dec/uu_reg_file/g3958  
    uu_dtpath/uu_dec/uu_reg_file/g3959  
    uu_dtpath/uu_dec/uu_reg_file/g3960  
    uu_dtpath/uu_dec/uu_reg_file/g3961  
    uu_dtpath/uu_dec/uu_reg_file/g3962  
    uu_dtpath/uu_dec/uu_reg_file/g3963  
    uu_dtpath/uu_dec/uu_reg_file/g3964  
    uu_dtpath/uu_dec/uu_reg_file/g3965  
    uu_dtpath/uu_dec/uu_reg_file/g3966  
    uu_dtpath/uu_dec/uu_reg_file/g3967  
    uu_dtpath/uu_dec/uu_reg_file/g3968  
    uu_dtpath/uu_dec/uu_reg_file/g3969  
    uu_dtpath/uu_dec/uu_reg_file/g3970  
    uu_dtpath/uu_dec/uu_reg_file/g3971  
    uu_dtpath/uu_dec/uu_reg_file/g3972  
    uu_dtpath/uu_dec/uu_reg_file/g3973  
    uu_dtpath/uu_dec/uu_reg_file/g3974  
    uu_dtpath/uu_dec/uu_reg_file/g3975  
    uu_dtpath/uu_dec/uu_reg_file/g3976  
    uu_dtpath/uu_dec/uu_reg_file/g3977  
    uu_dtpath/uu_dec/uu_reg_file/g3978  
    uu_dtpath/uu_dec/uu_reg_file/g3979  
    uu_dtpath/uu_dec/uu_reg_file/g3980  
    uu_dtpath/uu_dec/uu_reg_file/g3981  
    uu_dtpath/uu_dec/uu_reg_file/g3982  
    uu_dtpath/uu_dec/uu_reg_file/g3983  
    uu_dtpath/uu_dec/uu_reg_file/g3984  
    uu_dtpath/uu_dec/uu_reg_file/g3985  
    uu_dtpath/uu_dec/uu_reg_file/g3986  
    uu_dtpath/uu_dec/uu_reg_file/g3987  
    uu_dtpath/uu_dec/uu_reg_file/g3988  
    uu_dtpath/uu_dec/uu_reg_file/g3989  
    uu_dtpath/uu_dec/uu_reg_file/g3990  
    uu_dtpath/uu_dec/uu_reg_file/g3991  
    uu_dtpath/uu_dec/uu_reg_file/g3992  
    uu_dtpath/uu_dec/uu_reg_file/g3993  
    uu_dtpath/uu_dec/uu_reg_file/g3994  
    uu_dtpath/uu_dec/uu_reg_file/g3995  
    uu_dtpath/uu_dec/uu_reg_file/g3996  
    uu_dtpath/uu_dec/uu_reg_file/g3997  
    uu_dtpath/uu_dec/uu_reg_file/g3998  
    uu_dtpath/uu_dec/uu_reg_file/g3999  
    uu_dtpath/uu_dec/uu_reg_file/g4000  
    uu_dtpath/uu_dec/uu_reg_file/g4001  
    uu_dtpath/uu_dec/uu_reg_file/g4002  
    uu_dtpath/uu_dec/uu_reg_file/g4003  
    uu_dtpath/uu_dec/uu_reg_file/g4004  
    uu_dtpath/uu_dec/uu_reg_file/g4005  
    uu_dtpath/uu_dec/uu_reg_file/g4006  
    uu_dtpath/uu_dec/uu_reg_file/g4007  
    uu_dtpath/uu_dec/uu_reg_file/g4008  
    uu_dtpath/uu_dec/uu_reg_file/g4009  
    uu_dtpath/uu_dec/uu_reg_file/g4010  
    uu_dtpath/uu_dec/uu_reg_file/g4011  
    uu_dtpath/uu_dec/uu_reg_file/g4012  
    uu_dtpath/uu_dec/uu_reg_file/g4013  
    uu_dtpath/uu_dec/uu_reg_file/g4014  
    uu_dtpath/uu_dec/uu_reg_file/g4015  
    uu_dtpath/uu_dec/uu_reg_file/g4016  
    uu_dtpath/uu_dec/uu_reg_file/g4017  
    uu_dtpath/uu_dec/uu_reg_file/g4018  
    uu_dtpath/uu_dec/uu_reg_file/g4019  
    uu_dtpath/uu_dec/uu_reg_file/g4020  
    uu_dtpath/uu_dec/uu_reg_file/g4021  
    uu_dtpath/uu_dec/uu_reg_file/g4022  
    uu_dtpath/uu_dec/uu_reg_file/g4023  
    uu_dtpath/uu_dec/uu_reg_file/g4024  
    uu_dtpath/uu_dec/uu_reg_file/g4025  
    uu_dtpath/uu_dec/uu_reg_file/g4026  
    uu_dtpath/uu_dec/uu_reg_file/g4027  
    uu_dtpath/uu_dec/uu_reg_file/g4028  
    uu_dtpath/uu_dec/uu_reg_file/g4029  
    uu_dtpath/uu_dec/uu_reg_file/g4030  
    uu_dtpath/uu_dec/uu_reg_file/g4031  
    uu_dtpath/uu_dec/uu_reg_file/g4032  
    uu_dtpath/uu_dec/uu_reg_file/g4033  
    uu_dtpath/uu_dec/uu_reg_file/g4034  
    uu_dtpath/uu_dec/uu_reg_file/g4035  
    uu_dtpath/uu_dec/uu_reg_file/g4036  
    uu_dtpath/uu_dec/uu_reg_file/g4037  
    uu_dtpath/uu_dec/uu_reg_file/g4038  
    uu_dtpath/uu_dec/uu_reg_file/g4039  
    uu_dtpath/uu_dec/uu_reg_file/g4040  
    uu_dtpath/uu_dec/uu_reg_file/g4041  
    uu_dtpath/uu_dec/uu_reg_file/g4042  
    uu_dtpath/uu_dec/uu_reg_file/g4043  
    uu_dtpath/uu_dec/uu_reg_file/g4044  
    uu_dtpath/uu_dec/uu_reg_file/g4045  
    uu_dtpath/uu_dec/uu_reg_file/g4046  
    uu_dtpath/uu_dec/uu_reg_file/g4047  
    uu_dtpath/uu_dec/uu_reg_file/g4048  
    uu_dtpath/uu_dec/uu_reg_file/g4049  
    uu_dtpath/uu_dec/uu_reg_file/g4050  
    uu_dtpath/uu_dec/uu_reg_file/g4051  
    uu_dtpath/uu_dec/uu_reg_file/g4052  
    uu_dtpath/uu_dec/uu_reg_file/g4053  
    uu_dtpath/uu_dec/uu_reg_file/g4054  
    uu_dtpath/uu_dec/uu_reg_file/g4055  
    uu_dtpath/uu_dec/uu_reg_file/g4056  
    uu_dtpath/uu_dec/uu_reg_file/g4057  
    uu_dtpath/uu_dec/uu_reg_file/g4058  
    uu_dtpath/uu_dec/uu_reg_file/g4059  
    uu_dtpath/uu_dec/uu_reg_file/g4060  
    uu_dtpath/uu_dec/uu_reg_file/g4061  
    uu_dtpath/uu_dec/uu_reg_file/g4062  
    uu_dtpath/uu_dec/uu_reg_file/g4063  
    uu_dtpath/uu_dec/uu_reg_file/g4064  
    uu_dtpath/uu_dec/uu_reg_file/g4065  
    uu_dtpath/uu_dec/uu_reg_file/g4066  
    uu_dtpath/uu_dec/uu_reg_file/g4067  
    uu_dtpath/uu_dec/uu_reg_file/g4068  
    uu_dtpath/uu_dec/uu_reg_file/g4069  
    uu_dtpath/uu_dec/uu_reg_file/g4070  
    uu_dtpath/uu_dec/uu_reg_file/g4071  
    uu_dtpath/uu_dec/uu_reg_file/g4072  
    uu_dtpath/uu_dec/uu_reg_file/g4073  
    uu_dtpath/uu_dec/uu_reg_file/g4074  
    uu_dtpath/uu_dec/uu_reg_file/g4075  
    uu_dtpath/uu_dec/uu_reg_file/g4076  
    uu_dtpath/uu_dec/uu_reg_file/g4077  
    uu_dtpath/uu_dec/uu_reg_file/g4078  
    uu_dtpath/uu_dec/uu_reg_file/g4079  
    uu_dtpath/uu_dec/uu_reg_file/g4080  
    uu_dtpath/uu_dec/uu_reg_file/g4081  
    uu_dtpath/uu_dec/uu_reg_file/g4082  
    uu_dtpath/uu_dec/uu_reg_file/g4083  
    uu_dtpath/uu_dec/uu_reg_file/g4084  
    uu_dtpath/uu_dec/uu_reg_file/g4085  
    uu_dtpath/uu_dec/uu_reg_file/g4086  
    uu_dtpath/uu_dec/uu_reg_file/g4087  
    uu_dtpath/uu_dec/uu_reg_file/g4088  
    uu_dtpath/uu_dec/uu_reg_file/g4089  
    uu_dtpath/uu_dec/uu_reg_file/g4090  
    uu_dtpath/uu_dec/uu_reg_file/g4091  
    uu_dtpath/uu_dec/uu_reg_file/g4092  
    uu_dtpath/uu_dec/uu_reg_file/g4093  
    uu_dtpath/uu_dec/uu_reg_file/g4094  
    uu_dtpath/uu_dec/uu_reg_file/g4095  
    uu_dtpath/uu_dec/uu_reg_file/g4096  
    uu_dtpath/uu_dec/uu_reg_file/g37041  
    uu_dtpath/uu_dec/uu_reg_file/g37042  
    uu_dtpath/uu_dec/uu_reg_file/g37043  
    uu_dtpath/uu_dec/uu_reg_file/g37044  
    uu_dtpath/uu_dec/uu_reg_file/g37045  
    uu_dtpath/uu_dec/uu_reg_file/g37046  
    uu_dtpath/uu_dec/uu_reg_file/g37047  
    uu_dtpath/uu_dec/uu_reg_file/g37048  
    uu_dtpath/uu_dec/uu_reg_file/g37049  
    uu_dtpath/uu_dec/uu_reg_file/g37050  
    uu_dtpath/uu_dec/uu_reg_file/g37051  
    uu_dtpath/uu_dec/uu_reg_file/g37052  
    uu_dtpath/uu_dec/uu_reg_file/g37053  
    uu_dtpath/uu_dec/uu_reg_file/g37054  
    uu_dtpath/uu_dec/uu_reg_file/g37055  
    uu_dtpath/uu_dec/uu_reg_file/g37056  
    uu_dtpath/uu_dec/uu_reg_file/g37057  
    uu_dtpath/uu_dec/uu_reg_file/g37058  
    uu_dtpath/uu_dec/uu_reg_file/g37059  
    uu_dtpath/uu_dec/uu_reg_file/g37060  
    uu_dtpath/uu_dec/uu_reg_file/g37061  
    uu_dtpath/uu_dec/uu_reg_file/g37062  
    uu_dtpath/uu_dec/uu_reg_file/g37063  
    uu_dtpath/uu_dec/uu_reg_file/g37064  
    uu_dtpath/uu_dec/uu_reg_file/g37065  
    uu_dtpath/uu_dec/uu_reg_file/g37066  
    uu_dtpath/uu_dec/uu_reg_file/g37067  
    uu_dtpath/uu_dec/uu_reg_file/g37068  
    uu_dtpath/uu_dec/uu_reg_file/g37069  
    uu_dtpath/uu_dec/uu_reg_file/g37070  
    uu_dtpath/uu_dec/uu_reg_file/g37071  
    uu_dtpath/uu_dec/uu_reg_file/g37072  
    uu_dtpath/uu_dec/uu_reg_file/g37073  
    uu_dtpath/uu_dec/uu_reg_file/g37074  
    uu_dtpath/uu_dec/uu_reg_file/g37075  
    uu_dtpath/uu_dec/uu_reg_file/g37076  
    uu_dtpath/uu_dec/uu_reg_file/g37077  
    uu_dtpath/uu_dec/uu_reg_file/g37078  
    uu_dtpath/uu_dec/uu_reg_file/g37079  
    uu_dtpath/uu_dec/uu_reg_file/g37080  
    uu_dtpath/uu_dec/uu_reg_file/g37081  
    uu_dtpath/uu_dec/uu_reg_file/g37082  
    uu_dtpath/uu_dec/uu_reg_file/g37083  
    uu_dtpath/uu_dec/uu_reg_file/g37084  
    uu_dtpath/uu_dec/uu_reg_file/g37085  
    uu_dtpath/uu_dec/uu_reg_file/g37086  
    uu_dtpath/uu_dec/uu_reg_file/g37087  
    uu_dtpath/uu_dec/uu_reg_file/g37088  
    uu_dtpath/uu_dec/uu_reg_file/g37089  
    uu_dtpath/uu_dec/uu_reg_file/g37090  
    uu_dtpath/uu_dec/uu_reg_file/g37091  
    uu_dtpath/uu_dec/uu_reg_file/g37092  
    uu_dtpath/uu_dec/uu_reg_file/g37093  
    uu_dtpath/uu_dec/uu_reg_file/g37094  
    uu_dtpath/uu_dec/uu_reg_file/g37095  
    uu_dtpath/uu_dec/uu_reg_file/g37096  
    uu_dtpath/uu_dec/uu_reg_file/g37098  
    uu_dtpath/uu_dec/uu_reg_file/g37099  
    uu_dtpath/uu_dec/uu_reg_file/g37100  
    uu_dtpath/uu_dec/uu_reg_file/g37101  
    uu_dtpath/uu_dec/uu_reg_file/g37102  
    uu_dtpath/uu_dec/uu_reg_file/g37103  
    uu_dtpath/uu_dec/uu_reg_file/g37104  
    uu_dtpath/uu_dec/immExt_ff_reg[0]  
    uu_dtpath/uu_dec/immExt_ff_reg[1]  
    uu_dtpath/uu_dec/immExt_ff_reg[2]  
    uu_dtpath/uu_dec/immExt_ff_reg[3]  
    uu_dtpath/uu_dec/immExt_ff_reg[4]  
    uu_dtpath/uu_dec/immExt_ff_reg[5]  
    uu_dtpath/uu_dec/immExt_ff_reg[6]  
    uu_dtpath/uu_dec/immExt_ff_reg[7]  
    uu_dtpath/uu_dec/immExt_ff_reg[8]  
    uu_dtpath/uu_dec/immExt_ff_reg[9]  
    uu_dtpath/uu_dec/immExt_ff_reg[10]  
    uu_dtpath/uu_dec/immExt_ff_reg[11]  
    uu_dtpath/uu_dec/immExt_ff_reg[12]  
    uu_dtpath/uu_dec/immExt_ff_reg[13]  
    uu_dtpath/uu_dec/immExt_ff_reg[14]  
    uu_dtpath/uu_dec/immExt_ff_reg[15]  
    uu_dtpath/uu_dec/immExt_ff_reg[16]  
    uu_dtpath/uu_dec/immExt_ff_reg[17]  
    uu_dtpath/uu_dec/immExt_ff_reg[18]  
    uu_dtpath/uu_dec/immExt_ff_reg[19]  
    uu_dtpath/uu_dec/immExt_ff_reg[20]  
    uu_dtpath/uu_dec/immExt_ff_reg[21]  
    uu_dtpath/uu_dec/immExt_ff_reg[22]  
    uu_dtpath/uu_dec/immExt_ff_reg[23]  
    uu_dtpath/uu_dec/immExt_ff_reg[24]  
    uu_dtpath/uu_dec/immExt_ff_reg[25]  
    uu_dtpath/uu_dec/immExt_ff_reg[26]  
    uu_dtpath/uu_dec/immExt_ff_reg[27]  
    uu_dtpath/uu_dec/immExt_ff_reg[28]  
    uu_dtpath/uu_dec/immExt_ff_reg[29]  
    uu_dtpath/uu_dec/immExt_ff_reg[30]  
    uu_dtpath/uu_dec/immExt_ff_reg[31]  
    uu_dtpath/uu_dec/o_aluControl_reg[0]  
    uu_dtpath/uu_dec/o_aluControl_reg[1]  
    uu_dtpath/uu_dec/o_aluControl_reg[2]  
    uu_dtpath/uu_dec/o_branch_reg  
    uu_dtpath/uu_dec/o_funct3_reg[0]  
    uu_dtpath/uu_dec/o_funct3_reg[2]  
    uu_dtpath/uu_dec/o_jump_reg  
    uu_dtpath/uu_dec/o_pc_plus4_reg[0]  
    uu_dtpath/uu_dec/o_pc_plus4_reg[1]  
    uu_dtpath/uu_dec/o_pc_reg[2]  
    uu_dtpath/uu_dec/o_pc_reg[3]  
    uu_dtpath/uu_dec/o_pc_reg[4]  
    uu_dtpath/uu_dec/o_pc_reg[5]  
    uu_dtpath/uu_dec/o_pc_reg[6]  
    uu_dtpath/uu_dec/o_pc_reg[7]  
    uu_dtpath/uu_dec/o_pc_reg[8]  
    uu_dtpath/uu_dec/o_pc_reg[16]  
    uu_dtpath/uu_dec/o_pc_reg[17]  
    uu_dtpath/uu_dec/o_pc_reg[28]  
    uu_dtpath/uu_dec/o_pc_reg[30]  
    uu_dtpath/uu_dec/o_pc_reg[31]  
    uu_dtpath/uu_dec/o_resultSrc_reg[0]  
    uu_dtpath/uu_dec/o_wr_addr_reg_reg[0]  
    uu_dtpath/uu_dec/o_wr_addr_reg_reg[1]  
    uu_dtpath/uu_dec/o_wr_addr_reg_reg[2]  
    uu_dtpath/uu_dec/o_wr_addr_reg_reg[3]  
    uu_dtpath/uu_dec/o_wr_addr_reg_reg[4]  
    uu_dtpath/uu_dec/rd1_ff_reg[0]  
    uu_dtpath/uu_dec/rd1_ff_reg[1]  
    uu_dtpath/uu_dec/rd1_ff_reg[2]  
    uu_dtpath/uu_dec/rd1_ff_reg[3]  
    uu_dtpath/uu_dec/rd1_ff_reg[4]  
    uu_dtpath/uu_dec/rd1_ff_reg[5]  
    uu_dtpath/uu_dec/rd1_ff_reg[6]  
    uu_dtpath/uu_dec/rd1_ff_reg[7]  
    uu_dtpath/uu_dec/rd1_ff_reg[8]  
    uu_dtpath/uu_dec/rd1_ff_reg[9]  
    uu_dtpath/uu_dec/rd1_ff_reg[10]  
    uu_dtpath/uu_dec/rd1_ff_reg[11]  
    uu_dtpath/uu_dec/rd1_ff_reg[12]  
    uu_dtpath/uu_dec/rd1_ff_reg[13]  
    uu_dtpath/uu_dec/rd1_ff_reg[14]  
    uu_dtpath/uu_dec/rd1_ff_reg[15]  
    uu_dtpath/uu_dec/rd1_ff_reg[16]  
    uu_dtpath/uu_dec/rd1_ff_reg[17]  
    uu_dtpath/uu_dec/rd1_ff_reg[18]  
    uu_dtpath/uu_dec/rd1_ff_reg[19]  
    uu_dtpath/uu_dec/rd1_ff_reg[20]  
    uu_dtpath/uu_dec/rd1_ff_reg[21]  
    uu_dtpath/uu_dec/rd1_ff_reg[22]  
    uu_dtpath/uu_dec/rd1_ff_reg[23]  
    uu_dtpath/uu_dec/rd1_ff_reg[24]  
    uu_dtpath/uu_dec/rd1_ff_reg[25]  
    uu_dtpath/uu_dec/rd1_ff_reg[26]  
    uu_dtpath/uu_dec/rd1_ff_reg[27]  
    uu_dtpath/uu_dec/rd1_ff_reg[28]  
    uu_dtpath/uu_dec/rd1_ff_reg[29]  
    uu_dtpath/uu_dec/rd1_ff_reg[30]  
    uu_dtpath/uu_dec/rd1_ff_reg[31]  
    uu_dtpath/uu_dec/rd2_ff_reg[0]  
    uu_dtpath/uu_dec/rd2_ff_reg[1]  
    uu_dtpath/uu_dec/rd2_ff_reg[2]  
    uu_dtpath/uu_dec/rd2_ff_reg[3]  
    uu_dtpath/uu_dec/rd2_ff_reg[4]  
    uu_dtpath/uu_dec/rd2_ff_reg[5]  
    uu_dtpath/uu_dec/rd2_ff_reg[6]  
    uu_dtpath/uu_dec/rd2_ff_reg[7]  
    uu_dtpath/uu_dec/rd2_ff_reg[8]  
    uu_dtpath/uu_dec/rd2_ff_reg[9]  
    uu_dtpath/uu_dec/rd2_ff_reg[10]  
    uu_dtpath/uu_dec/rd2_ff_reg[11]  
    uu_dtpath/uu_dec/rd2_ff_reg[12]  
    uu_dtpath/uu_dec/rd2_ff_reg[13]  
    uu_dtpath/uu_dec/rd2_ff_reg[14]  
    uu_dtpath/uu_dec/rd2_ff_reg[15]  
    uu_dtpath/uu_dec/rd2_ff_reg[16]  
    uu_dtpath/uu_dec/rd2_ff_reg[17]  
    uu_dtpath/uu_dec/rd2_ff_reg[18]  
    uu_dtpath/uu_dec/rd2_ff_reg[19]  
    uu_dtpath/uu_dec/rd2_ff_reg[20]  
    uu_dtpath/uu_dec/rd2_ff_reg[21]  
    uu_dtpath/uu_dec/rd2_ff_reg[22]  
    uu_dtpath/uu_dec/rd2_ff_reg[23]  
    uu_dtpath/uu_dec/rd2_ff_reg[24]  
    uu_dtpath/uu_dec/rd2_ff_reg[25]  
    uu_dtpath/uu_dec/rd2_ff_reg[26]  
    uu_dtpath/uu_dec/rd2_ff_reg[27]  
    uu_dtpath/uu_dec/rd2_ff_reg[28]  
    uu_dtpath/uu_dec/rd2_ff_reg[29]  
    uu_dtpath/uu_dec/rd2_ff_reg[30]  
    uu_dtpath/uu_dec/rd2_ff_reg[31]  
    uu_dtpath/uu_dec/rs1_ff_reg[0]  
    uu_dtpath/uu_dec/rs1_ff_reg[4]  
    uu_dtpath/uu_dec/rs2_ff_reg[0]  
    uu_dtpath/uu_dec/rs2_ff_reg[1]  
    uu_dtpath/uu_dec/rs2_ff_reg[2]  
    uu_dtpath/uu_dec/rs2_ff_reg[3]  
    uu_dtpath/uu_dec/rs2_ff_reg[4]  
    uu_dtpath/uu_dec/g2462  
    uu_dtpath/uu_dec/g2463  
    uu_dtpath/uu_dec/g2464  
    uu_dtpath/uu_dec/g2465  
    uu_dtpath/uu_dec/g2466  
    uu_dtpath/uu_dec/g2467  
    uu_dtpath/uu_dec/g2468  
    uu_dtpath/uu_dec/g2469  
    uu_dtpath/uu_dec/g2470  
    uu_dtpath/uu_dec/g2471  
    uu_dtpath/uu_dec/g2472  
    uu_dtpath/uu_dec/g2473  
    uu_dtpath/uu_dec/g2474  
    uu_dtpath/uu_dec/g2475  
    uu_dtpath/uu_dec/g2476  
    uu_dtpath/uu_dec/g2477  
    uu_dtpath/uu_dec/g2478  
    uu_dtpath/uu_dec/g2479  
    uu_dtpath/uu_dec/g2480  
    uu_dtpath/uu_dec/g2481  
    uu_dtpath/uu_dec/g2482  
    uu_dtpath/uu_dec/g2483  
    uu_dtpath/uu_dec/g2484  
    uu_dtpath/uu_dec/g2485  
    uu_dtpath/uu_dec/g2486  
    uu_dtpath/uu_dec/g2487  
    uu_dtpath/uu_dec/g2488  
    uu_dtpath/uu_dec/g2489  
    uu_dtpath/uu_dec/g2490  
    uu_dtpath/uu_dec/g2491  
    uu_dtpath/uu_dec/g2492  
    uu_dtpath/uu_dec/g2493  
    uu_dtpath/uu_dec/g2494  
    uu_dtpath/uu_dec/g2495  
    uu_dtpath/uu_dec/g2496  
    uu_dtpath/uu_dec/g2497  
    uu_dtpath/uu_dec/g2498  
    uu_dtpath/uu_dec/g2499  
    uu_dtpath/uu_dec/g2500  
    uu_dtpath/uu_dec/g2501  
    uu_dtpath/uu_dec/g2502  
    uu_dtpath/uu_dec/g2503  
    uu_dtpath/uu_dec/g2504  
    uu_dtpath/uu_dec/g2505  
    uu_dtpath/uu_dec/g2506  
    uu_dtpath/uu_dec/g2507  
    uu_dtpath/uu_dec/g2508  
    uu_dtpath/uu_dec/g2509  
    uu_dtpath/uu_dec/g2510  
    uu_dtpath/uu_dec/g2511  
    uu_dtpath/uu_dec/g2512  
    uu_dtpath/uu_dec/g2513  
    uu_dtpath/uu_dec/g2514  
    uu_dtpath/uu_dec/g2515  
    uu_dtpath/uu_dec/g2516  
    uu_dtpath/uu_dec/g2517  
    uu_dtpath/uu_dec/g2518  
    uu_dtpath/uu_dec/g2519  
    uu_dtpath/uu_dec/g2520  
    uu_dtpath/uu_dec/g2521  
    uu_dtpath/uu_dec/g2522  
    uu_dtpath/uu_dec/g2523  
    uu_dtpath/uu_dec/g2524  
    uu_dtpath/uu_dec/g2525  
    uu_dtpath/uu_dec/g2526  
    uu_dtpath/uu_dec/g2527  
    uu_dtpath/uu_dec/g2528  
    uu_dtpath/uu_dec/g2529  
    uu_dtpath/uu_dec/g2530  
    uu_dtpath/uu_dec/g2531  
    uu_dtpath/uu_dec/g2532  
    uu_dtpath/uu_dec/g2533  
    uu_dtpath/uu_dec/g2534  
    uu_dtpath/uu_dec/g2535  
    uu_dtpath/uu_dec/g2536  
    uu_dtpath/uu_dec/g2537  
    uu_dtpath/uu_dec/g2538  
    uu_dtpath/uu_dec/g2539  
    uu_dtpath/uu_dec/g2540  
    uu_dtpath/uu_dec/g2541  
    uu_dtpath/uu_dec/g2542  
    uu_dtpath/uu_dec/g2543  
    uu_dtpath/uu_dec/g2544  
    uu_dtpath/uu_dec/g2545  
    uu_dtpath/uu_dec/g2546  
    uu_dtpath/uu_dec/g2547  
    uu_dtpath/uu_dec/g2548  
    uu_dtpath/uu_dec/g2549  
    uu_dtpath/uu_dec/g2550  
    uu_dtpath/uu_dec/g2551  
    uu_dtpath/uu_dec/g2552  
    uu_dtpath/uu_dec/g2553  
    uu_dtpath/uu_dec/g2554  
    uu_dtpath/uu_dec/g2555  
    uu_dtpath/uu_dec/g2556  
    uu_dtpath/uu_dec/g2557  
    uu_dtpath/uu_dec/g2558  
    uu_dtpath/uu_dec/g2559  
    uu_dtpath/uu_dec/g2560  
    uu_dtpath/uu_dec/g2561  
    uu_dtpath/uu_dec/g2562  
    uu_dtpath/uu_dec/g2563  
    uu_dtpath/uu_dec/g2564  
    uu_dtpath/uu_dec/g2565  
    uu_dtpath/uu_dec/g2566  
    uu_dtpath/uu_dec/g2567  
    uu_dtpath/uu_dec/g2568  
    uu_dtpath/uu_dec/g2569  
    uu_dtpath/uu_dec/g2570  
    uu_dtpath/uu_dec/g2571  
    uu_dtpath/uu_dec/g2572  
    uu_dtpath/uu_dec/g2573  
    uu_dtpath/uu_dec/g2574  
    uu_dtpath/uu_dec/g2575  
    uu_dtpath/uu_dec/g2576  
    uu_dtpath/uu_dec/g2577  
    uu_dtpath/uu_dec/g2578  
    uu_dtpath/uu_dec/g2579  
    uu_dtpath/uu_dec/g2580  
    uu_dtpath/uu_dec/g2581  
    uu_dtpath/uu_dec/g2582  
    uu_dtpath/uu_dec/g2583  
    uu_dtpath/uu_dec/g2584  
    uu_dtpath/uu_dec/g2585  
    uu_dtpath/uu_dec/g2586  
    uu_dtpath/uu_dec/g2587  
    uu_dtpath/uu_dec/g2588  
    uu_dtpath/uu_dec/g2589  
    uu_dtpath/uu_dec/g2590  
    uu_dtpath/uu_dec/g2591  
    uu_dtpath/uu_dec/g2592  
    uu_dtpath/uu_dec/g2593  
    uu_dtpath/uu_dec/g2594  
    uu_dtpath/uu_dec/g2595  
    uu_dtpath/uu_dec/g2596  
    uu_dtpath/uu_dec/o_aluSrc_reg  
    uu_dtpath/uu_dec/o_pc_plus4_reg[21]  
    uu_dtpath/uu_dec/o_pc_plus4_reg[9]  
    uu_dtpath/uu_dec/o_pc_plus4_reg[10]  
    uu_dtpath/uu_dec/o_pc_plus4_reg[11]  
    uu_dtpath/uu_dec/o_pc_plus4_reg[12]  
    uu_dtpath/uu_dec/o_pc_plus4_reg[13]  
    uu_dtpath/uu_dec/o_pc_plus4_reg[14]  
    uu_dtpath/uu_dec/o_pc_plus4_reg[15]  
    uu_dtpath/uu_dec/o_pc_plus4_reg[16]  
    uu_dtpath/uu_dec/o_pc_plus4_reg[17]  
    uu_dtpath/uu_dec/o_pc_plus4_reg[18]  
    uu_dtpath/uu_dec/o_pc_plus4_reg[19]  
    uu_dtpath/uu_dec/o_pc_plus4_reg[20]  
    uu_dtpath/uu_dec/o_funct3_reg[1]  
    uu_dtpath/uu_dec/o_pc_plus4_reg[22]  
    uu_dtpath/uu_dec/o_pc_plus4_reg[23]  
    uu_dtpath/uu_dec/o_pc_plus4_reg[24]  
    uu_dtpath/uu_dec/o_pc_plus4_reg[25]  
    uu_dtpath/uu_dec/o_pc_plus4_reg[26]  
    uu_dtpath/uu_dec/o_pc_plus4_reg[27]  
    uu_dtpath/uu_dec/o_pc_plus4_reg[28]  
    uu_dtpath/uu_dec/o_pc_plus4_reg[29]  
    uu_dtpath/uu_dec/o_pc_plus4_reg[30]  
    uu_dtpath/uu_dec/o_pc_plus4_reg[31]  
    uu_dtpath/uu_dec/o_pc_reg[9]  
    uu_dtpath/uu_dec/o_pc_reg[10]  
    uu_dtpath/uu_dec/o_pc_reg[25]  
    uu_dtpath/uu_dec/o_pc_reg[12]  
    uu_dtpath/uu_dec/o_pc_reg[13]  
    uu_dtpath/uu_dec/o_pc_reg[14]  
    uu_dtpath/uu_dec/o_pc_reg[15]  
    uu_dtpath/uu_dec/o_pc_reg[18]  
    uu_dtpath/uu_dec/o_pc_reg[19]  
    uu_dtpath/uu_dec/o_memWrite_reg  
    uu_dtpath/uu_dec/o_pc_reg[20]  
    uu_dtpath/uu_dec/o_pc_reg[21]  
    uu_dtpath/uu_dec/o_pc_reg[22]  
    uu_dtpath/uu_dec/o_pc_reg[23]  
    uu_dtpath/uu_dec/o_pc_reg[24]  
    uu_dtpath/uu_dec/o_pc_reg[11]  
    uu_dtpath/uu_dec/o_pc_reg[26]  
    uu_dtpath/uu_dec/o_pc_reg[27]  
    uu_dtpath/uu_dec/o_pc_reg[29]  
    uu_dtpath/uu_dec/o_regWrite_reg  
    uu_dtpath/uu_dec/o_resultSrc_reg[1]  
    uu_dtpath/uu_dec/o_pc_plus4_reg[2]  
    uu_dtpath/uu_dec/o_pc_plus4_reg[3]  
    uu_dtpath/uu_dec/o_pc_plus4_reg[4]  
    uu_dtpath/uu_dec/o_pc_plus4_reg[5]  
    uu_dtpath/uu_dec/o_pc_plus4_reg[6]  
    uu_dtpath/uu_dec/o_pc_plus4_reg[7]  
    uu_dtpath/uu_dec/o_pc_plus4_reg[8]  
    uu_dtpath/uu_dec/g1781  
    uu_dtpath/uu_dec/g1782  
    uu_dtpath/uu_dec/g1783  
    uu_dtpath/uu_dec/g1784  
    uu_dtpath/uu_dec/g1785  
    uu_dtpath/uu_dec/g1786  
    uu_dtpath/uu_dec/g1787  
    uu_dtpath/uu_dec/g1788  
    uu_dtpath/uu_dec/g1789  
    uu_dtpath/uu_dec/g1790  
    uu_dtpath/uu_dec/g1791  
    uu_dtpath/uu_dec/g1792  
    uu_dtpath/uu_dec/g1793  
    uu_dtpath/uu_dec/g1794  
    uu_dtpath/uu_dec/g1795  
    uu_dtpath/uu_dec/g1796  
    uu_dtpath/uu_dec/g1797  
    uu_dtpath/uu_dec/g1798  
    uu_dtpath/uu_dec/g1799  
    uu_dtpath/uu_dec/g1800  
    uu_dtpath/uu_dec/g1801  
    uu_dtpath/uu_dec/g1802  
    uu_dtpath/uu_dec/g1803  
    uu_dtpath/uu_dec/g1804  
    uu_dtpath/uu_dec/g1805  
    uu_dtpath/uu_dec/g1806  
    uu_dtpath/uu_dec/g1807  
    uu_dtpath/uu_dec/g1808  
    uu_dtpath/uu_dec/g1809  
    uu_dtpath/uu_dec/g1810  
    uu_dtpath/uu_dec/g1811  
    uu_dtpath/uu_dec/g1812  
    uu_dtpath/uu_dec/g1813  
    uu_dtpath/uu_dec/g1814  
    uu_dtpath/uu_dec/g1815  
    uu_dtpath/uu_dec/g1816  
    uu_dtpath/uu_dec/g1817  
    uu_dtpath/uu_dec/g1818  
    uu_dtpath/uu_dec/g1819  
    uu_dtpath/uu_dec/g1820  
    uu_dtpath/uu_dec/g1821  
    uu_dtpath/uu_dec/g1822  
    uu_dtpath/uu_dec/g1823  
    uu_dtpath/uu_dec/g1824  
    uu_dtpath/uu_dec/g1825  
    uu_dtpath/uu_dec/g1826  
    uu_dtpath/uu_dec/g1827  
    uu_dtpath/uu_dec/g1828  
    uu_dtpath/uu_dec/g1829  
    uu_dtpath/uu_dec/g1830  
    uu_dtpath/uu_dec/g1831  
    uu_dtpath/uu_dec/g1832  
    uu_dtpath/uu_dec/o_aluControl_reg[3]  
    uu_dtpath/uu_dec/rs1_ff_reg[3]  
    uu_dtpath/uu_dec/rs1_ff_reg[2]  
    uu_dtpath/uu_dec/rs1_ff_reg[1]  
    uu_dtpath/uu_exec/FE_OCPC1129_n_289  
    uu_dtpath/uu_exec/FE_RC_6_0  
    uu_dtpath/uu_exec/FE_RC_5_0  
    uu_dtpath/uu_exec/FE_OFC1107_o_writeAddr_5  
    uu_dtpath/uu_exec/FE_OFC1105_n_126  
    uu_dtpath/uu_exec/FE_RC_1_0  
    uu_dtpath/uu_exec/FE_OFC1043_o_writeAddr_2  
    uu_dtpath/uu_exec/FE_OFC1020_immExt_15  
    uu_dtpath/uu_exec/FE_OFC1019_immExt_15  
    uu_dtpath/uu_exec/FE_OFC1012_aluSrc  
    uu_dtpath/uu_exec/FE_OFC1011_aluSrc  
    uu_dtpath/uu_exec/FE_OFC951_wr_dt_reg_21  
    uu_dtpath/uu_exec/FE_OFC946_wr_dt_reg_4  
    uu_dtpath/uu_exec/FE_OFC943_wr_dt_reg_27  
    uu_dtpath/uu_exec/FE_OFC940_wr_dt_reg_28  
    uu_dtpath/uu_exec/FE_OFC932_wr_dt_reg_25  
    uu_dtpath/uu_exec/FE_OFC928_n_118  
    uu_dtpath/uu_exec/FE_OFC927_n_118  
    uu_dtpath/uu_exec/FE_OFC926_n_162  
    uu_dtpath/uu_exec/FE_OFC925_n_162  
    uu_dtpath/uu_exec/FE_OFC924_n_318  
    uu_dtpath/uu_exec/FE_OFC923_n_318  
    uu_dtpath/uu_exec/FE_OFC917_n_312  
    uu_dtpath/uu_exec/FE_OFC916_n_312  
    uu_dtpath/uu_exec/FE_OFC915_n_313  
    uu_dtpath/uu_exec/FE_OFC914_n_313  
    uu_dtpath/uu_exec/FE_OFC912_n_405  
    uu_dtpath/uu_exec/FE_OFC911_n_294  
    uu_dtpath/uu_exec/FE_OFC910_n_294  
    uu_dtpath/uu_exec/FE_OFC909_n_298  
    uu_dtpath/uu_exec/FE_OFC908_n_298  
    uu_dtpath/uu_exec/FE_OFC907_n_309  
    uu_dtpath/uu_exec/FE_OFC906_n_309  
    uu_dtpath/uu_exec/FE_OFC905_n_296  
    uu_dtpath/uu_exec/FE_OFC904_n_296  
    uu_dtpath/uu_exec/FE_OFC902_n_380  
    uu_dtpath/uu_exec/FE_OFC900_n_397  
    uu_dtpath/uu_exec/FE_OFC899_n_306  
    uu_dtpath/uu_exec/FE_OFC898_n_307  
    uu_dtpath/uu_exec/FE_OFC882_n_282  
    uu_dtpath/uu_exec/FE_OFC880_n_301  
    uu_dtpath/uu_exec/FE_OFC878_n_13  
    uu_dtpath/uu_exec/FE_OFC870_n_320  
    uu_dtpath/uu_exec/FE_OFC869_n_320  
    uu_dtpath/uu_exec/FE_OFC868_n_336  
    uu_dtpath/uu_exec/FE_OFC865_n_283  
    uu_dtpath/uu_exec/FE_OFC863_n_383  
    uu_dtpath/uu_exec/FE_OFC859_n_381  
    uu_dtpath/uu_exec/FE_OFC844_n_291  
    uu_dtpath/uu_exec/FE_OFC843_n_292  
    uu_dtpath/uu_exec/FE_OFC842_n_317  
    uu_dtpath/uu_exec/FE_OFC841_n_319  
    uu_dtpath/uu_exec/FE_OFC838_n_335  
    uu_dtpath/uu_exec/FE_OFC835_n_297  
    uu_dtpath/uu_exec/FE_OFC834_n_361  
    uu_dtpath/uu_exec/FE_OFC830_n_328  
    uu_dtpath/uu_exec/FE_OFC828_n_334  
    uu_dtpath/uu_exec/FE_OFC823_n_340  
    uu_dtpath/uu_exec/FE_OFC816_n_339  
    uu_dtpath/uu_exec/FE_OFC813_n_337  
    uu_dtpath/uu_exec/FE_OFC802_n_331  
    uu_dtpath/uu_exec/FE_OFC789_n_668  
    uu_dtpath/uu_exec/FE_OFC745_n_683  
    uu_dtpath/uu_exec/FE_OFC742_add_60_47_Y_add_60_77_n_199  
    uu_dtpath/uu_exec/FE_OFC732_n_117  
    uu_dtpath/uu_exec/FE_OFC717_n_295  
    uu_dtpath/uu_exec/FE_OFC716_n_295  
    uu_dtpath/uu_exec/FE_OFC710_n_327  
    uu_dtpath/uu_exec/FE_OFC687_n_117  
    uu_dtpath/uu_exec/FE_OFC686_n_117  
    uu_dtpath/uu_exec/FE_OFC684_n_112  
    uu_dtpath/uu_exec/FE_OFC666_n_314  
    uu_dtpath/uu_exec/FE_OFC665_n_139  
    uu_dtpath/uu_exec/FE_OFC661_wr_dt_reg_13  
    uu_dtpath/uu_exec/FE_OFC658_wr_dt_reg_10  
    uu_dtpath/uu_exec/FE_OFC656_wr_dt_reg_9  
    uu_dtpath/uu_exec/FE_OFC632_n_409  
    uu_dtpath/uu_exec/FE_OFC630_n_409  
    uu_dtpath/uu_exec/FE_OFC589_wr_dt_reg_0  
    uu_dtpath/uu_exec/FE_OFC507_n_299  
    uu_dtpath/uu_exec/FE_OFC504_n_367  
    uu_dtpath/uu_exec/FE_OFC464_n_376  
    uu_dtpath/uu_exec/FE_OFC455_n_359  
    uu_dtpath/uu_exec/FE_OFC454_n_359  
    uu_dtpath/uu_exec/FE_OFC453_n_359  
    uu_dtpath/uu_exec/FE_OFC446_n_361  
    uu_dtpath/uu_exec/FE_OFC301_n_344  
    uu_dtpath/uu_exec/FE_OFC182_n_316  
    uu_dtpath/uu_exec/FE_OFC173_n_60  
    uu_dtpath/uu_exec/FE_OFC170_immExt_13  
    uu_dtpath/uu_exec/FE_OFC150_immExt_14  
    uu_dtpath/uu_exec/FE_OFC145_o_writeAddr_7  
    uu_dtpath/uu_exec/FE_OFC142_o_writeAddr_6  
    uu_dtpath/uu_exec/FE_OFC138_n_683  
    uu_dtpath/uu_exec/FE_OFC132_funct3_de_2  
    uu_dtpath/uu_exec/FE_OFC127_funct3_de_0  
    uu_dtpath/uu_exec/FE_OFC120_n_315  
    uu_dtpath/uu_exec/FE_OFC119_n_315  
    uu_dtpath/uu_exec/FE_OFC116_o_writeAddr_21  
    uu_dtpath/uu_exec/FE_OFC112_o_writeAddr_25  
    uu_dtpath/uu_exec/FE_OFC107_o_writeAddr_23  
    uu_dtpath/uu_exec/FE_OFC106_o_writeAddr_4  
    uu_dtpath/uu_exec/FE_OFC99_o_writeAddr_24  
    uu_dtpath/uu_exec/FE_OFC95_o_writeAddr_26  
    uu_dtpath/uu_exec/FE_OFC88_o_writeAddr_13  
    uu_dtpath/uu_exec/FE_OFC81_o_writeAddr_3  
    uu_dtpath/uu_exec/FE_OFC72_o_writeAddr_30  
    uu_dtpath/uu_exec/FE_OFC67_o_writeAddr_0  
    uu_dtpath/uu_exec/FE_OFC34_aluSrc  
    uu_dtpath/uu_exec/FE_DBTC1_n_155  
    uu_dtpath/uu_exec/uu_alu/FE_OCPC1137_FE_OFN214_alu_srcB_w_0  
    uu_dtpath/uu_exec/uu_alu/FE_OCPC1136_FE_OFN214_alu_srcB_w_0  
    uu_dtpath/uu_exec/uu_alu/FE_OCPC1135_FE_OFN214_alu_srcB_w_0  
    uu_dtpath/uu_exec/uu_alu/FE_OCPC1134_FE_OFN214_alu_srcB_w_0  
    uu_dtpath/uu_exec/uu_alu/FE_OCPC1133_FE_OFN214_alu_srcB_w_0  
    uu_dtpath/uu_exec/uu_alu/FE_OCPC1132_FE_OFN214_alu_srcB_w_0  
    uu_dtpath/uu_exec/uu_alu/FE_OCPC1131_FE_OFN214_alu_srcB_w_0  
    uu_dtpath/uu_exec/uu_alu/FE_OCPC1130_FE_OFN214_alu_srcB_w_0  
    uu_dtpath/uu_exec/uu_alu/FE_RC_8_0  
    uu_dtpath/uu_exec/uu_alu/FE_RC_7_0  
    uu_dtpath/uu_exec/uu_alu/FE_OFC1092_n_369  
    uu_dtpath/uu_exec/uu_alu/FE_OFC1067_n_342  
    uu_dtpath/uu_exec/uu_alu/FE_OFC1056_n_882  
    uu_dtpath/uu_exec/uu_alu/FE_RC_4_0  
    uu_dtpath/uu_exec/uu_alu/FE_RC_3_0  
    uu_dtpath/uu_exec/uu_alu/FE_RC_2_0  
    uu_dtpath/uu_exec/uu_alu/FE_OFC1004_n_66  
    uu_dtpath/uu_exec/uu_alu/FE_OFC967_n_87  
    uu_dtpath/uu_exec/uu_alu/FE_OFC966_n_87  
    uu_dtpath/uu_exec/uu_alu/FE_OFC965_n_83  
    uu_dtpath/uu_exec/uu_alu/FE_OFC964_n_83  
    uu_dtpath/uu_exec/uu_alu/FE_OFC913_n_405  
    uu_dtpath/uu_exec/uu_alu/FE_OFC903_n_380  
    uu_dtpath/uu_exec/uu_alu/FE_OFC901_n_397  
    uu_dtpath/uu_exec/uu_alu/FE_OFC897_n_660  
    uu_dtpath/uu_exec/uu_alu/FE_OFC896_n_401  
    uu_dtpath/uu_exec/uu_alu/FE_OFC895_n_401  
    uu_dtpath/uu_exec/uu_alu/FE_OFC894_n_396  
    uu_dtpath/uu_exec/uu_alu/FE_OFC893_n_396  
    uu_dtpath/uu_exec/uu_alu/FE_OFC892_n_378  
    uu_dtpath/uu_exec/uu_alu/FE_OFC889_n_378  
    uu_dtpath/uu_exec/uu_alu/FE_OFC885_n_282  
    uu_dtpath/uu_exec/uu_alu/FE_OFC884_n_282  
    uu_dtpath/uu_exec/uu_alu/FE_OFC883_n_282  
    uu_dtpath/uu_exec/uu_alu/FE_OFC881_n_301  
    uu_dtpath/uu_exec/uu_alu/FE_OFC879_n_13  
    uu_dtpath/uu_exec/uu_alu/FE_OFC877_n_407  
    uu_dtpath/uu_exec/uu_alu/FE_OFC876_n_407  
    uu_dtpath/uu_exec/uu_alu/FE_OFC875_n_407  
    uu_dtpath/uu_exec/uu_alu/FE_OFC873_n_659  
    uu_dtpath/uu_exec/uu_alu/FE_OFC872_n_399  
    uu_dtpath/uu_exec/uu_alu/FE_OFC871_n_320  
    uu_dtpath/uu_exec/uu_alu/FE_OFC867_n_283  
    uu_dtpath/uu_exec/uu_alu/FE_OFC866_n_283  
    uu_dtpath/uu_exec/uu_alu/FE_OFC864_n_383  
    uu_dtpath/uu_exec/uu_alu/FE_OFC862_alu_srcB_w_6  
    uu_dtpath/uu_exec/uu_alu/FE_OFC861_alu_srcB_w_6  
    uu_dtpath/uu_exec/uu_alu/FE_OFC860_n_381  
    uu_dtpath/uu_exec/uu_alu/FE_OFC856_alu_srcB_w_5  
    uu_dtpath/uu_exec/uu_alu/FE_OFC855_alu_srcB_w_5  
    uu_dtpath/uu_exec/uu_alu/FE_OFC854_n_342  
    uu_dtpath/uu_exec/uu_alu/FE_OFC853_n_342  
    uu_dtpath/uu_exec/uu_alu/FE_OFC852_n_342  
    uu_dtpath/uu_exec/uu_alu/FE_OFC851_n_342  
    uu_dtpath/uu_exec/uu_alu/FE_OFC850_n_342  
    uu_dtpath/uu_exec/uu_alu/FE_OFC849_sll_22_38_n_135  
    uu_dtpath/uu_exec/uu_alu/FE_OFC840_n_330  
    uu_dtpath/uu_exec/uu_alu/FE_OFC833_alu_srcB_w_24  
    uu_dtpath/uu_exec/uu_alu/FE_OFC832_alu_srcB_w_24  
    uu_dtpath/uu_exec/uu_alu/FE_OFC831_n_328  
    uu_dtpath/uu_exec/uu_alu/FE_OFC829_n_334  
    uu_dtpath/uu_exec/uu_alu/FE_OFC827_FE_DBTN16_alu_srcB_w_12  
    uu_dtpath/uu_exec/uu_alu/FE_OFC826_FE_DBTN16_alu_srcB_w_12  
    uu_dtpath/uu_exec/uu_alu/FE_OFC825_sll_22_38_n_121  
    uu_dtpath/uu_exec/uu_alu/FE_OFC824_sll_22_38_n_121  
    uu_dtpath/uu_exec/uu_alu/FE_OFC822_srl_23_38_n_130  
    uu_dtpath/uu_exec/uu_alu/FE_OFC821_srl_23_38_n_130  
    uu_dtpath/uu_exec/uu_alu/FE_OFC820_srl_23_38_n_138  
    uu_dtpath/uu_exec/uu_alu/FE_OFC819_srl_23_38_n_138  
    uu_dtpath/uu_exec/uu_alu/FE_OFC818_n_339  
    uu_dtpath/uu_exec/uu_alu/FE_OFC814_n_337  
    uu_dtpath/uu_exec/uu_alu/FE_OFC812_alu_srcB_w_1  
    uu_dtpath/uu_exec/uu_alu/FE_OFC811_alu_srcB_w_1  
    uu_dtpath/uu_exec/uu_alu/FE_OFC808_alu_srcB_w_1  
    uu_dtpath/uu_exec/uu_alu/FE_OFC806_alu_srcB_w_1  
    uu_dtpath/uu_exec/uu_alu/FE_OFC805_alu_srcB_w_1  
    uu_dtpath/uu_exec/uu_alu/FE_OFC804_n_492  
    uu_dtpath/uu_exec/uu_alu/FE_OFC803_n_492  
    uu_dtpath/uu_exec/uu_alu/FE_OFC801_sll_22_38_n_109  
    uu_dtpath/uu_exec/uu_alu/FE_OFC800_alu_srcB_w_20  
    uu_dtpath/uu_exec/uu_alu/FE_OFC799_lt_21_38_n_89  
    uu_dtpath/uu_exec/uu_alu/FE_OFC798_n_920  
    uu_dtpath/uu_exec/uu_alu/FE_OFC797_sra_24_47_n_141  
    uu_dtpath/uu_exec/uu_alu/FE_OFC796_srl_23_38_n_72  
    uu_dtpath/uu_exec/uu_alu/FE_OFC795_srl_23_38_n_72  
    uu_dtpath/uu_exec/uu_alu/FE_OFC794_sra_24_47_n_107  
    uu_dtpath/uu_exec/uu_alu/FE_OFC793_sra_24_47_n_122  
    uu_dtpath/uu_exec/uu_alu/FE_OFC792_sll_22_38_n_139  
    uu_dtpath/uu_exec/uu_alu/FE_OFC791_n_668  
    uu_dtpath/uu_exec/uu_alu/FE_OFC788_srl_23_38_n_120  
    uu_dtpath/uu_exec/uu_alu/FE_OFC787_sra_24_47_n_185  
    uu_dtpath/uu_exec/uu_alu/FE_OFC785_sra_24_47_n_189  
    uu_dtpath/uu_exec/uu_alu/FE_OFC784_sra_24_47_n_189  
    uu_dtpath/uu_exec/uu_alu/FE_OFC783_sra_24_47_n_182  
    uu_dtpath/uu_exec/uu_alu/FE_OFC781_sra_24_47_n_187  
    uu_dtpath/uu_exec/uu_alu/FE_OFC779_sll_22_38_n_190  
    uu_dtpath/uu_exec/uu_alu/FE_OFC778_sll_22_38_n_190  
    uu_dtpath/uu_exec/uu_alu/FE_OFC777_srl_23_38_n_121  
    uu_dtpath/uu_exec/uu_alu/FE_OFC776_sll_22_38_n_188  
    uu_dtpath/uu_exec/uu_alu/FE_OFC775_sll_22_38_n_181  
    uu_dtpath/uu_exec/uu_alu/FE_OFC774_sll_22_38_n_211  
    uu_dtpath/uu_exec/uu_alu/FE_OFC773_sll_22_38_n_133  
    uu_dtpath/uu_exec/uu_alu/FE_OFC772_sll_22_38_n_133  
    uu_dtpath/uu_exec/uu_alu/FE_OFC771_n_486  
    uu_dtpath/uu_exec/uu_alu/FE_OFC770_n_486  
    uu_dtpath/uu_exec/uu_alu/FE_OFC769_sll_22_38_n_170  
    uu_dtpath/uu_exec/uu_alu/FE_OFC768_srl_23_38_n_210  
    uu_dtpath/uu_exec/uu_alu/FE_OFC767_srl_23_38_n_185  
    uu_dtpath/uu_exec/uu_alu/FE_OFC766_srl_23_38_n_188  
    uu_dtpath/uu_exec/uu_alu/FE_OFC765_srl_23_38_n_193  
    uu_dtpath/uu_exec/uu_alu/FE_OFC764_srl_23_38_n_208  
    uu_dtpath/uu_exec/uu_alu/FE_OFC763_srl_23_38_n_208  
    uu_dtpath/uu_exec/uu_alu/FE_OFC762_srl_23_38_n_183  
    uu_dtpath/uu_exec/uu_alu/FE_OFC761_srl_23_38_n_183  
    uu_dtpath/uu_exec/uu_alu/FE_OFC760_sll_22_38_n_272  
    uu_dtpath/uu_exec/uu_alu/FE_OFC759_n_882  
    uu_dtpath/uu_exec/uu_alu/FE_OFC758_n_342  
    uu_dtpath/uu_exec/uu_alu/FE_OFC757_n_865  
    uu_dtpath/uu_exec/uu_alu/FE_OFC756_sll_22_38_n_253  
    uu_dtpath/uu_exec/uu_alu/FE_OFC755_lt_21_38_n_115  
    uu_dtpath/uu_exec/uu_alu/FE_OFC754_n_833  
    uu_dtpath/uu_exec/uu_alu/FE_OFC753_sra_24_47_n_320  
    uu_dtpath/uu_exec/uu_alu/FE_OFC752_sra_24_47_n_320  
    uu_dtpath/uu_exec/uu_alu/FE_OFC751_sra_24_47_n_324  
    uu_dtpath/uu_exec/uu_alu/FE_OFC750_sra_24_47_n_324  
    uu_dtpath/uu_exec/uu_alu/FE_OFC749_csa_tree_eq_29_30_groupi_n_121  
    uu_dtpath/uu_exec/uu_alu/FE_OFC748_csa_tree_eq_29_30_groupi_n_100  
    uu_dtpath/uu_exec/uu_alu/FE_OFC747_final_adder_mux_o_result_14_13_n_133  
    uu_dtpath/uu_exec/uu_alu/FE_OFC746_final_adder_mux_o_result_14_13_n_133  
    uu_dtpath/uu_exec/uu_alu/FE_OFC744_final_adder_mux_o_result_14_13_n_180  
    uu_dtpath/uu_exec/uu_alu/FE_OFC743_final_adder_mux_o_result_14_13_n_187  
    uu_dtpath/uu_exec/uu_alu/FE_OFC731_n_343  
    uu_dtpath/uu_exec/uu_alu/FE_OFC730_n_343  
    uu_dtpath/uu_exec/uu_alu/FE_OFC726_alu_srcB_w_12  
    uu_dtpath/uu_exec/uu_alu/FE_OFC720_n_295  
    uu_dtpath/uu_exec/uu_alu/FE_OFC719_n_295  
    uu_dtpath/uu_exec/uu_alu/FE_OFC718_n_295  
    uu_dtpath/uu_exec/uu_alu/FE_OFC689_n_911  
    uu_dtpath/uu_exec/uu_alu/FE_OFC688_n_911  
    uu_dtpath/uu_exec/uu_alu/FE_OFC679_alu_srcB_w_0  
    uu_dtpath/uu_exec/uu_alu/FE_OFC669_n_899  
    uu_dtpath/uu_exec/uu_alu/FE_OFC668_n_899  
    uu_dtpath/uu_exec/uu_alu/FE_OFC667_n_899  
    uu_dtpath/uu_exec/uu_alu/FE_OFC642_n_378  
    uu_dtpath/uu_exec/uu_alu/FE_OFC631_n_409  
    uu_dtpath/uu_exec/uu_alu/FE_OFC596_n_341  
    uu_dtpath/uu_exec/uu_alu/FE_OFC595_n_341  
    uu_dtpath/uu_exec/uu_alu/FE_OFC594_n_341  
    uu_dtpath/uu_exec/uu_alu/FE_OFC591_n_341  
    uu_dtpath/uu_exec/uu_alu/FE_OFC578_alu_srcB_w_0  
    uu_dtpath/uu_exec/uu_alu/FE_OFC577_alu_srcB_w_0  
    uu_dtpath/uu_exec/uu_alu/FE_OFC576_alu_srcB_w_0  
    uu_dtpath/uu_exec/uu_alu/FE_OFC532_sll_22_38_n_276  
    uu_dtpath/uu_exec/uu_alu/FE_OFC530_srl_23_38_n_259  
    uu_dtpath/uu_exec/uu_alu/FE_OFC526_n_409  
    uu_dtpath/uu_exec/uu_alu/FE_OFC514_sll_22_38_n_12  
    uu_dtpath/uu_exec/uu_alu/FE_OFC415_n_295  
    uu_dtpath/uu_exec/uu_alu/FE_OFC387_n_369  
    uu_dtpath/uu_exec/uu_alu/FE_OFC174_n_798  
    uu_dtpath/uu_exec/uu_alu/FE_OFC162_n_100  
    uu_dtpath/uu_exec/uu_alu/FE_OFC161_n_534  
    uu_dtpath/uu_exec/uu_alu/FE_OFC101_final_adder_mux_o_result_14_13_n_158  
    uu_dtpath/uu_exec/uu_alu/FE_OFC87_n_58  
    uu_dtpath/uu_exec/uu_alu/FE_OFC86_n_58  
    uu_dtpath/uu_exec/uu_alu/FE_OFC85_n_58  
    uu_dtpath/uu_exec/uu_alu/FE_DBTC12_n_398  
    uu_dtpath/uu_exec/uu_alu/FE_DBTC10_n_402  
    uu_dtpath/uu_exec/uu_alu/FE_DBTC8_n_406  
    uu_dtpath/uu_exec/uu_alu/FE_DBTC6_n_408  
    uu_dtpath/uu_exec/uu_alu/FE_DBTC5_n_658  
    uu_dtpath/uu_exec/uu_alu/g6094  
    uu_dtpath/uu_exec/uu_alu/g6095  
    uu_dtpath/uu_exec/uu_alu/g6096  
    uu_dtpath/uu_exec/uu_alu/g6098  
    uu_dtpath/uu_exec/uu_alu/g6099  
    uu_dtpath/uu_exec/uu_alu/g6100  
    uu_dtpath/uu_exec/uu_alu/g6101  
    uu_dtpath/uu_exec/uu_alu/g6102  
    uu_dtpath/uu_exec/uu_alu/g6103  
    uu_dtpath/uu_exec/uu_alu/g6104  
    uu_dtpath/uu_exec/uu_alu/g6105  
    uu_dtpath/uu_exec/uu_alu/g6106  
    uu_dtpath/uu_exec/uu_alu/g6107  
    uu_dtpath/uu_exec/uu_alu/g6108  
    uu_dtpath/uu_exec/uu_alu/g6109  
    uu_dtpath/uu_exec/uu_alu/g6110  
    uu_dtpath/uu_exec/uu_alu/g6111  
    uu_dtpath/uu_exec/uu_alu/g6113  
    uu_dtpath/uu_exec/uu_alu/g6115  
    uu_dtpath/uu_exec/uu_alu/g6116  
    uu_dtpath/uu_exec/uu_alu/g6117  
    uu_dtpath/uu_exec/uu_alu/g6118  
    uu_dtpath/uu_exec/uu_alu/g6119  
    uu_dtpath/uu_exec/uu_alu/g6120  
    uu_dtpath/uu_exec/uu_alu/g6121  
    uu_dtpath/uu_exec/uu_alu/g6122  
    uu_dtpath/uu_exec/uu_alu/g6123  
    uu_dtpath/uu_exec/uu_alu/g6124  
    uu_dtpath/uu_exec/uu_alu/g6125  
    uu_dtpath/uu_exec/uu_alu/g6126  
    uu_dtpath/uu_exec/uu_alu/g6127  
    uu_dtpath/uu_exec/uu_alu/g6128  
    uu_dtpath/uu_exec/uu_alu/g6129  
    uu_dtpath/uu_exec/uu_alu/g6130  
    uu_dtpath/uu_exec/uu_alu/g6131  
    uu_dtpath/uu_exec/uu_alu/g6132  
    uu_dtpath/uu_exec/uu_alu/g6133  
    uu_dtpath/uu_exec/uu_alu/g6134  
    uu_dtpath/uu_exec/uu_alu/g6135  
    uu_dtpath/uu_exec/uu_alu/g6136  
    uu_dtpath/uu_exec/uu_alu/g6137  
    uu_dtpath/uu_exec/uu_alu/g6138  
    uu_dtpath/uu_exec/uu_alu/g6139  
    uu_dtpath/uu_exec/uu_alu/g6140  
    uu_dtpath/uu_exec/uu_alu/g6141  
    uu_dtpath/uu_exec/uu_alu/g6142  
    uu_dtpath/uu_exec/uu_alu/g6143  
    uu_dtpath/uu_exec/uu_alu/g6144  
    uu_dtpath/uu_exec/uu_alu/g6145  
    uu_dtpath/uu_exec/uu_alu/g6146  
    uu_dtpath/uu_exec/uu_alu/g6147  
    uu_dtpath/uu_exec/uu_alu/g6148  
    uu_dtpath/uu_exec/uu_alu/g6149  
    uu_dtpath/uu_exec/uu_alu/g6150  
    uu_dtpath/uu_exec/uu_alu/g6152  
    uu_dtpath/uu_exec/uu_alu/g6153  
    uu_dtpath/uu_exec/uu_alu/g6154  
    uu_dtpath/uu_exec/uu_alu/g6155  
    uu_dtpath/uu_exec/uu_alu/g6157  
    uu_dtpath/uu_exec/uu_alu/g6158  
    uu_dtpath/uu_exec/uu_alu/g6159  
    uu_dtpath/uu_exec/uu_alu/g6160  
    uu_dtpath/uu_exec/uu_alu/g6161  
    uu_dtpath/uu_exec/uu_alu/g6162  
    uu_dtpath/uu_exec/uu_alu/g6163  
    uu_dtpath/uu_exec/uu_alu/g6164  
    uu_dtpath/uu_exec/uu_alu/g6165  
    uu_dtpath/uu_exec/uu_alu/g6166  
    uu_dtpath/uu_exec/uu_alu/g6167  
    uu_dtpath/uu_exec/uu_alu/g6168  
    uu_dtpath/uu_exec/uu_alu/g6170  
    uu_dtpath/uu_exec/uu_alu/g6171  
    uu_dtpath/uu_exec/uu_alu/g6172  
    uu_dtpath/uu_exec/uu_alu/g6173  
    uu_dtpath/uu_exec/uu_alu/g6174  
    uu_dtpath/uu_exec/uu_alu/g6176  
    uu_dtpath/uu_exec/uu_alu/g6177  
    uu_dtpath/uu_exec/uu_alu/g6178  
    uu_dtpath/uu_exec/uu_alu/g6179  
    uu_dtpath/uu_exec/uu_alu/g6180  
    uu_dtpath/uu_exec/uu_alu/g6182  
    uu_dtpath/uu_exec/uu_alu/g6183  
    uu_dtpath/uu_exec/uu_alu/g6185  
    uu_dtpath/uu_exec/uu_alu/g6186  
    uu_dtpath/uu_exec/uu_alu/g6187  
    uu_dtpath/uu_exec/uu_alu/g6188  
    uu_dtpath/uu_exec/uu_alu/g6189  
    uu_dtpath/uu_exec/uu_alu/g6191  
    uu_dtpath/uu_exec/uu_alu/g6192  
    uu_dtpath/uu_exec/uu_alu/g6193  
    uu_dtpath/uu_exec/uu_alu/g6194  
    uu_dtpath/uu_exec/uu_alu/g6195  
    uu_dtpath/uu_exec/uu_alu/g6196  
    uu_dtpath/uu_exec/uu_alu/g6197  
    uu_dtpath/uu_exec/uu_alu/g6198  
    uu_dtpath/uu_exec/uu_alu/g6199  
    uu_dtpath/uu_exec/uu_alu/g6200  
    uu_dtpath/uu_exec/uu_alu/g6201  
    uu_dtpath/uu_exec/uu_alu/g6202  
    uu_dtpath/uu_exec/uu_alu/g6203  
    uu_dtpath/uu_exec/uu_alu/g6204  
    uu_dtpath/uu_exec/uu_alu/g6205  
    uu_dtpath/uu_exec/uu_alu/g6206  
    uu_dtpath/uu_exec/uu_alu/g6207  
    uu_dtpath/uu_exec/uu_alu/g6208  
    uu_dtpath/uu_exec/uu_alu/g6209  
    uu_dtpath/uu_exec/uu_alu/g6210  
    uu_dtpath/uu_exec/uu_alu/g6211  
    uu_dtpath/uu_exec/uu_alu/g6212  
    uu_dtpath/uu_exec/uu_alu/g6213  
    uu_dtpath/uu_exec/uu_alu/g6214  
    uu_dtpath/uu_exec/uu_alu/g6215  
    uu_dtpath/uu_exec/uu_alu/g6216  
    uu_dtpath/uu_exec/uu_alu/g6217  
    uu_dtpath/uu_exec/uu_alu/g6218  
    uu_dtpath/uu_exec/uu_alu/g6219  
    uu_dtpath/uu_exec/uu_alu/g6220  
    uu_dtpath/uu_exec/uu_alu/g6221  
    uu_dtpath/uu_exec/uu_alu/g6222  
    uu_dtpath/uu_exec/uu_alu/g6223  
    uu_dtpath/uu_exec/uu_alu/g6224  
    uu_dtpath/uu_exec/uu_alu/g6225  
    uu_dtpath/uu_exec/uu_alu/g6226  
    uu_dtpath/uu_exec/uu_alu/g6227  
    uu_dtpath/uu_exec/uu_alu/g6228  
    uu_dtpath/uu_exec/uu_alu/g6229  
    uu_dtpath/uu_exec/uu_alu/g6230  
    uu_dtpath/uu_exec/uu_alu/g6231  
    uu_dtpath/uu_exec/uu_alu/g6232  
    uu_dtpath/uu_exec/uu_alu/g6233  
    uu_dtpath/uu_exec/uu_alu/g6234  
    uu_dtpath/uu_exec/uu_alu/g6235  
    uu_dtpath/uu_exec/uu_alu/g6236  
    uu_dtpath/uu_exec/uu_alu/g6237  
    uu_dtpath/uu_exec/uu_alu/g6238  
    uu_dtpath/uu_exec/uu_alu/g6239  
    uu_dtpath/uu_exec/uu_alu/g6240  
    uu_dtpath/uu_exec/uu_alu/g6241  
    uu_dtpath/uu_exec/uu_alu/g6242  
    uu_dtpath/uu_exec/uu_alu/g6243  
    uu_dtpath/uu_exec/uu_alu/g6244  
    uu_dtpath/uu_exec/uu_alu/g6245  
    uu_dtpath/uu_exec/uu_alu/g6246  
    uu_dtpath/uu_exec/uu_alu/g6247  
    uu_dtpath/uu_exec/uu_alu/g6249  
    uu_dtpath/uu_exec/uu_alu/g6250  
    uu_dtpath/uu_exec/uu_alu/g6252  
    uu_dtpath/uu_exec/uu_alu/g6253  
    uu_dtpath/uu_exec/uu_alu/g6254  
    uu_dtpath/uu_exec/uu_alu/g6255  
    uu_dtpath/uu_exec/uu_alu/g6256  
    uu_dtpath/uu_exec/uu_alu/g6257  
    uu_dtpath/uu_exec/uu_alu/g6258  
    uu_dtpath/uu_exec/uu_alu/g6260  
    uu_dtpath/uu_exec/uu_alu/g6261  
    uu_dtpath/uu_exec/uu_alu/g6263  
    uu_dtpath/uu_exec/uu_alu/g6264  
    uu_dtpath/uu_exec/uu_alu/g6265  
    uu_dtpath/uu_exec/uu_alu/g6267  
    uu_dtpath/uu_exec/uu_alu/g6268  
    uu_dtpath/uu_exec/uu_alu/g6271  
    uu_dtpath/uu_exec/uu_alu/g6272  
    uu_dtpath/uu_exec/uu_alu/g6273  
    uu_dtpath/uu_exec/uu_alu/g6274  
    uu_dtpath/uu_exec/uu_alu/g6275  
    uu_dtpath/uu_exec/uu_alu/g6276  
    uu_dtpath/uu_exec/uu_alu/g6277  
    uu_dtpath/uu_exec/uu_alu/g6278  
    uu_dtpath/uu_exec/uu_alu/g6279  
    uu_dtpath/uu_exec/uu_alu/g6280  
    uu_dtpath/uu_exec/uu_alu/g6281  
    uu_dtpath/uu_exec/uu_alu/g6282  
    uu_dtpath/uu_exec/uu_alu/g6283  
    uu_dtpath/uu_exec/uu_alu/g6284  
    uu_dtpath/uu_exec/uu_alu/g6285  
    uu_dtpath/uu_exec/uu_alu/g6286  
    uu_dtpath/uu_exec/uu_alu/g6287  
    uu_dtpath/uu_exec/uu_alu/g6288  
    uu_dtpath/uu_exec/uu_alu/g6289  
    uu_dtpath/uu_exec/uu_alu/g6290  
    uu_dtpath/uu_exec/uu_alu/g6291  
    uu_dtpath/uu_exec/uu_alu/g6292  
    uu_dtpath/uu_exec/uu_alu/g6293  
    uu_dtpath/uu_exec/uu_alu/g6294  
    uu_dtpath/uu_exec/uu_alu/g6296  
    uu_dtpath/uu_exec/uu_alu/g6298  
    uu_dtpath/uu_exec/uu_alu/g6299  
    uu_dtpath/uu_exec/uu_alu/g6300  
    uu_dtpath/uu_exec/uu_alu/g6301  
    uu_dtpath/uu_exec/uu_alu/g6302  
    uu_dtpath/uu_exec/uu_alu/g6303  
    uu_dtpath/uu_exec/uu_alu/g6304  
    uu_dtpath/uu_exec/uu_alu/g6305  
    uu_dtpath/uu_exec/uu_alu/g6306  
    uu_dtpath/uu_exec/uu_alu/g6307  
    uu_dtpath/uu_exec/uu_alu/g6308  
    uu_dtpath/uu_exec/uu_alu/g6309  
    uu_dtpath/uu_exec/uu_alu/g6310  
    uu_dtpath/uu_exec/uu_alu/g6311  
    uu_dtpath/uu_exec/uu_alu/g6312  
    uu_dtpath/uu_exec/uu_alu/g6313  
    uu_dtpath/uu_exec/uu_alu/g6314  
    uu_dtpath/uu_exec/uu_alu/g6315  
    uu_dtpath/uu_exec/uu_alu/g6316  
    uu_dtpath/uu_exec/uu_alu/g6317  
    uu_dtpath/uu_exec/uu_alu/g6318  
    uu_dtpath/uu_exec/uu_alu/g6319  
    uu_dtpath/uu_exec/uu_alu/g6320  
    uu_dtpath/uu_exec/uu_alu/g6321  
    uu_dtpath/uu_exec/uu_alu/g6322  
    uu_dtpath/uu_exec/uu_alu/g6323  
    uu_dtpath/uu_exec/uu_alu/g6324  
    uu_dtpath/uu_exec/uu_alu/g6325  
    uu_dtpath/uu_exec/uu_alu/g6326  
    uu_dtpath/uu_exec/uu_alu/g6327  
    uu_dtpath/uu_exec/uu_alu/g6328  
    uu_dtpath/uu_exec/uu_alu/g6329  
    uu_dtpath/uu_exec/uu_alu/g6330  
    uu_dtpath/uu_exec/uu_alu/g6331  
    uu_dtpath/uu_exec/uu_alu/g6332  
    uu_dtpath/uu_exec/uu_alu/g6333  
    uu_dtpath/uu_exec/uu_alu/g6334  
    uu_dtpath/uu_exec/uu_alu/g6335  
    uu_dtpath/uu_exec/uu_alu/g6336  
    uu_dtpath/uu_exec/uu_alu/g6337  
    uu_dtpath/uu_exec/uu_alu/g6338  
    uu_dtpath/uu_exec/uu_alu/g6339  
    uu_dtpath/uu_exec/uu_alu/g6340  
    uu_dtpath/uu_exec/uu_alu/g6341  
    uu_dtpath/uu_exec/uu_alu/g6342  
    uu_dtpath/uu_exec/uu_alu/g6343  
    uu_dtpath/uu_exec/uu_alu/g6344  
    uu_dtpath/uu_exec/uu_alu/g6345  
    uu_dtpath/uu_exec/uu_alu/g6346  
    uu_dtpath/uu_exec/uu_alu/g6348  
    uu_dtpath/uu_exec/uu_alu/g6349  
    uu_dtpath/uu_exec/uu_alu/g6350  
    uu_dtpath/uu_exec/uu_alu/g6351  
    uu_dtpath/uu_exec/uu_alu/g6352  
    uu_dtpath/uu_exec/uu_alu/g6353  
    uu_dtpath/uu_exec/uu_alu/g6354  
    uu_dtpath/uu_exec/uu_alu/g6355  
    uu_dtpath/uu_exec/uu_alu/g6356  
    uu_dtpath/uu_exec/uu_alu/g6357  
    uu_dtpath/uu_exec/uu_alu/g6358  
    uu_dtpath/uu_exec/uu_alu/g6359  
    uu_dtpath/uu_exec/uu_alu/g6360  
    uu_dtpath/uu_exec/uu_alu/g6361  
    uu_dtpath/uu_exec/uu_alu/g6362  
    uu_dtpath/uu_exec/uu_alu/g6363  
    uu_dtpath/uu_exec/uu_alu/g6364  
    uu_dtpath/uu_exec/uu_alu/g6365  
    uu_dtpath/uu_exec/uu_alu/g6366  
    uu_dtpath/uu_exec/uu_alu/g6367  
    uu_dtpath/uu_exec/uu_alu/g6368  
    uu_dtpath/uu_exec/uu_alu/g6369  
    uu_dtpath/uu_exec/uu_alu/g6370  
    uu_dtpath/uu_exec/uu_alu/g6371  
    uu_dtpath/uu_exec/uu_alu/g6373  
    uu_dtpath/uu_exec/uu_alu/g6374  
    uu_dtpath/uu_exec/uu_alu/g6375  
    uu_dtpath/uu_exec/uu_alu/g6376  
    uu_dtpath/uu_exec/uu_alu/g6377  
    uu_dtpath/uu_exec/uu_alu/g6378  
    uu_dtpath/uu_exec/uu_alu/g6379  
    uu_dtpath/uu_exec/uu_alu/g6380  
    uu_dtpath/uu_exec/uu_alu/g6381  
    uu_dtpath/uu_exec/uu_alu/g6382  
    uu_dtpath/uu_exec/uu_alu/g6383  
    uu_dtpath/uu_exec/uu_alu/g6384  
    uu_dtpath/uu_exec/uu_alu/g6386  
    uu_dtpath/uu_exec/uu_alu/g6387  
    uu_dtpath/uu_exec/uu_alu/g6388  
    uu_dtpath/uu_exec/uu_alu/g6389  
    uu_dtpath/uu_exec/uu_alu/g6391  
    uu_dtpath/uu_exec/uu_alu/g6392  
    uu_dtpath/uu_exec/uu_alu/g6393  
    uu_dtpath/uu_exec/uu_alu/g6394  
    uu_dtpath/uu_exec/uu_alu/g6395  
    uu_dtpath/uu_exec/uu_alu/g6396  
    uu_dtpath/uu_exec/uu_alu/g6397  
    uu_dtpath/uu_exec/uu_alu/g6398  
    uu_dtpath/uu_exec/uu_alu/g6399  
    uu_dtpath/uu_exec/uu_alu/g6400  
    uu_dtpath/uu_exec/uu_alu/g6401  
    uu_dtpath/uu_exec/uu_alu/g6402  
    uu_dtpath/uu_exec/uu_alu/g6403  
    uu_dtpath/uu_exec/uu_alu/g6404  
    uu_dtpath/uu_exec/uu_alu/g6405  
    uu_dtpath/uu_exec/uu_alu/g6406  
    uu_dtpath/uu_exec/uu_alu/g6407  
    uu_dtpath/uu_exec/uu_alu/g6408  
    uu_dtpath/uu_exec/uu_alu/g6409  
    uu_dtpath/uu_exec/uu_alu/g6410  
    uu_dtpath/uu_exec/uu_alu/g6411  
    uu_dtpath/uu_exec/uu_alu/g6412  
    uu_dtpath/uu_exec/uu_alu/g6413  
    uu_dtpath/uu_exec/uu_alu/g6414  
    uu_dtpath/uu_exec/uu_alu/g6415  
    uu_dtpath/uu_exec/uu_alu/g6416  
    uu_dtpath/uu_exec/uu_alu/g6417  
    uu_dtpath/uu_exec/uu_alu/g6418  
    uu_dtpath/uu_exec/uu_alu/g6419  
    uu_dtpath/uu_exec/uu_alu/g6420  
    uu_dtpath/uu_exec/uu_alu/g6421  
    uu_dtpath/uu_exec/uu_alu/g6422  
    uu_dtpath/uu_exec/uu_alu/g6423  
    uu_dtpath/uu_exec/uu_alu/g6425  
    uu_dtpath/uu_exec/uu_alu/g6426  
    uu_dtpath/uu_exec/uu_alu/g6427  
    uu_dtpath/uu_exec/uu_alu/g6428  
    uu_dtpath/uu_exec/uu_alu/g6429  
    uu_dtpath/uu_exec/uu_alu/g6430  
    uu_dtpath/uu_exec/uu_alu/g6431  
    uu_dtpath/uu_exec/uu_alu/g6432  
    uu_dtpath/uu_exec/uu_alu/g6433  
    uu_dtpath/uu_exec/uu_alu/g6434  
    uu_dtpath/uu_exec/uu_alu/g6435  
    uu_dtpath/uu_exec/uu_alu/g6436  
    uu_dtpath/uu_exec/uu_alu/g6437  
    uu_dtpath/uu_exec/uu_alu/g6438  
    uu_dtpath/uu_exec/uu_alu/g6439  
    uu_dtpath/uu_exec/uu_alu/g6440  
    uu_dtpath/uu_exec/uu_alu/g6441  
    uu_dtpath/uu_exec/uu_alu/g6442  
    uu_dtpath/uu_exec/uu_alu/g6443  
    uu_dtpath/uu_exec/uu_alu/g6444  
    uu_dtpath/uu_exec/uu_alu/g6445  
    uu_dtpath/uu_exec/uu_alu/g6446  
    uu_dtpath/uu_exec/uu_alu/g6447  
    uu_dtpath/uu_exec/uu_alu/g6448  
    uu_dtpath/uu_exec/uu_alu/g6449  
    uu_dtpath/uu_exec/uu_alu/g6450  
    uu_dtpath/uu_exec/uu_alu/g6451  
    uu_dtpath/uu_exec/uu_alu/g6452  
    uu_dtpath/uu_exec/uu_alu/g6453  
    uu_dtpath/uu_exec/uu_alu/g6454  
    uu_dtpath/uu_exec/uu_alu/g6455  
    uu_dtpath/uu_exec/uu_alu/g6456  
    uu_dtpath/uu_exec/uu_alu/g6457  
    uu_dtpath/uu_exec/uu_alu/g6458  
    uu_dtpath/uu_exec/uu_alu/g6459  
    uu_dtpath/uu_exec/uu_alu/g6460  
    uu_dtpath/uu_exec/uu_alu/g6461  
    uu_dtpath/uu_exec/uu_alu/g6462  
    uu_dtpath/uu_exec/uu_alu/g6463  
    uu_dtpath/uu_exec/uu_alu/g6464  
    uu_dtpath/uu_exec/uu_alu/g6465  
    uu_dtpath/uu_exec/uu_alu/g6466  
    uu_dtpath/uu_exec/uu_alu/g6467  
    uu_dtpath/uu_exec/uu_alu/g6468  
    uu_dtpath/uu_exec/uu_alu/g6469  
    uu_dtpath/uu_exec/uu_alu/g6470  
    uu_dtpath/uu_exec/uu_alu/g6471  
    uu_dtpath/uu_exec/uu_alu/g6472  
    uu_dtpath/uu_exec/uu_alu/g6473  
    uu_dtpath/uu_exec/uu_alu/g6474  
    uu_dtpath/uu_exec/uu_alu/g6475  
    uu_dtpath/uu_exec/uu_alu/g6476  
    uu_dtpath/uu_exec/uu_alu/g6477  
    uu_dtpath/uu_exec/uu_alu/g6479  
    uu_dtpath/uu_exec/uu_alu/g6481  
    uu_dtpath/uu_exec/uu_alu/g6483  
    uu_dtpath/uu_exec/uu_alu/g6484  
    uu_dtpath/uu_exec/uu_alu/g6485  
    uu_dtpath/uu_exec/uu_alu/g6488  
    uu_dtpath/uu_exec/uu_alu/g6489  
    uu_dtpath/uu_exec/uu_alu/g6490  
    uu_dtpath/uu_exec/uu_alu/g6491  
    uu_dtpath/uu_exec/uu_alu/g6492  
    uu_dtpath/uu_exec/uu_alu/g6495  
    uu_dtpath/uu_exec/uu_alu/g6496  
    uu_dtpath/uu_exec/uu_alu/g6499  
    uu_dtpath/uu_exec/uu_alu/g6500  
    uu_dtpath/uu_exec/uu_alu/g6502  
    uu_dtpath/uu_exec/uu_alu/g6503  
    uu_dtpath/uu_exec/uu_alu/g6504  
    uu_dtpath/uu_exec/uu_alu/g6505  
    uu_dtpath/uu_exec/uu_alu/g6506  
    uu_dtpath/uu_exec/uu_alu/g6507  
    uu_dtpath/uu_exec/uu_alu/g6508  
    uu_dtpath/uu_exec/uu_alu/g6509  
    uu_dtpath/uu_exec/uu_alu/g6510  
    uu_dtpath/uu_exec/uu_alu/g6511  
    uu_dtpath/uu_exec/uu_alu/g6512  
    uu_dtpath/uu_exec/uu_alu/g6514  
    uu_dtpath/uu_exec/uu_alu/g6515  
    uu_dtpath/uu_exec/uu_alu/g6516  
    uu_dtpath/uu_exec/uu_alu/g6517  
    uu_dtpath/uu_exec/uu_alu/g6518  
    uu_dtpath/uu_exec/uu_alu/g6519  
    uu_dtpath/uu_exec/uu_alu/g6520  
    uu_dtpath/uu_exec/uu_alu/g6521  
    uu_dtpath/uu_exec/uu_alu/g6524  
    uu_dtpath/uu_exec/uu_alu/g6526  
    uu_dtpath/uu_exec/uu_alu/g6527  
    uu_dtpath/uu_exec/uu_alu/g6528  
    uu_dtpath/uu_exec/uu_alu/g6529  
    uu_dtpath/uu_exec/uu_alu/g6530  
    uu_dtpath/uu_exec/uu_alu/g6531  
    uu_dtpath/uu_exec/uu_alu/g6532  
    uu_dtpath/uu_exec/uu_alu/g6533  
    uu_dtpath/uu_exec/uu_alu/g6534  
    uu_dtpath/uu_exec/uu_alu/g6535  
    uu_dtpath/uu_exec/uu_alu/g6552  
    uu_dtpath/uu_exec/uu_alu/g6553  
    uu_dtpath/uu_exec/uu_alu/g6562  
    uu_dtpath/uu_exec/uu_alu/g6563  
    uu_dtpath/uu_exec/uu_alu/g6567  
    uu_dtpath/uu_exec/uu_alu/g6571  
    uu_dtpath/uu_exec/uu_alu/g6575  
    uu_dtpath/uu_exec/uu_alu/drc_bufs6588  
    uu_dtpath/uu_exec/uu_alu/g2  
    uu_dtpath/uu_exec/uu_alu/g6596  
    uu_dtpath/uu_exec/uu_alu/g6597  
    uu_dtpath/uu_exec/uu_alu/csa_tree_eq_29_30_groupi_g634  
    uu_dtpath/uu_exec/uu_alu/csa_tree_eq_29_30_groupi_g635  
    uu_dtpath/uu_exec/uu_alu/csa_tree_eq_29_30_groupi_g637  
    uu_dtpath/uu_exec/uu_alu/csa_tree_eq_29_30_groupi_g638  
    uu_dtpath/uu_exec/uu_alu/csa_tree_eq_29_30_groupi_g639  
    uu_dtpath/uu_exec/uu_alu/csa_tree_eq_29_30_groupi_g640  
    uu_dtpath/uu_exec/uu_alu/csa_tree_eq_29_30_groupi_g641  
    uu_dtpath/uu_exec/uu_alu/csa_tree_eq_29_30_groupi_g642  
    uu_dtpath/uu_exec/uu_alu/csa_tree_eq_29_30_groupi_g643  
    uu_dtpath/uu_exec/uu_alu/csa_tree_eq_29_30_groupi_g644  
    uu_dtpath/uu_exec/uu_alu/csa_tree_eq_29_30_groupi_g645  
    uu_dtpath/uu_exec/uu_alu/csa_tree_eq_29_30_groupi_g647  
    uu_dtpath/uu_exec/uu_alu/csa_tree_eq_29_30_groupi_g648  
    uu_dtpath/uu_exec/uu_alu/csa_tree_eq_29_30_groupi_g649  
    uu_dtpath/uu_exec/uu_alu/csa_tree_eq_29_30_groupi_g650  
    uu_dtpath/uu_exec/uu_alu/csa_tree_eq_29_30_groupi_g651  
    uu_dtpath/uu_exec/uu_alu/csa_tree_eq_29_30_groupi_g652  
    uu_dtpath/uu_exec/uu_alu/csa_tree_eq_29_30_groupi_g654  
    uu_dtpath/uu_exec/uu_alu/csa_tree_eq_29_30_groupi_g655  
    uu_dtpath/uu_exec/uu_alu/csa_tree_eq_29_30_groupi_g656  
    uu_dtpath/uu_exec/uu_alu/csa_tree_eq_29_30_groupi_g657  
    uu_dtpath/uu_exec/uu_alu/csa_tree_eq_29_30_groupi_g658  
    uu_dtpath/uu_exec/uu_alu/csa_tree_eq_29_30_groupi_g659  
    uu_dtpath/uu_exec/uu_alu/csa_tree_eq_29_30_groupi_g660  
    uu_dtpath/uu_exec/uu_alu/csa_tree_eq_29_30_groupi_g661  
    uu_dtpath/uu_exec/uu_alu/csa_tree_eq_29_30_groupi_g662  
    uu_dtpath/uu_exec/uu_alu/csa_tree_eq_29_30_groupi_g663  
    uu_dtpath/uu_exec/uu_alu/csa_tree_eq_29_30_groupi_g664  
    uu_dtpath/uu_exec/uu_alu/csa_tree_eq_29_30_groupi_g665  
    uu_dtpath/uu_exec/uu_alu/csa_tree_eq_29_30_groupi_g666  
    uu_dtpath/uu_exec/uu_alu/csa_tree_eq_29_30_groupi_g667  
    uu_dtpath/uu_exec/uu_alu/csa_tree_eq_29_30_groupi_g668  
    uu_dtpath/uu_exec/uu_alu/csa_tree_eq_29_30_groupi_g669  
    uu_dtpath/uu_exec/uu_alu/csa_tree_eq_29_30_groupi_g670  
    uu_dtpath/uu_exec/uu_alu/csa_tree_eq_29_30_groupi_g671  
    uu_dtpath/uu_exec/uu_alu/csa_tree_eq_29_30_groupi_g672  
    uu_dtpath/uu_exec/uu_alu/csa_tree_eq_29_30_groupi_g673  
    uu_dtpath/uu_exec/uu_alu/csa_tree_eq_29_30_groupi_g674  
    uu_dtpath/uu_exec/uu_alu/csa_tree_eq_29_30_groupi_g676  
    uu_dtpath/uu_exec/uu_alu/csa_tree_eq_29_30_groupi_g677  
    uu_dtpath/uu_exec/uu_alu/csa_tree_eq_29_30_groupi_g679  
    uu_dtpath/uu_exec/uu_alu/csa_tree_eq_29_30_groupi_g680  
    uu_dtpath/uu_exec/uu_alu/csa_tree_eq_29_30_groupi_g681  
    uu_dtpath/uu_exec/uu_alu/csa_tree_eq_29_30_groupi_g682  
    uu_dtpath/uu_exec/uu_alu/csa_tree_eq_29_30_groupi_g683  
    uu_dtpath/uu_exec/uu_alu/csa_tree_eq_29_30_groupi_g684  
    uu_dtpath/uu_exec/uu_alu/csa_tree_eq_29_30_groupi_g685  
    uu_dtpath/uu_exec/uu_alu/csa_tree_eq_29_30_groupi_g686  
    uu_dtpath/uu_exec/uu_alu/csa_tree_eq_29_30_groupi_g687  
    uu_dtpath/uu_exec/uu_alu/csa_tree_eq_29_30_groupi_g688  
    uu_dtpath/uu_exec/uu_alu/csa_tree_eq_29_30_groupi_g689  
    uu_dtpath/uu_exec/uu_alu/csa_tree_eq_29_30_groupi_g690  
    uu_dtpath/uu_exec/uu_alu/csa_tree_eq_29_30_groupi_g691  
    uu_dtpath/uu_exec/uu_alu/csa_tree_eq_29_30_groupi_g692  
    uu_dtpath/uu_exec/uu_alu/csa_tree_eq_29_30_groupi_g693  
    uu_dtpath/uu_exec/uu_alu/csa_tree_eq_29_30_groupi_g694  
    uu_dtpath/uu_exec/uu_alu/csa_tree_eq_29_30_groupi_g695  
    uu_dtpath/uu_exec/uu_alu/csa_tree_eq_29_30_groupi_g698  
    uu_dtpath/uu_exec/uu_alu/csa_tree_eq_29_30_groupi_g699  
    uu_dtpath/uu_exec/uu_alu/csa_tree_eq_29_30_groupi_g700  
    uu_dtpath/uu_exec/uu_alu/csa_tree_eq_29_30_groupi_g701  
    uu_dtpath/uu_exec/uu_alu/csa_tree_eq_29_30_groupi_g703  
    uu_dtpath/uu_exec/uu_alu/csa_tree_eq_29_30_groupi_g704  
    uu_dtpath/uu_exec/uu_alu/csa_tree_eq_29_30_groupi_g705  
    uu_dtpath/uu_exec/uu_alu/csa_tree_eq_29_30_groupi_g706  
    uu_dtpath/uu_exec/uu_alu/csa_tree_eq_29_30_groupi_g707  
    uu_dtpath/uu_exec/uu_alu/csa_tree_eq_29_30_groupi_g708  
    uu_dtpath/uu_exec/uu_alu/csa_tree_eq_29_30_groupi_g709  
    uu_dtpath/uu_exec/uu_alu/csa_tree_eq_29_30_groupi_g711  
    uu_dtpath/uu_exec/uu_alu/csa_tree_eq_29_30_groupi_g712  
    uu_dtpath/uu_exec/uu_alu/csa_tree_eq_29_30_groupi_g713  
    uu_dtpath/uu_exec/uu_alu/csa_tree_eq_29_30_groupi_g714  
    uu_dtpath/uu_exec/uu_alu/csa_tree_eq_29_30_groupi_g715  
    uu_dtpath/uu_exec/uu_alu/csa_tree_eq_29_30_groupi_g716  
    uu_dtpath/uu_exec/uu_alu/csa_tree_eq_29_30_groupi_g717  
    uu_dtpath/uu_exec/uu_alu/csa_tree_eq_29_30_groupi_g718  
    uu_dtpath/uu_exec/uu_alu/csa_tree_eq_29_30_groupi_g719  
    uu_dtpath/uu_exec/uu_alu/csa_tree_eq_29_30_groupi_g720  
    uu_dtpath/uu_exec/uu_alu/csa_tree_eq_29_30_groupi_g725  
    uu_dtpath/uu_exec/uu_alu/csa_tree_eq_29_30_groupi_g728  
    uu_dtpath/uu_exec/uu_alu/csa_tree_eq_29_30_groupi_g732  
    uu_dtpath/uu_exec/uu_alu/csa_tree_eq_29_30_groupi_g733  
    uu_dtpath/uu_exec/uu_alu/csa_tree_eq_29_30_groupi_g737  
    uu_dtpath/uu_exec/uu_alu/csa_tree_eq_29_30_groupi_g740  
    uu_dtpath/uu_exec/uu_alu/csa_tree_eq_29_30_groupi_g741  
    uu_dtpath/uu_exec/uu_alu/csa_tree_eq_29_30_groupi_g745  
    uu_dtpath/uu_exec/uu_alu/csa_tree_eq_29_30_groupi_g750  
    uu_dtpath/uu_exec/uu_alu/csa_tree_eq_29_30_groupi_g751  
    uu_dtpath/uu_exec/uu_alu/csa_tree_eq_29_30_groupi_g752  
    uu_dtpath/uu_exec/uu_alu/csa_tree_eq_29_30_groupi_g755  
    uu_dtpath/uu_exec/uu_alu/csa_tree_eq_29_30_groupi_g756  
    uu_dtpath/uu_exec/uu_alu/csa_tree_eq_29_30_groupi_g757  
    uu_dtpath/uu_exec/uu_alu/csa_tree_eq_29_30_groupi_g759  
    uu_dtpath/uu_exec/uu_alu/csa_tree_eq_29_30_groupi_g760  
    uu_dtpath/uu_exec/uu_alu/csa_tree_eq_29_30_groupi_g763  
    uu_dtpath/uu_exec/uu_alu/csa_tree_eq_29_30_groupi_g764  
    uu_dtpath/uu_exec/uu_alu/csa_tree_eq_29_30_groupi_g765  
    uu_dtpath/uu_exec/uu_alu/csa_tree_eq_29_30_groupi_g766  
    uu_dtpath/uu_exec/uu_alu/csa_tree_eq_29_30_groupi_g769  
    uu_dtpath/uu_exec/uu_alu/csa_tree_eq_29_30_groupi_g771  
    uu_dtpath/uu_exec/uu_alu/csa_tree_eq_29_30_groupi_g774  
    uu_dtpath/uu_exec/uu_alu/csa_tree_eq_29_30_groupi_g786  
    uu_dtpath/uu_exec/uu_alu/csa_tree_eq_29_30_groupi_g789  
    uu_dtpath/uu_exec/uu_alu/csa_tree_eq_29_30_groupi_g790  
    uu_dtpath/uu_exec/uu_alu/csa_tree_eq_29_30_groupi_g2  
    uu_dtpath/uu_exec/uu_alu/csa_tree_eq_29_30_groupi_g791  
    uu_dtpath/uu_exec/uu_alu/csa_tree_eq_29_30_groupi_g793  
    uu_dtpath/uu_exec/uu_alu/csa_tree_eq_29_30_groupi_g794  
    uu_dtpath/uu_exec/uu_alu/csa_tree_eq_29_30_groupi_g795  
    uu_dtpath/uu_exec/uu_alu/csa_tree_eq_29_30_groupi_g797  
    uu_dtpath/uu_exec/uu_alu/csa_tree_eq_29_30_groupi_g798  
    uu_dtpath/uu_exec/uu_alu/csa_tree_eq_29_30_groupi_g799  
    uu_dtpath/uu_exec/uu_alu/csa_tree_eq_29_30_groupi_g801  
    uu_dtpath/uu_exec/uu_alu/csa_tree_eq_29_30_groupi_g802  
    uu_dtpath/uu_exec/uu_alu/csa_tree_eq_29_30_groupi_g803  
    uu_dtpath/uu_exec/uu_alu/csa_tree_eq_29_30_groupi_g804  
    uu_dtpath/uu_exec/uu_alu/csa_tree_eq_29_30_groupi_g805  
    uu_dtpath/uu_exec/uu_alu/csa_tree_eq_29_30_groupi_g806  
    uu_dtpath/uu_exec/uu_alu/csa_tree_eq_29_30_groupi_g807  
    uu_dtpath/uu_exec/uu_alu/csa_tree_eq_29_30_groupi_g808  
    uu_dtpath/uu_exec/uu_alu/csa_tree_eq_29_30_groupi_g809  
    uu_dtpath/uu_exec/uu_alu/csa_tree_eq_29_30_groupi_g810  
    uu_dtpath/uu_exec/uu_alu/csa_tree_eq_29_30_groupi_g811  
    uu_dtpath/uu_exec/uu_alu/csa_tree_eq_29_30_groupi_g812  
    uu_dtpath/uu_exec/uu_alu/csa_tree_eq_29_30_groupi_g813  
    uu_dtpath/uu_exec/uu_alu/final_adder_mux_o_result_14_13_g908  
    uu_dtpath/uu_exec/uu_alu/final_adder_mux_o_result_14_13_g909  
    uu_dtpath/uu_exec/uu_alu/final_adder_mux_o_result_14_13_g910  
    uu_dtpath/uu_exec/uu_alu/final_adder_mux_o_result_14_13_g911  
    uu_dtpath/uu_exec/uu_alu/final_adder_mux_o_result_14_13_g912  
    uu_dtpath/uu_exec/uu_alu/final_adder_mux_o_result_14_13_g913  
    uu_dtpath/uu_exec/uu_alu/final_adder_mux_o_result_14_13_g914  
    uu_dtpath/uu_exec/uu_alu/final_adder_mux_o_result_14_13_g915  
    uu_dtpath/uu_exec/uu_alu/final_adder_mux_o_result_14_13_g916  
    uu_dtpath/uu_exec/uu_alu/final_adder_mux_o_result_14_13_g917  
    uu_dtpath/uu_exec/uu_alu/final_adder_mux_o_result_14_13_g918  
    uu_dtpath/uu_exec/uu_alu/final_adder_mux_o_result_14_13_g919  
    uu_dtpath/uu_exec/uu_alu/final_adder_mux_o_result_14_13_g920  
    uu_dtpath/uu_exec/uu_alu/final_adder_mux_o_result_14_13_g921  
    uu_dtpath/uu_exec/uu_alu/final_adder_mux_o_result_14_13_g922  
    uu_dtpath/uu_exec/uu_alu/final_adder_mux_o_result_14_13_g923  
    uu_dtpath/uu_exec/uu_alu/final_adder_mux_o_result_14_13_g924  
    uu_dtpath/uu_exec/uu_alu/final_adder_mux_o_result_14_13_g925  
    uu_dtpath/uu_exec/uu_alu/final_adder_mux_o_result_14_13_g926  
    uu_dtpath/uu_exec/uu_alu/final_adder_mux_o_result_14_13_g927  
    uu_dtpath/uu_exec/uu_alu/final_adder_mux_o_result_14_13_g928  
    uu_dtpath/uu_exec/uu_alu/final_adder_mux_o_result_14_13_g929  
    uu_dtpath/uu_exec/uu_alu/final_adder_mux_o_result_14_13_g930  
    uu_dtpath/uu_exec/uu_alu/final_adder_mux_o_result_14_13_g931  
    uu_dtpath/uu_exec/uu_alu/final_adder_mux_o_result_14_13_g932  
    uu_dtpath/uu_exec/uu_alu/final_adder_mux_o_result_14_13_g933  
    uu_dtpath/uu_exec/uu_alu/final_adder_mux_o_result_14_13_g934  
    uu_dtpath/uu_exec/uu_alu/final_adder_mux_o_result_14_13_g935  
    uu_dtpath/uu_exec/uu_alu/final_adder_mux_o_result_14_13_g936  
    uu_dtpath/uu_exec/uu_alu/final_adder_mux_o_result_14_13_g937  
    uu_dtpath/uu_exec/uu_alu/final_adder_mux_o_result_14_13_g938  
    uu_dtpath/uu_exec/uu_alu/final_adder_mux_o_result_14_13_g939  
    uu_dtpath/uu_exec/uu_alu/final_adder_mux_o_result_14_13_g940  
    uu_dtpath/uu_exec/uu_alu/final_adder_mux_o_result_14_13_g941  
    uu_dtpath/uu_exec/uu_alu/final_adder_mux_o_result_14_13_g942  
    uu_dtpath/uu_exec/uu_alu/final_adder_mux_o_result_14_13_g943  
    uu_dtpath/uu_exec/uu_alu/final_adder_mux_o_result_14_13_g944  
    uu_dtpath/uu_exec/uu_alu/final_adder_mux_o_result_14_13_g945  
    uu_dtpath/uu_exec/uu_alu/final_adder_mux_o_result_14_13_g947  
    uu_dtpath/uu_exec/uu_alu/final_adder_mux_o_result_14_13_g948  
    uu_dtpath/uu_exec/uu_alu/final_adder_mux_o_result_14_13_g949  
    uu_dtpath/uu_exec/uu_alu/final_adder_mux_o_result_14_13_g950  
    uu_dtpath/uu_exec/uu_alu/final_adder_mux_o_result_14_13_g951  
    uu_dtpath/uu_exec/uu_alu/final_adder_mux_o_result_14_13_g953  
    uu_dtpath/uu_exec/uu_alu/final_adder_mux_o_result_14_13_g954  
    uu_dtpath/uu_exec/uu_alu/final_adder_mux_o_result_14_13_g955  
    uu_dtpath/uu_exec/uu_alu/final_adder_mux_o_result_14_13_g956  
    uu_dtpath/uu_exec/uu_alu/final_adder_mux_o_result_14_13_g957  
    uu_dtpath/uu_exec/uu_alu/final_adder_mux_o_result_14_13_g958  
    uu_dtpath/uu_exec/uu_alu/final_adder_mux_o_result_14_13_g959  
    uu_dtpath/uu_exec/uu_alu/final_adder_mux_o_result_14_13_g960  
    uu_dtpath/uu_exec/uu_alu/final_adder_mux_o_result_14_13_g961  
    uu_dtpath/uu_exec/uu_alu/final_adder_mux_o_result_14_13_g962  
    uu_dtpath/uu_exec/uu_alu/final_adder_mux_o_result_14_13_g963  
    uu_dtpath/uu_exec/uu_alu/final_adder_mux_o_result_14_13_g964  
    uu_dtpath/uu_exec/uu_alu/final_adder_mux_o_result_14_13_g965  
    uu_dtpath/uu_exec/uu_alu/final_adder_mux_o_result_14_13_g966  
    uu_dtpath/uu_exec/uu_alu/final_adder_mux_o_result_14_13_g967  
    uu_dtpath/uu_exec/uu_alu/final_adder_mux_o_result_14_13_g968  
    uu_dtpath/uu_exec/uu_alu/final_adder_mux_o_result_14_13_g969  
    uu_dtpath/uu_exec/uu_alu/final_adder_mux_o_result_14_13_g970  
    uu_dtpath/uu_exec/uu_alu/final_adder_mux_o_result_14_13_g971  
    uu_dtpath/uu_exec/uu_alu/final_adder_mux_o_result_14_13_g972  
    uu_dtpath/uu_exec/uu_alu/final_adder_mux_o_result_14_13_g973  
    uu_dtpath/uu_exec/uu_alu/final_adder_mux_o_result_14_13_g974  
    uu_dtpath/uu_exec/uu_alu/final_adder_mux_o_result_14_13_g975  
    uu_dtpath/uu_exec/uu_alu/final_adder_mux_o_result_14_13_g977  
    uu_dtpath/uu_exec/uu_alu/final_adder_mux_o_result_14_13_g978  
    uu_dtpath/uu_exec/uu_alu/final_adder_mux_o_result_14_13_g979  
    uu_dtpath/uu_exec/uu_alu/final_adder_mux_o_result_14_13_g980  
    uu_dtpath/uu_exec/uu_alu/final_adder_mux_o_result_14_13_g981  
    uu_dtpath/uu_exec/uu_alu/final_adder_mux_o_result_14_13_g982  
    uu_dtpath/uu_exec/uu_alu/final_adder_mux_o_result_14_13_g984  
    uu_dtpath/uu_exec/uu_alu/final_adder_mux_o_result_14_13_g986  
    uu_dtpath/uu_exec/uu_alu/final_adder_mux_o_result_14_13_g987  
    uu_dtpath/uu_exec/uu_alu/final_adder_mux_o_result_14_13_g988  
    uu_dtpath/uu_exec/uu_alu/final_adder_mux_o_result_14_13_g989  
    uu_dtpath/uu_exec/uu_alu/final_adder_mux_o_result_14_13_g990  
    uu_dtpath/uu_exec/uu_alu/final_adder_mux_o_result_14_13_g991  
    uu_dtpath/uu_exec/uu_alu/final_adder_mux_o_result_14_13_g993  
    uu_dtpath/uu_exec/uu_alu/final_adder_mux_o_result_14_13_g994  
    uu_dtpath/uu_exec/uu_alu/final_adder_mux_o_result_14_13_g995  
    uu_dtpath/uu_exec/uu_alu/final_adder_mux_o_result_14_13_g996  
    uu_dtpath/uu_exec/uu_alu/final_adder_mux_o_result_14_13_g997  
    uu_dtpath/uu_exec/uu_alu/final_adder_mux_o_result_14_13_g998  
    uu_dtpath/uu_exec/uu_alu/final_adder_mux_o_result_14_13_g999  
    uu_dtpath/uu_exec/uu_alu/final_adder_mux_o_result_14_13_g1000  
    uu_dtpath/uu_exec/uu_alu/final_adder_mux_o_result_14_13_g1001  
    uu_dtpath/uu_exec/uu_alu/final_adder_mux_o_result_14_13_g1002  
    uu_dtpath/uu_exec/uu_alu/final_adder_mux_o_result_14_13_g1003  
    uu_dtpath/uu_exec/uu_alu/final_adder_mux_o_result_14_13_g1004  
    uu_dtpath/uu_exec/uu_alu/final_adder_mux_o_result_14_13_g1006  
    uu_dtpath/uu_exec/uu_alu/final_adder_mux_o_result_14_13_g1007  
    uu_dtpath/uu_exec/uu_alu/final_adder_mux_o_result_14_13_g1008  
    uu_dtpath/uu_exec/uu_alu/final_adder_mux_o_result_14_13_g1009  
    uu_dtpath/uu_exec/uu_alu/final_adder_mux_o_result_14_13_g1010  
    uu_dtpath/uu_exec/uu_alu/final_adder_mux_o_result_14_13_g1011  
    uu_dtpath/uu_exec/uu_alu/final_adder_mux_o_result_14_13_g1012  
    uu_dtpath/uu_exec/uu_alu/final_adder_mux_o_result_14_13_g1013  
    uu_dtpath/uu_exec/uu_alu/final_adder_mux_o_result_14_13_g1014  
    uu_dtpath/uu_exec/uu_alu/final_adder_mux_o_result_14_13_g1015  
    uu_dtpath/uu_exec/uu_alu/final_adder_mux_o_result_14_13_g1016  
    uu_dtpath/uu_exec/uu_alu/final_adder_mux_o_result_14_13_g1017  
    uu_dtpath/uu_exec/uu_alu/final_adder_mux_o_result_14_13_g1018  
    uu_dtpath/uu_exec/uu_alu/final_adder_mux_o_result_14_13_g1019  
    uu_dtpath/uu_exec/uu_alu/final_adder_mux_o_result_14_13_g1020  
    uu_dtpath/uu_exec/uu_alu/final_adder_mux_o_result_14_13_g1021  
    uu_dtpath/uu_exec/uu_alu/final_adder_mux_o_result_14_13_g1022  
    uu_dtpath/uu_exec/uu_alu/final_adder_mux_o_result_14_13_g1023  
    uu_dtpath/uu_exec/uu_alu/final_adder_mux_o_result_14_13_g1024  
    uu_dtpath/uu_exec/uu_alu/final_adder_mux_o_result_14_13_g1027  
    uu_dtpath/uu_exec/uu_alu/final_adder_mux_o_result_14_13_g1028  
    uu_dtpath/uu_exec/uu_alu/final_adder_mux_o_result_14_13_g1029  
    uu_dtpath/uu_exec/uu_alu/final_adder_mux_o_result_14_13_g1030  
    uu_dtpath/uu_exec/uu_alu/final_adder_mux_o_result_14_13_g1031  
    uu_dtpath/uu_exec/uu_alu/final_adder_mux_o_result_14_13_g1032  
    uu_dtpath/uu_exec/uu_alu/final_adder_mux_o_result_14_13_g1033  
    uu_dtpath/uu_exec/uu_alu/final_adder_mux_o_result_14_13_g1034  
    uu_dtpath/uu_exec/uu_alu/final_adder_mux_o_result_14_13_g1035  
    uu_dtpath/uu_exec/uu_alu/final_adder_mux_o_result_14_13_g1036  
    uu_dtpath/uu_exec/uu_alu/final_adder_mux_o_result_14_13_g1037  
    uu_dtpath/uu_exec/uu_alu/final_adder_mux_o_result_14_13_g1038  
    uu_dtpath/uu_exec/uu_alu/final_adder_mux_o_result_14_13_g1039  
    uu_dtpath/uu_exec/uu_alu/final_adder_mux_o_result_14_13_g1040  
    uu_dtpath/uu_exec/uu_alu/final_adder_mux_o_result_14_13_g1041  
    uu_dtpath/uu_exec/uu_alu/final_adder_mux_o_result_14_13_g1042  
    uu_dtpath/uu_exec/uu_alu/final_adder_mux_o_result_14_13_g1043  
    uu_dtpath/uu_exec/uu_alu/final_adder_mux_o_result_14_13_g1044  
    uu_dtpath/uu_exec/uu_alu/final_adder_mux_o_result_14_13_g1045  
    uu_dtpath/uu_exec/uu_alu/final_adder_mux_o_result_14_13_g1046  
    uu_dtpath/uu_exec/uu_alu/final_adder_mux_o_result_14_13_g1047  
    uu_dtpath/uu_exec/uu_alu/final_adder_mux_o_result_14_13_g1048  
    uu_dtpath/uu_exec/uu_alu/final_adder_mux_o_result_14_13_g1049  
    uu_dtpath/uu_exec/uu_alu/final_adder_mux_o_result_14_13_g1050  
    uu_dtpath/uu_exec/uu_alu/final_adder_mux_o_result_14_13_g1051  
    uu_dtpath/uu_exec/uu_alu/final_adder_mux_o_result_14_13_g1052  
    uu_dtpath/uu_exec/uu_alu/final_adder_mux_o_result_14_13_g1053  
    uu_dtpath/uu_exec/uu_alu/final_adder_mux_o_result_14_13_g1054  
    uu_dtpath/uu_exec/uu_alu/final_adder_mux_o_result_14_13_g1055  
    uu_dtpath/uu_exec/uu_alu/final_adder_mux_o_result_14_13_g1056  
    uu_dtpath/uu_exec/uu_alu/final_adder_mux_o_result_14_13_g1057  
    uu_dtpath/uu_exec/uu_alu/final_adder_mux_o_result_14_13_g1058  
    uu_dtpath/uu_exec/uu_alu/final_adder_mux_o_result_14_13_g1059  
    uu_dtpath/uu_exec/uu_alu/final_adder_mux_o_result_14_13_g1060  
    uu_dtpath/uu_exec/uu_alu/final_adder_mux_o_result_14_13_g1061  
    uu_dtpath/uu_exec/uu_alu/final_adder_mux_o_result_14_13_g1062  
    uu_dtpath/uu_exec/uu_alu/final_adder_mux_o_result_14_13_g1063  
    uu_dtpath/uu_exec/uu_alu/final_adder_mux_o_result_14_13_g1064  
    uu_dtpath/uu_exec/uu_alu/final_adder_mux_o_result_14_13_g1065  
    uu_dtpath/uu_exec/uu_alu/final_adder_mux_o_result_14_13_g1066  
    uu_dtpath/uu_exec/uu_alu/final_adder_mux_o_result_14_13_g1067  
    uu_dtpath/uu_exec/uu_alu/final_adder_mux_o_result_14_13_g1068  
    uu_dtpath/uu_exec/uu_alu/final_adder_mux_o_result_14_13_g1069  
    uu_dtpath/uu_exec/uu_alu/final_adder_mux_o_result_14_13_g1070  
    uu_dtpath/uu_exec/uu_alu/final_adder_mux_o_result_14_13_g1071  
    uu_dtpath/uu_exec/uu_alu/final_adder_mux_o_result_14_13_g1072  
    uu_dtpath/uu_exec/uu_alu/final_adder_mux_o_result_14_13_g1073  
    uu_dtpath/uu_exec/uu_alu/final_adder_mux_o_result_14_13_g1074  
    uu_dtpath/uu_exec/uu_alu/final_adder_mux_o_result_14_13_g1075  
    uu_dtpath/uu_exec/uu_alu/final_adder_mux_o_result_14_13_g1076  
    uu_dtpath/uu_exec/uu_alu/final_adder_mux_o_result_14_13_g1077  
    uu_dtpath/uu_exec/uu_alu/final_adder_mux_o_result_14_13_g1078  
    uu_dtpath/uu_exec/uu_alu/final_adder_mux_o_result_14_13_g1079  
    uu_dtpath/uu_exec/uu_alu/final_adder_mux_o_result_14_13_g1080  
    uu_dtpath/uu_exec/uu_alu/final_adder_mux_o_result_14_13_g1081  
    uu_dtpath/uu_exec/uu_alu/final_adder_mux_o_result_14_13_g1082  
    uu_dtpath/uu_exec/uu_alu/final_adder_mux_o_result_14_13_g1083  
    uu_dtpath/uu_exec/uu_alu/final_adder_mux_o_result_14_13_g1084  
    uu_dtpath/uu_exec/uu_alu/final_adder_mux_o_result_14_13_g1086  
    uu_dtpath/uu_exec/uu_alu/final_adder_mux_o_result_14_13_g1087  
    uu_dtpath/uu_exec/uu_alu/final_adder_mux_o_result_14_13_g1088  
    uu_dtpath/uu_exec/uu_alu/final_adder_mux_o_result_14_13_g1089  
    uu_dtpath/uu_exec/uu_alu/final_adder_mux_o_result_14_13_g1090  
    uu_dtpath/uu_exec/uu_alu/final_adder_mux_o_result_14_13_g1091  
    uu_dtpath/uu_exec/uu_alu/final_adder_mux_o_result_14_13_g1092  
    uu_dtpath/uu_exec/uu_alu/final_adder_mux_o_result_14_13_g1093  
    uu_dtpath/uu_exec/uu_alu/final_adder_mux_o_result_14_13_g1094  
    uu_dtpath/uu_exec/uu_alu/final_adder_mux_o_result_14_13_g1095  
    uu_dtpath/uu_exec/uu_alu/final_adder_mux_o_result_14_13_g1096  
    uu_dtpath/uu_exec/uu_alu/final_adder_mux_o_result_14_13_g1097  
    uu_dtpath/uu_exec/uu_alu/final_adder_mux_o_result_14_13_g1098  
    uu_dtpath/uu_exec/uu_alu/final_adder_mux_o_result_14_13_g1099  
    uu_dtpath/uu_exec/uu_alu/final_adder_mux_o_result_14_13_g1100  
    uu_dtpath/uu_exec/uu_alu/final_adder_mux_o_result_14_13_g1101  
    uu_dtpath/uu_exec/uu_alu/final_adder_mux_o_result_14_13_g1102  
    uu_dtpath/uu_exec/uu_alu/final_adder_mux_o_result_14_13_g1103  
    uu_dtpath/uu_exec/uu_alu/final_adder_mux_o_result_14_13_g1104  
    uu_dtpath/uu_exec/uu_alu/final_adder_mux_o_result_14_13_g1105  
    uu_dtpath/uu_exec/uu_alu/final_adder_mux_o_result_14_13_g1106  
    uu_dtpath/uu_exec/uu_alu/final_adder_mux_o_result_14_13_g1107  
    uu_dtpath/uu_exec/uu_alu/final_adder_mux_o_result_14_13_g1108  
    uu_dtpath/uu_exec/uu_alu/final_adder_mux_o_result_14_13_g1109  
    uu_dtpath/uu_exec/uu_alu/final_adder_mux_o_result_14_13_g1110  
    uu_dtpath/uu_exec/uu_alu/final_adder_mux_o_result_14_13_g1111  
    uu_dtpath/uu_exec/uu_alu/final_adder_mux_o_result_14_13_g1112  
    uu_dtpath/uu_exec/uu_alu/final_adder_mux_o_result_14_13_g1113  
    uu_dtpath/uu_exec/uu_alu/final_adder_mux_o_result_14_13_g1114  
    uu_dtpath/uu_exec/uu_alu/final_adder_mux_o_result_14_13_g1115  
    uu_dtpath/uu_exec/uu_alu/final_adder_mux_o_result_14_13_g1116  
    uu_dtpath/uu_exec/uu_alu/final_adder_mux_o_result_14_13_g1117  
    uu_dtpath/uu_exec/uu_alu/final_adder_mux_o_result_14_13_g1118  
    uu_dtpath/uu_exec/uu_alu/final_adder_mux_o_result_14_13_g1119  
    uu_dtpath/uu_exec/uu_alu/final_adder_mux_o_result_14_13_g1120  
    uu_dtpath/uu_exec/uu_alu/final_adder_mux_o_result_14_13_g1121  
    uu_dtpath/uu_exec/uu_alu/final_adder_mux_o_result_14_13_g1122  
    uu_dtpath/uu_exec/uu_alu/final_adder_mux_o_result_14_13_g1123  
    uu_dtpath/uu_exec/uu_alu/final_adder_mux_o_result_14_13_g1124  
    uu_dtpath/uu_exec/uu_alu/final_adder_mux_o_result_14_13_g1125  
    uu_dtpath/uu_exec/uu_alu/final_adder_mux_o_result_14_13_g1126  
    uu_dtpath/uu_exec/uu_alu/final_adder_mux_o_result_14_13_g1127  
    uu_dtpath/uu_exec/uu_alu/final_adder_mux_o_result_14_13_g1128  
    uu_dtpath/uu_exec/uu_alu/final_adder_mux_o_result_14_13_g1129  
    uu_dtpath/uu_exec/uu_alu/final_adder_mux_o_result_14_13_g1130  
    uu_dtpath/uu_exec/uu_alu/final_adder_mux_o_result_14_13_g1131  
    uu_dtpath/uu_exec/uu_alu/final_adder_mux_o_result_14_13_g1132  
    uu_dtpath/uu_exec/uu_alu/final_adder_mux_o_result_14_13_g1133  
    uu_dtpath/uu_exec/uu_alu/final_adder_mux_o_result_14_13_g1134  
    uu_dtpath/uu_exec/uu_alu/final_adder_mux_o_result_14_13_g1135  
    uu_dtpath/uu_exec/uu_alu/final_adder_mux_o_result_14_13_g1136  
    uu_dtpath/uu_exec/uu_alu/final_adder_mux_o_result_14_13_g1137  
    uu_dtpath/uu_exec/uu_alu/final_adder_mux_o_result_14_13_g1138  
    uu_dtpath/uu_exec/uu_alu/final_adder_mux_o_result_14_13_g1139  
    uu_dtpath/uu_exec/uu_alu/final_adder_mux_o_result_14_13_g1140  
    uu_dtpath/uu_exec/uu_alu/final_adder_mux_o_result_14_13_g1141  
    uu_dtpath/uu_exec/uu_alu/final_adder_mux_o_result_14_13_g1142  
    uu_dtpath/uu_exec/uu_alu/final_adder_mux_o_result_14_13_g1143  
    uu_dtpath/uu_exec/uu_alu/final_adder_mux_o_result_14_13_g1144  
    uu_dtpath/uu_exec/uu_alu/final_adder_mux_o_result_14_13_g1145  
    uu_dtpath/uu_exec/uu_alu/final_adder_mux_o_result_14_13_g1146  
    uu_dtpath/uu_exec/uu_alu/final_adder_mux_o_result_14_13_g1147  
    uu_dtpath/uu_exec/uu_alu/final_adder_mux_o_result_14_13_g1148  
    uu_dtpath/uu_exec/uu_alu/final_adder_mux_o_result_14_13_g1149  
    uu_dtpath/uu_exec/uu_alu/final_adder_mux_o_result_14_13_g1150  
    uu_dtpath/uu_exec/uu_alu/final_adder_mux_o_result_14_13_g1151  
    uu_dtpath/uu_exec/uu_alu/final_adder_mux_o_result_14_13_g1152  
    uu_dtpath/uu_exec/uu_alu/final_adder_mux_o_result_14_13_g1153  
    uu_dtpath/uu_exec/uu_alu/final_adder_mux_o_result_14_13_g1154  
    uu_dtpath/uu_exec/uu_alu/final_adder_mux_o_result_14_13_g1155  
    uu_dtpath/uu_exec/uu_alu/final_adder_mux_o_result_14_13_g1156  
    uu_dtpath/uu_exec/uu_alu/final_adder_mux_o_result_14_13_g1157  
    uu_dtpath/uu_exec/uu_alu/final_adder_mux_o_result_14_13_g1159  
    uu_dtpath/uu_exec/uu_alu/final_adder_mux_o_result_14_13_g1160  
    uu_dtpath/uu_exec/uu_alu/final_adder_mux_o_result_14_13_g1161  
    uu_dtpath/uu_exec/uu_alu/final_adder_mux_o_result_14_13_g1162  
    uu_dtpath/uu_exec/uu_alu/final_adder_mux_o_result_14_13_g1163  
    uu_dtpath/uu_exec/uu_alu/final_adder_mux_o_result_14_13_g1164  
    uu_dtpath/uu_exec/uu_alu/final_adder_mux_o_result_14_13_g1165  
    uu_dtpath/uu_exec/uu_alu/final_adder_mux_o_result_14_13_g2  
    uu_dtpath/uu_exec/uu_alu/final_adder_mux_o_result_14_13_g1166  
    uu_dtpath/uu_exec/uu_alu/final_adder_mux_o_result_14_13_g1167  
    uu_dtpath/uu_exec/uu_alu/lt_20_49_g769  
    uu_dtpath/uu_exec/uu_alu/lt_20_49_g770  
    uu_dtpath/uu_exec/uu_alu/lt_20_49_g771  
    uu_dtpath/uu_exec/uu_alu/lt_20_49_g772  
    uu_dtpath/uu_exec/uu_alu/lt_20_49_g773  
    uu_dtpath/uu_exec/uu_alu/lt_20_49_g775  
    uu_dtpath/uu_exec/uu_alu/lt_20_49_g776  
    uu_dtpath/uu_exec/uu_alu/lt_20_49_g778  
    uu_dtpath/uu_exec/uu_alu/lt_20_49_g780  
    uu_dtpath/uu_exec/uu_alu/lt_20_49_g781  
    uu_dtpath/uu_exec/uu_alu/lt_20_49_g782  
    uu_dtpath/uu_exec/uu_alu/lt_20_49_g783  
    uu_dtpath/uu_exec/uu_alu/lt_20_49_g785  
    uu_dtpath/uu_exec/uu_alu/lt_20_49_g786  
    uu_dtpath/uu_exec/uu_alu/lt_20_49_g787  
    uu_dtpath/uu_exec/uu_alu/lt_20_49_g788  
    uu_dtpath/uu_exec/uu_alu/lt_20_49_g789  
    uu_dtpath/uu_exec/uu_alu/lt_20_49_g790  
    uu_dtpath/uu_exec/uu_alu/lt_20_49_g791  
    uu_dtpath/uu_exec/uu_alu/lt_20_49_g793  
    uu_dtpath/uu_exec/uu_alu/lt_20_49_g798  
    uu_dtpath/uu_exec/uu_alu/lt_20_49_g799  
    uu_dtpath/uu_exec/uu_alu/lt_20_49_g801  
    uu_dtpath/uu_exec/uu_alu/lt_20_49_g803  
    uu_dtpath/uu_exec/uu_alu/lt_20_49_g804  
    uu_dtpath/uu_exec/uu_alu/lt_20_49_g805  
    uu_dtpath/uu_exec/uu_alu/lt_20_49_g808  
    uu_dtpath/uu_exec/uu_alu/lt_20_49_g809  
    uu_dtpath/uu_exec/uu_alu/lt_20_49_g810  
    uu_dtpath/uu_exec/uu_alu/lt_20_49_g811  
    uu_dtpath/uu_exec/uu_alu/lt_20_49_g812  
    uu_dtpath/uu_exec/uu_alu/lt_20_49_g813  
    uu_dtpath/uu_exec/uu_alu/lt_20_49_g814  
    uu_dtpath/uu_exec/uu_alu/lt_20_49_g815  
    uu_dtpath/uu_exec/uu_alu/lt_20_49_g816  
    uu_dtpath/uu_exec/uu_alu/lt_20_49_g819  
    uu_dtpath/uu_exec/uu_alu/lt_20_49_g820  
    uu_dtpath/uu_exec/uu_alu/lt_20_49_g821  
    uu_dtpath/uu_exec/uu_alu/lt_20_49_g825  
    uu_dtpath/uu_exec/uu_alu/lt_20_49_g826  
    uu_dtpath/uu_exec/uu_alu/lt_20_49_g827  
    uu_dtpath/uu_exec/uu_alu/lt_20_49_g828  
    uu_dtpath/uu_exec/uu_alu/lt_20_49_g829  
    uu_dtpath/uu_exec/uu_alu/lt_20_49_g830  
    uu_dtpath/uu_exec/uu_alu/lt_20_49_g832  
    uu_dtpath/uu_exec/uu_alu/lt_20_49_g833  
    uu_dtpath/uu_exec/uu_alu/lt_20_49_g835  
    uu_dtpath/uu_exec/uu_alu/lt_20_49_g836  
    uu_dtpath/uu_exec/uu_alu/lt_20_49_g841  
    uu_dtpath/uu_exec/uu_alu/lt_20_49_g845  
    uu_dtpath/uu_exec/uu_alu/lt_20_49_g846  
    uu_dtpath/uu_exec/uu_alu/lt_20_49_g850  
    uu_dtpath/uu_exec/uu_alu/lt_20_49_g851  
    uu_dtpath/uu_exec/uu_alu/lt_20_49_g852  
    uu_dtpath/uu_exec/uu_alu/lt_20_49_g853  
    uu_dtpath/uu_exec/uu_alu/lt_20_49_g857  
    uu_dtpath/uu_exec/uu_alu/lt_20_49_g866  
    uu_dtpath/uu_exec/uu_alu/lt_20_49_g867  
    uu_dtpath/uu_exec/uu_alu/lt_20_49_g869  
    uu_dtpath/uu_exec/uu_alu/lt_20_49_g871  
    uu_dtpath/uu_exec/uu_alu/lt_20_49_g872  
    uu_dtpath/uu_exec/uu_alu/lt_20_49_g875  
    uu_dtpath/uu_exec/uu_alu/lt_20_49_g880  
    uu_dtpath/uu_exec/uu_alu/lt_20_49_g882  
    uu_dtpath/uu_exec/uu_alu/lt_20_49_g883  
    uu_dtpath/uu_exec/uu_alu/lt_20_49_g885  
    uu_dtpath/uu_exec/uu_alu/lt_20_49_g886  
    uu_dtpath/uu_exec/uu_alu/lt_20_49_g887  
    uu_dtpath/uu_exec/uu_alu/lt_20_49_g890  
    uu_dtpath/uu_exec/uu_alu/lt_20_49_g903  
    uu_dtpath/uu_exec/uu_alu/lt_20_49_g909  
    uu_dtpath/uu_exec/uu_alu/lt_20_49_g912  
    uu_dtpath/uu_exec/uu_alu/lt_20_49_g916  
    uu_dtpath/uu_exec/uu_alu/lt_20_49_g921  
    uu_dtpath/uu_exec/uu_alu/lt_20_49_g924  
    uu_dtpath/uu_exec/uu_alu/lt_20_49_g927  
    uu_dtpath/uu_exec/uu_alu/lt_20_49_g928  
    uu_dtpath/uu_exec/uu_alu/lt_20_49_g930  
    uu_dtpath/uu_exec/uu_alu/lt_21_38_g770  
    uu_dtpath/uu_exec/uu_alu/lt_21_38_g771  
    uu_dtpath/uu_exec/uu_alu/lt_21_38_g773  
    uu_dtpath/uu_exec/uu_alu/lt_21_38_g774  
    uu_dtpath/uu_exec/uu_alu/lt_21_38_g775  
    uu_dtpath/uu_exec/uu_alu/lt_21_38_g776  
    uu_dtpath/uu_exec/uu_alu/lt_21_38_g778  
    uu_dtpath/uu_exec/uu_alu/lt_21_38_g779  
    uu_dtpath/uu_exec/uu_alu/lt_21_38_g780  
    uu_dtpath/uu_exec/uu_alu/lt_21_38_g781  
    uu_dtpath/uu_exec/uu_alu/lt_21_38_g782  
    uu_dtpath/uu_exec/uu_alu/lt_21_38_g783  
    uu_dtpath/uu_exec/uu_alu/lt_21_38_g784  
    uu_dtpath/uu_exec/uu_alu/lt_21_38_g787  
    uu_dtpath/uu_exec/uu_alu/lt_21_38_g789  
    uu_dtpath/uu_exec/uu_alu/lt_21_38_g790  
    uu_dtpath/uu_exec/uu_alu/lt_21_38_g791  
    uu_dtpath/uu_exec/uu_alu/lt_21_38_g794  
    uu_dtpath/uu_exec/uu_alu/lt_21_38_g797  
    uu_dtpath/uu_exec/uu_alu/lt_21_38_g799  
    uu_dtpath/uu_exec/uu_alu/lt_21_38_g800  
    uu_dtpath/uu_exec/uu_alu/lt_21_38_g801  
    uu_dtpath/uu_exec/uu_alu/lt_21_38_g802  
    uu_dtpath/uu_exec/uu_alu/lt_21_38_g803  
    uu_dtpath/uu_exec/uu_alu/lt_21_38_g807  
    uu_dtpath/uu_exec/uu_alu/lt_21_38_g808  
    uu_dtpath/uu_exec/uu_alu/lt_21_38_g809  
    uu_dtpath/uu_exec/uu_alu/lt_21_38_g810  
    uu_dtpath/uu_exec/uu_alu/lt_21_38_g811  
    uu_dtpath/uu_exec/uu_alu/lt_21_38_g813  
    uu_dtpath/uu_exec/uu_alu/lt_21_38_g814  
    uu_dtpath/uu_exec/uu_alu/lt_21_38_g815  
    uu_dtpath/uu_exec/uu_alu/lt_21_38_g816  
    uu_dtpath/uu_exec/uu_alu/lt_21_38_g817  
    uu_dtpath/uu_exec/uu_alu/lt_21_38_g818  
    uu_dtpath/uu_exec/uu_alu/lt_21_38_g819  
    uu_dtpath/uu_exec/uu_alu/lt_21_38_g821  
    uu_dtpath/uu_exec/uu_alu/lt_21_38_g822  
    uu_dtpath/uu_exec/uu_alu/lt_21_38_g823  
    uu_dtpath/uu_exec/uu_alu/lt_21_38_g824  
    uu_dtpath/uu_exec/uu_alu/lt_21_38_g826  
    uu_dtpath/uu_exec/uu_alu/lt_21_38_g827  
    uu_dtpath/uu_exec/uu_alu/lt_21_38_g828  
    uu_dtpath/uu_exec/uu_alu/lt_21_38_g831  
    uu_dtpath/uu_exec/uu_alu/lt_21_38_g835  
    uu_dtpath/uu_exec/uu_alu/lt_21_38_g836  
    uu_dtpath/uu_exec/uu_alu/lt_21_38_g844  
    uu_dtpath/uu_exec/uu_alu/lt_21_38_g845  
    uu_dtpath/uu_exec/uu_alu/lt_21_38_g846  
    uu_dtpath/uu_exec/uu_alu/lt_21_38_g847  
    uu_dtpath/uu_exec/uu_alu/lt_21_38_g848  
    uu_dtpath/uu_exec/uu_alu/lt_21_38_g849  
    uu_dtpath/uu_exec/uu_alu/lt_21_38_g850  
    uu_dtpath/uu_exec/uu_alu/lt_21_38_g853  
    uu_dtpath/uu_exec/uu_alu/lt_21_38_g856  
    uu_dtpath/uu_exec/uu_alu/lt_21_38_g859  
    uu_dtpath/uu_exec/uu_alu/lt_21_38_g862  
    uu_dtpath/uu_exec/uu_alu/lt_21_38_g863  
    uu_dtpath/uu_exec/uu_alu/lt_21_38_g865  
    uu_dtpath/uu_exec/uu_alu/lt_21_38_g866  
    uu_dtpath/uu_exec/uu_alu/lt_21_38_g869  
    uu_dtpath/uu_exec/uu_alu/lt_21_38_g872  
    uu_dtpath/uu_exec/uu_alu/lt_21_38_g875  
    uu_dtpath/uu_exec/uu_alu/lt_21_38_g879  
    uu_dtpath/uu_exec/uu_alu/lt_21_38_g881  
    uu_dtpath/uu_exec/uu_alu/lt_21_38_g882  
    uu_dtpath/uu_exec/uu_alu/lt_21_38_g883  
    uu_dtpath/uu_exec/uu_alu/lt_21_38_g884  
    uu_dtpath/uu_exec/uu_alu/lt_21_38_g913  
    uu_dtpath/uu_exec/uu_alu/lt_21_38_g915  
    uu_dtpath/uu_exec/uu_alu/lt_21_38_g917  
    uu_dtpath/uu_exec/uu_alu/lt_21_38_g920  
    uu_dtpath/uu_exec/uu_alu/lt_21_38_g921  
    uu_dtpath/uu_exec/uu_alu/lt_21_38_g922  
    uu_dtpath/uu_exec/uu_alu/lt_21_38_g923  
    uu_dtpath/uu_exec/uu_alu/lt_21_38_g924  
    uu_dtpath/uu_exec/uu_alu/sll_22_38_g3534  
    uu_dtpath/uu_exec/uu_alu/sll_22_38_g3535  
    uu_dtpath/uu_exec/uu_alu/sll_22_38_g3536  
    uu_dtpath/uu_exec/uu_alu/sll_22_38_g3537  
    uu_dtpath/uu_exec/uu_alu/sll_22_38_g3538  
    uu_dtpath/uu_exec/uu_alu/sll_22_38_g3539  
    uu_dtpath/uu_exec/uu_alu/sll_22_38_g3541  
    uu_dtpath/uu_exec/uu_alu/sll_22_38_g3542  
    uu_dtpath/uu_exec/uu_alu/sll_22_38_g3543  
    uu_dtpath/uu_exec/uu_alu/sll_22_38_g3544  
    uu_dtpath/uu_exec/uu_alu/sll_22_38_g3546  
    uu_dtpath/uu_exec/uu_alu/sll_22_38_g3547  
    uu_dtpath/uu_exec/uu_alu/sll_22_38_g3548  
    uu_dtpath/uu_exec/uu_alu/sll_22_38_g3550  
    uu_dtpath/uu_exec/uu_alu/sll_22_38_g3551  
    uu_dtpath/uu_exec/uu_alu/sll_22_38_g3552  
    uu_dtpath/uu_exec/uu_alu/sll_22_38_g3553  
    uu_dtpath/uu_exec/uu_alu/sll_22_38_g3555  
    uu_dtpath/uu_exec/uu_alu/sll_22_38_g3557  
    uu_dtpath/uu_exec/uu_alu/sll_22_38_g3558  
    uu_dtpath/uu_exec/uu_alu/sll_22_38_g3559  
    uu_dtpath/uu_exec/uu_alu/sll_22_38_g3560  
    uu_dtpath/uu_exec/uu_alu/sll_22_38_g3561  
    uu_dtpath/uu_exec/uu_alu/sll_22_38_g3562  
    uu_dtpath/uu_exec/uu_alu/sll_22_38_g3563  
    uu_dtpath/uu_exec/uu_alu/sll_22_38_g3564  
    uu_dtpath/uu_exec/uu_alu/sll_22_38_g3565  
    uu_dtpath/uu_exec/uu_alu/sll_22_38_g3566  
    uu_dtpath/uu_exec/uu_alu/sll_22_38_g3567  
    uu_dtpath/uu_exec/uu_alu/sll_22_38_g3568  
    uu_dtpath/uu_exec/uu_alu/sll_22_38_g3571  
    uu_dtpath/uu_exec/uu_alu/sll_22_38_g3572  
    uu_dtpath/uu_exec/uu_alu/sll_22_38_g3574  
    uu_dtpath/uu_exec/uu_alu/sll_22_38_g3575  
    uu_dtpath/uu_exec/uu_alu/sll_22_38_g3576  
    uu_dtpath/uu_exec/uu_alu/sll_22_38_g3577  
    uu_dtpath/uu_exec/uu_alu/sll_22_38_g3578  
    uu_dtpath/uu_exec/uu_alu/sll_22_38_g3579  
    uu_dtpath/uu_exec/uu_alu/sll_22_38_g3581  
    uu_dtpath/uu_exec/uu_alu/sll_22_38_g3582  
    uu_dtpath/uu_exec/uu_alu/sll_22_38_g3583  
    uu_dtpath/uu_exec/uu_alu/sll_22_38_g3584  
    uu_dtpath/uu_exec/uu_alu/sll_22_38_g3585  
    uu_dtpath/uu_exec/uu_alu/sll_22_38_g3586  
    uu_dtpath/uu_exec/uu_alu/sll_22_38_g3587  
    uu_dtpath/uu_exec/uu_alu/sll_22_38_g3589  
    uu_dtpath/uu_exec/uu_alu/sll_22_38_g3590  
    uu_dtpath/uu_exec/uu_alu/sll_22_38_g3592  
    uu_dtpath/uu_exec/uu_alu/sll_22_38_g3594  
    uu_dtpath/uu_exec/uu_alu/sll_22_38_g3595  
    uu_dtpath/uu_exec/uu_alu/sll_22_38_g3597  
    uu_dtpath/uu_exec/uu_alu/sll_22_38_g3598  
    uu_dtpath/uu_exec/uu_alu/sll_22_38_g3599  
    uu_dtpath/uu_exec/uu_alu/sll_22_38_g3600  
    uu_dtpath/uu_exec/uu_alu/sll_22_38_g3601  
    uu_dtpath/uu_exec/uu_alu/sll_22_38_g3603  
    uu_dtpath/uu_exec/uu_alu/sll_22_38_g3604  
    uu_dtpath/uu_exec/uu_alu/sll_22_38_g3605  
    uu_dtpath/uu_exec/uu_alu/sll_22_38_g3607  
    uu_dtpath/uu_exec/uu_alu/sll_22_38_g3608  
    uu_dtpath/uu_exec/uu_alu/sll_22_38_g3611  
    uu_dtpath/uu_exec/uu_alu/sll_22_38_g3612  
    uu_dtpath/uu_exec/uu_alu/sll_22_38_g3614  
    uu_dtpath/uu_exec/uu_alu/sll_22_38_g3615  
    uu_dtpath/uu_exec/uu_alu/sll_22_38_g3616  
    uu_dtpath/uu_exec/uu_alu/sll_22_38_g3617  
    uu_dtpath/uu_exec/uu_alu/sll_22_38_g3619  
    uu_dtpath/uu_exec/uu_alu/sll_22_38_g3620  
    uu_dtpath/uu_exec/uu_alu/sll_22_38_g3621  
    uu_dtpath/uu_exec/uu_alu/sll_22_38_g3622  
    uu_dtpath/uu_exec/uu_alu/sll_22_38_g3623  
    uu_dtpath/uu_exec/uu_alu/sll_22_38_g3624  
    uu_dtpath/uu_exec/uu_alu/sll_22_38_g3625  
    uu_dtpath/uu_exec/uu_alu/sll_22_38_g3632  
    uu_dtpath/uu_exec/uu_alu/sll_22_38_g3633  
    uu_dtpath/uu_exec/uu_alu/sll_22_38_g3634  
    uu_dtpath/uu_exec/uu_alu/sll_22_38_g3635  
    uu_dtpath/uu_exec/uu_alu/sll_22_38_g3636  
    uu_dtpath/uu_exec/uu_alu/sll_22_38_g3637  
    uu_dtpath/uu_exec/uu_alu/sll_22_38_g3638  
    uu_dtpath/uu_exec/uu_alu/sll_22_38_g3639  
    uu_dtpath/uu_exec/uu_alu/sll_22_38_g3641  
    uu_dtpath/uu_exec/uu_alu/sll_22_38_g3644  
    uu_dtpath/uu_exec/uu_alu/sll_22_38_g3645  
    uu_dtpath/uu_exec/uu_alu/sll_22_38_g3647  
    uu_dtpath/uu_exec/uu_alu/sll_22_38_g3648  
    uu_dtpath/uu_exec/uu_alu/sll_22_38_g3650  
    uu_dtpath/uu_exec/uu_alu/sll_22_38_g3651  
    uu_dtpath/uu_exec/uu_alu/sll_22_38_g3652  
    uu_dtpath/uu_exec/uu_alu/sll_22_38_g3654  
    uu_dtpath/uu_exec/uu_alu/sll_22_38_g3655  
    uu_dtpath/uu_exec/uu_alu/sll_22_38_g3657  
    uu_dtpath/uu_exec/uu_alu/sll_22_38_g3659  
    uu_dtpath/uu_exec/uu_alu/sll_22_38_g3660  
    uu_dtpath/uu_exec/uu_alu/sll_22_38_g3662  
    uu_dtpath/uu_exec/uu_alu/sll_22_38_g3664  
    uu_dtpath/uu_exec/uu_alu/sll_22_38_g3666  
    uu_dtpath/uu_exec/uu_alu/sll_22_38_g3667  
    uu_dtpath/uu_exec/uu_alu/sll_22_38_g3670  
    uu_dtpath/uu_exec/uu_alu/sll_22_38_g3672  
    uu_dtpath/uu_exec/uu_alu/sll_22_38_g3673  
    uu_dtpath/uu_exec/uu_alu/sll_22_38_g3674  
    uu_dtpath/uu_exec/uu_alu/sll_22_38_g3675  
    uu_dtpath/uu_exec/uu_alu/sll_22_38_g3677  
    uu_dtpath/uu_exec/uu_alu/sll_22_38_g3680  
    uu_dtpath/uu_exec/uu_alu/sll_22_38_g3681  
    uu_dtpath/uu_exec/uu_alu/sll_22_38_g3682  
    uu_dtpath/uu_exec/uu_alu/sll_22_38_g3683  
    uu_dtpath/uu_exec/uu_alu/sll_22_38_g3684  
    uu_dtpath/uu_exec/uu_alu/sll_22_38_g3685  
    uu_dtpath/uu_exec/uu_alu/sll_22_38_g3686  
    uu_dtpath/uu_exec/uu_alu/sll_22_38_g3687  
    uu_dtpath/uu_exec/uu_alu/sll_22_38_g3689  
    uu_dtpath/uu_exec/uu_alu/sll_22_38_g3690  
    uu_dtpath/uu_exec/uu_alu/sll_22_38_g3691  
    uu_dtpath/uu_exec/uu_alu/sll_22_38_g3694  
    uu_dtpath/uu_exec/uu_alu/sll_22_38_g3695  
    uu_dtpath/uu_exec/uu_alu/sll_22_38_g3696  
    uu_dtpath/uu_exec/uu_alu/sll_22_38_g3700  
    uu_dtpath/uu_exec/uu_alu/sll_22_38_g3705  
    uu_dtpath/uu_exec/uu_alu/sll_22_38_g3706  
    uu_dtpath/uu_exec/uu_alu/sll_22_38_g3707  
    uu_dtpath/uu_exec/uu_alu/sll_22_38_g3709  
    uu_dtpath/uu_exec/uu_alu/sll_22_38_g3710  
    uu_dtpath/uu_exec/uu_alu/sll_22_38_g3712  
    uu_dtpath/uu_exec/uu_alu/sll_22_38_g3714  
    uu_dtpath/uu_exec/uu_alu/sll_22_38_g3715  
    uu_dtpath/uu_exec/uu_alu/sll_22_38_g3717  
    uu_dtpath/uu_exec/uu_alu/sll_22_38_g3718  
    uu_dtpath/uu_exec/uu_alu/sll_22_38_g3719  
    uu_dtpath/uu_exec/uu_alu/sll_22_38_g3720  
    uu_dtpath/uu_exec/uu_alu/sll_22_38_g3723  
    uu_dtpath/uu_exec/uu_alu/sll_22_38_g3725  
    uu_dtpath/uu_exec/uu_alu/sll_22_38_g3726  
    uu_dtpath/uu_exec/uu_alu/sll_22_38_g3728  
    uu_dtpath/uu_exec/uu_alu/sll_22_38_g3729  
    uu_dtpath/uu_exec/uu_alu/sll_22_38_g3730  
    uu_dtpath/uu_exec/uu_alu/sll_22_38_g3733  
    uu_dtpath/uu_exec/uu_alu/sll_22_38_g3734  
    uu_dtpath/uu_exec/uu_alu/sll_22_38_g3736  
    uu_dtpath/uu_exec/uu_alu/sll_22_38_g3739  
    uu_dtpath/uu_exec/uu_alu/sll_22_38_g3743  
    uu_dtpath/uu_exec/uu_alu/sll_22_38_g3744  
    uu_dtpath/uu_exec/uu_alu/sll_22_38_g3745  
    uu_dtpath/uu_exec/uu_alu/sll_22_38_g3746  
    uu_dtpath/uu_exec/uu_alu/sll_22_38_g3747  
    uu_dtpath/uu_exec/uu_alu/sll_22_38_g3749  
    uu_dtpath/uu_exec/uu_alu/sll_22_38_g3755  
    uu_dtpath/uu_exec/uu_alu/sll_22_38_g3756  
    uu_dtpath/uu_exec/uu_alu/sll_22_38_g3757  
    uu_dtpath/uu_exec/uu_alu/sll_22_38_g3758  
    uu_dtpath/uu_exec/uu_alu/sll_22_38_g3759  
    uu_dtpath/uu_exec/uu_alu/sll_22_38_g3760  
    uu_dtpath/uu_exec/uu_alu/sll_22_38_g3761  
    uu_dtpath/uu_exec/uu_alu/sll_22_38_g3763  
    uu_dtpath/uu_exec/uu_alu/sll_22_38_g3764  
    uu_dtpath/uu_exec/uu_alu/sll_22_38_g3766  
    uu_dtpath/uu_exec/uu_alu/sll_22_38_g3767  
    uu_dtpath/uu_exec/uu_alu/sll_22_38_g3768  
    uu_dtpath/uu_exec/uu_alu/sll_22_38_g3770  
    uu_dtpath/uu_exec/uu_alu/sll_22_38_g3771  
    uu_dtpath/uu_exec/uu_alu/sll_22_38_g3772  
    uu_dtpath/uu_exec/uu_alu/sll_22_38_g3775  
    uu_dtpath/uu_exec/uu_alu/sll_22_38_g3778  
    uu_dtpath/uu_exec/uu_alu/sll_22_38_g3779  
    uu_dtpath/uu_exec/uu_alu/sll_22_38_g3782  
    uu_dtpath/uu_exec/uu_alu/sll_22_38_g3783  
    uu_dtpath/uu_exec/uu_alu/sll_22_38_g3784  
    uu_dtpath/uu_exec/uu_alu/sll_22_38_g3789  
    uu_dtpath/uu_exec/uu_alu/sll_22_38_g3790  
    uu_dtpath/uu_exec/uu_alu/sll_22_38_g3791  
    uu_dtpath/uu_exec/uu_alu/sll_22_38_g3794  
    uu_dtpath/uu_exec/uu_alu/sll_22_38_g3796  
    uu_dtpath/uu_exec/uu_alu/sll_22_38_g3797  
    uu_dtpath/uu_exec/uu_alu/sll_22_38_g3799  
    uu_dtpath/uu_exec/uu_alu/sll_22_38_g3800  
    uu_dtpath/uu_exec/uu_alu/sll_22_38_g3804  
    uu_dtpath/uu_exec/uu_alu/sll_22_38_g3807  
    uu_dtpath/uu_exec/uu_alu/sll_22_38_g3810  
    uu_dtpath/uu_exec/uu_alu/sll_22_38_g3811  
    uu_dtpath/uu_exec/uu_alu/sll_22_38_g3813  
    uu_dtpath/uu_exec/uu_alu/sll_22_38_g3814  
    uu_dtpath/uu_exec/uu_alu/sll_22_38_g3815  
    uu_dtpath/uu_exec/uu_alu/sll_22_38_g3816  
    uu_dtpath/uu_exec/uu_alu/sll_22_38_g3817  
    uu_dtpath/uu_exec/uu_alu/sll_22_38_g3820  
    uu_dtpath/uu_exec/uu_alu/sll_22_38_g3821  
    uu_dtpath/uu_exec/uu_alu/sll_22_38_g3822  
    uu_dtpath/uu_exec/uu_alu/sll_22_38_g3824  
    uu_dtpath/uu_exec/uu_alu/sll_22_38_g3831  
    uu_dtpath/uu_exec/uu_alu/sll_22_38_g3832  
    uu_dtpath/uu_exec/uu_alu/sll_22_38_g3837  
    uu_dtpath/uu_exec/uu_alu/sll_22_38_g3838  
    uu_dtpath/uu_exec/uu_alu/sll_22_38_g3839  
    uu_dtpath/uu_exec/uu_alu/sll_22_38_g3843  
    uu_dtpath/uu_exec/uu_alu/sll_22_38_g3844  
    uu_dtpath/uu_exec/uu_alu/sll_22_38_g3845  
    uu_dtpath/uu_exec/uu_alu/sll_22_38_g3846  
    uu_dtpath/uu_exec/uu_alu/sll_22_38_g3847  
    uu_dtpath/uu_exec/uu_alu/sll_22_38_g3849  
    uu_dtpath/uu_exec/uu_alu/sll_22_38_g3853  
    uu_dtpath/uu_exec/uu_alu/sll_22_38_g2  
    uu_dtpath/uu_exec/uu_alu/sll_22_38_g3929  
    uu_dtpath/uu_exec/uu_alu/sll_22_38_g3930  
    uu_dtpath/uu_exec/uu_alu/sll_22_38_g3931  
    uu_dtpath/uu_exec/uu_alu/sll_22_38_g3932  
    uu_dtpath/uu_exec/uu_alu/sll_22_38_g3933  
    uu_dtpath/uu_exec/uu_alu/sll_22_38_g3935  
    uu_dtpath/uu_exec/uu_alu/sll_22_38_g3936  
    uu_dtpath/uu_exec/uu_alu/sll_22_38_g3937  
    uu_dtpath/uu_exec/uu_alu/sll_22_38_g3938  
    uu_dtpath/uu_exec/uu_alu/sll_22_38_g3939  
    uu_dtpath/uu_exec/uu_alu/sll_22_38_g3940  
    uu_dtpath/uu_exec/uu_alu/sll_22_38_g3945  
    uu_dtpath/uu_exec/uu_alu/sll_22_38_g3946  
    uu_dtpath/uu_exec/uu_alu/sll_22_38_g3947  
    uu_dtpath/uu_exec/uu_alu/sra_24_47_g3380  
    uu_dtpath/uu_exec/uu_alu/sra_24_47_g3381  
    uu_dtpath/uu_exec/uu_alu/sra_24_47_g3382  
    uu_dtpath/uu_exec/uu_alu/sra_24_47_g3383  
    uu_dtpath/uu_exec/uu_alu/sra_24_47_g3384  
    uu_dtpath/uu_exec/uu_alu/sra_24_47_g3385  
    uu_dtpath/uu_exec/uu_alu/sra_24_47_g3386  
    uu_dtpath/uu_exec/uu_alu/sra_24_47_g3387  
    uu_dtpath/uu_exec/uu_alu/sra_24_47_g3388  
    uu_dtpath/uu_exec/uu_alu/sra_24_47_g3389  
    uu_dtpath/uu_exec/uu_alu/sra_24_47_g3390  
    uu_dtpath/uu_exec/uu_alu/sra_24_47_g3391  
    uu_dtpath/uu_exec/uu_alu/sra_24_47_g3392  
    uu_dtpath/uu_exec/uu_alu/sra_24_47_g3393  
    uu_dtpath/uu_exec/uu_alu/sra_24_47_g3394  
    uu_dtpath/uu_exec/uu_alu/sra_24_47_g3395  
    uu_dtpath/uu_exec/uu_alu/sra_24_47_g3396  
    uu_dtpath/uu_exec/uu_alu/sra_24_47_g3397  
    uu_dtpath/uu_exec/uu_alu/sra_24_47_g3398  
    uu_dtpath/uu_exec/uu_alu/sra_24_47_g3399  
    uu_dtpath/uu_exec/uu_alu/sra_24_47_g3400  
    uu_dtpath/uu_exec/uu_alu/sra_24_47_g3401  
    uu_dtpath/uu_exec/uu_alu/sra_24_47_g3402  
    uu_dtpath/uu_exec/uu_alu/sra_24_47_g3403  
    uu_dtpath/uu_exec/uu_alu/sra_24_47_g3404  
    uu_dtpath/uu_exec/uu_alu/sra_24_47_g3405  
    uu_dtpath/uu_exec/uu_alu/sra_24_47_g3406  
    uu_dtpath/uu_exec/uu_alu/sra_24_47_g3407  
    uu_dtpath/uu_exec/uu_alu/sra_24_47_g3408  
    uu_dtpath/uu_exec/uu_alu/sra_24_47_g3409  
    uu_dtpath/uu_exec/uu_alu/sra_24_47_g3410  
    uu_dtpath/uu_exec/uu_alu/sra_24_47_g3411  
    uu_dtpath/uu_exec/uu_alu/sra_24_47_g3413  
    uu_dtpath/uu_exec/uu_alu/sra_24_47_g3416  
    uu_dtpath/uu_exec/uu_alu/sra_24_47_g3419  
    uu_dtpath/uu_exec/uu_alu/sra_24_47_g3420  
    uu_dtpath/uu_exec/uu_alu/sra_24_47_g3421  
    uu_dtpath/uu_exec/uu_alu/sra_24_47_g3422  
    uu_dtpath/uu_exec/uu_alu/sra_24_47_g3423  
    uu_dtpath/uu_exec/uu_alu/sra_24_47_g3425  
    uu_dtpath/uu_exec/uu_alu/sra_24_47_g3426  
    uu_dtpath/uu_exec/uu_alu/sra_24_47_g3427  
    uu_dtpath/uu_exec/uu_alu/sra_24_47_g3428  
    uu_dtpath/uu_exec/uu_alu/sra_24_47_g3429  
    uu_dtpath/uu_exec/uu_alu/sra_24_47_g3431  
    uu_dtpath/uu_exec/uu_alu/sra_24_47_g3432  
    uu_dtpath/uu_exec/uu_alu/sra_24_47_g3433  
    uu_dtpath/uu_exec/uu_alu/sra_24_47_g3434  
    uu_dtpath/uu_exec/uu_alu/sra_24_47_g3435  
    uu_dtpath/uu_exec/uu_alu/sra_24_47_g3436  
    uu_dtpath/uu_exec/uu_alu/sra_24_47_g3437  
    uu_dtpath/uu_exec/uu_alu/sra_24_47_g3438  
    uu_dtpath/uu_exec/uu_alu/sra_24_47_g3439  
    uu_dtpath/uu_exec/uu_alu/sra_24_47_g3440  
    uu_dtpath/uu_exec/uu_alu/sra_24_47_g3441  
    uu_dtpath/uu_exec/uu_alu/sra_24_47_g3442  
    uu_dtpath/uu_exec/uu_alu/sra_24_47_g3444  
    uu_dtpath/uu_exec/uu_alu/sra_24_47_g3446  
    uu_dtpath/uu_exec/uu_alu/sra_24_47_g3448  
    uu_dtpath/uu_exec/uu_alu/sra_24_47_g3449  
    uu_dtpath/uu_exec/uu_alu/sra_24_47_g3450  
    uu_dtpath/uu_exec/uu_alu/sra_24_47_g3452  
    uu_dtpath/uu_exec/uu_alu/sra_24_47_g3454  
    uu_dtpath/uu_exec/uu_alu/sra_24_47_g3457  
    uu_dtpath/uu_exec/uu_alu/sra_24_47_g3458  
    uu_dtpath/uu_exec/uu_alu/sra_24_47_g3460  
    uu_dtpath/uu_exec/uu_alu/sra_24_47_g3462  
    uu_dtpath/uu_exec/uu_alu/sra_24_47_g3463  
    uu_dtpath/uu_exec/uu_alu/sra_24_47_g3465  
    uu_dtpath/uu_exec/uu_alu/sra_24_47_g3466  
    uu_dtpath/uu_exec/uu_alu/sra_24_47_g3467  
    uu_dtpath/uu_exec/uu_alu/sra_24_47_g3468  
    uu_dtpath/uu_exec/uu_alu/sra_24_47_g3469  
    uu_dtpath/uu_exec/uu_alu/sra_24_47_g3470  
    uu_dtpath/uu_exec/uu_alu/sra_24_47_g3472  
    uu_dtpath/uu_exec/uu_alu/sra_24_47_g3473  
    uu_dtpath/uu_exec/uu_alu/sra_24_47_g3474  
    uu_dtpath/uu_exec/uu_alu/sra_24_47_g3475  
    uu_dtpath/uu_exec/uu_alu/sra_24_47_g3476  
    uu_dtpath/uu_exec/uu_alu/sra_24_47_g3477  
    uu_dtpath/uu_exec/uu_alu/sra_24_47_g3478  
    uu_dtpath/uu_exec/uu_alu/sra_24_47_g3480  
    uu_dtpath/uu_exec/uu_alu/sra_24_47_g3481  
    uu_dtpath/uu_exec/uu_alu/sra_24_47_g3482  
    uu_dtpath/uu_exec/uu_alu/sra_24_47_g3483  
    uu_dtpath/uu_exec/uu_alu/sra_24_47_g3485  
    uu_dtpath/uu_exec/uu_alu/sra_24_47_g3488  
    uu_dtpath/uu_exec/uu_alu/sra_24_47_g3492  
    uu_dtpath/uu_exec/uu_alu/sra_24_47_g3494  
    uu_dtpath/uu_exec/uu_alu/sra_24_47_g3495  
    uu_dtpath/uu_exec/uu_alu/sra_24_47_g3496  
    uu_dtpath/uu_exec/uu_alu/sra_24_47_g3497  
    uu_dtpath/uu_exec/uu_alu/sra_24_47_g3500  
    uu_dtpath/uu_exec/uu_alu/sra_24_47_g3502  
    uu_dtpath/uu_exec/uu_alu/sra_24_47_g3504  
    uu_dtpath/uu_exec/uu_alu/sra_24_47_g3507  
    uu_dtpath/uu_exec/uu_alu/sra_24_47_g3509  
    uu_dtpath/uu_exec/uu_alu/sra_24_47_g3512  
    uu_dtpath/uu_exec/uu_alu/sra_24_47_g3514  
    uu_dtpath/uu_exec/uu_alu/sra_24_47_g3515  
    uu_dtpath/uu_exec/uu_alu/sra_24_47_g3516  
    uu_dtpath/uu_exec/uu_alu/sra_24_47_g3518  
    uu_dtpath/uu_exec/uu_alu/sra_24_47_g3519  
    uu_dtpath/uu_exec/uu_alu/sra_24_47_g3520  
    uu_dtpath/uu_exec/uu_alu/sra_24_47_g3521  
    uu_dtpath/uu_exec/uu_alu/sra_24_47_g3523  
    uu_dtpath/uu_exec/uu_alu/sra_24_47_g3524  
    uu_dtpath/uu_exec/uu_alu/sra_24_47_g3526  
    uu_dtpath/uu_exec/uu_alu/sra_24_47_g3527  
    uu_dtpath/uu_exec/uu_alu/sra_24_47_g3528  
    uu_dtpath/uu_exec/uu_alu/sra_24_47_g3529  
    uu_dtpath/uu_exec/uu_alu/sra_24_47_g3530  
    uu_dtpath/uu_exec/uu_alu/sra_24_47_g3531  
    uu_dtpath/uu_exec/uu_alu/sra_24_47_g3532  
    uu_dtpath/uu_exec/uu_alu/sra_24_47_g3539  
    uu_dtpath/uu_exec/uu_alu/sra_24_47_g3540  
    uu_dtpath/uu_exec/uu_alu/sra_24_47_g3541  
    uu_dtpath/uu_exec/uu_alu/sra_24_47_g3542  
    uu_dtpath/uu_exec/uu_alu/sra_24_47_g3544  
    uu_dtpath/uu_exec/uu_alu/sra_24_47_g3545  
    uu_dtpath/uu_exec/uu_alu/sra_24_47_g3547  
    uu_dtpath/uu_exec/uu_alu/sra_24_47_g3548  
    uu_dtpath/uu_exec/uu_alu/sra_24_47_g3549  
    uu_dtpath/uu_exec/uu_alu/sra_24_47_g3551  
    uu_dtpath/uu_exec/uu_alu/sra_24_47_g3552  
    uu_dtpath/uu_exec/uu_alu/sra_24_47_g3563  
    uu_dtpath/uu_exec/uu_alu/sra_24_47_g3568  
    uu_dtpath/uu_exec/uu_alu/sra_24_47_g3570  
    uu_dtpath/uu_exec/uu_alu/sra_24_47_g3572  
    uu_dtpath/uu_exec/uu_alu/sra_24_47_g3574  
    uu_dtpath/uu_exec/uu_alu/sra_24_47_g3576  
    uu_dtpath/uu_exec/uu_alu/sra_24_47_g3577  
    uu_dtpath/uu_exec/uu_alu/sra_24_47_g3578  
    uu_dtpath/uu_exec/uu_alu/sra_24_47_g3579  
    uu_dtpath/uu_exec/uu_alu/sra_24_47_g3581  
    uu_dtpath/uu_exec/uu_alu/sra_24_47_g3582  
    uu_dtpath/uu_exec/uu_alu/sra_24_47_g3584  
    uu_dtpath/uu_exec/uu_alu/sra_24_47_g3585  
    uu_dtpath/uu_exec/uu_alu/sra_24_47_g3586  
    uu_dtpath/uu_exec/uu_alu/sra_24_47_g3587  
    uu_dtpath/uu_exec/uu_alu/sra_24_47_g3588  
    uu_dtpath/uu_exec/uu_alu/sra_24_47_g3590  
    uu_dtpath/uu_exec/uu_alu/sra_24_47_g3592  
    uu_dtpath/uu_exec/uu_alu/sra_24_47_g3594  
    uu_dtpath/uu_exec/uu_alu/sra_24_47_g3597  
    uu_dtpath/uu_exec/uu_alu/sra_24_47_g3598  
    uu_dtpath/uu_exec/uu_alu/sra_24_47_g3599  
    uu_dtpath/uu_exec/uu_alu/sra_24_47_g3600  
    uu_dtpath/uu_exec/uu_alu/sra_24_47_g3603  
    uu_dtpath/uu_exec/uu_alu/sra_24_47_g3605  
    uu_dtpath/uu_exec/uu_alu/sra_24_47_g3609  
    uu_dtpath/uu_exec/uu_alu/sra_24_47_g3610  
    uu_dtpath/uu_exec/uu_alu/sra_24_47_g3612  
    uu_dtpath/uu_exec/uu_alu/sra_24_47_g3613  
    uu_dtpath/uu_exec/uu_alu/sra_24_47_g3614  
    uu_dtpath/uu_exec/uu_alu/sra_24_47_g3615  
    uu_dtpath/uu_exec/uu_alu/sra_24_47_g3616  
    uu_dtpath/uu_exec/uu_alu/sra_24_47_g3617  
    uu_dtpath/uu_exec/uu_alu/sra_24_47_g3618  
    uu_dtpath/uu_exec/uu_alu/sra_24_47_g3620  
    uu_dtpath/uu_exec/uu_alu/sra_24_47_g3622  
    uu_dtpath/uu_exec/uu_alu/sra_24_47_g3624  
    uu_dtpath/uu_exec/uu_alu/sra_24_47_g3625  
    uu_dtpath/uu_exec/uu_alu/sra_24_47_g3627  
    uu_dtpath/uu_exec/uu_alu/sra_24_47_g3628  
    uu_dtpath/uu_exec/uu_alu/sra_24_47_g3629  
    uu_dtpath/uu_exec/uu_alu/sra_24_47_g3630  
    uu_dtpath/uu_exec/uu_alu/sra_24_47_g3631  
    uu_dtpath/uu_exec/uu_alu/sra_24_47_g3632  
    uu_dtpath/uu_exec/uu_alu/sra_24_47_g3633  
    uu_dtpath/uu_exec/uu_alu/sra_24_47_g3635  
    uu_dtpath/uu_exec/uu_alu/sra_24_47_g3636  
    uu_dtpath/uu_exec/uu_alu/sra_24_47_g3637  
    uu_dtpath/uu_exec/uu_alu/sra_24_47_g3640  
    uu_dtpath/uu_exec/uu_alu/sra_24_47_g3641  
    uu_dtpath/uu_exec/uu_alu/sra_24_47_g3642  
    uu_dtpath/uu_exec/uu_alu/sra_24_47_g3643  
    uu_dtpath/uu_exec/uu_alu/sra_24_47_g3645  
    uu_dtpath/uu_exec/uu_alu/sra_24_47_g3648  
    uu_dtpath/uu_exec/uu_alu/sra_24_47_g3649  
    uu_dtpath/uu_exec/uu_alu/sra_24_47_g3651  
    uu_dtpath/uu_exec/uu_alu/sra_24_47_g3652  
    uu_dtpath/uu_exec/uu_alu/sra_24_47_g3655  
    uu_dtpath/uu_exec/uu_alu/sra_24_47_g3656  
    uu_dtpath/uu_exec/uu_alu/sra_24_47_g3657  
    uu_dtpath/uu_exec/uu_alu/sra_24_47_g3658  
    uu_dtpath/uu_exec/uu_alu/sra_24_47_g3659  
    uu_dtpath/uu_exec/uu_alu/sra_24_47_g3660  
    uu_dtpath/uu_exec/uu_alu/sra_24_47_g3661  
    uu_dtpath/uu_exec/uu_alu/sra_24_47_g3663  
    uu_dtpath/uu_exec/uu_alu/sra_24_47_g3664  
    uu_dtpath/uu_exec/uu_alu/sra_24_47_g3665  
    uu_dtpath/uu_exec/uu_alu/sra_24_47_g3666  
    uu_dtpath/uu_exec/uu_alu/sra_24_47_g3667  
    uu_dtpath/uu_exec/uu_alu/sra_24_47_g3669  
    uu_dtpath/uu_exec/uu_alu/sra_24_47_g3670  
    uu_dtpath/uu_exec/uu_alu/sra_24_47_g3671  
    uu_dtpath/uu_exec/uu_alu/sra_24_47_g3672  
    uu_dtpath/uu_exec/uu_alu/sra_24_47_g3673  
    uu_dtpath/uu_exec/uu_alu/sra_24_47_g3674  
    uu_dtpath/uu_exec/uu_alu/sra_24_47_g3676  
    uu_dtpath/uu_exec/uu_alu/sra_24_47_g3677  
    uu_dtpath/uu_exec/uu_alu/sra_24_47_g3678  
    uu_dtpath/uu_exec/uu_alu/sra_24_47_g3680  
    uu_dtpath/uu_exec/uu_alu/sra_24_47_g3681  
    uu_dtpath/uu_exec/uu_alu/sra_24_47_g3682  
    uu_dtpath/uu_exec/uu_alu/sra_24_47_g3683  
    uu_dtpath/uu_exec/uu_alu/sra_24_47_g3684  
    uu_dtpath/uu_exec/uu_alu/sra_24_47_g3685  
    uu_dtpath/uu_exec/uu_alu/sra_24_47_g3686  
    uu_dtpath/uu_exec/uu_alu/sra_24_47_g3780  
    uu_dtpath/uu_exec/uu_alu/sra_24_47_g3781  
    uu_dtpath/uu_exec/uu_alu/sra_24_47_g3783  
    uu_dtpath/uu_exec/uu_alu/sra_24_47_g3784  
    uu_dtpath/uu_exec/uu_alu/sra_24_47_g3785  
    uu_dtpath/uu_exec/uu_alu/sra_24_47_g3788  
    uu_dtpath/uu_exec/uu_alu/srl_23_38_g3630  
    uu_dtpath/uu_exec/uu_alu/srl_23_38_g3631  
    uu_dtpath/uu_exec/uu_alu/srl_23_38_g3632  
    uu_dtpath/uu_exec/uu_alu/srl_23_38_g3634  
    uu_dtpath/uu_exec/uu_alu/srl_23_38_g3635  
    uu_dtpath/uu_exec/uu_alu/srl_23_38_g3636  
    uu_dtpath/uu_exec/uu_alu/srl_23_38_g3637  
    uu_dtpath/uu_exec/uu_alu/srl_23_38_g3638  
    uu_dtpath/uu_exec/uu_alu/srl_23_38_g3639  
    uu_dtpath/uu_exec/uu_alu/srl_23_38_g3640  
    uu_dtpath/uu_exec/uu_alu/srl_23_38_g3641  
    uu_dtpath/uu_exec/uu_alu/srl_23_38_g3642  
    uu_dtpath/uu_exec/uu_alu/srl_23_38_g3644  
    uu_dtpath/uu_exec/uu_alu/srl_23_38_g3645  
    uu_dtpath/uu_exec/uu_alu/srl_23_38_g3647  
    uu_dtpath/uu_exec/uu_alu/srl_23_38_g3648  
    uu_dtpath/uu_exec/uu_alu/srl_23_38_g3649  
    uu_dtpath/uu_exec/uu_alu/srl_23_38_g3650  
    uu_dtpath/uu_exec/uu_alu/srl_23_38_g3651  
    uu_dtpath/uu_exec/uu_alu/srl_23_38_g3652  
    uu_dtpath/uu_exec/uu_alu/srl_23_38_g3653  
    uu_dtpath/uu_exec/uu_alu/srl_23_38_g3654  
    uu_dtpath/uu_exec/uu_alu/srl_23_38_g3655  
    uu_dtpath/uu_exec/uu_alu/srl_23_38_g3656  
    uu_dtpath/uu_exec/uu_alu/srl_23_38_g3657  
    uu_dtpath/uu_exec/uu_alu/srl_23_38_g3658  
    uu_dtpath/uu_exec/uu_alu/srl_23_38_g3659  
    uu_dtpath/uu_exec/uu_alu/srl_23_38_g3661  
    uu_dtpath/uu_exec/uu_alu/srl_23_38_g3662  
    uu_dtpath/uu_exec/uu_alu/srl_23_38_g3663  
    uu_dtpath/uu_exec/uu_alu/srl_23_38_g3664  
    uu_dtpath/uu_exec/uu_alu/srl_23_38_g3665  
    uu_dtpath/uu_exec/uu_alu/srl_23_38_g3666  
    uu_dtpath/uu_exec/uu_alu/srl_23_38_g3667  
    uu_dtpath/uu_exec/uu_alu/srl_23_38_g3668  
    uu_dtpath/uu_exec/uu_alu/srl_23_38_g3670  
    uu_dtpath/uu_exec/uu_alu/srl_23_38_g3671  
    uu_dtpath/uu_exec/uu_alu/srl_23_38_g3673  
    uu_dtpath/uu_exec/uu_alu/srl_23_38_g3675  
    uu_dtpath/uu_exec/uu_alu/srl_23_38_g3676  
    uu_dtpath/uu_exec/uu_alu/srl_23_38_g3677  
    uu_dtpath/uu_exec/uu_alu/srl_23_38_g3678  
    uu_dtpath/uu_exec/uu_alu/srl_23_38_g3679  
    uu_dtpath/uu_exec/uu_alu/srl_23_38_g3680  
    uu_dtpath/uu_exec/uu_alu/srl_23_38_g3682  
    uu_dtpath/uu_exec/uu_alu/srl_23_38_g3683  
    uu_dtpath/uu_exec/uu_alu/srl_23_38_g3685  
    uu_dtpath/uu_exec/uu_alu/srl_23_38_g3687  
    uu_dtpath/uu_exec/uu_alu/srl_23_38_g3688  
    uu_dtpath/uu_exec/uu_alu/srl_23_38_g3689  
    uu_dtpath/uu_exec/uu_alu/srl_23_38_g3690  
    uu_dtpath/uu_exec/uu_alu/srl_23_38_g3691  
    uu_dtpath/uu_exec/uu_alu/srl_23_38_g3692  
    uu_dtpath/uu_exec/uu_alu/srl_23_38_g3693  
    uu_dtpath/uu_exec/uu_alu/srl_23_38_g3694  
    uu_dtpath/uu_exec/uu_alu/srl_23_38_g3696  
    uu_dtpath/uu_exec/uu_alu/srl_23_38_g3698  
    uu_dtpath/uu_exec/uu_alu/srl_23_38_g3699  
    uu_dtpath/uu_exec/uu_alu/srl_23_38_g3700  
    uu_dtpath/uu_exec/uu_alu/srl_23_38_g3701  
    uu_dtpath/uu_exec/uu_alu/srl_23_38_g3702  
    uu_dtpath/uu_exec/uu_alu/srl_23_38_g3703  
    uu_dtpath/uu_exec/uu_alu/srl_23_38_g3704  
    uu_dtpath/uu_exec/uu_alu/srl_23_38_g3705  
    uu_dtpath/uu_exec/uu_alu/srl_23_38_g3706  
    uu_dtpath/uu_exec/uu_alu/srl_23_38_g3708  
    uu_dtpath/uu_exec/uu_alu/srl_23_38_g3710  
    uu_dtpath/uu_exec/uu_alu/srl_23_38_g3711  
    uu_dtpath/uu_exec/uu_alu/srl_23_38_g3712  
    uu_dtpath/uu_exec/uu_alu/srl_23_38_g3713  
    uu_dtpath/uu_exec/uu_alu/srl_23_38_g3715  
    uu_dtpath/uu_exec/uu_alu/srl_23_38_g3718  
    uu_dtpath/uu_exec/uu_alu/srl_23_38_g3719  
    uu_dtpath/uu_exec/uu_alu/srl_23_38_g3720  
    uu_dtpath/uu_exec/uu_alu/srl_23_38_g3723  
    uu_dtpath/uu_exec/uu_alu/srl_23_38_g3724  
    uu_dtpath/uu_exec/uu_alu/srl_23_38_g3728  
    uu_dtpath/uu_exec/uu_alu/srl_23_38_g3730  
    uu_dtpath/uu_exec/uu_alu/srl_23_38_g3731  
    uu_dtpath/uu_exec/uu_alu/srl_23_38_g3732  
    uu_dtpath/uu_exec/uu_alu/srl_23_38_g3735  
    uu_dtpath/uu_exec/uu_alu/srl_23_38_g3736  
    uu_dtpath/uu_exec/uu_alu/srl_23_38_g3737  
    uu_dtpath/uu_exec/uu_alu/srl_23_38_g3741  
    uu_dtpath/uu_exec/uu_alu/srl_23_38_g3742  
    uu_dtpath/uu_exec/uu_alu/srl_23_38_g3743  
    uu_dtpath/uu_exec/uu_alu/srl_23_38_g3744  
    uu_dtpath/uu_exec/uu_alu/srl_23_38_g3745  
    uu_dtpath/uu_exec/uu_alu/srl_23_38_g3746  
    uu_dtpath/uu_exec/uu_alu/srl_23_38_g3747  
    uu_dtpath/uu_exec/uu_alu/srl_23_38_g3748  
    uu_dtpath/uu_exec/uu_alu/srl_23_38_g3749  
    uu_dtpath/uu_exec/uu_alu/srl_23_38_g3750  
    uu_dtpath/uu_exec/uu_alu/srl_23_38_g3751  
    uu_dtpath/uu_exec/uu_alu/srl_23_38_g3752  
    uu_dtpath/uu_exec/uu_alu/srl_23_38_g3753  
    uu_dtpath/uu_exec/uu_alu/srl_23_38_g3754  
    uu_dtpath/uu_exec/uu_alu/srl_23_38_g3755  
    uu_dtpath/uu_exec/uu_alu/srl_23_38_g3756  
    uu_dtpath/uu_exec/uu_alu/srl_23_38_g3764  
    uu_dtpath/uu_exec/uu_alu/srl_23_38_g3765  
    uu_dtpath/uu_exec/uu_alu/srl_23_38_g3768  
    uu_dtpath/uu_exec/uu_alu/srl_23_38_g3769  
    uu_dtpath/uu_exec/uu_alu/srl_23_38_g3770  
    uu_dtpath/uu_exec/uu_alu/srl_23_38_g3771  
    uu_dtpath/uu_exec/uu_alu/srl_23_38_g3772  
    uu_dtpath/uu_exec/uu_alu/srl_23_38_g3773  
    uu_dtpath/uu_exec/uu_alu/srl_23_38_g3775  
    uu_dtpath/uu_exec/uu_alu/srl_23_38_g3776  
    uu_dtpath/uu_exec/uu_alu/srl_23_38_g3782  
    uu_dtpath/uu_exec/uu_alu/srl_23_38_g3783  
    uu_dtpath/uu_exec/uu_alu/srl_23_38_g3785  
    uu_dtpath/uu_exec/uu_alu/srl_23_38_g3786  
    uu_dtpath/uu_exec/uu_alu/srl_23_38_g3787  
    uu_dtpath/uu_exec/uu_alu/srl_23_38_g3788  
    uu_dtpath/uu_exec/uu_alu/srl_23_38_g3789  
    uu_dtpath/uu_exec/uu_alu/srl_23_38_g3790  
    uu_dtpath/uu_exec/uu_alu/srl_23_38_g3791  
    uu_dtpath/uu_exec/uu_alu/srl_23_38_g3792  
    uu_dtpath/uu_exec/uu_alu/srl_23_38_g3793  
    uu_dtpath/uu_exec/uu_alu/srl_23_38_g3794  
    uu_dtpath/uu_exec/uu_alu/srl_23_38_g3797  
    uu_dtpath/uu_exec/uu_alu/srl_23_38_g3798  
    uu_dtpath/uu_exec/uu_alu/srl_23_38_g3800  
    uu_dtpath/uu_exec/uu_alu/srl_23_38_g3802  
    uu_dtpath/uu_exec/uu_alu/srl_23_38_g3805  
    uu_dtpath/uu_exec/uu_alu/srl_23_38_g3806  
    uu_dtpath/uu_exec/uu_alu/srl_23_38_g3807  
    uu_dtpath/uu_exec/uu_alu/srl_23_38_g3808  
    uu_dtpath/uu_exec/uu_alu/srl_23_38_g3809  
    uu_dtpath/uu_exec/uu_alu/srl_23_38_g3812  
    uu_dtpath/uu_exec/uu_alu/srl_23_38_g3813  
    uu_dtpath/uu_exec/uu_alu/srl_23_38_g3814  
    uu_dtpath/uu_exec/uu_alu/srl_23_38_g3816  
    uu_dtpath/uu_exec/uu_alu/srl_23_38_g3817  
    uu_dtpath/uu_exec/uu_alu/srl_23_38_g3818  
    uu_dtpath/uu_exec/uu_alu/srl_23_38_g3819  
    uu_dtpath/uu_exec/uu_alu/srl_23_38_g3821  
    uu_dtpath/uu_exec/uu_alu/srl_23_38_g3822  
    uu_dtpath/uu_exec/uu_alu/srl_23_38_g3823  
    uu_dtpath/uu_exec/uu_alu/srl_23_38_g3824  
    uu_dtpath/uu_exec/uu_alu/srl_23_38_g3825  
    uu_dtpath/uu_exec/uu_alu/srl_23_38_g3826  
    uu_dtpath/uu_exec/uu_alu/srl_23_38_g3827  
    uu_dtpath/uu_exec/uu_alu/srl_23_38_g3828  
    uu_dtpath/uu_exec/uu_alu/srl_23_38_g3830  
    uu_dtpath/uu_exec/uu_alu/srl_23_38_g3832  
    uu_dtpath/uu_exec/uu_alu/srl_23_38_g3836  
    uu_dtpath/uu_exec/uu_alu/srl_23_38_g3840  
    uu_dtpath/uu_exec/uu_alu/srl_23_38_g3841  
    uu_dtpath/uu_exec/uu_alu/srl_23_38_g3842  
    uu_dtpath/uu_exec/uu_alu/srl_23_38_g3843  
    uu_dtpath/uu_exec/uu_alu/srl_23_38_g3844  
    uu_dtpath/uu_exec/uu_alu/srl_23_38_g3847  
    uu_dtpath/uu_exec/uu_alu/srl_23_38_g3848  
    uu_dtpath/uu_exec/uu_alu/srl_23_38_g3849  
    uu_dtpath/uu_exec/uu_alu/srl_23_38_g3851  
    uu_dtpath/uu_exec/uu_alu/srl_23_38_g3852  
    uu_dtpath/uu_exec/uu_alu/srl_23_38_g3853  
    uu_dtpath/uu_exec/uu_alu/srl_23_38_g3854  
    uu_dtpath/uu_exec/uu_alu/srl_23_38_g3855  
    uu_dtpath/uu_exec/uu_alu/srl_23_38_g3856  
    uu_dtpath/uu_exec/uu_alu/srl_23_38_g3858  
    uu_dtpath/uu_exec/uu_alu/srl_23_38_g3860  
    uu_dtpath/uu_exec/uu_alu/srl_23_38_g3861  
    uu_dtpath/uu_exec/uu_alu/srl_23_38_g3862  
    uu_dtpath/uu_exec/uu_alu/srl_23_38_g3863  
    uu_dtpath/uu_exec/uu_alu/srl_23_38_g3867  
    uu_dtpath/uu_exec/uu_alu/srl_23_38_g3868  
    uu_dtpath/uu_exec/uu_alu/srl_23_38_g3871  
    uu_dtpath/uu_exec/uu_alu/srl_23_38_g3872  
    uu_dtpath/uu_exec/uu_alu/srl_23_38_g3874  
    uu_dtpath/uu_exec/uu_alu/srl_23_38_g3875  
    uu_dtpath/uu_exec/uu_alu/srl_23_38_g3876  
    uu_dtpath/uu_exec/uu_alu/srl_23_38_g3879  
    uu_dtpath/uu_exec/uu_alu/srl_23_38_g3880  
    uu_dtpath/uu_exec/uu_alu/srl_23_38_g3883  
    uu_dtpath/uu_exec/uu_alu/srl_23_38_g3884  
    uu_dtpath/uu_exec/uu_alu/srl_23_38_g3888  
    uu_dtpath/uu_exec/uu_alu/srl_23_38_g3890  
    uu_dtpath/uu_exec/uu_alu/srl_23_38_g3891  
    uu_dtpath/uu_exec/uu_alu/srl_23_38_g3892  
    uu_dtpath/uu_exec/uu_alu/srl_23_38_g3895  
    uu_dtpath/uu_exec/uu_alu/srl_23_38_g3897  
    uu_dtpath/uu_exec/uu_alu/srl_23_38_g3900  
    uu_dtpath/uu_exec/uu_alu/srl_23_38_g3903  
    uu_dtpath/uu_exec/uu_alu/srl_23_38_g3904  
    uu_dtpath/uu_exec/uu_alu/srl_23_38_g3906  
    uu_dtpath/uu_exec/uu_alu/srl_23_38_g3907  
    uu_dtpath/uu_exec/uu_alu/srl_23_38_g3908  
    uu_dtpath/uu_exec/uu_alu/srl_23_38_g3910  
    uu_dtpath/uu_exec/uu_alu/srl_23_38_g3913  
    uu_dtpath/uu_exec/uu_alu/srl_23_38_g3914  
    uu_dtpath/uu_exec/uu_alu/srl_23_38_g3915  
    uu_dtpath/uu_exec/uu_alu/srl_23_38_g3916  
    uu_dtpath/uu_exec/uu_alu/srl_23_38_g3917  
    uu_dtpath/uu_exec/uu_alu/srl_23_38_g3918  
    uu_dtpath/uu_exec/uu_alu/srl_23_38_g3919  
    uu_dtpath/uu_exec/uu_alu/srl_23_38_g2  
    uu_dtpath/uu_exec/uu_alu/srl_23_38_g4011  
    uu_dtpath/uu_exec/uu_alu/srl_23_38_g4012  
    uu_dtpath/uu_exec/uu_alu/srl_23_38_g4013  
    uu_dtpath/uu_exec/uu_alu/srl_23_38_g4014  
    uu_dtpath/uu_exec/uu_alu/srl_23_38_g4015  
    uu_dtpath/uu_exec/uu_alu/srl_23_38_g4016  
    uu_dtpath/uu_exec/uu_alu/srl_23_38_g4017  
    uu_dtpath/uu_exec/uu_alu/srl_23_38_g4018  
    uu_dtpath/uu_exec/uu_alu/g6599  
    uu_dtpath/uu_exec/uu_alu/g3  
    uu_dtpath/uu_exec/uu_alu/g6600  
    uu_dtpath/uu_exec/uu_alu/g6602  
    uu_dtpath/uu_exec/uu_alu/g6603  
    uu_dtpath/uu_exec/uu_alu/g6604  
    uu_dtpath/uu_exec/uu_alu/lt_21_38_g6612  
    uu_dtpath/uu_exec/uu_alu/lt_20_49_g6613  
    uu_dtpath/uu_exec/uu_alu/lt_20_49_g6614  
    uu_dtpath/uu_exec/uu_alu/lt_20_49_g6615  
    uu_dtpath/uu_exec/uu_alu/lt_21_38_g6616  
    uu_dtpath/uu_exec/uu_alu/lt_20_49_g6617  
    uu_dtpath/uu_exec/uu_alu/lt_20_49_g6618  
    uu_dtpath/uu_exec/uu_alu/lt_21_38_g6619  
    uu_dtpath/uu_exec/uu_alu/final_adder_mux_o_result_14_13_g6620  
    uu_dtpath/uu_exec/uu_alu/csa_tree_eq_29_30_groupi_g6621  
    uu_dtpath/uu_exec/uu_alu/g6623  
    uu_dtpath/uu_exec/uu_alu/g6624  
    uu_dtpath/uu_exec/uu_alu/g6625  
    uu_dtpath/uu_exec/uu_alu/g6626  
    uu_dtpath/uu_exec/uu_alu/g6627  
    uu_dtpath/uu_exec/uu_alu/g6628  
    uu_dtpath/uu_exec/uu_alu/g6629  
    uu_dtpath/uu_exec/uu_alu/g6631  
    uu_dtpath/uu_exec/uu_alu/g6632  
    uu_dtpath/uu_exec/uu_alu/g6633  
    uu_dtpath/uu_exec/uu_alu/g6636  
    uu_dtpath/uu_exec/uu_alu/g6637  
    uu_dtpath/uu_exec/uu_alu/g6638  
    uu_dtpath/uu_exec/uu_alu/g6639  
    uu_dtpath/uu_exec/uu_alu/g6640  
    uu_dtpath/uu_exec/uu_alu/g6641  
    uu_dtpath/uu_exec/uu_alu/g6642  
    uu_dtpath/uu_exec/uu_alu/g6643  
    uu_dtpath/uu_exec/uu_alu/g6644  
    uu_dtpath/uu_exec/uu_alu/g6645  
    uu_dtpath/uu_exec/uu_alu/g6646  
    uu_dtpath/uu_exec/uu_alu/g6647  
    uu_dtpath/uu_exec/uu_alu/g6648  
    uu_dtpath/uu_exec/uu_alu/g6649  
    uu_dtpath/uu_exec/uu_alu/g6650  
    uu_dtpath/uu_exec/uu_alu/g6651  
    uu_dtpath/uu_exec/uu_alu/g6652  
    uu_dtpath/uu_exec/uu_alu/g6654  
    uu_dtpath/uu_exec/uu_alu/g6655  
    uu_dtpath/uu_exec/uu_alu/g6656  
    uu_dtpath/uu_exec/uu_alu/g6657  
    uu_dtpath/uu_exec/uu_alu/g6658  
    uu_dtpath/uu_exec/uu_alu/g6659  
    uu_dtpath/uu_exec/uu_alu/g6660  
    uu_dtpath/uu_exec/uu_alu/g6661  
    uu_dtpath/uu_exec/uu_alu/g6662  
    uu_dtpath/uu_exec/uu_alu/g6663  
    uu_dtpath/uu_exec/uu_alu/g6664  
    uu_dtpath/uu_exec/uu_alu/g6665  
    uu_dtpath/uu_exec/uu_alu/g6666  
    uu_dtpath/uu_exec/uu_alu/g6667  
    uu_dtpath/uu_exec/uu_alu/g6668  
    uu_dtpath/uu_exec/uu_alu/g6669  
    uu_dtpath/uu_exec/uu_alu/g6670  
    uu_dtpath/uu_exec/uu_alu/g6671  
    uu_dtpath/uu_exec/uu_alu/g6672  
    uu_dtpath/uu_exec/uu_alu/g6673  
    uu_dtpath/uu_exec/uu_alu/g6674  
    uu_dtpath/uu_exec/uu_alu/g6675  
    uu_dtpath/uu_exec/uu_alu/g6676  
    uu_dtpath/uu_exec/uu_alu/g6677  
    uu_dtpath/uu_exec/uu_alu/g6678  
    uu_dtpath/uu_exec/uu_alu/g6679  
    uu_dtpath/uu_exec/uu_alu/g6680  
    uu_dtpath/uu_exec/uu_alu/g6681  
    uu_dtpath/uu_exec/uu_alu/g6683  
    uu_dtpath/uu_exec/uu_alu/g6684  
    uu_dtpath/uu_exec/uu_alu/g6685  
    uu_dtpath/uu_exec/uu_alu/g6686  
    uu_dtpath/uu_exec/uu_alu/g6687  
    uu_dtpath/uu_exec/uu_alu/g6688  
    uu_dtpath/uu_exec/uu_alu/g6689  
    uu_dtpath/uu_exec/uu_alu/g6690  
    uu_dtpath/uu_exec/uu_alu/g6691  
    uu_dtpath/uu_exec/uu_alu/g6693  
    uu_dtpath/uu_exec/uu_alu/g6694  
    uu_dtpath/uu_exec/uu_alu/g6695  
    uu_dtpath/uu_exec/uu_alu/g6696  
    uu_dtpath/uu_exec/uu_alu/g6697  
    uu_dtpath/uu_exec/uu_alu/g6698  
    uu_dtpath/uu_exec/uu_alu/g6699  
    uu_dtpath/uu_exec/uu_alu/g6700  
    uu_dtpath/uu_exec/uu_alu/g6701  
    uu_dtpath/uu_exec/uu_alu/g6702  
    uu_dtpath/uu_exec/uu_alu/g6703  
    uu_dtpath/uu_exec/uu_alu/g6704  
    uu_dtpath/uu_exec/uu_alu/g6705  
    uu_dtpath/uu_exec/uu_alu/g6707  
    uu_dtpath/uu_exec/uu_alu/g6708  
    uu_dtpath/uu_exec/uu_alu/g6709  
    uu_dtpath/uu_exec/uu_alu/g6710  
    uu_dtpath/uu_exec/uu_alu/g6713  
    uu_dtpath/uu_exec/uu_alu/g6714  
    uu_dtpath/uu_exec/uu_alu/g6715  
    uu_dtpath/uu_exec/uu_alu/g6716  
    uu_dtpath/uu_exec/uu_alu/g6717  
    uu_dtpath/uu_exec/uu_alu/g6718  
    uu_dtpath/uu_exec/uu_alu/g6719  
    uu_dtpath/uu_exec/uu_alu/g6720  
    uu_dtpath/uu_exec/uu_alu/g6722  
    uu_dtpath/uu_exec/uu_alu/g6723  
    uu_dtpath/uu_exec/uu_alu/g6724  
    uu_dtpath/uu_exec/uu_alu/g6725  
    uu_dtpath/uu_exec/uu_alu/g6726  
    uu_dtpath/uu_exec/uu_alu/g6727  
    uu_dtpath/uu_exec/uu_alu/g6728  
    uu_dtpath/uu_exec/uu_alu/g6729  
    uu_dtpath/uu_exec/uu_alu/g6730  
    uu_dtpath/uu_exec/uu_alu/g6733  
    uu_dtpath/uu_exec/uu_alu/g6734  
    uu_dtpath/uu_exec/uu_alu/g6735  
    uu_dtpath/uu_exec/uu_alu/g6736  
    uu_dtpath/uu_exec/uu_alu/g6737  
    uu_dtpath/uu_exec/uu_alu/g6738  
    uu_dtpath/uu_exec/uu_alu/g6739  
    uu_dtpath/uu_exec/uu_alu/g6740  
    uu_dtpath/uu_exec/uu_alu/g6741  
    uu_dtpath/uu_exec/uu_alu/g6742  
    uu_dtpath/uu_exec/uu_alu/g6743  
    uu_dtpath/uu_exec/uu_alu/g6744  
    uu_dtpath/uu_exec/uu_alu/g6745  
    uu_dtpath/uu_exec/uu_alu/g6746  
    uu_dtpath/uu_exec/uu_alu/g6747  
    uu_dtpath/uu_exec/uu_alu/lt_21_38_g6748  
    uu_dtpath/uu_exec/uu_alu/srl_23_38_g6749  
    uu_dtpath/uu_exec/uu_alu/lt_20_49_g6750  
    uu_dtpath/uu_exec/uu_alu/lt_20_49_g6751  
    uu_dtpath/uu_exec/uu_alu/lt_20_49_g6752  
    uu_dtpath/uu_exec/uu_alu/lt_20_49_g6753  
    uu_dtpath/uu_exec/uu_alu/g6754  
    uu_dtpath/uu_exec/uu_alu/g6755  
    uu_dtpath/uu_exec/uu_alu/g6756  
    uu_dtpath/uu_exec/uu_alu/g6757  
    uu_dtpath/uu_exec/uu_alu/g6758  
    uu_dtpath/uu_exec/uu_alu/g6759  
    uu_dtpath/uu_exec/uu_alu/g6760  
    uu_dtpath/uu_exec/uu_alu/g6761  
    uu_dtpath/uu_exec/uu_alu/g6762  
    uu_dtpath/uu_exec/uu_alu/g6763  
    uu_dtpath/uu_exec/uu_alu/g6764  
    uu_dtpath/uu_exec/uu_alu/g6765  
    uu_dtpath/uu_exec/uu_alu/g6766  
    uu_dtpath/uu_exec/uu_alu/g6767  
    uu_dtpath/uu_exec/uu_alu/g6768  
    uu_dtpath/uu_exec/uu_alu/g6769  
    uu_dtpath/uu_exec/uu_alu/g6770  
    uu_dtpath/uu_exec/uu_alu/g6771  
    uu_dtpath/uu_exec/uu_alu/g6772  
    uu_dtpath/uu_exec/uu_alu/g6773  
    uu_dtpath/uu_exec/uu_alu/g6774  
    uu_dtpath/uu_exec/uu_alu/g6775  
    uu_dtpath/uu_exec/uu_alu/g6776  
    uu_dtpath/uu_exec/uu_alu/g6777  
    uu_dtpath/uu_exec/g3860  
    uu_dtpath/uu_exec/g5565  
    uu_dtpath/uu_exec/g5567  
    uu_dtpath/uu_exec/g5568  
    uu_dtpath/uu_exec/g5571  
    uu_dtpath/uu_exec/g5572  
    uu_dtpath/uu_exec/g5580  
    uu_dtpath/uu_exec/g5581  
    uu_dtpath/uu_exec/g5584  
    uu_dtpath/uu_exec/g5587  
    uu_dtpath/uu_exec/g5588  
    uu_dtpath/uu_exec/g5589  
    uu_dtpath/uu_exec/g5590  
    uu_dtpath/uu_exec/g5591  
    uu_dtpath/uu_exec/g5593  
    uu_dtpath/uu_exec/g5594  
    uu_dtpath/uu_exec/g5595  
    uu_dtpath/uu_exec/g5596  
    uu_dtpath/uu_exec/g5597  
    uu_dtpath/uu_exec/g5598  
    uu_dtpath/uu_exec/g5599  
    uu_dtpath/uu_exec/g5600  
    uu_dtpath/uu_exec/g5601  
    uu_dtpath/uu_exec/g5602  
    uu_dtpath/uu_exec/g5603  
    uu_dtpath/uu_exec/g5604  
    uu_dtpath/uu_exec/g5605  
    uu_dtpath/uu_exec/g5606  
    uu_dtpath/uu_exec/g5607  
    uu_dtpath/uu_exec/g5609  
    uu_dtpath/uu_exec/g5610  
    uu_dtpath/uu_exec/g5611  
    uu_dtpath/uu_exec/g5612  
    uu_dtpath/uu_exec/g5613  
    uu_dtpath/uu_exec/g5614  
    uu_dtpath/uu_exec/g5615  
    uu_dtpath/uu_exec/g5616  
    uu_dtpath/uu_exec/g5618  
    uu_dtpath/uu_exec/g5619  
    uu_dtpath/uu_exec/g5620  
    uu_dtpath/uu_exec/g5621  
    uu_dtpath/uu_exec/g5622  
    uu_dtpath/uu_exec/g5623  
    uu_dtpath/uu_exec/g5627  
    uu_dtpath/uu_exec/g5628  
    uu_dtpath/uu_exec/g5629  
    uu_dtpath/uu_exec/g5630  
    uu_dtpath/uu_exec/g5631  
    uu_dtpath/uu_exec/g5632  
    uu_dtpath/uu_exec/g5633  
    uu_dtpath/uu_exec/g5634  
    uu_dtpath/uu_exec/g5636  
    uu_dtpath/uu_exec/g5637  
    uu_dtpath/uu_exec/g5638  
    uu_dtpath/uu_exec/g5639  
    uu_dtpath/uu_exec/g5640  
    uu_dtpath/uu_exec/g5641  
    uu_dtpath/uu_exec/g5642  
    uu_dtpath/uu_exec/g5643  
    uu_dtpath/uu_exec/g5644  
    uu_dtpath/uu_exec/g5645  
    uu_dtpath/uu_exec/g5646  
    uu_dtpath/uu_exec/g5647  
    uu_dtpath/uu_exec/g5648  
    uu_dtpath/uu_exec/g5649  
    uu_dtpath/uu_exec/g5650  
    uu_dtpath/uu_exec/g5651  
    uu_dtpath/uu_exec/g5652  
    uu_dtpath/uu_exec/g5653  
    uu_dtpath/uu_exec/g5654  
    uu_dtpath/uu_exec/g5655  
    uu_dtpath/uu_exec/g5656  
    uu_dtpath/uu_exec/g5662  
    uu_dtpath/uu_exec/g5668  
    uu_dtpath/uu_exec/g5669  
    uu_dtpath/uu_exec/g5673  
    uu_dtpath/uu_exec/g5681  
    uu_dtpath/uu_exec/g5682  
    uu_dtpath/uu_exec/g5684  
    uu_dtpath/uu_exec/g5685  
    uu_dtpath/uu_exec/g5686  
    uu_dtpath/uu_exec/g5687  
    uu_dtpath/uu_exec/g5688  
    uu_dtpath/uu_exec/g5689  
    uu_dtpath/uu_exec/g5691  
    uu_dtpath/uu_exec/g5692  
    uu_dtpath/uu_exec/g5693  
    uu_dtpath/uu_exec/g5694  
    uu_dtpath/uu_exec/g5695  
    uu_dtpath/uu_exec/g5696  
    uu_dtpath/uu_exec/g5697  
    uu_dtpath/uu_exec/g5698  
    uu_dtpath/uu_exec/g5699  
    uu_dtpath/uu_exec/g5700  
    uu_dtpath/uu_exec/g5701  
    uu_dtpath/uu_exec/g5702  
    uu_dtpath/uu_exec/g5703  
    uu_dtpath/uu_exec/g5704  
    uu_dtpath/uu_exec/g5705  
    uu_dtpath/uu_exec/g5706  
    uu_dtpath/uu_exec/g5707  
    uu_dtpath/uu_exec/g5709  
    uu_dtpath/uu_exec/g5710  
    uu_dtpath/uu_exec/g5711  
    uu_dtpath/uu_exec/g5712  
    uu_dtpath/uu_exec/g5715  
    uu_dtpath/uu_exec/g5723  
    uu_dtpath/uu_exec/g5729  
    uu_dtpath/uu_exec/g5730  
    uu_dtpath/uu_exec/g5731  
    uu_dtpath/uu_exec/g5732  
    uu_dtpath/uu_exec/g5735  
    uu_dtpath/uu_exec/g5737  
    uu_dtpath/uu_exec/g5738  
    uu_dtpath/uu_exec/g5739  
    uu_dtpath/uu_exec/g5740  
    uu_dtpath/uu_exec/g5741  
    uu_dtpath/uu_exec/g5742  
    uu_dtpath/uu_exec/g5743  
    uu_dtpath/uu_exec/g5744  
    uu_dtpath/uu_exec/g5745  
    uu_dtpath/uu_exec/g5746  
    uu_dtpath/uu_exec/g5747  
    uu_dtpath/uu_exec/g5748  
    uu_dtpath/uu_exec/g5749  
    uu_dtpath/uu_exec/g5750  
    uu_dtpath/uu_exec/g5751  
    uu_dtpath/uu_exec/g5754  
    uu_dtpath/uu_exec/g5755  
    uu_dtpath/uu_exec/g5757  
    uu_dtpath/uu_exec/g5758  
    uu_dtpath/uu_exec/g5759  
    uu_dtpath/uu_exec/g5760  
    uu_dtpath/uu_exec/g5761  
    uu_dtpath/uu_exec/g5762  
    uu_dtpath/uu_exec/g5763  
    uu_dtpath/uu_exec/g5764  
    uu_dtpath/uu_exec/g5765  
    uu_dtpath/uu_exec/g5766  
    uu_dtpath/uu_exec/g5767  
    uu_dtpath/uu_exec/g5768  
    uu_dtpath/uu_exec/g5769  
    uu_dtpath/uu_exec/g5770  
    uu_dtpath/uu_exec/g5772  
    uu_dtpath/uu_exec/g5773  
    uu_dtpath/uu_exec/g5775  
    uu_dtpath/uu_exec/g5776  
    uu_dtpath/uu_exec/g5777  
    uu_dtpath/uu_exec/g5778  
    uu_dtpath/uu_exec/g5779  
    uu_dtpath/uu_exec/g5780  
    uu_dtpath/uu_exec/g5783  
    uu_dtpath/uu_exec/g5784  
    uu_dtpath/uu_exec/g5785  
    uu_dtpath/uu_exec/g5786  
    uu_dtpath/uu_exec/g5787  
    uu_dtpath/uu_exec/g5788  
    uu_dtpath/uu_exec/g5789  
    uu_dtpath/uu_exec/g5790  
    uu_dtpath/uu_exec/g5791  
    uu_dtpath/uu_exec/g5792  
    uu_dtpath/uu_exec/g5793  
    uu_dtpath/uu_exec/g5794  
    uu_dtpath/uu_exec/g5795  
    uu_dtpath/uu_exec/g5796  
    uu_dtpath/uu_exec/g5797  
    uu_dtpath/uu_exec/g5798  
    uu_dtpath/uu_exec/g5799  
    uu_dtpath/uu_exec/g5800  
    uu_dtpath/uu_exec/g5801  
    uu_dtpath/uu_exec/g5802  
    uu_dtpath/uu_exec/g5803  
    uu_dtpath/uu_exec/g5804  
    uu_dtpath/uu_exec/g5805  
    uu_dtpath/uu_exec/g5807  
    uu_dtpath/uu_exec/g5808  
    uu_dtpath/uu_exec/g5809  
    uu_dtpath/uu_exec/g5810  
    uu_dtpath/uu_exec/g5812  
    uu_dtpath/uu_exec/g5813  
    uu_dtpath/uu_exec/g5814  
    uu_dtpath/uu_exec/g5815  
    uu_dtpath/uu_exec/g5816  
    uu_dtpath/uu_exec/g5817  
    uu_dtpath/uu_exec/g5818  
    uu_dtpath/uu_exec/g5819  
    uu_dtpath/uu_exec/g5820  
    uu_dtpath/uu_exec/g5821  
    uu_dtpath/uu_exec/g5822  
    uu_dtpath/uu_exec/g5823  
    uu_dtpath/uu_exec/g5824  
    uu_dtpath/uu_exec/g5825  
    uu_dtpath/uu_exec/g5826  
    uu_dtpath/uu_exec/g5827  
    uu_dtpath/uu_exec/g5828  
    uu_dtpath/uu_exec/g5829  
    uu_dtpath/uu_exec/g5831  
    uu_dtpath/uu_exec/g5832  
    uu_dtpath/uu_exec/g5833  
    uu_dtpath/uu_exec/g5835  
    uu_dtpath/uu_exec/g5836  
    uu_dtpath/uu_exec/g5838  
    uu_dtpath/uu_exec/g5839  
    uu_dtpath/uu_exec/g5840  
    uu_dtpath/uu_exec/g5841  
    uu_dtpath/uu_exec/g5842  
    uu_dtpath/uu_exec/g5843  
    uu_dtpath/uu_exec/g5845  
    uu_dtpath/uu_exec/g5847  
    uu_dtpath/uu_exec/g5848  
    uu_dtpath/uu_exec/g5849  
    uu_dtpath/uu_exec/g5851  
    uu_dtpath/uu_exec/g5852  
    uu_dtpath/uu_exec/g5853  
    uu_dtpath/uu_exec/g5854  
    uu_dtpath/uu_exec/g5855  
    uu_dtpath/uu_exec/g5856  
    uu_dtpath/uu_exec/g5857  
    uu_dtpath/uu_exec/g5858  
    uu_dtpath/uu_exec/g5859  
    uu_dtpath/uu_exec/g5860  
    uu_dtpath/uu_exec/g5861  
    uu_dtpath/uu_exec/g5862  
    uu_dtpath/uu_exec/g5863  
    uu_dtpath/uu_exec/g5864  
    uu_dtpath/uu_exec/g5865  
    uu_dtpath/uu_exec/g5867  
    uu_dtpath/uu_exec/g5871  
    uu_dtpath/uu_exec/g5872  
    uu_dtpath/uu_exec/g5873  
    uu_dtpath/uu_exec/g5874  
    uu_dtpath/uu_exec/g5877  
    uu_dtpath/uu_exec/g5878  
    uu_dtpath/uu_exec/g5879  
    uu_dtpath/uu_exec/g5880  
    uu_dtpath/uu_exec/g5881  
    uu_dtpath/uu_exec/g5891  
    uu_dtpath/uu_exec/g5894  
    uu_dtpath/uu_exec/g5895  
    uu_dtpath/uu_exec/g5896  
    uu_dtpath/uu_exec/g5897  
    uu_dtpath/uu_exec/g5898  
    uu_dtpath/uu_exec/g5899  
    uu_dtpath/uu_exec/g5901  
    uu_dtpath/uu_exec/g5902  
    uu_dtpath/uu_exec/g5903  
    uu_dtpath/uu_exec/g5904  
    uu_dtpath/uu_exec/g5905  
    uu_dtpath/uu_exec/g5906  
    uu_dtpath/uu_exec/g5911  
    uu_dtpath/uu_exec/g5912  
    uu_dtpath/uu_exec/g5913  
    uu_dtpath/uu_exec/g5915  
    uu_dtpath/uu_exec/g5916  
    uu_dtpath/uu_exec/g5918  
    uu_dtpath/uu_exec/g5919  
    uu_dtpath/uu_exec/g5920  
    uu_dtpath/uu_exec/g5921  
    uu_dtpath/uu_exec/g5922  
    uu_dtpath/uu_exec/g5923  
    uu_dtpath/uu_exec/g5924  
    uu_dtpath/uu_exec/g5925  
    uu_dtpath/uu_exec/g5941  
    uu_dtpath/uu_exec/g5942  
    uu_dtpath/uu_exec/g5943  
    uu_dtpath/uu_exec/g5944  
    uu_dtpath/uu_exec/g5945  
    uu_dtpath/uu_exec/g5946  
    uu_dtpath/uu_exec/g5947  
    uu_dtpath/uu_exec/g5949  
    uu_dtpath/uu_exec/g5950  
    uu_dtpath/uu_exec/g5951  
    uu_dtpath/uu_exec/g5952  
    uu_dtpath/uu_exec/g5953  
    uu_dtpath/uu_exec/g5954  
    uu_dtpath/uu_exec/g5955  
    uu_dtpath/uu_exec/g5956  
    uu_dtpath/uu_exec/g5957  
    uu_dtpath/uu_exec/g5958  
    uu_dtpath/uu_exec/g5959  
    uu_dtpath/uu_exec/g5962  
    uu_dtpath/uu_exec/g5963  
    uu_dtpath/uu_exec/g5964  
    uu_dtpath/uu_exec/g5966  
    uu_dtpath/uu_exec/g5969  
    uu_dtpath/uu_exec/g5971  
    uu_dtpath/uu_exec/g5977  
    uu_dtpath/uu_exec/g5979  
    uu_dtpath/uu_exec/g5982  
    uu_dtpath/uu_exec/g6001  
    uu_dtpath/uu_exec/g6054  
    uu_dtpath/uu_exec/g6055  
    uu_dtpath/uu_exec/g6057  
    uu_dtpath/uu_exec/g6058  
    uu_dtpath/uu_exec/g6059  
    uu_dtpath/uu_exec/g6062  
    uu_dtpath/uu_exec/g6063  
    uu_dtpath/uu_exec/g6092  
    uu_dtpath/uu_exec/g2  
    uu_dtpath/uu_exec/g6108  
    uu_dtpath/uu_exec/g6109  
    uu_dtpath/uu_exec/g6110  
    uu_dtpath/uu_exec/o_pcTarget_ff_reg[15]  
    uu_dtpath/uu_exec/o_pcTarget_ff_reg[30]  
    uu_dtpath/uu_exec/o_pcTarget_ff_reg[28]  
    uu_dtpath/uu_exec/o_pcTarget_ff_reg[24]  
    uu_dtpath/uu_exec/o_pcTarget_ff_reg[16]  
    uu_dtpath/uu_exec/o_pcTarget_ff_reg[31]  
    uu_dtpath/uu_exec/o_pcTarget_ff_reg[23]  
    uu_dtpath/uu_exec/o_pcTarget_ff_reg[14]  
    uu_dtpath/uu_exec/o_pcTarget_ff_reg[13]  
    uu_dtpath/uu_exec/o_pcTarget_ff_reg[27]  
    uu_dtpath/uu_exec/o_pcTarget_ff_reg[22]  
    uu_dtpath/uu_exec/o_pcTarget_ff_reg[26]  
    uu_dtpath/uu_exec/o_pcTarget_ff_reg[11]  
    uu_dtpath/uu_exec/o_pcTarget_ff_reg[21]  
    uu_dtpath/uu_exec/o_pcTarget_ff_reg[10]  
    uu_dtpath/uu_exec/o_pcTarget_ff_reg[9]  
    uu_dtpath/uu_exec/o_pcTarget_ff_reg[29]  
    uu_dtpath/uu_exec/o_pcTarget_ff_reg[12]  
    uu_dtpath/uu_exec/o_pcTarget_ff_reg[20]  
    uu_dtpath/uu_exec/o_pcTarget_ff_reg[19]  
    uu_dtpath/uu_exec/o_pcTarget_ff_reg[25]  
    uu_dtpath/uu_exec/o_pcTarget_ff_reg[18]  
    uu_dtpath/uu_exec/o_pcTarget_ff_reg[17]  
    uu_dtpath/uu_exec/g3927  
    uu_dtpath/uu_exec/g3928  
    uu_dtpath/uu_exec/g3930  
    uu_dtpath/uu_exec/o_pcTarget_ff_reg[5]  
    uu_dtpath/uu_exec/o_pcTarget_ff_reg[7]  
    uu_dtpath/uu_exec/o_pcTarget_ff_reg[8]  
    uu_dtpath/uu_exec/o_pcTarget_ff_reg[1]  
    uu_dtpath/uu_exec/o_pcTarget_ff_reg[6]  
    uu_dtpath/uu_exec/o_pcTarget_ff_reg[4]  
    uu_dtpath/uu_exec/o_pcTarget_ff_reg[0]  
    uu_dtpath/uu_exec/o_pcTarget_ff_reg[3]  
    uu_dtpath/uu_exec/o_pcTarget_ff_reg[2]  
    uu_dtpath/uu_exec/aluResult_ff_reg[2]  
    uu_dtpath/uu_exec/aluResult_ff_reg[3]  
    uu_dtpath/uu_exec/aluResult_ff_reg[5]  
    uu_dtpath/uu_exec/aluResult_ff_reg[0]  
    uu_dtpath/uu_exec/aluResult_ff_reg[30]  
    uu_dtpath/uu_exec/pc_plus4_ff_reg[24]  
    uu_dtpath/uu_exec/o_funct3_reg[1]  
    uu_dtpath/uu_exec/o_funct3_reg[2]  
    uu_dtpath/uu_exec/o_memWrite_reg  
    uu_dtpath/uu_exec/o_resultSrc_reg[0]  
    uu_dtpath/uu_exec/o_resultSrc_reg[1]  
    uu_dtpath/uu_exec/writeData_ff_reg[26]  
    uu_dtpath/uu_exec/pc_plus4_ff_reg[0]  
    uu_dtpath/uu_exec/pc_plus4_ff_reg[1]  
    uu_dtpath/uu_exec/pc_plus4_ff_reg[2]  
    uu_dtpath/uu_exec/writeData_ff_reg[22]  
    uu_dtpath/uu_exec/pc_plus4_ff_reg[3]  
    uu_dtpath/uu_exec/pc_plus4_ff_reg[4]  
    uu_dtpath/uu_exec/pc_plus4_ff_reg[5]  
    uu_dtpath/uu_exec/writeData_ff_reg[18]  
    uu_dtpath/uu_exec/pc_plus4_ff_reg[6]  
    uu_dtpath/uu_exec/pc_plus4_ff_reg[7]  
    uu_dtpath/uu_exec/pc_plus4_ff_reg[8]  
    uu_dtpath/uu_exec/pc_plus4_ff_reg[9]  
    uu_dtpath/uu_exec/pc_plus4_ff_reg[10]  
    uu_dtpath/uu_exec/pc_plus4_ff_reg[11]  
    uu_dtpath/uu_exec/pc_plus4_ff_reg[12]  
    uu_dtpath/uu_exec/writeData_ff_reg[10]  
    uu_dtpath/uu_exec/pc_plus4_ff_reg[13]  
    uu_dtpath/uu_exec/pc_plus4_ff_reg[14]  
    uu_dtpath/uu_exec/pc_plus4_ff_reg[15]  
    uu_dtpath/uu_exec/writeData_ff_reg[6]  
    uu_dtpath/uu_exec/pc_plus4_ff_reg[16]  
    uu_dtpath/uu_exec/pc_plus4_ff_reg[17]  
    uu_dtpath/uu_exec/pc_plus4_ff_reg[18]  
    uu_dtpath/uu_exec/writeData_ff_reg[2]  
    uu_dtpath/uu_exec/pc_plus4_ff_reg[19]  
    uu_dtpath/uu_exec/pc_plus4_ff_reg[20]  
    uu_dtpath/uu_exec/pc_plus4_ff_reg[21]  
    uu_dtpath/uu_exec/pc_plus4_ff_reg[22]  
    uu_dtpath/uu_exec/pc_plus4_ff_reg[23]  
    uu_dtpath/uu_exec/o_funct3_reg[0]  
    uu_dtpath/uu_exec/pc_plus4_ff_reg[25]  
    uu_dtpath/uu_exec/pc_plus4_ff_reg[26]  
    uu_dtpath/uu_exec/pc_plus4_ff_reg[27]  
    uu_dtpath/uu_exec/pc_plus4_ff_reg[28]  
    uu_dtpath/uu_exec/pc_plus4_ff_reg[29]  
    uu_dtpath/uu_exec/pc_plus4_ff_reg[30]  
    uu_dtpath/uu_exec/pc_plus4_ff_reg[31]  
    uu_dtpath/uu_exec/wr_addr_reg_ff_reg[0]  
    uu_dtpath/uu_exec/wr_addr_reg_ff_reg[1]  
    uu_dtpath/uu_exec/wr_addr_reg_ff_reg[2]  
    uu_dtpath/uu_exec/wr_addr_reg_ff_reg[3]  
    uu_dtpath/uu_exec/wr_addr_reg_ff_reg[4]  
    uu_dtpath/uu_exec/writeData_ff_reg[0]  
    uu_dtpath/uu_exec/writeData_ff_reg[1]  
    uu_dtpath/uu_exec/writeData_ff_reg[3]  
    uu_dtpath/uu_exec/writeData_ff_reg[4]  
    uu_dtpath/uu_exec/writeData_ff_reg[5]  
    uu_dtpath/uu_exec/writeData_ff_reg[7]  
    uu_dtpath/uu_exec/writeData_ff_reg[8]  
    uu_dtpath/uu_exec/writeData_ff_reg[9]  
    uu_dtpath/uu_exec/writeData_ff_reg[11]  
    uu_dtpath/uu_exec/writeData_ff_reg[12]  
    uu_dtpath/uu_exec/writeData_ff_reg[13]  
    uu_dtpath/uu_exec/writeData_ff_reg[14]  
    uu_dtpath/uu_exec/writeData_ff_reg[15]  
    uu_dtpath/uu_exec/writeData_ff_reg[16]  
    uu_dtpath/uu_exec/writeData_ff_reg[17]  
    uu_dtpath/uu_exec/writeData_ff_reg[19]  
    uu_dtpath/uu_exec/writeData_ff_reg[20]  
    uu_dtpath/uu_exec/writeData_ff_reg[21]  
    uu_dtpath/uu_exec/writeData_ff_reg[23]  
    uu_dtpath/uu_exec/writeData_ff_reg[24]  
    uu_dtpath/uu_exec/writeData_ff_reg[25]  
    uu_dtpath/uu_exec/writeData_ff_reg[27]  
    uu_dtpath/uu_exec/writeData_ff_reg[28]  
    uu_dtpath/uu_exec/writeData_ff_reg[29]  
    uu_dtpath/uu_exec/writeData_ff_reg[30]  
    uu_dtpath/uu_exec/writeData_ff_reg[31]  
    uu_dtpath/uu_exec/add_60_47_Y_add_60_77_g1127  
    uu_dtpath/uu_exec/add_60_47_Y_add_60_77_g1130  
    uu_dtpath/uu_exec/add_60_47_Y_add_60_77_g1134  
    uu_dtpath/uu_exec/add_60_47_Y_add_60_77_g1135  
    uu_dtpath/uu_exec/add_60_47_Y_add_60_77_g1136  
    uu_dtpath/uu_exec/add_60_47_Y_add_60_77_g1137  
    uu_dtpath/uu_exec/add_60_47_Y_add_60_77_g1138  
    uu_dtpath/uu_exec/add_60_47_Y_add_60_77_g1139  
    uu_dtpath/uu_exec/add_60_47_Y_add_60_77_g1140  
    uu_dtpath/uu_exec/add_60_47_Y_add_60_77_g1142  
    uu_dtpath/uu_exec/add_60_47_Y_add_60_77_g1143  
    uu_dtpath/uu_exec/add_60_47_Y_add_60_77_g1144  
    uu_dtpath/uu_exec/add_60_47_Y_add_60_77_g1146  
    uu_dtpath/uu_exec/add_60_47_Y_add_60_77_g1147  
    uu_dtpath/uu_exec/add_60_47_Y_add_60_77_g1148  
    uu_dtpath/uu_exec/add_60_47_Y_add_60_77_g1149  
    uu_dtpath/uu_exec/add_60_47_Y_add_60_77_g1150  
    uu_dtpath/uu_exec/add_60_47_Y_add_60_77_g1151  
    uu_dtpath/uu_exec/add_60_47_Y_add_60_77_g1152  
    uu_dtpath/uu_exec/add_60_47_Y_add_60_77_g1153  
    uu_dtpath/uu_exec/add_60_47_Y_add_60_77_g1154  
    uu_dtpath/uu_exec/add_60_47_Y_add_60_77_g1155  
    uu_dtpath/uu_exec/add_60_47_Y_add_60_77_g1157  
    uu_dtpath/uu_exec/add_60_47_Y_add_60_77_g1158  
    uu_dtpath/uu_exec/add_60_47_Y_add_60_77_g1159  
    uu_dtpath/uu_exec/add_60_47_Y_add_60_77_g1160  
    uu_dtpath/uu_exec/add_60_47_Y_add_60_77_g1161  
    uu_dtpath/uu_exec/add_60_47_Y_add_60_77_g1162  
    uu_dtpath/uu_exec/add_60_47_Y_add_60_77_g1163  
    uu_dtpath/uu_exec/add_60_47_Y_add_60_77_g1164  
    uu_dtpath/uu_exec/add_60_47_Y_add_60_77_g1165  
    uu_dtpath/uu_exec/add_60_47_Y_add_60_77_g1166  
    uu_dtpath/uu_exec/add_60_47_Y_add_60_77_g1167  
    uu_dtpath/uu_exec/add_60_47_Y_add_60_77_g1168  
    uu_dtpath/uu_exec/add_60_47_Y_add_60_77_g1169  
    uu_dtpath/uu_exec/add_60_47_Y_add_60_77_g1170  
    uu_dtpath/uu_exec/add_60_47_Y_add_60_77_g1171  
    uu_dtpath/uu_exec/add_60_47_Y_add_60_77_g1174  
    uu_dtpath/uu_exec/add_60_47_Y_add_60_77_g1175  
    uu_dtpath/uu_exec/add_60_47_Y_add_60_77_g1178  
    uu_dtpath/uu_exec/add_60_47_Y_add_60_77_g1179  
    uu_dtpath/uu_exec/add_60_47_Y_add_60_77_g1180  
    uu_dtpath/uu_exec/add_60_47_Y_add_60_77_g1181  
    uu_dtpath/uu_exec/add_60_47_Y_add_60_77_g1183  
    uu_dtpath/uu_exec/add_60_47_Y_add_60_77_g1185  
    uu_dtpath/uu_exec/add_60_47_Y_add_60_77_g1186  
    uu_dtpath/uu_exec/add_60_47_Y_add_60_77_g1187  
    uu_dtpath/uu_exec/add_60_47_Y_add_60_77_g1188  
    uu_dtpath/uu_exec/add_60_47_Y_add_60_77_g1189  
    uu_dtpath/uu_exec/add_60_47_Y_add_60_77_g1190  
    uu_dtpath/uu_exec/add_60_47_Y_add_60_77_g1191  
    uu_dtpath/uu_exec/add_60_47_Y_add_60_77_g1192  
    uu_dtpath/uu_exec/add_60_47_Y_add_60_77_g1193  
    uu_dtpath/uu_exec/add_60_47_Y_add_60_77_g1194  
    uu_dtpath/uu_exec/add_60_47_Y_add_60_77_g1195  
    uu_dtpath/uu_exec/add_60_47_Y_add_60_77_g1196  
    uu_dtpath/uu_exec/add_60_47_Y_add_60_77_g1197  
    uu_dtpath/uu_exec/add_60_47_Y_add_60_77_g1199  
    uu_dtpath/uu_exec/add_60_47_Y_add_60_77_g1201  
    uu_dtpath/uu_exec/add_60_47_Y_add_60_77_g1202  
    uu_dtpath/uu_exec/add_60_47_Y_add_60_77_g1204  
    uu_dtpath/uu_exec/add_60_47_Y_add_60_77_g1205  
    uu_dtpath/uu_exec/add_60_47_Y_add_60_77_g1206  
    uu_dtpath/uu_exec/add_60_47_Y_add_60_77_g1207  
    uu_dtpath/uu_exec/add_60_47_Y_add_60_77_g1210  
    uu_dtpath/uu_exec/add_60_47_Y_add_60_77_g1211  
    uu_dtpath/uu_exec/add_60_47_Y_add_60_77_g1212  
    uu_dtpath/uu_exec/add_60_47_Y_add_60_77_g1213  
    uu_dtpath/uu_exec/add_60_47_Y_add_60_77_g1214  
    uu_dtpath/uu_exec/add_60_47_Y_add_60_77_g1215  
    uu_dtpath/uu_exec/add_60_47_Y_add_60_77_g1216  
    uu_dtpath/uu_exec/add_60_47_Y_add_60_77_g1218  
    uu_dtpath/uu_exec/add_60_47_Y_add_60_77_g1219  
    uu_dtpath/uu_exec/add_60_47_Y_add_60_77_g1220  
    uu_dtpath/uu_exec/add_60_47_Y_add_60_77_g1221  
    uu_dtpath/uu_exec/add_60_47_Y_add_60_77_g1223  
    uu_dtpath/uu_exec/add_60_47_Y_add_60_77_g1224  
    uu_dtpath/uu_exec/add_60_47_Y_add_60_77_g1225  
    uu_dtpath/uu_exec/add_60_47_Y_add_60_77_g1226  
    uu_dtpath/uu_exec/add_60_47_Y_add_60_77_g1227  
    uu_dtpath/uu_exec/add_60_47_Y_add_60_77_g1228  
    uu_dtpath/uu_exec/add_60_47_Y_add_60_77_g1229  
    uu_dtpath/uu_exec/add_60_47_Y_add_60_77_g1230  
    uu_dtpath/uu_exec/add_60_47_Y_add_60_77_g1231  
    uu_dtpath/uu_exec/add_60_47_Y_add_60_77_g1232  
    uu_dtpath/uu_exec/add_60_47_Y_add_60_77_g1233  
    uu_dtpath/uu_exec/add_60_47_Y_add_60_77_g1234  
    uu_dtpath/uu_exec/add_60_47_Y_add_60_77_g1235  
    uu_dtpath/uu_exec/add_60_47_Y_add_60_77_g1236  
    uu_dtpath/uu_exec/add_60_47_Y_add_60_77_g1237  
    uu_dtpath/uu_exec/add_60_47_Y_add_60_77_g1238  
    uu_dtpath/uu_exec/add_60_47_Y_add_60_77_g1239  
    uu_dtpath/uu_exec/add_60_47_Y_add_60_77_g1240  
    uu_dtpath/uu_exec/add_60_47_Y_add_60_77_g1241  
    uu_dtpath/uu_exec/add_60_47_Y_add_60_77_g1242  
    uu_dtpath/uu_exec/add_60_47_Y_add_60_77_g1243  
    uu_dtpath/uu_exec/add_60_47_Y_add_60_77_g1244  
    uu_dtpath/uu_exec/add_60_47_Y_add_60_77_g1245  
    uu_dtpath/uu_exec/add_60_47_Y_add_60_77_g1246  
    uu_dtpath/uu_exec/add_60_47_Y_add_60_77_g1247  
    uu_dtpath/uu_exec/add_60_47_Y_add_60_77_g1248  
    uu_dtpath/uu_exec/add_60_47_Y_add_60_77_g1249  
    uu_dtpath/uu_exec/add_60_47_Y_add_60_77_g1250  
    uu_dtpath/uu_exec/add_60_47_Y_add_60_77_g1251  
    uu_dtpath/uu_exec/add_60_47_Y_add_60_77_g1252  
    uu_dtpath/uu_exec/add_60_47_Y_add_60_77_g1254  
    uu_dtpath/uu_exec/add_60_47_Y_add_60_77_g1255  
    uu_dtpath/uu_exec/add_60_47_Y_add_60_77_g1256  
    uu_dtpath/uu_exec/add_60_47_Y_add_60_77_g1257  
    uu_dtpath/uu_exec/add_60_47_Y_add_60_77_g1258  
    uu_dtpath/uu_exec/add_60_47_Y_add_60_77_g1259  
    uu_dtpath/uu_exec/add_60_47_Y_add_60_77_g1260  
    uu_dtpath/uu_exec/add_60_47_Y_add_60_77_g1261  
    uu_dtpath/uu_exec/add_60_47_Y_add_60_77_g1262  
    uu_dtpath/uu_exec/add_60_47_Y_add_60_77_g1263  
    uu_dtpath/uu_exec/add_60_47_Y_add_60_77_g1264  
    uu_dtpath/uu_exec/add_60_47_Y_add_60_77_g1265  
    uu_dtpath/uu_exec/add_60_47_Y_add_60_77_g1266  
    uu_dtpath/uu_exec/add_60_47_Y_add_60_77_g1267  
    uu_dtpath/uu_exec/add_60_47_Y_add_60_77_g1268  
    uu_dtpath/uu_exec/add_60_47_Y_add_60_77_g1269  
    uu_dtpath/uu_exec/add_60_47_Y_add_60_77_g1270  
    uu_dtpath/uu_exec/add_60_47_Y_add_60_77_g1271  
    uu_dtpath/uu_exec/add_60_47_Y_add_60_77_g1274  
    uu_dtpath/uu_exec/add_60_47_Y_add_60_77_g1275  
    uu_dtpath/uu_exec/add_60_47_Y_add_60_77_g1276  
    uu_dtpath/uu_exec/add_60_47_Y_add_60_77_g1277  
    uu_dtpath/uu_exec/add_60_47_Y_add_60_77_g1278  
    uu_dtpath/uu_exec/add_60_47_Y_add_60_77_g1279  
    uu_dtpath/uu_exec/add_60_47_Y_add_60_77_g1280  
    uu_dtpath/uu_exec/add_60_47_Y_add_60_77_g1281  
    uu_dtpath/uu_exec/add_60_47_Y_add_60_77_g1282  
    uu_dtpath/uu_exec/add_60_47_Y_add_60_77_g1283  
    uu_dtpath/uu_exec/add_60_47_Y_add_60_77_g1284  
    uu_dtpath/uu_exec/add_60_47_Y_add_60_77_g1285  
    uu_dtpath/uu_exec/add_60_47_Y_add_60_77_g1286  
    uu_dtpath/uu_exec/add_60_47_Y_add_60_77_g1287  
    uu_dtpath/uu_exec/add_60_47_Y_add_60_77_g1288  
    uu_dtpath/uu_exec/add_60_47_Y_add_60_77_g1289  
    uu_dtpath/uu_exec/add_60_47_Y_add_60_77_g1290  
    uu_dtpath/uu_exec/add_60_47_Y_add_60_77_g1291  
    uu_dtpath/uu_exec/add_60_47_Y_add_60_77_g1292  
    uu_dtpath/uu_exec/add_60_47_Y_add_60_77_g1293  
    uu_dtpath/uu_exec/add_60_47_Y_add_60_77_g1294  
    uu_dtpath/uu_exec/add_60_47_Y_add_60_77_g1295  
    uu_dtpath/uu_exec/add_60_47_Y_add_60_77_g1296  
    uu_dtpath/uu_exec/add_60_47_Y_add_60_77_g1297  
    uu_dtpath/uu_exec/add_60_47_Y_add_60_77_g1298  
    uu_dtpath/uu_exec/add_60_47_Y_add_60_77_g1299  
    uu_dtpath/uu_exec/add_60_47_Y_add_60_77_g1300  
    uu_dtpath/uu_exec/add_60_47_Y_add_60_77_g1301  
    uu_dtpath/uu_exec/add_60_47_Y_add_60_77_g1302  
    uu_dtpath/uu_exec/add_60_47_Y_add_60_77_g1303  
    uu_dtpath/uu_exec/add_60_47_Y_add_60_77_g1304  
    uu_dtpath/uu_exec/add_60_47_Y_add_60_77_g1305  
    uu_dtpath/uu_exec/add_60_47_Y_add_60_77_g1306  
    uu_dtpath/uu_exec/add_60_47_Y_add_60_77_g1307  
    uu_dtpath/uu_exec/add_60_47_Y_add_60_77_g1308  
    uu_dtpath/uu_exec/add_60_47_Y_add_60_77_g1309  
    uu_dtpath/uu_exec/add_60_47_Y_add_60_77_g1310  
    uu_dtpath/uu_exec/add_60_47_Y_add_60_77_g1311  
    uu_dtpath/uu_exec/add_60_47_Y_add_60_77_g1312  
    uu_dtpath/uu_exec/add_60_47_Y_add_60_77_g1313  
    uu_dtpath/uu_exec/add_60_47_Y_add_60_77_g1314  
    uu_dtpath/uu_exec/add_60_47_Y_add_60_77_g1315  
    uu_dtpath/uu_exec/add_60_47_Y_add_60_77_g1316  
    uu_dtpath/uu_exec/add_60_47_Y_add_60_77_g1317  
    uu_dtpath/uu_exec/add_60_47_Y_add_60_77_g1318  
    uu_dtpath/uu_exec/add_60_47_Y_add_60_77_g1319  
    uu_dtpath/uu_exec/add_60_47_Y_add_60_77_g1320  
    uu_dtpath/uu_exec/add_60_47_Y_add_60_77_g1321  
    uu_dtpath/uu_exec/add_60_47_Y_add_60_77_g1322  
    uu_dtpath/uu_exec/add_60_47_Y_add_60_77_g1323  
    uu_dtpath/uu_exec/add_60_47_Y_add_60_77_g1324  
    uu_dtpath/uu_exec/add_60_47_Y_add_60_77_g1325  
    uu_dtpath/uu_exec/add_60_47_Y_add_60_77_g1326  
    uu_dtpath/uu_exec/add_60_47_Y_add_60_77_g1327  
    uu_dtpath/uu_exec/add_60_47_Y_add_60_77_g1328  
    uu_dtpath/uu_exec/add_60_47_Y_add_60_77_g1329  
    uu_dtpath/uu_exec/add_60_47_Y_add_60_77_g1330  
    uu_dtpath/uu_exec/add_60_47_Y_add_60_77_g1331  
    uu_dtpath/uu_exec/add_60_47_Y_add_60_77_g1332  
    uu_dtpath/uu_exec/add_60_47_Y_add_60_77_g1333  
    uu_dtpath/uu_exec/add_60_47_Y_add_60_77_g1334  
    uu_dtpath/uu_exec/add_60_47_Y_add_60_77_g1335  
    uu_dtpath/uu_exec/add_60_47_Y_add_60_77_g1336  
    uu_dtpath/uu_exec/add_60_47_Y_add_60_77_g1337  
    uu_dtpath/uu_exec/add_60_47_Y_add_60_77_g1338  
    uu_dtpath/uu_exec/add_60_47_Y_add_60_77_g2  
    uu_dtpath/uu_exec/add_60_47_Y_add_60_77_g1339  
    uu_dtpath/uu_exec/add_60_47_Y_add_60_77_g1340  
    uu_dtpath/uu_exec/add_60_47_Y_add_60_77_g1341  
    uu_dtpath/uu_exec/add_60_47_Y_add_60_77_g1342  
    uu_dtpath/uu_exec/add_60_47_Y_add_60_77_g1343  
    uu_dtpath/uu_exec/g6111  
    uu_dtpath/uu_exec/g6113  
    uu_dtpath/uu_exec/g6114  
    uu_dtpath/uu_exec/aluResult_ff_reg[24]  
    uu_dtpath/uu_exec/aluResult_ff_reg[6]  
    uu_dtpath/uu_exec/aluResult_ff_reg[1]  
    uu_dtpath/uu_exec/aluResult_ff_reg[16]  
    uu_dtpath/uu_exec/aluResult_ff_reg[28]  
    uu_dtpath/uu_exec/aluResult_ff_reg[25]  
    uu_dtpath/uu_exec/aluResult_ff_reg[19]  
    uu_dtpath/uu_exec/aluResult_ff_reg[9]  
    uu_dtpath/uu_exec/aluResult_ff_reg[4]  
    uu_dtpath/uu_exec/aluResult_ff_reg[20]  
    uu_dtpath/uu_exec/aluResult_ff_reg[22]  
    uu_dtpath/uu_exec/aluResult_ff_reg[12]  
    uu_dtpath/uu_exec/aluResult_ff_reg[27]  
    uu_dtpath/uu_exec/aluResult_ff_reg[13]  
    uu_dtpath/uu_exec/aluResult_ff_reg[7]  
    uu_dtpath/uu_exec/aluResult_ff_reg[17]  
    uu_dtpath/uu_exec/aluResult_ff_reg[23]  
    uu_dtpath/uu_exec/aluResult_ff_reg[8]  
    uu_dtpath/uu_exec/aluResult_ff_reg[15]  
    uu_dtpath/uu_exec/aluResult_ff_reg[26]  
    uu_dtpath/uu_exec/aluResult_ff_reg[29]  
    uu_dtpath/uu_exec/aluResult_ff_reg[10]  
    uu_dtpath/uu_exec/aluResult_ff_reg[21]  
    uu_dtpath/uu_exec/aluResult_ff_reg[11]  
    uu_dtpath/uu_exec/aluResult_ff_reg[14]  
    uu_dtpath/uu_exec/aluResult_ff_reg[31]  
    uu_dtpath/uu_exec/g6167  
    uu_dtpath/uu_exec/g6168  
    uu_dtpath/uu_exec/g6169  
    uu_dtpath/uu_exec/g6170  
    uu_dtpath/uu_exec/g6171  
    uu_dtpath/uu_exec/g6172  
    uu_dtpath/uu_exec/g6173  
    uu_dtpath/uu_exec/g6174  
    uu_dtpath/uu_exec/g6175  
    uu_dtpath/uu_exec/g6176  
    uu_dtpath/uu_exec/g6178  
    uu_dtpath/uu_exec/g6179  
    uu_dtpath/uu_exec/g6180  
    uu_dtpath/uu_exec/g6181  
    uu_dtpath/uu_exec/g6182  
    uu_dtpath/uu_exec/g6183  
    uu_dtpath/uu_exec/g6184  
    uu_dtpath/uu_exec/g6185  
    uu_dtpath/uu_exec/g6186  
    uu_dtpath/uu_exec/g6187  
    uu_dtpath/uu_exec/g6188  
    uu_dtpath/uu_exec/g6190  
    uu_dtpath/uu_exec/g3  
    uu_dtpath/uu_exec/g6191  
    uu_dtpath/uu_exec/g6192  
    uu_dtpath/uu_exec/o_regWrite_reg  
    uu_dtpath/uu_exec/aluResult_ff_reg[18]  
    uu_dtpath/uu_exec/g6199  
    uu_dtpath/uu_exec/g6200  
    uu_dtpath/uu_fetch/FE_OCPC1128_n_129  
    uu_dtpath/uu_fetch/FE_OFC1050_o_pc_17  
    uu_dtpath/uu_fetch/FE_OFC1049_o_pc_17  
    uu_dtpath/uu_fetch/FE_OFC1048_o_pc_16  
    uu_dtpath/uu_fetch/FE_OFC1047_o_pc_16  
    uu_dtpath/uu_fetch/FE_OFC1036_inst_fd_31  
    uu_dtpath/uu_fetch/FE_OFC1034_inst_fd_29  
    uu_dtpath/uu_fetch/FE_OFC1032_inst_fd_26  
    uu_dtpath/uu_fetch/FE_OFC1030_inst_fd_25  
    uu_dtpath/uu_fetch/FE_OFC1028_inst_fd_23  
    uu_dtpath/uu_fetch/FE_OFC1026_inst_fd_18  
    uu_dtpath/uu_fetch/FE_OFC1024_inst_fd_14  
    uu_dtpath/uu_fetch/FE_OFC1022_inst_fd_3  
    uu_dtpath/uu_fetch/FE_OFC1015_inst_fd_4  
    uu_dtpath/uu_fetch/FE_OFC734_n_0  
    uu_dtpath/uu_fetch/FE_OFC733_FE_OFN444_n_129  
    uu_dtpath/uu_fetch/FE_OFC586_n_129  
    uu_dtpath/uu_fetch/FE_OFC585_n_129  
    uu_dtpath/uu_fetch/FE_OFC338_lw_stall  
    uu_dtpath/uu_fetch/FE_OFC337_lw_stall  
    uu_dtpath/uu_fetch/FE_OFC168_o_pc_21  
    uu_dtpath/uu_fetch/FE_OFC160_o_pc_13  
    uu_dtpath/uu_fetch/FE_OFC158_o_pc_20  
    uu_dtpath/uu_fetch/FE_OFC155_o_pc_23  
    uu_dtpath/uu_fetch/FE_OFC140_o_pc_22  
    uu_dtpath/uu_fetch/FE_OFC139_o_pc_19  
    uu_dtpath/uu_fetch/FE_OFC134_o_pc_25  
    uu_dtpath/uu_fetch/FE_OFC133_o_pc_24  
    uu_dtpath/uu_fetch/FE_OFC125_o_pc_27  
    uu_dtpath/uu_fetch/FE_OFC123_o_pc_26  
    uu_dtpath/uu_fetch/FE_OFC113_o_pc_29  
    uu_dtpath/uu_fetch/FE_OFC103_o_pc_28  
    uu_dtpath/uu_fetch/FE_OFC83_o_pc_8  
    uu_dtpath/uu_fetch/FE_OFC80_o_pc_3  
    uu_dtpath/uu_fetch/FE_OFC59_o_pc_9  
    uu_dtpath/uu_fetch/CTS_cpc_drv_buf_00377  
    uu_dtpath/uu_fetch/CTS_ccl_a_buf_00065  
    uu_dtpath/uu_fetch/CTS_ccl_a_buf_00058  
    uu_dtpath/uu_fetch/inst_ff_reg[0]  
    uu_dtpath/uu_fetch/inst_ff_reg[1]  
    uu_dtpath/uu_fetch/inst_ff_reg[2]  
    uu_dtpath/uu_fetch/inst_ff_reg[3]  
    uu_dtpath/uu_fetch/inst_ff_reg[4]  
    uu_dtpath/uu_fetch/inst_ff_reg[7]  
    uu_dtpath/uu_fetch/inst_ff_reg[8]  
    uu_dtpath/uu_fetch/inst_ff_reg[9]  
    uu_dtpath/uu_fetch/inst_ff_reg[11]  
    uu_dtpath/uu_fetch/inst_ff_reg[14]  
    uu_dtpath/uu_fetch/inst_ff_reg[15]  
    uu_dtpath/uu_fetch/inst_ff_reg[18]  
    uu_dtpath/uu_fetch/inst_ff_reg[23]  
    uu_dtpath/uu_fetch/inst_ff_reg[25]  
    uu_dtpath/uu_fetch/inst_ff_reg[26]  
    uu_dtpath/uu_fetch/inst_ff_reg[27]  
    uu_dtpath/uu_fetch/inst_ff_reg[28]  
    uu_dtpath/uu_fetch/inst_ff_reg[29]  
    uu_dtpath/uu_fetch/inst_ff_reg[31]  
    uu_dtpath/uu_fetch/pc_fd_ff_reg[0]  
    uu_dtpath/uu_fetch/pc_fd_ff_reg[1]  
    uu_dtpath/uu_fetch/pc_fd_ff_reg[2]  
    uu_dtpath/uu_fetch/pc_fd_ff_reg[3]  
    uu_dtpath/uu_fetch/pc_fd_ff_reg[4]  
    uu_dtpath/uu_fetch/pc_fd_ff_reg[5]  
    uu_dtpath/uu_fetch/pc_fd_ff_reg[6]  
    uu_dtpath/uu_fetch/pc_fd_ff_reg[7]  
    uu_dtpath/uu_fetch/pc_fd_ff_reg[8]  
    uu_dtpath/uu_fetch/pc_fd_ff_reg[9]  
    uu_dtpath/uu_fetch/pc_fd_ff_reg[10]  
    uu_dtpath/uu_fetch/pc_fd_ff_reg[11]  
    uu_dtpath/uu_fetch/pc_fd_ff_reg[12]  
    uu_dtpath/uu_fetch/pc_fd_ff_reg[13]  
    uu_dtpath/uu_fetch/pc_fd_ff_reg[14]  
    uu_dtpath/uu_fetch/pc_fd_ff_reg[15]  
    uu_dtpath/uu_fetch/pc_fd_ff_reg[16]  
    uu_dtpath/uu_fetch/pc_fd_ff_reg[17]  
    uu_dtpath/uu_fetch/pc_fd_ff_reg[18]  
    uu_dtpath/uu_fetch/pc_fd_ff_reg[19]  
    uu_dtpath/uu_fetch/pc_fd_ff_reg[20]  
    uu_dtpath/uu_fetch/pc_fd_ff_reg[21]  
    uu_dtpath/uu_fetch/pc_fd_ff_reg[22]  
    uu_dtpath/uu_fetch/pc_fd_ff_reg[23]  
    uu_dtpath/uu_fetch/pc_fd_ff_reg[24]  
    uu_dtpath/uu_fetch/pc_fd_ff_reg[25]  
    uu_dtpath/uu_fetch/pc_fd_ff_reg[26]  
    uu_dtpath/uu_fetch/pc_fd_ff_reg[29]  
    uu_dtpath/uu_fetch/pc_fd_ff_reg[30]  
    uu_dtpath/uu_fetch/pc_fd_ff_reg[31]  
    uu_dtpath/uu_fetch/pc_ff_reg[0]  
    uu_dtpath/uu_fetch/pc_ff_reg[1]  
    uu_dtpath/uu_fetch/pc_ff_reg[3]  
    uu_dtpath/uu_fetch/pc_ff_reg[4]  
    uu_dtpath/uu_fetch/pc_ff_reg[5]  
    uu_dtpath/uu_fetch/pc_ff_reg[6]  
    uu_dtpath/uu_fetch/pc_ff_reg[7]  
    uu_dtpath/uu_fetch/pc_ff_reg[8]  
    uu_dtpath/uu_fetch/pc_ff_reg[9]  
    uu_dtpath/uu_fetch/pc_ff_reg[10]  
    uu_dtpath/uu_fetch/pc_ff_reg[11]  
    uu_dtpath/uu_fetch/pc_ff_reg[12]  
    uu_dtpath/uu_fetch/pc_ff_reg[13]  
    uu_dtpath/uu_fetch/pc_ff_reg[14]  
    uu_dtpath/uu_fetch/pc_ff_reg[15]  
    uu_dtpath/uu_fetch/pc_ff_reg[16]  
    uu_dtpath/uu_fetch/pc_ff_reg[17]  
    uu_dtpath/uu_fetch/pc_ff_reg[18]  
    uu_dtpath/uu_fetch/pc_ff_reg[19]  
    uu_dtpath/uu_fetch/pc_ff_reg[20]  
    uu_dtpath/uu_fetch/pc_ff_reg[21]  
    uu_dtpath/uu_fetch/pc_ff_reg[22]  
    uu_dtpath/uu_fetch/pc_ff_reg[23]  
    uu_dtpath/uu_fetch/pc_ff_reg[24]  
    uu_dtpath/uu_fetch/pc_ff_reg[25]  
    uu_dtpath/uu_fetch/pc_ff_reg[26]  
    uu_dtpath/uu_fetch/pc_ff_reg[27]  
    uu_dtpath/uu_fetch/pc_ff_reg[28]  
    uu_dtpath/uu_fetch/pc_ff_reg[29]  
    uu_dtpath/uu_fetch/pc_ff_reg[30]  
    uu_dtpath/uu_fetch/pc_ff_reg[31]  
    uu_dtpath/uu_fetch/pc_plus4_ff_reg[2]  
    uu_dtpath/uu_fetch/pc_plus4_ff_reg[3]  
    uu_dtpath/uu_fetch/pc_plus4_ff_reg[4]  
    uu_dtpath/uu_fetch/pc_plus4_ff_reg[5]  
    uu_dtpath/uu_fetch/pc_plus4_ff_reg[6]  
    uu_dtpath/uu_fetch/pc_plus4_ff_reg[7]  
    uu_dtpath/uu_fetch/pc_plus4_ff_reg[8]  
    uu_dtpath/uu_fetch/pc_plus4_ff_reg[9]  
    uu_dtpath/uu_fetch/pc_plus4_ff_reg[10]  
    uu_dtpath/uu_fetch/pc_plus4_ff_reg[11]  
    uu_dtpath/uu_fetch/pc_plus4_ff_reg[12]  
    uu_dtpath/uu_fetch/pc_plus4_ff_reg[13]  
    uu_dtpath/uu_fetch/pc_plus4_ff_reg[14]  
    uu_dtpath/uu_fetch/pc_plus4_ff_reg[15]  
    uu_dtpath/uu_fetch/pc_plus4_ff_reg[16]  
    uu_dtpath/uu_fetch/pc_plus4_ff_reg[17]  
    uu_dtpath/uu_fetch/pc_plus4_ff_reg[18]  
    uu_dtpath/uu_fetch/pc_plus4_ff_reg[19]  
    uu_dtpath/uu_fetch/pc_plus4_ff_reg[20]  
    uu_dtpath/uu_fetch/pc_plus4_ff_reg[21]  
    uu_dtpath/uu_fetch/pc_plus4_ff_reg[22]  
    uu_dtpath/uu_fetch/pc_plus4_ff_reg[23]  
    uu_dtpath/uu_fetch/pc_plus4_ff_reg[24]  
    uu_dtpath/uu_fetch/pc_plus4_ff_reg[25]  
    uu_dtpath/uu_fetch/pc_plus4_ff_reg[26]  
    uu_dtpath/uu_fetch/pc_plus4_ff_reg[27]  
    uu_dtpath/uu_fetch/pc_plus4_ff_reg[28]  
    uu_dtpath/uu_fetch/pc_plus4_ff_reg[29]  
    uu_dtpath/uu_fetch/pc_plus4_ff_reg[30]  
    uu_dtpath/uu_fetch/pc_plus4_ff_reg[31]  
    uu_dtpath/uu_fetch/g5700  
    uu_dtpath/uu_fetch/g5778  
    uu_dtpath/uu_fetch/g5779  
    uu_dtpath/uu_fetch/g5780  
    uu_dtpath/uu_fetch/g5781  
    uu_dtpath/uu_fetch/g5782  
    uu_dtpath/uu_fetch/g5783  
    uu_dtpath/uu_fetch/g5784  
    uu_dtpath/uu_fetch/g5785  
    uu_dtpath/uu_fetch/g5786  
    uu_dtpath/uu_fetch/g5787  
    uu_dtpath/uu_fetch/g5788  
    uu_dtpath/uu_fetch/g5789  
    uu_dtpath/uu_fetch/g5790  
    uu_dtpath/uu_fetch/g5791  
    uu_dtpath/uu_fetch/g5792  
    uu_dtpath/uu_fetch/g5793  
    uu_dtpath/uu_fetch/g5794  
    uu_dtpath/uu_fetch/g5795  
    uu_dtpath/uu_fetch/g5796  
    uu_dtpath/uu_fetch/g5797  
    uu_dtpath/uu_fetch/g5798  
    uu_dtpath/uu_fetch/g5799  
    uu_dtpath/uu_fetch/g5800  
    uu_dtpath/uu_fetch/g5801  
    uu_dtpath/uu_fetch/g5802  
    uu_dtpath/uu_fetch/g5803  
    uu_dtpath/uu_fetch/g5804  
    uu_dtpath/uu_fetch/g5805  
    uu_dtpath/uu_fetch/g5806  
    uu_dtpath/uu_fetch/g5807  
    uu_dtpath/uu_fetch/g5874  
    uu_dtpath/uu_fetch/g5875  
    uu_dtpath/uu_fetch/g5877  
    uu_dtpath/uu_fetch/g5879  
    uu_dtpath/uu_fetch/g5882  
    uu_dtpath/uu_fetch/g5883  
    uu_dtpath/uu_fetch/g5885  
    uu_dtpath/uu_fetch/g5888  
    uu_dtpath/uu_fetch/g5890  
    uu_dtpath/uu_fetch/g5892  
    uu_dtpath/uu_fetch/g5895  
    uu_dtpath/uu_fetch/g5897  
    uu_dtpath/uu_fetch/g5901  
    uu_dtpath/uu_fetch/g5902  
    uu_dtpath/uu_fetch/g5904  
    uu_dtpath/uu_fetch/g5905  
    uu_dtpath/uu_fetch/g5906  
    uu_dtpath/uu_fetch/g5909  
    uu_dtpath/uu_fetch/g5910  
    uu_dtpath/uu_fetch/g5914  
    uu_dtpath/uu_fetch/g5917  
    uu_dtpath/uu_fetch/g5918  
    uu_dtpath/uu_fetch/g5920  
    uu_dtpath/uu_fetch/g5921  
    uu_dtpath/uu_fetch/g5922  
    uu_dtpath/uu_fetch/g5923  
    uu_dtpath/uu_fetch/g5924  
    uu_dtpath/uu_fetch/g5925  
    uu_dtpath/uu_fetch/g5926  
    uu_dtpath/uu_fetch/g5927  
    uu_dtpath/uu_fetch/g5928  
    uu_dtpath/uu_fetch/g5929  
    uu_dtpath/uu_fetch/g5930  
    uu_dtpath/uu_fetch/g5931  
    uu_dtpath/uu_fetch/g5932  
    uu_dtpath/uu_fetch/g5933  
    uu_dtpath/uu_fetch/g5934  
    uu_dtpath/uu_fetch/g5935  
    uu_dtpath/uu_fetch/g5936  
    uu_dtpath/uu_fetch/g5937  
    uu_dtpath/uu_fetch/g5938  
    uu_dtpath/uu_fetch/g5939  
    uu_dtpath/uu_fetch/g5940  
    uu_dtpath/uu_fetch/g5941  
    uu_dtpath/uu_fetch/g5942  
    uu_dtpath/uu_fetch/g5943  
    uu_dtpath/uu_fetch/g5944  
    uu_dtpath/uu_fetch/g5945  
    uu_dtpath/uu_fetch/g5946  
    uu_dtpath/uu_fetch/g5947  
    uu_dtpath/uu_fetch/g5948  
    uu_dtpath/uu_fetch/g5949  
    uu_dtpath/uu_fetch/g5950  
    uu_dtpath/uu_fetch/g5951  
    uu_dtpath/uu_fetch/g5952  
    uu_dtpath/uu_fetch/g5953  
    uu_dtpath/uu_fetch/g5954  
    uu_dtpath/uu_fetch/g5955  
    uu_dtpath/uu_fetch/g5956  
    uu_dtpath/uu_fetch/g5957  
    uu_dtpath/uu_fetch/g5958  
    uu_dtpath/uu_fetch/g5959  
    uu_dtpath/uu_fetch/g5960  
    uu_dtpath/uu_fetch/g5961  
    uu_dtpath/uu_fetch/g5962  
    uu_dtpath/uu_fetch/g5974  
    uu_dtpath/uu_fetch/g5975  
    uu_dtpath/uu_fetch/g5976  
    uu_dtpath/uu_fetch/g5977  
    uu_dtpath/uu_fetch/g5978  
    uu_dtpath/uu_fetch/g5979  
    uu_dtpath/uu_fetch/g5980  
    uu_dtpath/uu_fetch/g5981  
    uu_dtpath/uu_fetch/g5982  
    uu_dtpath/uu_fetch/g5983  
    uu_dtpath/uu_fetch/g5984  
    uu_dtpath/uu_fetch/g5985  
    uu_dtpath/uu_fetch/g5986  
    uu_dtpath/uu_fetch/g5987  
    uu_dtpath/uu_fetch/g5988  
    uu_dtpath/uu_fetch/g5989  
    uu_dtpath/uu_fetch/g5990  
    uu_dtpath/uu_fetch/g5991  
    uu_dtpath/uu_fetch/g5992  
    uu_dtpath/uu_fetch/g5993  
    uu_dtpath/uu_fetch/g5995  
    uu_dtpath/uu_fetch/g6015  
    uu_dtpath/uu_fetch/g6016  
    uu_dtpath/uu_fetch/g6017  
    uu_dtpath/uu_fetch/g6018  
    uu_dtpath/uu_fetch/g6019  
    uu_dtpath/uu_fetch/g6020  
    uu_dtpath/uu_fetch/g6021  
    uu_dtpath/uu_fetch/g6022  
    uu_dtpath/uu_fetch/g6023  
    uu_dtpath/uu_fetch/g6024  
    uu_dtpath/uu_fetch/g6035  
    uu_dtpath/uu_fetch/g6041  
    uu_dtpath/uu_fetch/g6042  
    uu_dtpath/uu_fetch/g6045  
    uu_dtpath/uu_fetch/g6046  
    uu_dtpath/uu_fetch/g6047  
    uu_dtpath/uu_fetch/g6050  
    uu_dtpath/uu_fetch/g6052  
    uu_dtpath/uu_fetch/g6053  
    uu_dtpath/uu_fetch/g6054  
    uu_dtpath/uu_fetch/g6055  
    uu_dtpath/uu_fetch/g6056  
    uu_dtpath/uu_fetch/g6059  
    uu_dtpath/uu_fetch/g6060  
    uu_dtpath/uu_fetch/g6064  
    uu_dtpath/uu_fetch/g6065  
    uu_dtpath/uu_fetch/g6067  
    uu_dtpath/uu_fetch/g6068  
    uu_dtpath/uu_fetch/g6070  
    uu_dtpath/uu_fetch/g6072  
    uu_dtpath/uu_fetch/g6074  
    uu_dtpath/uu_fetch/g6079  
    uu_dtpath/uu_fetch/g6081  
    uu_dtpath/uu_fetch/g6084  
    uu_dtpath/uu_fetch/g6098  
    uu_dtpath/uu_fetch/g6100  
    uu_dtpath/uu_fetch/g6105  
    uu_dtpath/uu_fetch/g6106  
    uu_dtpath/uu_fetch/g6109  
    uu_dtpath/uu_fetch/g6112  
    uu_dtpath/uu_fetch/g6113  
    uu_dtpath/uu_fetch/g6115  
    uu_dtpath/uu_fetch/g6117  
    uu_dtpath/uu_fetch/g6126  
    uu_dtpath/uu_fetch/g6128  
    uu_dtpath/uu_fetch/g6129  
    uu_dtpath/uu_fetch/g6130  
    uu_dtpath/uu_fetch/g6133  
    uu_dtpath/uu_fetch/g6135  
    uu_dtpath/uu_fetch/g6137  
    uu_dtpath/uu_fetch/g6140  
    uu_dtpath/uu_fetch/g6143  
    uu_dtpath/uu_fetch/g6144  
    uu_dtpath/uu_fetch/g6145  
    uu_dtpath/uu_fetch/inst_ff_reg[19]  
    uu_dtpath/uu_fetch/inst_ff_reg[20]  
    uu_dtpath/uu_fetch/inst_ff_reg[24]  
    uu_dtpath/uu_fetch/g2  
    uu_dtpath/uu_fetch/g3  
    uu_dtpath/uu_fetch/g6168  
    uu_dtpath/uu_fetch/g6169  
    uu_dtpath/uu_fetch/g6170  
    uu_dtpath/uu_fetch/g6171  
    uu_dtpath/uu_fetch/g6172  
    uu_dtpath/uu_fetch/g6173  
    uu_dtpath/uu_fetch/g6174  
    uu_dtpath/uu_fetch/g6175  
    uu_dtpath/uu_fetch/g6176  
    uu_dtpath/uu_fetch/g6177  
    uu_dtpath/uu_fetch/g6178  
    uu_dtpath/uu_fetch/g6179  
    uu_dtpath/uu_fetch/g6180  
    uu_dtpath/uu_fetch/g6181  
    uu_dtpath/uu_fetch/g6182  
    uu_dtpath/uu_fetch/g6183  
    uu_dtpath/uu_fetch/g6184  
    uu_dtpath/uu_fetch/g6185  
    uu_dtpath/uu_fetch/g6186  
    uu_dtpath/uu_fetch/g6187  
    uu_dtpath/uu_fetch/g6188  
    uu_dtpath/uu_fetch/g6189  
    uu_dtpath/uu_fetch/g6190  
    uu_dtpath/uu_fetch/g6191  
    uu_dtpath/uu_fetch/g6192  
    uu_dtpath/uu_fetch/g6193  
    uu_dtpath/uu_fetch/g6194  
    uu_dtpath/uu_fetch/g6195  
    uu_dtpath/uu_fetch/g6196  
    uu_dtpath/uu_fetch/g6197  
    uu_dtpath/uu_fetch/g6198  
    uu_dtpath/uu_fetch/g6199  
    uu_dtpath/uu_fetch/g6200  
    uu_dtpath/uu_fetch/g6201  
    uu_dtpath/uu_fetch/g6202  
    uu_dtpath/uu_fetch/g6203  
    uu_dtpath/uu_fetch/g6204  
    uu_dtpath/uu_fetch/g6205  
    uu_dtpath/uu_fetch/g6206  
    uu_dtpath/uu_fetch/g6207  
    uu_dtpath/uu_fetch/g6208  
    uu_dtpath/uu_fetch/g6209  
    uu_dtpath/uu_fetch/g6210  
    uu_dtpath/uu_fetch/g6211  
    uu_dtpath/uu_fetch/g6212  
    uu_dtpath/uu_fetch/g6213  
    uu_dtpath/uu_fetch/g6214  
    uu_dtpath/uu_fetch/g6215  
    uu_dtpath/uu_fetch/g6216  
    uu_dtpath/uu_fetch/g6217  
    uu_dtpath/uu_fetch/g6218  
    uu_dtpath/uu_fetch/g6219  
    uu_dtpath/uu_fetch/g6220  
    uu_dtpath/uu_fetch/g6221  
    uu_dtpath/uu_fetch/g6255  
    uu_dtpath/uu_fetch/add_42_30_g697  
    uu_dtpath/uu_fetch/add_42_30_g698  
    uu_dtpath/uu_fetch/add_42_30_g699  
    uu_dtpath/uu_fetch/add_42_30_g700  
    uu_dtpath/uu_fetch/add_42_30_g701  
    uu_dtpath/uu_fetch/add_42_30_g702  
    uu_dtpath/uu_fetch/add_42_30_g703  
    uu_dtpath/uu_fetch/add_42_30_g704  
    uu_dtpath/uu_fetch/add_42_30_g705  
    uu_dtpath/uu_fetch/add_42_30_g706  
    uu_dtpath/uu_fetch/add_42_30_g707  
    uu_dtpath/uu_fetch/add_42_30_g708  
    uu_dtpath/uu_fetch/add_42_30_g709  
    uu_dtpath/uu_fetch/add_42_30_g710  
    uu_dtpath/uu_fetch/add_42_30_g711  
    uu_dtpath/uu_fetch/add_42_30_g712  
    uu_dtpath/uu_fetch/add_42_30_g713  
    uu_dtpath/uu_fetch/add_42_30_g714  
    uu_dtpath/uu_fetch/add_42_30_g715  
    uu_dtpath/uu_fetch/add_42_30_g716  
    uu_dtpath/uu_fetch/add_42_30_g717  
    uu_dtpath/uu_fetch/add_42_30_g718  
    uu_dtpath/uu_fetch/add_42_30_g719  
    uu_dtpath/uu_fetch/add_42_30_g720  
    uu_dtpath/uu_fetch/add_42_30_g721  
    uu_dtpath/uu_fetch/add_42_30_g722  
    uu_dtpath/uu_fetch/add_42_30_g723  
    uu_dtpath/uu_fetch/add_42_30_g724  
    uu_dtpath/uu_fetch/add_42_30_g725  
    uu_dtpath/uu_fetch/add_42_30_g726  
    uu_dtpath/uu_fetch/add_42_30_g727  
    uu_dtpath/uu_fetch/add_42_30_g728  
    uu_dtpath/uu_fetch/add_42_30_g729  
    uu_dtpath/uu_fetch/add_42_30_g730  
    uu_dtpath/uu_fetch/add_42_30_g731  
    uu_dtpath/uu_fetch/add_42_30_g732  
    uu_dtpath/uu_fetch/add_42_30_g733  
    uu_dtpath/uu_fetch/add_42_30_g734  
    uu_dtpath/uu_fetch/add_42_30_g735  
    uu_dtpath/uu_fetch/add_42_30_g736  
    uu_dtpath/uu_fetch/add_42_30_g737  
    uu_dtpath/uu_fetch/add_42_30_g738  
    uu_dtpath/uu_fetch/add_42_30_g740  
    uu_dtpath/uu_fetch/add_42_30_g741  
    uu_dtpath/uu_fetch/add_42_30_g742  
    uu_dtpath/uu_fetch/add_42_30_g743  
    uu_dtpath/uu_fetch/add_42_30_g744  
    uu_dtpath/uu_fetch/add_42_30_g745  
    uu_dtpath/uu_fetch/add_42_30_g746  
    uu_dtpath/uu_fetch/add_42_30_g747  
    uu_dtpath/uu_fetch/add_42_30_g748  
    uu_dtpath/uu_fetch/add_42_30_g749  
    uu_dtpath/uu_fetch/add_42_30_g750  
    uu_dtpath/uu_fetch/pc_ff_reg[2]  
    uu_dtpath/uu_fetch/pc_fd_ff_reg[27]  
    uu_dtpath/uu_fetch/pc_fd_ff_reg[28]  
    uu_dtpath/uu_fetch/inst_ff_reg[10]  
    uu_dtpath/uu_fetch/inst_ff_reg[22]  
    uu_dtpath/uu_fetch/g6280  
    uu_dtpath/uu_fetch/g6281  
    uu_dtpath/uu_fetch/g6282  
    uu_dtpath/uu_fetch/g6283  
    uu_dtpath/uu_fetch/g6284  
    uu_dtpath/uu_fetch/g6285  
    uu_dtpath/uu_fetch/g6286  
    uu_dtpath/uu_fetch/g6287  
    uu_dtpath/uu_fetch/g6288  
    uu_dtpath/uu_fetch/g6289  
    uu_dtpath/uu_fetch/g6290  
    uu_dtpath/uu_fetch/g6291  
    uu_dtpath/uu_fetch/g6292  
    uu_dtpath/uu_fetch/g6293  
    uu_dtpath/uu_fetch/g6294  
    uu_dtpath/uu_fetch/g6295  
    uu_dtpath/uu_fetch/g6296  
    uu_dtpath/uu_fetch/g6297  
    uu_dtpath/uu_fetch/g6298  
    uu_dtpath/uu_fetch/g6299  
    uu_dtpath/uu_fetch/g6300  
    uu_dtpath/uu_fetch/g6301  
    uu_dtpath/uu_fetch/g6302  
    uu_dtpath/uu_fetch/g6303  
    uu_dtpath/uu_fetch/g6304  
    uu_dtpath/uu_fetch/g6305  
    uu_dtpath/uu_fetch/g6306  
    uu_dtpath/uu_fetch/g6307  
    uu_dtpath/uu_fetch/g6308  
    uu_dtpath/uu_fetch/g6309  
    uu_dtpath/uu_fetch/inst_ff_reg[5]  
    uu_dtpath/uu_fetch/inst_ff_reg[13]  
    uu_dtpath/uu_fetch/inst_ff_reg[12]  
    uu_dtpath/uu_fetch/inst_ff_reg[17]  
    uu_dtpath/uu_fetch/inst_ff_reg[6]  
    uu_dtpath/uu_fetch/inst_ff_reg[30]  
    uu_dtpath/uu_fetch/inst_ff_reg[21]  
    uu_dtpath/uu_fetch/inst_ff_reg[16]  
    uu_dtpath/uu_mem/CTS_ccl_a_buf_00045  
    uu_dtpath/uu_mem/CTS_cdb_buf_00330  
    uu_dtpath/uu_mem/CTS_ccl_a_buf_00043  
    uu_dtpath/uu_mem/o_aluResult_reg[1]  
    uu_dtpath/uu_mem/o_readData_reg[31]  
    uu_dtpath/uu_mem/o_readData_reg[29]  
    uu_dtpath/uu_mem/o_readData_reg[25]  
    uu_dtpath/uu_mem/o_readData_reg[17]  
    uu_dtpath/uu_mem/o_readData_reg[1]  
    uu_dtpath/uu_mem/o_readData_reg[0]  
    uu_dtpath/uu_mem/o_readData_reg[16]  
    uu_dtpath/uu_mem/o_wr_addr_reg_reg[4]  
    uu_dtpath/uu_mem/o_wr_addr_reg_reg[3]  
    uu_dtpath/uu_mem/o_readData_reg[24]  
    uu_dtpath/uu_mem/o_readData_reg[15]  
    uu_dtpath/uu_mem/o_wr_addr_reg_reg[2]  
    uu_dtpath/uu_mem/o_wr_addr_reg_reg[1]  
    uu_dtpath/uu_mem/o_readData_reg[14]  
    uu_dtpath/uu_mem/o_wr_addr_reg_reg[0]  
    uu_dtpath/uu_mem/o_pc_plus4_reg[0]  
    uu_dtpath/uu_mem/o_readData_reg[28]  
    uu_dtpath/uu_mem/o_readData_reg[23]  
    uu_dtpath/uu_mem/o_readData_reg[13]  
    uu_dtpath/uu_mem/o_resultSrc_reg[0]  
    uu_dtpath/uu_mem/o_readData_reg[12]  
    uu_dtpath/uu_mem/o_readData_reg[22]  
    uu_dtpath/uu_mem/o_readData_reg[11]  
    uu_dtpath/uu_mem/o_readData_reg[10]  
    uu_dtpath/uu_mem/o_readData_reg[30]  
    uu_dtpath/uu_mem/o_readData_reg[27]  
    uu_dtpath/uu_mem/o_readData_reg[21]  
    uu_dtpath/uu_mem/o_readData_reg[9]  
    uu_dtpath/uu_mem/o_readData_reg[8]  
    uu_dtpath/uu_mem/o_readData_reg[20]  
    uu_dtpath/uu_mem/o_readData_reg[7]  
    uu_dtpath/uu_mem/o_readData_reg[6]  
    uu_dtpath/uu_mem/o_readData_reg[26]  
    uu_dtpath/uu_mem/o_readData_reg[19]  
    uu_dtpath/uu_mem/o_readData_reg[5]  
    uu_dtpath/uu_mem/o_readData_reg[4]  
    uu_dtpath/uu_mem/o_readData_reg[18]  
    uu_dtpath/uu_mem/o_readData_reg[3]  
    uu_dtpath/uu_mem/o_readData_reg[2]  
    uu_dtpath/uu_mem/o_aluResult_reg[0]  
    uu_dtpath/uu_mem/o_pcTarget_reg[29]  
    uu_dtpath/uu_mem/o_pcTarget_reg[30]  
    uu_dtpath/uu_mem/o_pcTarget_reg[31]  
    uu_dtpath/uu_mem/o_pc_plus4_reg[1]  
    uu_dtpath/uu_mem/o_pc_plus4_reg[29]  
    uu_dtpath/uu_mem/o_pc_plus4_reg[2]  
    uu_dtpath/uu_mem/o_pc_plus4_reg[3]  
    uu_dtpath/uu_mem/o_pc_plus4_reg[4]  
    uu_dtpath/uu_mem/o_pc_plus4_reg[25]  
    uu_dtpath/uu_mem/o_pc_plus4_reg[5]  
    uu_dtpath/uu_mem/o_pc_plus4_reg[6]  
    uu_dtpath/uu_mem/o_pc_plus4_reg[7]  
    uu_dtpath/uu_mem/o_pc_plus4_reg[21]  
    uu_dtpath/uu_mem/o_pc_plus4_reg[8]  
    uu_dtpath/uu_mem/o_pc_plus4_reg[9]  
    uu_dtpath/uu_mem/o_pc_plus4_reg[10]  
    uu_dtpath/uu_mem/o_pc_plus4_reg[11]  
    uu_dtpath/uu_mem/o_pc_plus4_reg[12]  
    uu_dtpath/uu_mem/o_pc_plus4_reg[13]  
    uu_dtpath/uu_mem/o_pc_plus4_reg[14]  
    uu_dtpath/uu_mem/o_pc_plus4_reg[15]  
    uu_dtpath/uu_mem/o_pc_plus4_reg[16]  
    uu_dtpath/uu_mem/o_pc_plus4_reg[17]  
    uu_dtpath/uu_mem/o_pc_plus4_reg[18]  
    uu_dtpath/uu_mem/o_pc_plus4_reg[19]  
    uu_dtpath/uu_mem/o_pc_plus4_reg[20]  
    uu_dtpath/uu_mem/o_pc_plus4_reg[22]  
    uu_dtpath/uu_mem/o_pc_plus4_reg[23]  
    uu_dtpath/uu_mem/o_pc_plus4_reg[24]  
    uu_dtpath/uu_mem/o_pc_plus4_reg[26]  
    uu_dtpath/uu_mem/o_pc_plus4_reg[27]  
    uu_dtpath/uu_mem/o_pc_plus4_reg[28]  
    uu_dtpath/uu_mem/o_pc_plus4_reg[30]  
    uu_dtpath/uu_mem/o_pc_plus4_reg[31]  
    uu_dtpath/uu_mem/o_resultSrc_reg[1]  
    uu_dtpath/uu_mem/o_pcTarget_reg[28]  
    uu_dtpath/uu_mem/o_aluResult_reg[2]  
    uu_dtpath/uu_mem/o_aluResult_reg[3]  
    uu_dtpath/uu_mem/o_aluResult_reg[4]  
    uu_dtpath/uu_mem/o_pcTarget_reg[24]  
    uu_dtpath/uu_mem/o_aluResult_reg[5]  
    uu_dtpath/uu_mem/o_aluResult_reg[6]  
    uu_dtpath/uu_mem/o_aluResult_reg[7]  
    uu_dtpath/uu_mem/o_pcTarget_reg[20]  
    uu_dtpath/uu_mem/o_aluResult_reg[8]  
    uu_dtpath/uu_mem/o_aluResult_reg[9]  
    uu_dtpath/uu_mem/o_aluResult_reg[10]  
    uu_dtpath/uu_mem/o_aluResult_reg[11]  
    uu_dtpath/uu_mem/o_aluResult_reg[12]  
    uu_dtpath/uu_mem/o_aluResult_reg[13]  
    uu_dtpath/uu_mem/o_aluResult_reg[14]  
    uu_dtpath/uu_mem/o_pcTarget_reg[12]  
    uu_dtpath/uu_mem/o_aluResult_reg[15]  
    uu_dtpath/uu_mem/o_aluResult_reg[16]  
    uu_dtpath/uu_mem/o_aluResult_reg[17]  
    uu_dtpath/uu_mem/o_pcTarget_reg[8]  
    uu_dtpath/uu_mem/o_aluResult_reg[18]  
    uu_dtpath/uu_mem/o_aluResult_reg[19]  
    uu_dtpath/uu_mem/o_aluResult_reg[20]  
    uu_dtpath/uu_mem/o_pcTarget_reg[4]  
    uu_dtpath/uu_mem/o_aluResult_reg[21]  
    uu_dtpath/uu_mem/o_aluResult_reg[22]  
    uu_dtpath/uu_mem/o_aluResult_reg[23]  
    uu_dtpath/uu_mem/o_aluResult_reg[24]  
    uu_dtpath/uu_mem/o_aluResult_reg[25]  
    uu_dtpath/uu_mem/o_aluResult_reg[26]  
    uu_dtpath/uu_mem/o_aluResult_reg[27]  
    uu_dtpath/uu_mem/o_aluResult_reg[28]  
    uu_dtpath/uu_mem/o_aluResult_reg[29]  
    uu_dtpath/uu_mem/o_aluResult_reg[30]  
    uu_dtpath/uu_mem/o_aluResult_reg[31]  
    uu_dtpath/uu_mem/o_pcTarget_reg[0]  
    uu_dtpath/uu_mem/o_pcTarget_reg[1]  
    uu_dtpath/uu_mem/o_pcTarget_reg[2]  
    uu_dtpath/uu_mem/o_pcTarget_reg[3]  
    uu_dtpath/uu_mem/o_pcTarget_reg[5]  
    uu_dtpath/uu_mem/o_pcTarget_reg[6]  
    uu_dtpath/uu_mem/o_pcTarget_reg[7]  
    uu_dtpath/uu_mem/o_pcTarget_reg[9]  
    uu_dtpath/uu_mem/o_pcTarget_reg[10]  
    uu_dtpath/uu_mem/o_pcTarget_reg[11]  
    uu_dtpath/uu_mem/o_pcTarget_reg[13]  
    uu_dtpath/uu_mem/o_pcTarget_reg[14]  
    uu_dtpath/uu_mem/o_pcTarget_reg[15]  
    uu_dtpath/uu_mem/o_pcTarget_reg[16]  
    uu_dtpath/uu_mem/o_pcTarget_reg[17]  
    uu_dtpath/uu_mem/o_pcTarget_reg[18]  
    uu_dtpath/uu_mem/o_pcTarget_reg[19]  
    uu_dtpath/uu_mem/o_pcTarget_reg[21]  
    uu_dtpath/uu_mem/o_pcTarget_reg[22]  
    uu_dtpath/uu_mem/o_pcTarget_reg[23]  
    uu_dtpath/uu_mem/o_pcTarget_reg[25]  
    uu_dtpath/uu_mem/o_pcTarget_reg[26]  
    uu_dtpath/uu_mem/o_pcTarget_reg[27]  
    uu_dtpath/uu_mem/o_regWrite_reg  
    uu_dtpath/uu_wb/FE_OCPC1127_resultSrc_mw_0  
    uu_dtpath/uu_wb/FE_OCPC1126_resultSrc_mw_0  
    uu_dtpath/uu_wb/FE_OFC1103_readData_mw_19  
    uu_dtpath/uu_wb/FE_OFC1101_readData_mw_3  
    uu_dtpath/uu_wb/FE_OFC1100_n_43  
    uu_dtpath/uu_wb/FE_OFC1087_n_89  
    uu_dtpath/uu_wb/FE_OFC1051_readData_mw_0  
    uu_dtpath/uu_wb/FE_OFC1018_resultSrc_mw_1  
    uu_dtpath/uu_wb/FE_OFC1014_readData_mw_8  
    uu_dtpath/uu_wb/FE_OFC963_n_39  
    uu_dtpath/uu_wb/FE_OFC700_n_2  
    uu_dtpath/uu_wb/FE_OFC699_n_2  
    uu_dtpath/uu_wb/FE_OFC698_n_2  
    uu_dtpath/uu_wb/FE_OFC697_n_23  
    uu_dtpath/uu_wb/FE_OFC696_n_23  
    uu_dtpath/uu_wb/FE_OFC695_n_23  
    uu_dtpath/uu_wb/FE_OFC694_n_23  
    uu_dtpath/uu_wb/FE_OFC664_readData_mw_11  
    uu_dtpath/uu_wb/FE_OFC662_readData_mw_4  
    uu_dtpath/uu_wb/FE_OFC615_n_2  
    uu_dtpath/uu_wb/FE_OFC277_n_88  
    uu_dtpath/uu_wb/FE_OFC274_n_53  
    uu_dtpath/uu_wb/FE_OFC273_n_89  
    uu_dtpath/uu_wb/FE_OFC272_n_38  
    uu_dtpath/uu_wb/FE_OFC271_n_43  
    uu_dtpath/uu_wb/FE_OFC270_n_83  
    uu_dtpath/uu_wb/FE_OFC269_n_50  
    uu_dtpath/uu_wb/FE_OFC268_n_73  
    uu_dtpath/uu_wb/FE_OFC267_n_87  
    uu_dtpath/uu_wb/FE_OFC266_n_46  
    uu_dtpath/uu_wb/FE_OFC264_n_57  
    uu_dtpath/uu_wb/FE_OFC261_n_60  
    uu_dtpath/uu_wb/FE_OFC259_n_54  
    uu_dtpath/uu_wb/FE_OFC181_readData_mw_17  
    uu_dtpath/uu_wb/FE_OFC179_readData_mw_16  
    uu_dtpath/uu_wb/FE_OFC146_readData_mw_10  
    uu_dtpath/uu_wb/FE_OFC143_readData_mw_5  
    uu_dtpath/uu_wb/FE_OFC131_readData_mw_9  
    uu_dtpath/uu_wb/FE_OFC130_readData_mw_6  
    uu_dtpath/uu_wb/FE_OFC126_readData_mw_7  
    uu_dtpath/uu_wb/FE_OFC118_readData_mw_19  
    uu_dtpath/uu_wb/FE_OFC102_readData_mw_18  
    uu_dtpath/uu_wb/g1284  
    uu_dtpath/uu_wb/g1285  
    uu_dtpath/uu_wb/g1286  
    uu_dtpath/uu_wb/g1287  
    uu_dtpath/uu_wb/g1288  
    uu_dtpath/uu_wb/g1289  
    uu_dtpath/uu_wb/g1290  
    uu_dtpath/uu_wb/g1291  
    uu_dtpath/uu_wb/g1292  
    uu_dtpath/uu_wb/g1293  
    uu_dtpath/uu_wb/g1294  
    uu_dtpath/uu_wb/g1295  
    uu_dtpath/uu_wb/g1296  
    uu_dtpath/uu_wb/g1297  
    uu_dtpath/uu_wb/g1298  
    uu_dtpath/uu_wb/g1299  
    uu_dtpath/uu_wb/g1301  
    uu_dtpath/uu_wb/g1302  
    uu_dtpath/uu_wb/g1303  
    uu_dtpath/uu_wb/g1304  
    uu_dtpath/uu_wb/g1305  
    uu_dtpath/uu_wb/g1306  
    uu_dtpath/uu_wb/g1307  
    uu_dtpath/uu_wb/g1308  
    uu_dtpath/uu_wb/g1309  
    uu_dtpath/uu_wb/g1310  
    uu_dtpath/uu_wb/g1312  
    uu_dtpath/uu_wb/g1313  
    uu_dtpath/uu_wb/g1314  
    uu_dtpath/uu_wb/g1315  
    uu_dtpath/uu_wb/g1317  
    uu_dtpath/uu_wb/g1318  
    uu_dtpath/uu_wb/g1319  
    uu_dtpath/uu_wb/g1320  
    uu_dtpath/uu_wb/g1321  
    uu_dtpath/uu_wb/g1322  
    uu_dtpath/uu_wb/g1323  
    uu_dtpath/uu_wb/g1324  
    uu_dtpath/uu_wb/g1325  
    uu_dtpath/uu_wb/g1326  
    uu_dtpath/uu_wb/g1327  
    uu_dtpath/uu_wb/g1328  
    uu_dtpath/uu_wb/g1329  
    uu_dtpath/uu_wb/g1330  
    uu_dtpath/uu_wb/g1331  
    uu_dtpath/uu_wb/g1332  
    uu_dtpath/uu_wb/g1333  
    uu_dtpath/uu_wb/g1334  
    uu_dtpath/uu_wb/g1335  
    uu_dtpath/uu_wb/g1336  
    uu_dtpath/uu_wb/g1338  
    uu_dtpath/uu_wb/g1339  
    uu_dtpath/uu_wb/g1341  
    uu_dtpath/uu_wb/g1342  
    uu_dtpath/uu_wb/g1343  
    uu_dtpath/uu_wb/g1344  
    uu_dtpath/uu_wb/g1345  
    uu_dtpath/uu_wb/g1346  
    uu_dtpath/uu_wb/g1347  
    uu_dtpath/uu_wb/g1349  
    uu_dtpath/uu_wb/g1350  
    uu_dtpath/uu_wb/g1351  
    uu_dtpath/uu_wb/g1352  
    uu_dtpath/uu_wb/g1353  
    uu_dtpath/uu_wb/g1354  
    uu_dtpath/uu_wb/g1355  
    uu_dtpath/uu_wb/g1356  
    uu_dtpath/uu_wb/g1357  
    uu_dtpath/uu_wb/g1358  
    uu_dtpath/uu_wb/g1359  
    uu_dtpath/uu_wb/g1360  
    uu_dtpath/uu_wb/g1361  
    uu_dtpath/uu_wb/g1362  
    uu_dtpath/uu_wb/g1363  
    uu_dtpath/uu_wb/g1364  
    uu_dtpath/uu_wb/g1365  
    uu_dtpath/uu_wb/g1366  
    uu_dtpath/uu_wb/g1367  
    uu_dtpath/uu_wb/g1368  
    uu_dtpath/uu_wb/g1369  
    uu_dtpath/uu_wb/g1370  
    uu_dtpath/uu_wb/g1371  
    uu_dtpath/uu_wb/g1372  
    uu_dtpath/uu_wb/g1373  
    uu_dtpath/uu_wb/g1374  
    uu_dtpath/uu_wb/g1375  
    uu_dtpath/uu_wb/g1376  
    uu_dtpath/uu_wb/g1377  
    uu_dtpath/uu_wb/g1378  
    uu_dtpath/uu_wb/g1386  
    uu_dtpath/uu_wb/g1394  
    uu_dtpath/uu_wb/g1419  
    uu_dtpath/uu_wb/g1420  
    uu_dtpath/uu_wb/g1421  
    uu_dtpath/uu_wb/g1422  
    uu_dtpath/uu_wb/g1423  
    uu_dtpath/uu_wb/g1424  
    uu_dtpath/uu_wb/g1425  
    uu_dtpath/uu_wb/g1426  
    uu_dtpath/uu_wb/g1427  
    uu_dtpath/uu_wb/g1428  
    uu_dtpath/uu_wb/g1429  
    uu_dtpath/uu_wb/g1430  
    uu_dtpath/uu_wb/g1431  
    uu_dtpath/uu_wb/g1432  
    uu_dtpath/uu_wb/g1434  
    uu_dtpath/uu_wb/g1435  
    uu_dtpath/uu_wb/g1436  
    uu_dtpath/uu_wb/g1437  
    uu_dtpath/uu_wb/g1438  
    uu_dtpath/uu_wb/g2  
    uu_dtpath/uu_wb/g1440  
    uu_dtpath/uu_wb/g1441  
    uu_dtpath/uu_wb/g1442  
    uu_dtpath/uu_wb/g1444  
    uu_dtpath/uu_wb/g3  
    uu_dtpath/g810  
    uu_dtpath/g811  
    uu_dtpath/g812  
    uu_dtpath/g813  
    uu_dtpath/g814  
    uu_dtpath/g815  
    uu_dtpath/g816  
    uu_dtpath/g817  
    uu_dtpath/g818  
    uu_dtpath/g819  
    uu_dtpath/g820  
    uu_dtpath/g821  
    uu_dtpath/g822  
    uu_dtpath/g823  
    uu_dtpath/g824  
    uu_dtpath/g1398  
    uu_dtpath/g1399  
    uu_dtpath/g1400  
    uu_dtpath/g1401  
    uu_dtpath/g1402  
    uu_dtpath/g1403  
    uu_dtpath/g1404  
    uu_dtpath/g1406  
    uu_dtpath/g1408  
    uu_dtpath/g1409  
    uu_dtpath/g1410  
    uu_dtpath/g1411  
    uu_dtpath/g1412  
    uu_dtpath/g1413  
    uu_dtpath/g1414  
    uu_dtpath/g1415  
    uu_dtpath/g1416  
    uu_dtpath/g1417  
    uu_dtpath/g1422  
    uu_dtpath/g1423  
    uu_dtpath/g1426  
    uu_dtpath/g1427  
    uu_dtpath/g1430  
    uu_dtpath/g1433  
    uu_dtpath/g1444  
    uu_dtpath/g1451  
    uu_dtpath/g1454  
    uu_dtpath/g1455  
    uu_dtpath/g1458  
    uu_dtpath/g1460  
    uu_dtpath/g1464  
    uu_dtpath/g1466  
    uu_dtpath/g1469  
    uu_dtpath/g1472  
    uu_dtpath/g1473  
    uu_dtpath/g1474  
    uu_dtpath/g1475  
    uu_dtpath/g1476  
    uu_dtpath/g1477  
    uu_dtpath/g1478  
    uu_dtpath/g1483  
    uu_dtpath/g1489  
    uu_dtpath/g1500  
    uu_dtpath/fopt  
    uu_dtpath/g2  
    uu_dtpath/g1508  
    uu_dtpath/g1510  
    uu_dtpath/g1511  
    uu_dtpath/g1512  
    uu_dtpath/g1513  
    uu_dtpath/g1514  
    uu_dtpath/g1515  
    uu_dtpath/g1516  
    uu_dtpath/g1517  
    uu_dtpath/g1518  
    uu_dtpath/g1519  
    uu_dtpath/g1520  
    uu_dtpath/g1521  
    uu_dtpath/g1522  
    uu_dtpath/g1523  
    uu_dtpath/g1524  
    uu_dtpath/g1525  
    uu_dtpath/g1526  
    uu_dtpath/g1527  
    Number of Non-uniquified instances in the design  7143  

==============================
Physical Library(LEF) Integrity Check
==============================
    ------------------------------
    Cell with PG PIN missing
    ------------------------------
    SDFF4RX2  
    SDFF4RX1  
    ------------------------------
    Cell dimensions not interger multiple of its site
    ------------------------------
    Cell  Cell Dimension  Site Dimension  
    BUFX2  2000 3420  400 6840  
Cells with missing LEF: 0  
Cells with missing PG PIN: 2  
Cells with missing dimension: 0  
Cells dimensions not multiple integer of site: 1  
Block cells not covered by obstruction: 0  
Block cells with fixed mask has pins not colorred: 0  
Cells pin with missing direction: 0  
Cells pin with missing geometry: 0  
Cells PG Pins with missing geometry: 0  

==============================
Timing information check
==============================
Cells with missing Timing data: 0  

==============================
SPEF Coverage
==============================
Annotation to Verilog Netlist: 0%  
Annotation to Physical Netlist: 0%  

==============================
Top Level Netlist Check
==============================
    ------------------------------
    Floating Port
    ------------------------------
    VDD  
    VSS  
    Floating Ports  2  
Ports Connect to multiple Pads: 0  
    ------------------------------
    Port connected to core instances
    ------------------------------
    Port name  # of connections  
    i_readData[0]  1  
    i_readData[1]  1  
    i_readData[2]  1  
    i_readData[3]  1  
    i_readData[4]  1  
    i_readData[5]  1  
    i_readData[6]  1  
    i_readData[7]  1  
    i_readData[8]  1  
    i_readData[9]  1  
    i_readData[10]  1  
    i_readData[11]  1  
    i_readData[12]  1  
    i_readData[13]  1  
    i_readData[14]  1  
    i_readData[15]  1  
    i_readData[16]  1  
    i_readData[17]  1  
    i_readData[18]  1  
    i_readData[19]  1  
    i_readData[20]  1  
    i_readData[21]  1  
    i_readData[22]  1  
    i_readData[23]  1  
    i_readData[24]  1  
    i_readData[25]  1  
    i_readData[26]  1  
    i_readData[27]  1  
    i_readData[28]  1  
    i_readData[29]  1  
    i_readData[30]  1  
    i_readData[31]  1  
    o_writeWidth[0]  1  
    o_writeWidth[1]  1  
    o_writeWidth[2]  1  
    o_memWrite  1  
    o_writeAddr[0]  4  
    o_writeAddr[1]  1  
    o_writeAddr[2]  2  
    o_writeAddr[3]  4  
    o_writeAddr[4]  3  
    o_writeAddr[5]  1  
    o_writeAddr[6]  3  
    o_writeAddr[7]  3  
    o_writeAddr[8]  2  
    o_writeAddr[9]  1  
    o_writeAddr[10]  2  
    o_writeAddr[11]  2  
    o_writeAddr[12]  2  
    o_writeAddr[13]  2  
    o_writeAddr[14]  2  
    o_writeAddr[15]  1  
    o_writeAddr[16]  1  
    o_writeAddr[17]  2  
    o_writeAddr[18]  2  
    o_writeAddr[19]  2  
    o_writeAddr[20]  2  
    o_writeAddr[21]  3  
    o_writeAddr[22]  2  
    o_writeAddr[23]  3  
    o_writeAddr[24]  3  
    o_writeAddr[25]  3  
    o_writeAddr[26]  3  
    o_writeAddr[27]  2  
    o_writeAddr[28]  2  
    o_writeAddr[29]  2  
    o_writeAddr[30]  4  
    o_writeAddr[31]  1  
    o_writeData[0]  1  
    o_writeData[1]  1  
    o_writeData[2]  1  
    o_writeData[3]  1  
    o_writeData[4]  1  
    o_writeData[5]  1  
    o_writeData[6]  1  
    o_writeData[7]  1  
    o_writeData[8]  1  
    o_writeData[9]  1  
    o_writeData[10]  1  
    o_writeData[11]  1  
    o_writeData[12]  1  
    o_writeData[13]  1  
    o_writeData[14]  1  
    o_writeData[15]  1  
    o_writeData[16]  1  
    o_writeData[17]  1  
    o_writeData[18]  1  
    o_writeData[19]  1  
    o_writeData[20]  1  
    o_writeData[21]  1  
    o_writeData[22]  1  
    o_writeData[23]  1  
    o_writeData[24]  1  
    o_writeData[25]  1  
    o_writeData[26]  1  
    o_writeData[27]  1  
    o_writeData[28]  1  
    o_writeData[29]  1  
    o_writeData[30]  1  
    o_writeData[31]  1  
    o_mem_clk  1  
    o_pc[0]  1  
    o_pc[1]  1  
    o_pc[2]  1  
    o_pc[3]  4  
    o_pc[4]  1  
    o_pc[5]  1  
    o_pc[6]  1  
    o_pc[7]  1  
    o_pc[8]  5  
    o_pc[9]  5  
    o_pc[10]  5  
    o_pc[11]  5  
    o_pc[12]  5  
    o_pc[13]  5  
    o_pc[14]  5  
    o_pc[15]  5  
    o_pc[16]  2  
    o_pc[17]  2  
    o_pc[18]  1  
    o_pc[19]  5  
    o_pc[20]  5  
    o_pc[21]  5  
    o_pc[22]  5  
    o_pc[23]  5  
    o_pc[24]  5  
    o_pc[25]  5  
    o_pc[26]  5  
    o_pc[27]  5  
    o_pc[28]  3  
    o_pc[29]  3  
    o_pc[30]  1  
    o_pc[31]  1  
    i_inst[0]  1  
    i_inst[1]  1  
    i_inst[2]  1  
    i_inst[3]  1  
    i_inst[4]  1  
    i_inst[5]  1  
    i_inst[6]  1  
    i_inst[7]  1  
    i_inst[8]  1  
    i_inst[9]  1  
    i_inst[10]  1  
    i_inst[11]  1  
    i_inst[12]  1  
    i_inst[13]  1  
    i_inst[14]  1  
    i_inst[15]  1  
    i_inst[16]  1  
    i_inst[17]  1  
    i_inst[18]  1  
    i_inst[19]  1  
    i_inst[20]  1  
    i_inst[21]  1  
    i_inst[22]  1  
    i_inst[23]  1  
    i_inst[24]  1  
    i_inst[25]  1  
    i_inst[26]  1  
    i_inst[27]  1  
    i_inst[28]  1  
    i_inst[29]  1  
    i_inst[30]  1  
    i_inst[31]  1  
    rst_async_n  1  
    clk  4  
    Ports connected to core instances  167  

==============================
Instance Pin Check
==============================
    Output pins connected to Power Ground net  0  
    ------------------------------
    Instances with multiple input pins tied together
    ------------------------------
    Inst  Net  Term  Term...  
    uu_dtpath/uu_exec/g5591  uu_dtpath/uu_exec/FE_DBTN2_aluSrc  A0N  B1  
    uu_dtpath/uu_exec/g5601  uu_dtpath/uu_exec/FE_OFN53_aluSrc  A1N  B0  
    uu_dtpath/uu_exec/g5604  uu_dtpath/uu_exec/FE_OFN745_n  A0N  B1  
    uu_dtpath/uu_exec/g5607  uu_dtpath/uu_exec/FE_OFN53_aluSrc  A1N  B0  
    uu_dtpath/uu_exec/g5609  uu_dtpath/uu_exec/FE_OFN53_aluSrc  A1N  B0  
    uu_dtpath/uu_exec/g5613  uu_dtpath/uu_exec/FE_OFN745_n  A1N  B1  
    uu_dtpath/uu_exec/g5619  uu_dtpath/uu_exec/FE_DBTN2_aluSrc  A0N  B0  
    uu_dtpath/uu_exec/g5620  uu_dtpath/uu_exec/FE_DBTN2_aluSrc  A0N  B0  
    uu_dtpath/uu_exec/g5622  uu_dtpath/uu_exec/FE_DBTN2_aluSrc  A0N  B0  
    uu_dtpath/uu_exec/g5896  uu_dtpath/forwardB_E[1]  A1N  B0  
    uu_dtpath/uu_exec/uu_alu/csa_tree_eq_29_30_groupi_g698  uu_dtpath/uu_exec/uu_alu/n_482  A0N  B0  
    uu_dtpath/uu_exec/uu_alu/csa_tree_eq_29_30_groupi_g698  uu_dtpath/uu_exec/uu_alu/n_514  A1N  B1  
    uu_dtpath/uu_exec/uu_alu/g6210  uu_dtpath/uu_exec/alu_srcB_w[21]  A1  B0  
    uu_dtpath/uu_exec/uu_alu/g6214  uu_dtpath/uu_exec/alu_srcB_w[15]  A1  B0  
    uu_dtpath/uu_exec/uu_alu/g6215  uu_dtpath/uu_exec/alu_srcB_w[22]  A1  B1  
    uu_dtpath/uu_exec/uu_alu/g6217  uu_dtpath/uu_exec/alu_srcB_w[18]  A1  B1  
    uu_dtpath/uu_exec/uu_alu/g6227  uu_dtpath/uu_exec/n_379  A1  C0  
    uu_dtpath/uu_exec/uu_alu/g6672  uu_dtpath/uu_exec/uu_alu/FE_OFN646_n  A0N  B0  
    uu_dtpath/uu_exec/uu_alu/g6714  uu_dtpath/uu_exec/uu_alu/FE_OFN669_FE_RN_3  A0N  B0  
    uu_dtpath/uu_exec/uu_alu/g6720  uu_dtpath/uu_exec/uu_alu/FE_OFN449_alu_srcB_w_1  A0N  B0  
    uu_dtpath/uu_exec/uu_alu/g6759  uu_dtpath/uu_exec/uu_alu/FE_OFN448_alu_srcB_w_1  A0N  B0  
    uu_dtpath/uu_exec/uu_alu/sll_22_38_g3579  uu_dtpath/uu_exec/uu_alu/FE_RN_9  A0N  B1  
    uu_dtpath/uu_exec/uu_alu/srl_23_38_g3691  uu_dtpath/uu_exec/uu_alu/FE_RN_9  A0N  B1  
    uu_dtpath/uu_exec/uu_alu/srl_23_38_g4011  uu_dtpath/uu_exec/uu_alu/FE_OFN651_n_342  A0N  B0  
    
    Instances with input pins tied together  24  
    TieHi/Lo term nets not connected to instance's PG terms  0  
    Floating Instance terminals  0  
    Floating IO terms  0  
    Tie Hi/Lo output terms floating  0  
    Output term shorted to Power Ground net  0  
    Pin without shape  0  

==============================
Primitive Net DRC Check
==============================
Nets with tri-state driver: 0  
Nets with parallel drivers: 0  
Nets with multiple drivers: 0  
Nets with no driver (No FanIn): 0  
    ------------------------------
    No FanOut Net
    ------------------------------
    uu_dtpath/uu_fetch/inst_ff[0]  
    uu_dtpath/uu_fetch/inst_ff[1]  
    uu_dtpath/uu_fetch/inst_ff[2]  
    uu_dtpath/uu_fetch/inst_ff[3]  
    uu_dtpath/uu_fetch/inst_ff[4]  
    uu_dtpath/uu_fetch/inst_ff[5]  
    uu_dtpath/uu_fetch/inst_ff[6]  
    uu_dtpath/uu_fetch/inst_ff[7]  
    uu_dtpath/uu_fetch/inst_ff[8]  
    uu_dtpath/uu_fetch/inst_ff[9]  
    uu_dtpath/uu_fetch/inst_ff[10]  
    uu_dtpath/uu_fetch/inst_ff[11]  
    uu_dtpath/uu_fetch/inst_ff[12]  
    uu_dtpath/uu_fetch/inst_ff[13]  
    uu_dtpath/uu_fetch/inst_ff[14]  
    uu_dtpath/uu_fetch/inst_ff[15]  
    uu_dtpath/uu_fetch/inst_ff[16]  
    uu_dtpath/uu_fetch/inst_ff[17]  
    uu_dtpath/uu_fetch/inst_ff[18]  
    uu_dtpath/uu_fetch/inst_ff[19]  
    uu_dtpath/uu_fetch/inst_ff[20]  
    uu_dtpath/uu_fetch/inst_ff[21]  
    uu_dtpath/uu_fetch/inst_ff[22]  
    uu_dtpath/uu_fetch/inst_ff[23]  
    uu_dtpath/uu_fetch/inst_ff[24]  
    uu_dtpath/uu_fetch/inst_ff[25]  
    uu_dtpath/uu_fetch/inst_ff[26]  
    uu_dtpath/uu_fetch/inst_ff[27]  
    uu_dtpath/uu_fetch/inst_ff[28]  
    uu_dtpath/uu_fetch/inst_ff[29]  
    uu_dtpath/uu_fetch/inst_ff[30]  
    uu_dtpath/uu_fetch/inst_ff[31]  
    uu_dtpath/uu_fetch/pc_plus4_w[0]  
    uu_dtpath/uu_fetch/pc_plus4_w[1]  
    uu_dtpath/uu_fetch/pc_plus4_w[2]  
    uu_dtpath/uu_exec/uu_alu/UNCONNECTED3  
    uu_dtpath/uu_exec/UNCONNECTED4  
    uu_dtpath/uu_exec/alu_srcB_w[1]  
    uu_dtpath/uu_exec/alu_srcB_w[2]  
    uu_dtpath/uu_exec/alu_srcB_w[3]  
    uu_dtpath/uu_dec/UNCONNECTED_HIER_Z5  
    uu_dtpath/uu_dec/UNCONNECTED_HIER_Z4  
    uu_dtpath/uu_dec/UNCONNECTED_HIER_Z3  
    uu_dtpath/uu_dec/UNCONNECTED_HIER_Z2  
    uu_dtpath/uu_dec/UNCONNECTED_HIER_Z1  
    uu_dtpath/uu_dec/UNCONNECTED_HIER_Z0  
    uu_dtpath/uu_dec/UNCONNECTED_HIER_Z  
    uu_dtpath/uu_dec/UNCONNECTED2  
    uu_dtpath/uu_dec/UNCONNECTED1  
    uu_dtpath/uu_dec/UNCONNECTED0  
    uu_dtpath/uu_dec/UNCONNECTED  
    uu_dtpath/uu_dec/immExt_w[31]  
    uu_dtpath/aluSrc_fd  
    uu_dtpath/UNCONNECTED_HIER_Z55  
    uu_dtpath/UNCONNECTED_HIER_Z54  
    uu_dtpath/UNCONNECTED_HIER_Z53  
    uu_dtpath/UNCONNECTED_HIER_Z52  
    uu_dtpath/UNCONNECTED_HIER_Z51  
    uu_dtpath/UNCONNECTED_HIER_Z50  
    uu_dtpath/UNCONNECTED_HIER_Z49  
    uu_dtpath/UNCONNECTED_HIER_Z48  
    uu_dtpath/UNCONNECTED_HIER_Z47  
    uu_dtpath/UNCONNECTED_HIER_Z46  
    uu_dtpath/UNCONNECTED_HIER_Z45  
    uu_dtpath/UNCONNECTED_HIER_Z44  
    uu_dtpath/UNCONNECTED_HIER_Z43  
    uu_dtpath/UNCONNECTED_HIER_Z42  
    uu_dtpath/UNCONNECTED_HIER_Z41  
    uu_dtpath/UNCONNECTED_HIER_Z40  
    uu_dtpath/UNCONNECTED_HIER_Z39  
    uu_dtpath/UNCONNECTED_HIER_Z38  
    uu_dtpath/UNCONNECTED_HIER_Z37  
    uu_dtpath/UNCONNECTED_HIER_Z36  
    uu_dtpath/UNCONNECTED_HIER_Z35  
    uu_dtpath/UNCONNECTED_HIER_Z34  
    uu_dtpath/UNCONNECTED_HIER_Z33  
    uu_dtpath/UNCONNECTED_HIER_Z32  
    uu_dtpath/UNCONNECTED_HIER_Z31  
    uu_dtpath/UNCONNECTED_HIER_Z30  
    uu_dtpath/UNCONNECTED_HIER_Z29  
    uu_dtpath/UNCONNECTED_HIER_Z28  
    uu_dtpath/UNCONNECTED_HIER_Z27  
    uu_dtpath/UNCONNECTED_HIER_Z26  
    uu_dtpath/UNCONNECTED_HIER_Z25  
    uu_dtpath/UNCONNECTED_HIER_Z24  
    uu_dtpath/UNCONNECTED_HIER_Z23  
    uu_dtpath/UNCONNECTED_HIER_Z22  
    uu_dtpath/UNCONNECTED_HIER_Z21  
    uu_dtpath/UNCONNECTED_HIER_Z20  
    uu_dtpath/UNCONNECTED_HIER_Z19  
    uu_dtpath/UNCONNECTED_HIER_Z18  
    uu_dtpath/UNCONNECTED_HIER_Z17  
    uu_dtpath/UNCONNECTED_HIER_Z16  
    uu_dtpath/UNCONNECTED_HIER_Z15  
    uu_dtpath/UNCONNECTED_HIER_Z14  
    uu_dtpath/UNCONNECTED_HIER_Z13  
    uu_dtpath/UNCONNECTED_HIER_Z12  
    uu_dtpath/UNCONNECTED_HIER_Z11  
    uu_dtpath/UNCONNECTED_HIER_Z10  
    uu_dtpath/UNCONNECTED_HIER_Z9  
    uu_dtpath/UNCONNECTED_HIER_Z8  
    uu_dtpath/UNCONNECTED_HIER_Z7  
    uu_dtpath/UNCONNECTED_HIER_Z6  
    uu_dtpath/UNCONNECTED82  
    uu_dtpath/UNCONNECTED81  
    uu_dtpath/UNCONNECTED80  
    uu_dtpath/UNCONNECTED79  
    uu_dtpath/UNCONNECTED78  
    uu_dtpath/UNCONNECTED77  
    uu_dtpath/UNCONNECTED76  
    uu_dtpath/UNCONNECTED75  
    uu_dtpath/UNCONNECTED74  
    uu_dtpath/UNCONNECTED73  
    uu_dtpath/UNCONNECTED72  
    uu_dtpath/UNCONNECTED71  
    uu_dtpath/UNCONNECTED70  
    uu_dtpath/UNCONNECTED69  
    uu_dtpath/UNCONNECTED68  
    uu_dtpath/UNCONNECTED67  
    uu_dtpath/UNCONNECTED66  
    uu_dtpath/UNCONNECTED65  
    uu_dtpath/UNCONNECTED64  
    uu_dtpath/UNCONNECTED63  
    uu_dtpath/UNCONNECTED62  
    uu_dtpath/UNCONNECTED61  
    uu_dtpath/UNCONNECTED60  
    uu_dtpath/UNCONNECTED59  
    uu_dtpath/UNCONNECTED58  
    uu_dtpath/UNCONNECTED57  
    uu_dtpath/UNCONNECTED56  
    uu_dtpath/UNCONNECTED55  
    uu_dtpath/UNCONNECTED54  
    uu_dtpath/UNCONNECTED53  
    uu_dtpath/UNCONNECTED52  
    uu_dtpath/UNCONNECTED51  
    uu_dtpath/UNCONNECTED50  
    uu_dtpath/UNCONNECTED49  
    uu_dtpath/UNCONNECTED48  
    uu_dtpath/UNCONNECTED47  
    uu_dtpath/UNCONNECTED46  
    uu_dtpath/UNCONNECTED45  
    uu_dtpath/UNCONNECTED44  
    uu_dtpath/UNCONNECTED43  
    uu_dtpath/UNCONNECTED42  
    uu_dtpath/UNCONNECTED41  
    uu_dtpath/UNCONNECTED40  
    uu_dtpath/UNCONNECTED39  
    uu_dtpath/UNCONNECTED38  
    uu_dtpath/UNCONNECTED37  
    uu_dtpath/UNCONNECTED36  
    uu_dtpath/UNCONNECTED35  
    uu_dtpath/UNCONNECTED34  
    uu_dtpath/UNCONNECTED33  
    uu_dtpath/UNCONNECTED32  
    uu_dtpath/UNCONNECTED31  
    uu_dtpath/UNCONNECTED30  
    uu_dtpath/UNCONNECTED29  
    uu_dtpath/UNCONNECTED28  
    uu_dtpath/UNCONNECTED27  
    uu_dtpath/UNCONNECTED26  
    uu_dtpath/UNCONNECTED25  
    uu_dtpath/UNCONNECTED24  
    uu_dtpath/UNCONNECTED23  
    uu_dtpath/UNCONNECTED22  
    uu_dtpath/UNCONNECTED21  
    uu_dtpath/UNCONNECTED20  
    uu_dtpath/UNCONNECTED19  
    uu_dtpath/UNCONNECTED18  
    uu_dtpath/UNCONNECTED17  
    uu_dtpath/UNCONNECTED16  
    uu_dtpath/UNCONNECTED15  
    uu_dtpath/UNCONNECTED14  
    uu_dtpath/UNCONNECTED13  
    uu_dtpath/UNCONNECTED12  
    uu_dtpath/UNCONNECTED11  
    uu_dtpath/UNCONNECTED10  
    uu_dtpath/UNCONNECTED9  
    uu_dtpath/UNCONNECTED8  
    uu_dtpath/UNCONNECTED7  
    uu_dtpath/UNCONNECTED6  
    uu_dtpath/UNCONNECTED5  
    uu_dtpath/pc_plus4_de[0]  
    uu_dtpath/pc_plus4_de[1]  
    uu_dtpath/pc_plus4_fd[0]  
    uu_dtpath/pc_plus4_fd[1]  
    UNCONNECTED_HIER_Z60  
    UNCONNECTED_HIER_Z59  
    UNCONNECTED_HIER_Z58  
    UNCONNECTED_HIER_Z57  
    UNCONNECTED_HIER_Z56  
    UNCONNECTED83  
    uu_dtpath/FE_OFN37_rst_async_n  
    uu_dtpath/uu_exec/FE_OFN302_n_341  
    uu_dtpath/uu_exec/FE_OFN303_n_341  
    uu_dtpath/uu_exec/FE_OFN304_n_342  
    uu_dtpath/uu_exec/FE_OFN328_n_343  
    uu_dtpath/FE_OFN333_wr_dt_reg_2  
    Output Floating nets (No FanOut)  197  
    ------------------------------
    High FanOut Net
    ------------------------------
    uu_dtpath/uu_exec/alu_srcB_w[4]  
    uu_dtpath/FE_OFN18_rst_async_n  
    uu_dtpath/uu_dec/uu_reg_file/FE_OFN20_rst_async_n  
    uu_dtpath/FE_OFN23_rst_async_n  
    uu_dtpath/FE_OFN25_rst_async_n  
    uu_dtpath/uu_dec/uu_reg_file/FE_OFN28_rst_async_n  
    uu_dtpath/FE_OFN30_rst_async_n  
    uu_dtpath/FE_OFN35_rst_async_n  
    uu_dtpath/uu_dec/uu_reg_file/FE_OFN38_rst_async_n  
    uu_dtpath/uu_dec/uu_reg_file/FE_OFN40_rst_async_n  
    uu_dtpath/uu_dec/uu_reg_file/FE_OFN41_rst_async_n  
    uu_dtpath/uu_dec/uu_reg_file/FE_OFN44_rst_async_n  
    uu_dtpath/uu_dec/uu_reg_file/FE_OFN46_rst_async_n  
    uu_dtpath/FE_OFN59_n  
    uu_dtpath/uu_exec/uu_alu/FE_OFN223_alu_srcB_w_0  
    uu_dtpath/uu_dec/FE_OFN440_flush_de  
    uu_dtpath/uu_dec/FE_OFN441_flush_de  
    uu_dtpath/uu_dec/FE_OFN442_flush_de  
    uu_dtpath/uu_exec/uu_alu/FE_OFN448_alu_srcB_w_1  
    uu_dtpath/uu_fetch/FE_OFN450_FE_DBTN0_n_0  
    uu_dtpath/uu_exec/uu_alu/FE_OFN646_n  
    uu_dtpath/uu_exec/uu_alu/FE_OFN651_n_342  
    High Fanout nets (>50)  22  

==============================
Sub Module Port Definition Check
==============================
Tie Hi/Lo instances connected to output: 0  
Verilog nets with multiple drivers: 0  

==============================
Dont Use Cells Used in Design
==============================
Dont use cells in design: 0  

==============================
I/O Pin Check
==============================
Unplaced I/O Pins: 0  
    ------------------------------
    I/O Pin not connected in design
    ------------------------------
    VDD  
    VSS  
    Floating I/O Pins  2  
    ------------------------------
    I/O pins connected to non IO insts (fine for a block though)
    ------------------------------
    I/O Pin  Non I/O Instance  
    clk  uu_dtpath/uu_dec/g1414  
    clk  uu_dtpath/CTS_ccl_a_buf_00307  
    clk  uu_dtpath/CTS_ccl_a_buf_00308  
    clk  CTS_ccl_a_buf_00001  
    rst_async_n  uu_dtpath/FE_OFC0_rst_async_n  
    i_inst[31]  uu_dtpath/uu_fetch/g5923  
    i_inst[30]  uu_dtpath/uu_fetch/g5922  
    i_inst[29]  uu_dtpath/uu_fetch/g5921  
    i_inst[28]  uu_dtpath/uu_fetch/g5920  
    i_inst[27]  uu_dtpath/uu_fetch/g5918  
    i_inst[26]  uu_dtpath/uu_fetch/g5914  
    i_inst[25]  uu_dtpath/uu_fetch/g5910  
    i_inst[24]  uu_dtpath/uu_fetch/g5917  
    i_inst[23]  uu_dtpath/uu_fetch/g5909  
    i_inst[22]  uu_dtpath/uu_fetch/g5906  
    i_inst[21]  uu_dtpath/uu_fetch/g5902  
    i_inst[20]  uu_dtpath/uu_fetch/g5901  
    i_inst[19]  uu_dtpath/uu_fetch/g5897  
    i_inst[18]  uu_dtpath/uu_fetch/g5895  
    i_inst[17]  uu_dtpath/uu_fetch/g5892  
    i_inst[16]  uu_dtpath/uu_fetch/g5890  
    i_inst[15]  uu_dtpath/uu_fetch/g5888  
    i_inst[14]  uu_dtpath/uu_fetch/g5885  
    i_inst[13]  uu_dtpath/uu_fetch/g5883  
    i_inst[12]  uu_dtpath/uu_fetch/g5882  
    i_inst[11]  uu_dtpath/uu_fetch/g5879  
    i_inst[10]  uu_dtpath/uu_fetch/g5875  
    i_inst[9]  uu_dtpath/uu_fetch/g5877  
    i_inst[8]  uu_dtpath/uu_fetch/g5874  
    i_inst[7]  uu_dtpath/uu_fetch/g5962  
    i_inst[6]  uu_dtpath/uu_fetch/g5960  
    i_inst[5]  uu_dtpath/uu_fetch/g5959  
    i_inst[4]  uu_dtpath/uu_fetch/g5958  
    i_inst[3]  uu_dtpath/uu_fetch/g5956  
    i_inst[2]  uu_dtpath/uu_fetch/g5954  
    i_inst[1]  uu_dtpath/uu_fetch/g5952  
    i_inst[0]  uu_dtpath/uu_fetch/g5946  
    o_pc[31]  FE_OFC109_o_pc_31  
    o_pc[30]  FE_OFC100_o_pc_30  
    o_pc[29]  uu_dtpath/uu_fetch/g5953  
    o_pc[29]  uu_dtpath/uu_fetch/g6217  
    o_pc[29]  uu_dtpath/uu_fetch/FE_OFC113_o_pc_29  
    o_pc[28]  uu_dtpath/uu_fetch/g5951  
    o_pc[28]  uu_dtpath/uu_fetch/add_42_30_g711  
    o_pc[28]  uu_dtpath/uu_fetch/FE_OFC103_o_pc_28  
    o_pc[27]  uu_dtpath/uu_fetch/g5950  
    o_pc[27]  uu_dtpath/uu_fetch/g6213  
    o_pc[27]  uu_dtpath/uu_fetch/add_42_30_g705  
    o_pc[27]  uu_dtpath/uu_fetch/add_42_30_g748  
    o_pc[27]  uu_dtpath/uu_fetch/FE_OFC125_o_pc_27  
    o_pc[26]  uu_dtpath/uu_fetch/g5949  
    o_pc[26]  uu_dtpath/uu_fetch/g6211  
    o_pc[26]  uu_dtpath/uu_fetch/add_42_30_g713  
    o_pc[26]  uu_dtpath/uu_fetch/add_42_30_g748  
    o_pc[26]  uu_dtpath/uu_fetch/FE_OFC123_o_pc_26  
    o_pc[25]  uu_dtpath/uu_fetch/g5948  
    o_pc[25]  uu_dtpath/uu_fetch/g6209  
    o_pc[25]  uu_dtpath/uu_fetch/add_42_30_g701  
    o_pc[25]  uu_dtpath/uu_fetch/add_42_30_g743  
    o_pc[25]  uu_dtpath/uu_fetch/FE_OFC134_o_pc_25  
    o_pc[24]  uu_dtpath/uu_fetch/g5947  
    o_pc[24]  uu_dtpath/uu_fetch/g6207  
    o_pc[24]  uu_dtpath/uu_fetch/add_42_30_g709  
    o_pc[24]  uu_dtpath/uu_fetch/add_42_30_g743  
    o_pc[24]  uu_dtpath/uu_fetch/FE_OFC133_o_pc_24  
    o_pc[23]  uu_dtpath/uu_fetch/g5945  
    o_pc[23]  uu_dtpath/uu_fetch/g6205  
    o_pc[23]  uu_dtpath/uu_fetch/add_42_30_g706  
    o_pc[23]  uu_dtpath/uu_fetch/add_42_30_g742  
    o_pc[23]  uu_dtpath/uu_fetch/FE_OFC155_o_pc_23  
    o_pc[22]  uu_dtpath/uu_fetch/g5944  
    o_pc[22]  uu_dtpath/uu_fetch/g6203  
    o_pc[22]  uu_dtpath/uu_fetch/add_42_30_g715  
    o_pc[22]  uu_dtpath/uu_fetch/add_42_30_g742  
    o_pc[22]  uu_dtpath/uu_fetch/FE_OFC140_o_pc_22  
    o_pc[21]  uu_dtpath/uu_fetch/g5943  
    o_pc[21]  uu_dtpath/uu_fetch/g6201  
    o_pc[21]  uu_dtpath/uu_fetch/add_42_30_g697  
    o_pc[21]  uu_dtpath/uu_fetch/add_42_30_g746  
    o_pc[21]  uu_dtpath/uu_fetch/FE_OFC168_o_pc_21  
    o_pc[20]  uu_dtpath/uu_fetch/g5942  
    o_pc[20]  uu_dtpath/uu_fetch/g6199  
    o_pc[20]  uu_dtpath/uu_fetch/add_42_30_g699  
    o_pc[20]  uu_dtpath/uu_fetch/add_42_30_g746  
    o_pc[20]  uu_dtpath/uu_fetch/FE_OFC158_o_pc_20  
    o_pc[19]  uu_dtpath/uu_fetch/g5941  
    o_pc[19]  uu_dtpath/uu_fetch/g6197  
    o_pc[19]  uu_dtpath/uu_fetch/add_42_30_g704  
    o_pc[19]  uu_dtpath/uu_fetch/add_42_30_g740  
    o_pc[19]  uu_dtpath/uu_fetch/FE_OFC139_o_pc_19  
    o_pc[18]  FE_OFC1039_o_pc_18  
    o_pc[17]  uu_dtpath/uu_fetch/add_42_30_g750  
    o_pc[17]  uu_dtpath/uu_fetch/FE_OFC1050_o_pc_17  
    o_pc[16]  uu_dtpath/uu_fetch/add_42_30_g750  
    o_pc[16]  uu_dtpath/uu_fetch/FE_OFC1048_o_pc_16  
    o_pc[15]  uu_dtpath/uu_fetch/pc_ff_reg[15]  
    o_pc[15]  uu_dtpath/uu_fetch/g5937  
    o_pc[15]  uu_dtpath/uu_fetch/g6189  
    o_pc[15]  uu_dtpath/uu_fetch/add_42_30_g712  
    o_pc[15]  uu_dtpath/uu_fetch/add_42_30_g741  
    o_pc[14]  uu_dtpath/uu_fetch/pc_ff_reg[14]  
    o_pc[14]  uu_dtpath/uu_fetch/g5936  
    o_pc[14]  uu_dtpath/uu_fetch/g6187  
    o_pc[14]  uu_dtpath/uu_fetch/add_42_30_g718  
    o_pc[14]  uu_dtpath/uu_fetch/add_42_30_g741  
    o_pc[13]  uu_dtpath/uu_fetch/g5935  
    o_pc[13]  uu_dtpath/uu_fetch/g6185  
    o_pc[13]  uu_dtpath/uu_fetch/add_42_30_g698  
    o_pc[13]  uu_dtpath/uu_fetch/add_42_30_g739  
    o_pc[13]  uu_dtpath/uu_fetch/FE_OFC160_o_pc_13  
    o_pc[12]  uu_dtpath/uu_fetch/g6183  
    o_pc[12]  uu_dtpath/uu_fetch/add_42_30_g739  
    o_pc[12]  uu_dtpath/uu_fetch/g5934  
    o_pc[12]  uu_dtpath/uu_fetch/add_42_30_g700  
    o_pc[12]  uu_dtpath/uu_fetch/pc_ff_reg[12]  
    o_pc[11]  uu_dtpath/uu_fetch/pc_ff_reg[11]  
    o_pc[11]  uu_dtpath/uu_fetch/g5933  
    o_pc[11]  uu_dtpath/uu_fetch/g6181  
    o_pc[11]  uu_dtpath/uu_fetch/add_42_30_g710  
    o_pc[11]  uu_dtpath/uu_fetch/add_42_30_g749  
    o_pc[10]  uu_dtpath/uu_fetch/pc_ff_reg[10]  
    o_pc[10]  uu_dtpath/uu_fetch/g5931  
    o_pc[10]  uu_dtpath/uu_fetch/g6179  
    o_pc[10]  uu_dtpath/uu_fetch/add_42_30_g721  
    o_pc[10]  uu_dtpath/uu_fetch/add_42_30_g749  
    o_pc[9]  uu_dtpath/uu_fetch/g5930  
    o_pc[9]  uu_dtpath/uu_fetch/g6177  
    o_pc[9]  uu_dtpath/uu_fetch/add_42_30_g716  
    o_pc[9]  uu_dtpath/uu_fetch/add_42_30_g734  
    o_pc[9]  uu_dtpath/uu_fetch/FE_OFC59_o_pc_9  
    o_pc[8]  uu_dtpath/uu_fetch/g5932  
    o_pc[8]  uu_dtpath/uu_fetch/g6175  
    o_pc[8]  uu_dtpath/uu_fetch/add_42_30_g720  
    o_pc[8]  uu_dtpath/uu_fetch/add_42_30_g734  
    o_pc[8]  uu_dtpath/uu_fetch/FE_OFC83_o_pc_8  
    o_pc[7]  FE_OFC70_o_pc_7  
    o_pc[6]  FE_OFC84_o_pc_6  
    o_pc[5]  FE_OFC75_o_pc_5  
    o_pc[4]  FE_OFC1046_o_pc_4  
    o_pc[3]  uu_dtpath/uu_fetch/g5926  
    o_pc[3]  uu_dtpath/uu_fetch/g5961  
    o_pc[3]  uu_dtpath/uu_fetch/add_42_30_g736  
    o_pc[3]  uu_dtpath/uu_fetch/FE_OFC80_o_pc_3  
    o_pc[2]  FE_OFC151_o_pc_2  
    o_pc[1]  FE_OFC105_o_pc_1  
    o_pc[0]  FE_OFC98_o_pc_0  
    o_mem_clk  CTS_ccl_a_buf_00001  
    o_writeData[31]  uu_dtpath/uu_exec/writeData_ff_reg[31]  
    o_writeData[30]  uu_dtpath/uu_exec/writeData_ff_reg[30]  
    o_writeData[29]  uu_dtpath/uu_exec/writeData_ff_reg[29]  
    o_writeData[28]  uu_dtpath/uu_exec/writeData_ff_reg[28]  
    o_writeData[27]  uu_dtpath/uu_exec/writeData_ff_reg[27]  
    o_writeData[26]  FE_OFC167_o_writeData_26  
    o_writeData[25]  uu_dtpath/uu_exec/writeData_ff_reg[25]  
    o_writeData[24]  uu_dtpath/uu_exec/writeData_ff_reg[24]  
    o_writeData[23]  uu_dtpath/uu_exec/writeData_ff_reg[23]  
    o_writeData[22]  uu_dtpath/uu_exec/writeData_ff_reg[22]  
    o_writeData[21]  uu_dtpath/uu_exec/writeData_ff_reg[21]  
    o_writeData[20]  uu_dtpath/uu_exec/writeData_ff_reg[20]  
    o_writeData[19]  uu_dtpath/uu_exec/writeData_ff_reg[19]  
    o_writeData[18]  uu_dtpath/uu_exec/writeData_ff_reg[18]  
    o_writeData[17]  uu_dtpath/uu_exec/writeData_ff_reg[17]  
    o_writeData[16]  uu_dtpath/uu_exec/writeData_ff_reg[16]  
    o_writeData[15]  uu_dtpath/uu_exec/writeData_ff_reg[15]  
    o_writeData[14]  uu_dtpath/uu_exec/writeData_ff_reg[14]  
    o_writeData[13]  uu_dtpath/uu_exec/writeData_ff_reg[13]  
    o_writeData[12]  uu_dtpath/uu_exec/writeData_ff_reg[12]  
    o_writeData[11]  uu_dtpath/uu_exec/writeData_ff_reg[11]  
    o_writeData[10]  uu_dtpath/uu_exec/writeData_ff_reg[10]  
    o_writeData[9]  uu_dtpath/uu_exec/writeData_ff_reg[9]  
    o_writeData[8]  uu_dtpath/uu_exec/writeData_ff_reg[8]  
    o_writeData[7]  uu_dtpath/uu_exec/writeData_ff_reg[7]  
    o_writeData[6]  uu_dtpath/uu_exec/writeData_ff_reg[6]  
    o_writeData[5]  uu_dtpath/uu_exec/writeData_ff_reg[5]  
    o_writeData[4]  FE_OFC163_o_writeData_4  
    o_writeData[3]  uu_dtpath/uu_exec/writeData_ff_reg[3]  
    o_writeData[2]  uu_dtpath/uu_exec/writeData_ff_reg[2]  
    o_writeData[1]  uu_dtpath/uu_exec/writeData_ff_reg[1]  
    o_writeData[0]  uu_dtpath/uu_exec/writeData_ff_reg[0]  
    o_writeAddr[31]  FE_OFC111_o_writeAddr_31  
    o_writeAddr[30]  uu_dtpath/uu_exec/g5848  
    o_writeAddr[30]  uu_dtpath/uu_exec/g6186  
    o_writeAddr[30]  uu_dtpath/uu_mem/o_aluResult_reg[30]  
    o_writeAddr[30]  uu_dtpath/uu_exec/FE_OFC72_o_writeAddr_30  
    o_writeAddr[29]  uu_dtpath/uu_mem/o_aluResult_reg[29]  
    o_writeAddr[29]  uu_dtpath/FE_OFC117_o_writeAddr_29  
    o_writeAddr[28]  uu_dtpath/uu_mem/o_aluResult_reg[28]  
    o_writeAddr[28]  uu_dtpath/FE_OFC152_o_writeAddr_28  
    o_writeAddr[27]  uu_dtpath/uu_mem/o_aluResult_reg[27]  
    o_writeAddr[27]  uu_dtpath/FE_OFC149_o_writeAddr_27  
    o_writeAddr[26]  uu_dtpath/uu_exec/g5856  
    o_writeAddr[26]  uu_dtpath/uu_mem/o_aluResult_reg[26]  
    o_writeAddr[26]  uu_dtpath/uu_exec/FE_OFC95_o_writeAddr_26  
    o_writeAddr[25]  uu_dtpath/uu_exec/g6183  
    o_writeAddr[25]  uu_dtpath/uu_mem/o_aluResult_reg[25]  
    o_writeAddr[25]  uu_dtpath/uu_exec/FE_OFC112_o_writeAddr_25  
    o_writeAddr[24]  uu_dtpath/uu_exec/g6184  
    o_writeAddr[24]  uu_dtpath/uu_mem/o_aluResult_reg[24]  
    o_writeAddr[24]  uu_dtpath/uu_exec/FE_OFC99_o_writeAddr_24  
    o_writeAddr[23]  uu_dtpath/uu_exec/g5854  
    o_writeAddr[23]  uu_dtpath/uu_mem/o_aluResult_reg[23]  
    o_writeAddr[23]  uu_dtpath/uu_exec/FE_OFC107_o_writeAddr_23  
    o_writeAddr[22]  uu_dtpath/uu_mem/o_aluResult_reg[22]  
    o_writeAddr[22]  uu_dtpath/FE_OFC137_o_writeAddr_22  
    o_writeAddr[21]  uu_dtpath/uu_exec/g5865  
    o_writeAddr[21]  uu_dtpath/uu_mem/o_aluResult_reg[21]  
    o_writeAddr[21]  uu_dtpath/uu_exec/FE_OFC116_o_writeAddr_21  
    o_writeAddr[20]  uu_dtpath/uu_mem/o_aluResult_reg[20]  
    o_writeAddr[20]  uu_dtpath/FE_OFC165_o_writeAddr_20  
    o_writeAddr[19]  uu_dtpath/uu_mem/o_aluResult_reg[19]  
    o_writeAddr[19]  uu_dtpath/FE_OFC144_o_writeAddr_19  
    o_writeAddr[18]  uu_dtpath/uu_mem/o_aluResult_reg[18]  
    o_writeAddr[18]  uu_dtpath/FE_OFC156_o_writeAddr_18  
    o_writeAddr[17]  uu_dtpath/uu_mem/o_aluResult_reg[17]  
    o_writeAddr[17]  uu_dtpath/FE_OFC122_o_writeAddr_17  
    o_writeAddr[16]  FE_OFC92_o_writeAddr_16  
    o_writeAddr[15]  FE_OFC90_o_writeAddr_15  
    o_writeAddr[14]  uu_dtpath/uu_mem/o_aluResult_reg[14]  
    o_writeAddr[14]  uu_dtpath/FE_OFC108_o_writeAddr_14  
    o_writeAddr[13]  uu_dtpath/uu_exec/FE_OFC88_o_writeAddr_13  
    o_writeAddr[13]  uu_dtpath/uu_exec/g5821  
    o_writeAddr[12]  uu_dtpath/uu_exec/aluResult_ff_reg[12]  
    o_writeAddr[12]  uu_dtpath/uu_mem/o_aluResult_reg[12]  
    o_writeAddr[11]  uu_dtpath/uu_mem/o_aluResult_reg[11]  
    o_writeAddr[11]  uu_dtpath/FE_OFC187_o_writeAddr_11  
    o_writeAddr[10]  uu_dtpath/uu_mem/o_aluResult_reg[10]  
    o_writeAddr[10]  uu_dtpath/FE_OFC154_o_writeAddr_10  
    o_writeAddr[9]  FE_OFC153_o_writeAddr_9  
    o_writeAddr[8]  uu_dtpath/uu_mem/o_aluResult_reg[8]  
    o_writeAddr[8]  uu_dtpath/FE_OFC177_o_writeAddr_8  
    o_writeAddr[7]  uu_dtpath/uu_exec/g5874  
    o_writeAddr[7]  uu_dtpath/uu_mem/o_aluResult_reg[7]  
    o_writeAddr[7]  uu_dtpath/uu_exec/FE_OFC145_o_writeAddr_7  
    o_writeAddr[6]  uu_dtpath/uu_exec/g5872  
    o_writeAddr[6]  uu_dtpath/uu_mem/o_aluResult_reg[6]  
    o_writeAddr[6]  uu_dtpath/uu_exec/FE_OFC142_o_writeAddr_6  
    o_writeAddr[5]  FE_OFC121_o_writeAddr_5  
    o_writeAddr[4]  uu_dtpath/uu_exec/g5891  
    o_writeAddr[4]  uu_dtpath/uu_mem/o_aluResult_reg[4]  
    o_writeAddr[4]  uu_dtpath/uu_exec/FE_OFC106_o_writeAddr_4  
    o_writeAddr[3]  uu_dtpath/uu_exec/g5879  
    o_writeAddr[3]  uu_dtpath/uu_exec/g5903  
    o_writeAddr[3]  uu_dtpath/uu_mem/o_aluResult_reg[3]  
    o_writeAddr[3]  uu_dtpath/uu_exec/FE_OFC81_o_writeAddr_3  
    o_writeAddr[2]  uu_dtpath/uu_exec/FE_OFC1043_o_writeAddr_2  
    o_writeAddr[2]  uu_dtpath/uu_exec/g5904  
    o_writeAddr[1]  FE_OFC176_o_writeAddr_1  
    o_writeAddr[0]  uu_dtpath/uu_exec/g5842  
    o_writeAddr[0]  uu_dtpath/uu_exec/g5947  
    o_writeAddr[0]  uu_dtpath/uu_mem/o_aluResult_reg[0]  
    o_writeAddr[0]  uu_dtpath/uu_exec/FE_OFC67_o_writeAddr_0  
    o_memWrite  uu_dtpath/uu_exec/o_memWrite_reg  
    o_writeWidth[2]  uu_dtpath/uu_exec/o_funct3_reg[2]  
    o_writeWidth[1]  uu_dtpath/uu_exec/o_funct3_reg[1]  
    o_writeWidth[0]  uu_dtpath/uu_exec/o_funct3_reg[0]  
    i_readData[31]  uu_dtpath/uu_mem/o_readData_reg[31]  
    i_readData[30]  uu_dtpath/uu_mem/o_readData_reg[30]  
    i_readData[29]  uu_dtpath/uu_mem/o_readData_reg[29]  
    i_readData[28]  uu_dtpath/uu_mem/o_readData_reg[28]  
    i_readData[27]  uu_dtpath/uu_mem/o_readData_reg[27]  
    i_readData[26]  uu_dtpath/uu_mem/o_readData_reg[26]  
    i_readData[25]  uu_dtpath/uu_mem/o_readData_reg[25]  
    i_readData[24]  uu_dtpath/uu_mem/o_readData_reg[24]  
    i_readData[23]  uu_dtpath/uu_mem/o_readData_reg[23]  
    i_readData[22]  uu_dtpath/uu_mem/o_readData_reg[22]  
    i_readData[21]  uu_dtpath/uu_mem/o_readData_reg[21]  
    i_readData[20]  uu_dtpath/uu_mem/o_readData_reg[20]  
    i_readData[19]  uu_dtpath/uu_mem/o_readData_reg[19]  
    i_readData[18]  uu_dtpath/uu_mem/o_readData_reg[18]  
    i_readData[17]  uu_dtpath/uu_mem/o_readData_reg[17]  
    i_readData[16]  uu_dtpath/uu_mem/o_readData_reg[16]  
    i_readData[15]  uu_dtpath/uu_mem/o_readData_reg[15]  
    i_readData[14]  uu_dtpath/uu_mem/o_readData_reg[14]  
    i_readData[13]  uu_dtpath/uu_mem/o_readData_reg[13]  
    i_readData[12]  uu_dtpath/uu_mem/o_readData_reg[12]  
    i_readData[11]  uu_dtpath/uu_mem/o_readData_reg[11]  
    i_readData[10]  uu_dtpath/uu_mem/o_readData_reg[10]  
    i_readData[9]  uu_dtpath/uu_mem/o_readData_reg[9]  
    i_readData[8]  uu_dtpath/uu_mem/o_readData_reg[8]  
    i_readData[7]  uu_dtpath/uu_mem/o_readData_reg[7]  
    i_readData[6]  uu_dtpath/uu_mem/o_readData_reg[6]  
    i_readData[5]  uu_dtpath/uu_mem/o_readData_reg[5]  
    i_readData[4]  uu_dtpath/uu_mem/o_readData_reg[4]  
    i_readData[3]  uu_dtpath/uu_mem/o_readData_reg[3]  
    i_readData[2]  uu_dtpath/uu_mem/o_readData_reg[2]  
    i_readData[1]  uu_dtpath/uu_mem/o_readData_reg[1]  
    i_readData[0]  uu_dtpath/uu_mem/o_readData_reg[0]  
    I/O Pins connected to Non-IO Insts  167  

==============================
Unplaced IO Pads
==============================
Unplaced I/O Pads: 0  

==============================
Power Ground Nets
==============================
VSS : Unrouted   
VDD : Unrouted   

==============================
Power/Ground Pin Connectivity
==============================
    Floating Power Ground terms  0  
    Power/Ground pins connected to non Power/Ground net  0  
    Power pin connected to Ground net  0  
    Ground pin connected to Power net  0  
        1) Number of error=0 & warning=0.

==============================
Top level Floorplan Check
==============================
Off-Grid Horizontal Tracks: 0  
Off-Grid Vertical Tracks: 0  
Placement grid on Mfg. grid: FALSE  
User grid a multiple of Mfg. grid: FALSE  
User grid a multiple of Mfg. grid: FALSE  
Horizontal GCell Grid off Mfg. grid: 0  
Vertical GCell Grid off Mfg. grid: 0  
Core Row grid not a multiple of Mfg. grid: 2  
AreaIO rows not on core-grid: 0  
BlackBoxes Off Mfg. Grid: 0  
Blocks Off Mfg. Grid: 0  
BlackBoxes Off placement Grid: 0  
Blocks off placement Grid: 0  
Instances not snapped to row site: 0  
Instances not on Mfg. Grid: 0  
PrePlaced hard-macro pins not on routing grid: 0  
Class COVER cell not snapped to manufacture grid: 0  
Modules with off-grid Constraints: 0  
Groups with off-grid Constraints: 0  
PartitionPower Domain off Grid: 0  
PreRoute not on Mfg. grid: 0  
Off Track Pre-Routes: 0  
Off Grid Power/Ground Pre-routes: 0  
