###############################################################
#  Generated by:      Cadence Innovus 22.14-s061_1
#  OS:                Linux x86_64(Host ID microeletronica)
#  Generated on:      Tue Jun 30 18:27:14 2026
#  Design:            ariscv
#  Command:           report_timing -max_paths 20 -path_type full_clock -net > $REPORT_PATH/timing.rpt
###############################################################
Path 1: VIOLATED Setup Check with Pin uu_dtpath/uu_dec/o_funct3_reg[1]/CK 
Endpoint:   uu_dtpath/uu_dec/o_funct3_reg[1]/D    (^) checked with  leading 
edge of 'clk'
Beginpoint: uu_dtpath/uu_mem/o_resultSrc_reg[1]/Q (v) triggered by  leading 
edge of 'clk'
Path Groups: {clk}
Analysis View: setup
Other End Arrival Time         -0.046
- Setup                         0.174
+ Phase Shift                   4.400
- Uncertainty                   0.100
= Required Time                 4.080
- Arrival Time                  4.148
= Slack Time                   -0.068
     Clock Rise Edge                      0.000
     + Source Insertion Delay            -0.609
     = Beginpoint Arrival Time           -0.609
     Timing Path:
     +---------------------------------------------------------------------------------------------------------------------------------------------------------+ 
     |                        Pin                         | Edge |                        Net                         |   Cell    | Delay | Arrival | Required | 
     |                                                    |      |                                                    |           |       |  Time   |   Time   | 
     |----------------------------------------------------+------+----------------------------------------------------+-----------+-------+---------+----------| 
     | clk                                                |  ^   | clk                                                |           |       |  -0.609 |   -0.676 | 
     | uu_dtpath/CTS_ccl_a_buf_00307/A                    |  ^   | clk                                                | CLKBUFX4  | 0.001 |  -0.607 |   -0.675 | 
     | uu_dtpath/CTS_ccl_a_buf_00307/Y                    |  ^   | uu_dtpath/CTS_56                                   | CLKBUFX4  | 0.086 |  -0.521 |   -0.589 | 
     | uu_dtpath/CTS_ccl_a_buf_00290/A                    |  ^   | uu_dtpath/CTS_56                                   | CLKBUFX4  | 0.000 |  -0.521 |   -0.589 | 
     | uu_dtpath/CTS_ccl_a_buf_00290/Y                    |  ^   | uu_dtpath/CTS_55                                   | CLKBUFX4  | 0.101 |  -0.420 |   -0.488 | 
     | uu_dtpath/CTS_ccl_a_buf_00274/A                    |  ^   | uu_dtpath/CTS_55                                   | CLKBUFX3  | 0.000 |  -0.420 |   -0.488 | 
     | uu_dtpath/CTS_ccl_a_buf_00274/Y                    |  ^   | uu_dtpath/CTS_42                                   | CLKBUFX3  | 0.090 |  -0.329 |   -0.397 | 
     | uu_dtpath/CTS_ccl_a_buf_00253/A                    |  ^   | uu_dtpath/CTS_42                                   | CLKBUFX3  | 0.000 |  -0.329 |   -0.397 | 
     | uu_dtpath/CTS_ccl_a_buf_00253/Y                    |  ^   | uu_dtpath/CTS_40                                   | CLKBUFX3  | 0.090 |  -0.240 |   -0.307 | 
     | uu_dtpath/CTS_ccl_a_buf_00207/A                    |  ^   | uu_dtpath/CTS_40                                   | CLKBUFX3  | 0.000 |  -0.239 |   -0.307 | 
     | uu_dtpath/CTS_ccl_a_buf_00207/Y                    |  ^   | uu_dtpath/CTS_38                                   | CLKBUFX3  | 0.089 |  -0.150 |   -0.218 | 
     | uu_dtpath/CTS_ccl_a_buf_00034/A                    |  ^   | uu_dtpath/CTS_38                                   | CLKBUFX4  | 0.000 |  -0.150 |   -0.218 | 
     | uu_dtpath/CTS_ccl_a_buf_00034/Y                    |  ^   | uu_dtpath/CTS_32                                   | CLKBUFX4  | 0.102 |  -0.049 |   -0.117 | 
     | uu_dtpath/uu_mem/o_resultSrc_reg[1]/CK             |  ^   | uu_dtpath/CTS_32                                   | DFFRHQX4  | 0.000 |  -0.049 |   -0.117 | 
     | uu_dtpath/uu_mem/o_resultSrc_reg[1]/Q              |  v   | uu_dtpath/resultSrc_mw[1]                          | DFFRHQX4  | 0.277 |   0.228 |    0.161 | 
     | uu_dtpath/uu_wb/g1420/B                            |  v   | uu_dtpath/resultSrc_mw[1]                          | NOR2X6    | 0.000 |   0.229 |    0.161 | 
     | uu_dtpath/uu_wb/g1420/Y                            |  ^   | uu_dtpath/uu_wb/n_2                                | NOR2X6    | 0.125 |   0.354 |    0.286 | 
     | uu_dtpath/uu_wb/FE_OFC699_n_2/A                    |  ^   | uu_dtpath/uu_wb/n_2                                | BUFX3     | 0.000 |   0.354 |    0.287 | 
     | uu_dtpath/uu_wb/FE_OFC699_n_2/Y                    |  ^   | uu_dtpath/uu_wb/n_25                               | BUFX3     | 0.201 |   0.556 |    0.488 | 
     | uu_dtpath/uu_wb/g1441/A1                           |  ^   | uu_dtpath/uu_wb/n_25                               | AOI22X2   | 0.001 |   0.556 |    0.488 | 
     | uu_dtpath/uu_wb/g1441/Y                            |  v   | uu_dtpath/uu_wb/n_267                              | AOI22X2   | 0.159 |   0.715 |    0.647 | 
     | uu_dtpath/uu_wb/g1293/B                            |  v   | uu_dtpath/uu_wb/n_267                              | NAND2X1   | 0.000 |   0.715 |    0.647 | 
     | uu_dtpath/uu_wb/g1293/Y                            |  ^   | uu_dtpath/wr_dt_reg[4]                             | NAND2X1   | 0.098 |   0.813 |    0.745 | 
     | uu_dtpath/FE_OFC945_wr_dt_reg_4/A                  |  ^   | uu_dtpath/wr_dt_reg[4]                             | CLKBUFX6  | 0.000 |   0.813 |    0.745 | 
     | uu_dtpath/FE_OFC945_wr_dt_reg_4/Y                  |  ^   | uu_dtpath/FE_OFN233_wr_dt_reg_4                    | CLKBUFX6  | 0.156 |   0.969 |    0.901 | 
     | uu_dtpath/uu_exec/g5895/A                          |  ^   | uu_dtpath/FE_OFN233_wr_dt_reg_4                    | NAND2X4   | 0.000 |   0.969 |    0.901 | 
     | uu_dtpath/uu_exec/g5895/Y                          |  v   | uu_dtpath/uu_exec/n_150                            | NAND2X4   | 0.126 |   1.095 |    1.027 | 
     | uu_dtpath/uu_exec/g5653/A                          |  v   | uu_dtpath/uu_exec/n_150                            | NAND2X6   | 0.000 |   1.095 |    1.027 | 
     | uu_dtpath/uu_exec/g5653/Y                          |  ^   | uu_dtpath/uu_exec/n_350                            | NAND2X6   | 0.060 |   1.154 |    1.087 | 
     | uu_dtpath/uu_exec/g5567/A1                         |  ^   | uu_dtpath/uu_exec/n_350                            | AOI21X2   | 0.000 |   1.155 |    1.087 | 
     | uu_dtpath/uu_exec/g5567/Y                          |  v   | uu_dtpath/uu_exec/n_344                            | AOI21X2   | 0.131 |   1.286 |    1.218 | 
     | uu_dtpath/uu_exec/FE_OFC301_n_344/A                |  v   | uu_dtpath/uu_exec/n_344                            | BUFX12    | 0.000 |   1.286 |    1.218 | 
     | uu_dtpath/uu_exec/FE_OFC301_n_344/Y                |  v   | uu_dtpath/uu_exec/FE_OFN320_n_344                  | BUFX12    | 0.210 |   1.495 |    1.427 | 
     | uu_dtpath/uu_exec/g5565/A                          |  v   | uu_dtpath/uu_exec/FE_OFN320_n_344                  | CLKINVX20 | 0.004 |   1.499 |    1.431 | 
     | uu_dtpath/uu_exec/g5565/Y                          |  ^   | uu_dtpath/uu_exec/alu_srcB_w[4]                    | CLKINVX20 | 0.126 |   1.625 |    1.557 | 
     | uu_dtpath/uu_exec/uu_alu/sll_22_38_g3849/B         |  ^   | uu_dtpath/uu_exec/alu_srcB_w[4]                    | NOR2X6    | 0.002 |   1.627 |    1.559 | 
     | uu_dtpath/uu_exec/uu_alu/sll_22_38_g3849/Y         |  v   | uu_dtpath/uu_exec/uu_alu/sll_22_38_n_79            | NOR2X6    | 0.081 |   1.708 |    1.640 | 
     | uu_dtpath/uu_exec/uu_alu/sll_22_38_g3770/B         |  v   | uu_dtpath/uu_exec/uu_alu/sll_22_38_n_79            | CLKAND2X3 | 0.000 |   1.708 |    1.640 | 
     | uu_dtpath/uu_exec/uu_alu/sll_22_38_g3770/Y         |  v   | uu_dtpath/uu_exec/uu_alu/sll_22_38_n_133           | CLKAND2X3 | 0.101 |   1.809 |    1.741 | 
     | uu_dtpath/uu_exec/uu_alu/FE_OFC772_sll_22_38_n_133 |  v   | uu_dtpath/uu_exec/uu_alu/sll_22_38_n_133           | INVX1     | 0.000 |   1.809 |    1.741 | 
     | /A                                                 |      |                                                    |           |       |         |          | 
     | uu_dtpath/uu_exec/uu_alu/FE_OFC772_sll_22_38_n_133 |  ^   | uu_dtpath/uu_exec/uu_alu/sll_22_38_n_30            | INVX1     | 0.049 |   1.858 |    1.790 | 
     | /Y                                                 |      |                                                    |           |       |         |          | 
     | uu_dtpath/uu_exec/uu_alu/sll_22_38_g3733/B         |  ^   | uu_dtpath/uu_exec/uu_alu/sll_22_38_n_30            | NOR2X4    | 0.000 |   1.858 |    1.790 | 
     | uu_dtpath/uu_exec/uu_alu/sll_22_38_g3733/Y         |  v   | uu_dtpath/uu_exec/uu_alu/sll_22_38_n_172           | NOR2X4    | 0.050 |   1.908 |    1.840 | 
     | uu_dtpath/uu_exec/uu_alu/sll_22_38_g3674/A1        |  v   | uu_dtpath/uu_exec/uu_alu/sll_22_38_n_172           | AOI22X2   | 0.000 |   1.908 |    1.840 | 
     | uu_dtpath/uu_exec/uu_alu/sll_22_38_g3674/Y         |  ^   | uu_dtpath/uu_exec/uu_alu/sll_22_38_n_215           | AOI22X2   | 0.103 |   2.011 |    1.943 | 
     | uu_dtpath/uu_exec/uu_alu/sll_22_38_g3619/B         |  ^   | uu_dtpath/uu_exec/uu_alu/sll_22_38_n_215           | NAND2X1   | 0.000 |   2.011 |    1.943 | 
     | uu_dtpath/uu_exec/uu_alu/sll_22_38_g3619/Y         |  v   | uu_dtpath/uu_exec/uu_alu/sll_22_38_n_263           | NAND2X1   | 0.142 |   2.153 |    2.085 | 
     | uu_dtpath/uu_exec/uu_alu/sll_22_38_g3560/B0        |  v   | uu_dtpath/uu_exec/uu_alu/sll_22_38_n_263           | AOI2BB1X1 | 0.000 |   2.153 |    2.085 | 
     | uu_dtpath/uu_exec/uu_alu/sll_22_38_g3560/Y         |  ^   | uu_dtpath/uu_exec/uu_alu/sll_22_38_n_319           | AOI2BB1X1 | 0.155 |   2.308 |    2.240 | 
     | uu_dtpath/uu_exec/uu_alu/sll_22_38_g3539/B0        |  ^   | uu_dtpath/uu_exec/uu_alu/sll_22_38_n_319           | OAI21X4   | 0.000 |   2.308 |    2.240 | 
     | uu_dtpath/uu_exec/uu_alu/sll_22_38_g3539/Y         |  v   | uu_dtpath/uu_exec/uu_alu/n_639                     | OAI21X4   | 0.116 |   2.424 |    2.356 | 
     | uu_dtpath/uu_exec/uu_alu/g6504/B                   |  v   | uu_dtpath/uu_exec/uu_alu/n_639                     | NAND2BX4  | 0.000 |   2.424 |    2.356 | 
     | uu_dtpath/uu_exec/uu_alu/g6504/Y                   |  ^   | uu_dtpath/uu_exec/uu_alu/n_71                      | NAND2BX4  | 0.064 |   2.488 |    2.420 | 
     | uu_dtpath/uu_exec/uu_alu/g6095/B                   |  ^   | uu_dtpath/uu_exec/uu_alu/n_71                      | NAND2X2   | 0.000 |   2.488 |    2.420 | 
     | uu_dtpath/uu_exec/uu_alu/g6095/Y                   |  v   | uu_dtpath/uu_exec/uu_alu/n_544                     | NAND2X2   | 0.098 |   2.586 |    2.518 | 
     | uu_dtpath/uu_exec/uu_alu/csa_tree_eq_29_30_groupi_ |  v   | uu_dtpath/uu_exec/uu_alu/n_544                     | CLKXOR2X1 | 0.000 |   2.586 |    2.518 | 
     | g707/B                                             |      |                                                    |           |       |         |          | 
     | uu_dtpath/uu_exec/uu_alu/csa_tree_eq_29_30_groupi_ |  ^   | uu_dtpath/uu_exec/uu_alu/csa_tree_eq_29_30_groupi_ | CLKXOR2X1 | 0.170 |   2.756 |    2.688 | 
     | g707/Y                                             |      | n_65                                               |           |       |         |          | 
     | uu_dtpath/uu_exec/uu_alu/FE_RC_8_0/A               |  ^   | uu_dtpath/uu_exec/uu_alu/csa_tree_eq_29_30_groupi_ | XNOR2X1   | 0.000 |   2.756 |    2.688 | 
     |                                                    |      | n_65                                               |           |       |         |          | 
     | uu_dtpath/uu_exec/uu_alu/FE_RC_8_0/Y               |  v   | uu_dtpath/uu_exec/uu_alu/csa_tree_eq_29_30_groupi_ | XNOR2X1   | 0.248 |   3.004 |    2.936 | 
     |                                                    |      | n_93                                               |           |       |         |          | 
     | uu_dtpath/uu_exec/uu_alu/csa_tree_eq_29_30_groupi_ |  v   | uu_dtpath/uu_exec/uu_alu/csa_tree_eq_29_30_groupi_ | NOR2X4    | 0.000 |   3.004 |    2.936 | 
     | g643/B                                             |      | n_93                                               |           |       |         |          | 
     | uu_dtpath/uu_exec/uu_alu/csa_tree_eq_29_30_groupi_ |  ^   | uu_dtpath/uu_exec/uu_alu/csa_tree_eq_29_30_groupi_ | NOR2X4    | 0.106 |   3.110 |    3.042 | 
     | g643/Y                                             |      | n_124                                              |           |       |         |          | 
     | uu_dtpath/uu_exec/uu_alu/csa_tree_eq_29_30_groupi_ |  ^   | uu_dtpath/uu_exec/uu_alu/csa_tree_eq_29_30_groupi_ | NAND2X6   | 0.000 |   3.110 |    3.042 | 
     | g641/B                                             |      | n_124                                              |           |       |         |          | 
     | uu_dtpath/uu_exec/uu_alu/csa_tree_eq_29_30_groupi_ |  v   | uu_dtpath/uu_exec/uu_alu/csa_tree_eq_29_30_groupi_ | NAND2X6   | 0.082 |   3.192 |    3.124 | 
     | g641/Y                                             |      | n_126                                              |           |       |         |          | 
     | uu_dtpath/uu_exec/uu_alu/csa_tree_eq_29_30_groupi_ |  v   | uu_dtpath/uu_exec/uu_alu/csa_tree_eq_29_30_groupi_ | NOR2X6    | 0.000 |   3.192 |    3.124 | 
     | g638/A                                             |      | n_126                                              |           |       |         |          | 
     | uu_dtpath/uu_exec/uu_alu/csa_tree_eq_29_30_groupi_ |  ^   | uu_dtpath/uu_exec/uu_alu/csa_tree_eq_29_30_groupi_ | NOR2X6    | 0.080 |   3.272 |    3.204 | 
     | g638/Y                                             |      | n_129                                              |           |       |         |          | 
     | uu_dtpath/uu_exec/uu_alu/csa_tree_eq_29_30_groupi_ |  ^   | uu_dtpath/uu_exec/uu_alu/csa_tree_eq_29_30_groupi_ | NAND2X8   | 0.000 |   3.272 |    3.204 | 
     | g637/B                                             |      | n_129                                              |           |       |         |          | 
     | uu_dtpath/uu_exec/uu_alu/csa_tree_eq_29_30_groupi_ |  v   | uu_dtpath/uu_exec/uu_alu/csa_tree_eq_29_30_groupi_ | NAND2X8   | 0.068 |   3.340 |    3.272 | 
     | g637/Y                                             |      | n_130                                              |           |       |         |          | 
     | uu_dtpath/uu_exec/uu_alu/csa_tree_eq_29_30_groupi_ |  v   | uu_dtpath/uu_exec/uu_alu/csa_tree_eq_29_30_groupi_ | NOR2X6    | 0.000 |   3.340 |    3.272 | 
     | g634/A                                             |      | n_130                                              |           |       |         |          | 
     | uu_dtpath/uu_exec/uu_alu/csa_tree_eq_29_30_groupi_ |  ^   | uu_dtpath/uu_exec/zero_w                           | NOR2X6    | 0.069 |   3.409 |    3.341 | 
     | g634/Y                                             |      |                                                    |           |       |         |          | 
     | uu_dtpath/uu_exec/FE_RC_5_0/A1                     |  ^   | uu_dtpath/uu_exec/zero_w                           | OAI21X2   | 0.000 |   3.409 |    3.341 | 
     | uu_dtpath/uu_exec/FE_RC_5_0/Y                      |  v   | uu_dtpath/uu_exec/n_1                              | OAI21X2   | 0.096 |   3.505 |    3.438 | 
     | uu_dtpath/uu_exec/g3928/B                          |  v   | uu_dtpath/uu_exec/n_1                              | NAND2X4   | 0.000 |   3.505 |    3.438 | 
     | uu_dtpath/uu_exec/g3928/Y                          |  ^   | uu_dtpath/uu_exec/n_2                              | NAND2X4   | 0.069 |   3.574 |    3.506 | 
     | uu_dtpath/uu_exec/g3927/B                          |  ^   | uu_dtpath/uu_exec/n_2                              | NAND2X6   | 0.000 |   3.574 |    3.506 | 
     | uu_dtpath/uu_exec/g3927/Y                          |  v   | uu_dtpath/pc_src                                   | NAND2X6   | 0.072 |   3.646 |    3.578 | 
     | uu_dtpath/g810/B                                   |  v   | uu_dtpath/pc_src                                   | OR2X4     | 0.000 |   3.646 |    3.578 | 
     | uu_dtpath/g810/Y                                   |  v   | uu_dtpath/flush_de                                 | OR2X4     | 0.202 |   3.848 |    3.780 | 
     | uu_dtpath/uu_dec/FE_OFC739_flush_de/A              |  v   | uu_dtpath/flush_de                                 | CLKBUFX20 | 0.000 |   3.848 |    3.781 | 
     | uu_dtpath/uu_dec/FE_OFC739_flush_de/Y              |  v   | uu_dtpath/uu_dec/FE_OFN441_flush_de                | CLKBUFX20 | 0.156 |   4.004 |    3.936 | 
     | uu_dtpath/uu_dec/g1828/B                           |  v   | uu_dtpath/uu_dec/FE_OFN441_flush_de                | NOR2BX4   | 0.003 |   4.007 |    3.939 | 
     | uu_dtpath/uu_dec/g1828/Y                           |  ^   | uu_dtpath/uu_dec/n_4                               | NOR2BX4   | 0.140 |   4.147 |    4.079 | 
     | uu_dtpath/uu_dec/o_funct3_reg[1]/D                 |  ^   | uu_dtpath/uu_dec/n_4                               | DFFRHQX1  | 0.001 |   4.148 |    4.080 | 
     +---------------------------------------------------------------------------------------------------------------------------------------------------------+ 
     Clock Rise Edge                      0.000
     + Source Insertion Delay            -0.609
     = Beginpoint Arrival Time           -0.609
     Other End Path:
     +--------------------------------------------------------------------------------------------------------+ 
     |                 Pin                 | Edge |        Net        |   Cell   | Delay | Arrival | Required | 
     |                                     |      |                   |          |       |  Time   |   Time   | 
     |-------------------------------------+------+-------------------+----------+-------+---------+----------| 
     | clk                                 |  ^   | clk               |          |       |  -0.609 |   -0.541 | 
     | uu_dtpath/CTS_ccl_a_buf_00308/A     |  ^   | clk               | CLKBUFX3 | 0.001 |  -0.607 |   -0.539 | 
     | uu_dtpath/CTS_ccl_a_buf_00308/Y     |  ^   | uu_dtpath/CTS_113 | CLKBUFX3 | 0.074 |  -0.534 |   -0.466 | 
     | uu_dtpath/CTS_ccl_a_buf_00304/A     |  ^   | uu_dtpath/CTS_113 | CLKBUFX4 | 0.000 |  -0.534 |   -0.466 | 
     | uu_dtpath/CTS_ccl_a_buf_00304/Y     |  ^   | uu_dtpath/CTS_112 | CLKBUFX4 | 0.102 |  -0.431 |   -0.363 | 
     | uu_dtpath/CTS_ccl_a_buf_00297/A     |  ^   | uu_dtpath/CTS_112 | CLKBUFX3 | 0.000 |  -0.431 |   -0.363 | 
     | uu_dtpath/CTS_ccl_a_buf_00297/Y     |  ^   | uu_dtpath/CTS_111 | CLKBUFX3 | 0.095 |  -0.337 |   -0.269 | 
     | uu_dtpath/CTS_ccl_a_buf_00289/A     |  ^   | uu_dtpath/CTS_111 | CLKBUFX4 | 0.000 |  -0.336 |   -0.268 | 
     | uu_dtpath/CTS_ccl_a_buf_00289/Y     |  ^   | uu_dtpath/CTS_110 | CLKBUFX4 | 0.100 |  -0.237 |   -0.169 | 
     | uu_dtpath/CTS_ccl_a_buf_00254/A     |  ^   | uu_dtpath/CTS_110 | CLKBUFX3 | 0.000 |  -0.236 |   -0.168 | 
     | uu_dtpath/CTS_ccl_a_buf_00254/Y     |  ^   | uu_dtpath/CTS_58  | CLKBUFX3 | 0.089 |  -0.148 |   -0.080 | 
     | uu_dtpath/CTS_ccl_a_buf_00069/A     |  ^   | uu_dtpath/CTS_58  | CLKBUFX4 | 0.000 |  -0.148 |   -0.080 | 
     | uu_dtpath/CTS_ccl_a_buf_00069/Y     |  ^   | uu_dtpath/CTS_109 | CLKBUFX4 | 0.101 |  -0.046 |    0.022 | 
     | uu_dtpath/uu_dec/o_funct3_reg[1]/CK |  ^   | uu_dtpath/CTS_109 | DFFRHQX1 | 0.000 |  -0.046 |    0.022 | 
     +--------------------------------------------------------------------------------------------------------+ 
Path 2: VIOLATED Setup Check with Pin uu_dtpath/uu_exec/aluResult_ff_reg[18]/CK 
Endpoint:   uu_dtpath/uu_exec/aluResult_ff_reg[18]/D (^) checked with  leading 
edge of 'clk'
Beginpoint: uu_dtpath/uu_mem/o_resultSrc_reg[1]/Q    (^) triggered by  leading 
edge of 'clk'
Path Groups: {clk}
Analysis View: setup
Other End Arrival Time         -0.033
- Setup                         0.185
+ Phase Shift                   4.400
- Uncertainty                   0.100
= Required Time                 4.082
- Arrival Time                  4.122
= Slack Time                   -0.039
     Clock Rise Edge                      0.000
     + Source Insertion Delay            -0.609
     = Beginpoint Arrival Time           -0.609
     Timing Path:
     +---------------------------------------------------------------------------------------------------------------------------------------------------------+ 
     |                        Pin                         | Edge |                        Net                         |   Cell    | Delay | Arrival | Required | 
     |                                                    |      |                                                    |           |       |  Time   |   Time   | 
     |----------------------------------------------------+------+----------------------------------------------------+-----------+-------+---------+----------| 
     | clk                                                |  ^   | clk                                                |           |       |  -0.609 |   -0.648 | 
     | uu_dtpath/CTS_ccl_a_buf_00307/A                    |  ^   | clk                                                | CLKBUFX4  | 0.001 |  -0.607 |   -0.647 | 
     | uu_dtpath/CTS_ccl_a_buf_00307/Y                    |  ^   | uu_dtpath/CTS_56                                   | CLKBUFX4  | 0.086 |  -0.521 |   -0.560 | 
     | uu_dtpath/CTS_ccl_a_buf_00290/A                    |  ^   | uu_dtpath/CTS_56                                   | CLKBUFX4  | 0.000 |  -0.521 |   -0.560 | 
     | uu_dtpath/CTS_ccl_a_buf_00290/Y                    |  ^   | uu_dtpath/CTS_55                                   | CLKBUFX4  | 0.101 |  -0.420 |   -0.459 | 
     | uu_dtpath/CTS_ccl_a_buf_00274/A                    |  ^   | uu_dtpath/CTS_55                                   | CLKBUFX3  | 0.000 |  -0.420 |   -0.459 | 
     | uu_dtpath/CTS_ccl_a_buf_00274/Y                    |  ^   | uu_dtpath/CTS_42                                   | CLKBUFX3  | 0.090 |  -0.329 |   -0.368 | 
     | uu_dtpath/CTS_ccl_a_buf_00253/A                    |  ^   | uu_dtpath/CTS_42                                   | CLKBUFX3  | 0.000 |  -0.329 |   -0.368 | 
     | uu_dtpath/CTS_ccl_a_buf_00253/Y                    |  ^   | uu_dtpath/CTS_40                                   | CLKBUFX3  | 0.090 |  -0.240 |   -0.279 | 
     | uu_dtpath/CTS_ccl_a_buf_00207/A                    |  ^   | uu_dtpath/CTS_40                                   | CLKBUFX3  | 0.000 |  -0.239 |   -0.279 | 
     | uu_dtpath/CTS_ccl_a_buf_00207/Y                    |  ^   | uu_dtpath/CTS_38                                   | CLKBUFX3  | 0.089 |  -0.150 |   -0.190 | 
     | uu_dtpath/CTS_ccl_a_buf_00034/A                    |  ^   | uu_dtpath/CTS_38                                   | CLKBUFX4  | 0.000 |  -0.150 |   -0.190 | 
     | uu_dtpath/CTS_ccl_a_buf_00034/Y                    |  ^   | uu_dtpath/CTS_32                                   | CLKBUFX4  | 0.102 |  -0.049 |   -0.088 | 
     | uu_dtpath/uu_mem/o_resultSrc_reg[1]/CK             |  ^   | uu_dtpath/CTS_32                                   | DFFRHQX4  | 0.000 |  -0.049 |   -0.088 | 
     | uu_dtpath/uu_mem/o_resultSrc_reg[1]/Q              |  ^   | uu_dtpath/resultSrc_mw[1]                          | DFFRHQX4  | 0.305 |   0.257 |    0.217 | 
     | uu_dtpath/uu_wb/g1420/B                            |  ^   | uu_dtpath/resultSrc_mw[1]                          | NOR2X6    | 0.000 |   0.257 |    0.217 | 
     | uu_dtpath/uu_wb/g1420/Y                            |  v   | uu_dtpath/uu_wb/n_2                                | NOR2X6    | 0.091 |   0.347 |    0.308 | 
     | uu_dtpath/uu_wb/FE_OFC699_n_2/A                    |  v   | uu_dtpath/uu_wb/n_2                                | BUFX3     | 0.000 |   0.348 |    0.308 | 
     | uu_dtpath/uu_wb/FE_OFC699_n_2/Y                    |  v   | uu_dtpath/uu_wb/n_25                               | BUFX3     | 0.180 |   0.527 |    0.488 | 
     | uu_dtpath/uu_wb/g1332/A1                           |  v   | uu_dtpath/uu_wb/n_25                               | AOI22X1   | 0.001 |   0.528 |    0.489 | 
     | uu_dtpath/uu_wb/g1332/Y                            |  ^   | uu_dtpath/uu_wb/n_82                               | AOI22X1   | 0.163 |   0.691 |    0.652 | 
     | uu_dtpath/uu_wb/g1292/B                            |  ^   | uu_dtpath/uu_wb/n_82                               | NAND2X1   | 0.000 |   0.691 |    0.652 | 
     | uu_dtpath/uu_wb/g1292/Y                            |  v   | uu_dtpath/wr_dt_reg[5]                             | NAND2X1   | 0.151 |   0.842 |    0.803 | 
     | uu_dtpath/FE_OFC207_wr_dt_reg_5/A                  |  v   | uu_dtpath/wr_dt_reg[5]                             | CLKBUFX8  | 0.000 |   0.842 |    0.803 | 
     | uu_dtpath/FE_OFC207_wr_dt_reg_5/Y                  |  v   | uu_dtpath/FE_OFN226_wr_dt_reg_5                    | CLKBUFX8  | 0.215 |   1.057 |    1.018 | 
     | uu_dtpath/uu_exec/g5982/A                          |  v   | uu_dtpath/FE_OFN226_wr_dt_reg_5                    | INVX1     | 0.001 |   1.058 |    1.019 | 
     | uu_dtpath/uu_exec/g5982/Y                          |  ^   | uu_dtpath/uu_exec/n_75                             | INVX1     | 0.127 |   1.185 |    1.146 | 
     | uu_dtpath/uu_exec/g6182/B0                         |  ^   | uu_dtpath/uu_exec/n_75                             | OAI2BB2X4 | 0.000 |   1.185 |    1.146 | 
     | uu_dtpath/uu_exec/g6182/Y                          |  v   | uu_dtpath/uu_exec/n_672                            | OAI2BB2X4 | 0.124 |   1.309 |    1.269 | 
     | uu_dtpath/uu_exec/g5707/B0                         |  v   | uu_dtpath/uu_exec/n_672                            | AOI21X2   | 0.000 |   1.309 |    1.270 | 
     | uu_dtpath/uu_exec/g5707/Y                          |  ^   | uu_dtpath/uu_exec/n_306                            | AOI21X2   | 0.141 |   1.450 |    1.411 | 
     | uu_dtpath/uu_exec/g5601/B1                         |  ^   | uu_dtpath/uu_exec/n_306                            | OAI2BB2XL | 0.000 |   1.450 |    1.411 | 
     | uu_dtpath/uu_exec/g5601/Y                          |  v   | uu_dtpath/uu_exec/alu_srcB_w[5]                    | OAI2BB2XL | 0.185 |   1.635 |    1.596 | 
     | uu_dtpath/uu_exec/uu_alu/FE_OFC855_alu_srcB_w_5/A  |  v   | uu_dtpath/uu_exec/alu_srcB_w[5]                    | BUFX2     | 0.000 |   1.635 |    1.596 | 
     | uu_dtpath/uu_exec/uu_alu/FE_OFC855_alu_srcB_w_5/Y  |  v   | uu_dtpath/uu_exec/uu_alu/lt_20_49_n_29             | BUFX2     | 0.198 |   1.833 |    1.794 | 
     | uu_dtpath/uu_exec/uu_alu/FE_OFC856_alu_srcB_w_5/A  |  v   | uu_dtpath/uu_exec/uu_alu/lt_20_49_n_29             | INVX1     | 0.000 |   1.833 |    1.794 | 
     | uu_dtpath/uu_exec/uu_alu/FE_OFC856_alu_srcB_w_5/Y  |  ^   | uu_dtpath/uu_exec/uu_alu/FE_OFN710_alu_srcB_w_5    | INVX1     | 0.095 |   1.929 |    1.889 | 
     | uu_dtpath/uu_exec/uu_alu/lt_20_49_g880/B           |  ^   | uu_dtpath/uu_exec/uu_alu/FE_OFN710_alu_srcB_w_5    | NOR2X2    | 0.000 |   1.929 |    1.889 | 
     | uu_dtpath/uu_exec/uu_alu/lt_20_49_g880/Y           |  v   | uu_dtpath/uu_exec/uu_alu/lt_20_49_n_57             | NOR2X2    | 0.054 |   1.983 |    1.944 | 
     | uu_dtpath/uu_exec/uu_alu/lt_20_49_g826/B           |  v   | uu_dtpath/uu_exec/uu_alu/lt_20_49_n_57             | NOR2X1    | 0.000 |   1.983 |    1.944 | 
     | uu_dtpath/uu_exec/uu_alu/lt_20_49_g826/Y           |  ^   | uu_dtpath/uu_exec/uu_alu/lt_20_49_n_84             | NOR2X1    | 0.063 |   2.046 |    2.007 | 
     | uu_dtpath/uu_exec/uu_alu/lt_20_49_g808/A           |  ^   | uu_dtpath/uu_exec/uu_alu/lt_20_49_n_84             | CLKAND2X3 | 0.000 |   2.046 |    2.007 | 
     | uu_dtpath/uu_exec/uu_alu/lt_20_49_g808/Y           |  ^   | uu_dtpath/uu_exec/uu_alu/lt_20_49_n_101            | CLKAND2X3 | 0.114 |   2.161 |    2.121 | 
     | uu_dtpath/uu_exec/uu_alu/g6772/B0                  |  ^   | uu_dtpath/uu_exec/uu_alu/lt_20_49_n_101            | OAI2BB1X4 | 0.000 |   2.161 |    2.121 | 
     | uu_dtpath/uu_exec/uu_alu/g6772/Y                   |  v   | uu_dtpath/uu_exec/uu_alu/n_923                     | OAI2BB1X4 | 0.072 |   2.232 |    2.193 | 
     | uu_dtpath/uu_exec/uu_alu/lt_20_49_g773/B           |  v   | uu_dtpath/uu_exec/uu_alu/n_923                     | NAND2X4   | 0.000 |   2.232 |    2.193 | 
     | uu_dtpath/uu_exec/uu_alu/lt_20_49_g773/Y           |  ^   | uu_dtpath/uu_exec/uu_alu/lt_20_49_n_138            | NAND2X4   | 0.053 |   2.285 |    2.246 | 
     | uu_dtpath/uu_exec/uu_alu/lt_20_49_g772/B           |  ^   | uu_dtpath/uu_exec/uu_alu/lt_20_49_n_138            | NAND2X4   | 0.000 |   2.285 |    2.246 | 
     | uu_dtpath/uu_exec/uu_alu/lt_20_49_g772/Y           |  v   | uu_dtpath/uu_exec/uu_alu/lt_20_49_n_139            | NAND2X4   | 0.127 |   2.412 |    2.372 | 
     | uu_dtpath/uu_exec/uu_alu/lt_20_49_g770/A1          |  v   | uu_dtpath/uu_exec/uu_alu/lt_20_49_n_139            | AOI21X4   | 0.000 |   2.412 |    2.373 | 
     | uu_dtpath/uu_exec/uu_alu/lt_20_49_g770/Y           |  ^   | uu_dtpath/uu_exec/uu_alu/lt_20_49_n_141            | AOI21X4   | 0.120 |   2.532 |    2.493 | 
     | uu_dtpath/uu_exec/uu_alu/lt_20_49_g769/A           |  ^   | uu_dtpath/uu_exec/uu_alu/lt_20_49_n_141            | NOR2X2    | 0.000 |   2.532 |    2.493 | 
     | uu_dtpath/uu_exec/uu_alu/lt_20_49_g769/Y           |  v   | uu_dtpath/uu_exec/uu_alu/n_641                     | NOR2X2    | 0.052 |   2.585 |    2.545 | 
     | uu_dtpath/uu_exec/uu_alu/g6270/B1                  |  v   | uu_dtpath/uu_exec/uu_alu/n_641                     | AO22X4    | 0.000 |   2.585 |    2.545 | 
     | uu_dtpath/uu_exec/uu_alu/g6270/Y                   |  v   | uu_dtpath/uu_exec/uu_alu/n_280                     | AO22X4    | 0.173 |   2.758 |    2.718 | 
     | uu_dtpath/uu_exec/uu_alu/g6099/B                   |  v   | uu_dtpath/uu_exec/uu_alu/n_280                     | NOR2X6    | 0.000 |   2.758 |    2.718 | 
     | uu_dtpath/uu_exec/uu_alu/g6099/Y                   |  ^   | uu_dtpath/uu_exec/uu_alu/n_418                     | NOR2X6    | 0.057 |   2.814 |    2.775 | 
     | uu_dtpath/uu_exec/uu_alu/g6094/B                   |  ^   | uu_dtpath/uu_exec/uu_alu/n_418                     | NAND2X6   | 0.000 |   2.814 |    2.775 | 
     | uu_dtpath/uu_exec/uu_alu/g6094/Y                   |  v   | uu_dtpath/uu_exec/uu_alu/n_514                     | NAND2X6   | 0.074 |   2.888 |    2.849 | 
     | uu_dtpath/uu_exec/uu_alu/final_adder_mux_o_result_ |  v   | uu_dtpath/uu_exec/uu_alu/n_514                     | NAND2X1   | 0.000 |   2.888 |    2.849 | 
     | 14_13_g1160/B                                      |      |                                                    |           |       |         |          | 
     | uu_dtpath/uu_exec/uu_alu/final_adder_mux_o_result_ |  ^   | uu_dtpath/uu_exec/uu_alu/final_adder_mux_o_result_ | NAND2X1   | 0.081 |   2.969 |    2.930 | 
     | 14_13_g1160/Y                                      |      | 14_13_n_8                                          |           |       |         |          | 
     | uu_dtpath/uu_exec/uu_alu/final_adder_mux_o_result_ |  ^   | uu_dtpath/uu_exec/uu_alu/final_adder_mux_o_result_ | OAI21X2   | 0.000 |   2.969 |    2.930 | 
     | 14_13_g1012/A1                                     |      | 14_13_n_8                                          |           |       |         |          | 
     | uu_dtpath/uu_exec/uu_alu/final_adder_mux_o_result_ |  v   | uu_dtpath/uu_exec/uu_alu/final_adder_mux_o_result_ | OAI21X2   | 0.112 |   3.082 |    3.042 | 
     | 14_13_g1012/Y                                      |      | 14_13_n_162                                        |           |       |         |          | 
     | uu_dtpath/uu_exec/uu_alu/final_adder_mux_o_result_ |  v   | uu_dtpath/uu_exec/uu_alu/final_adder_mux_o_result_ | NOR2BX1   | 0.000 |   3.082 |    3.042 | 
     | 14_13_g1166/AN                                     |      | 14_13_n_162                                        |           |       |         |          | 
     | uu_dtpath/uu_exec/uu_alu/final_adder_mux_o_result_ |  v   | uu_dtpath/uu_exec/uu_alu/final_adder_mux_o_result_ | NOR2BX1   | 0.110 |   3.191 |    3.152 | 
     | 14_13_g1166/Y                                      |      | 14_13_n_1                                          |           |       |         |          | 
     | uu_dtpath/uu_exec/uu_alu/final_adder_mux_o_result_ |  v   | uu_dtpath/uu_exec/uu_alu/final_adder_mux_o_result_ | NOR2X2    | 0.000 |   3.191 |    3.152 | 
     | 14_13_g977/B                                       |      | 14_13_n_1                                          |           |       |         |          | 
     | uu_dtpath/uu_exec/uu_alu/final_adder_mux_o_result_ |  ^   | uu_dtpath/uu_exec/uu_alu/final_adder_mux_o_result_ | NOR2X2    | 0.113 |   3.305 |    3.265 | 
     | 14_13_g977/Y                                       |      | 14_13_n_187                                        |           |       |         |          | 
     | uu_dtpath/uu_exec/uu_alu/final_adder_mux_o_result_ |  ^   | uu_dtpath/uu_exec/uu_alu/final_adder_mux_o_result_ | NOR2X2    | 0.000 |   3.305 |    3.266 | 
     | 14_13_g969/B                                       |      | 14_13_n_187                                        |           |       |         |          | 
     | uu_dtpath/uu_exec/uu_alu/final_adder_mux_o_result_ |  v   | uu_dtpath/uu_exec/uu_alu/final_adder_mux_o_result_ | NOR2X2    | 0.111 |   3.416 |    3.376 | 
     | 14_13_g969/Y                                       |      | 14_13_n_195                                        |           |       |         |          | 
     | uu_dtpath/uu_exec/uu_alu/final_adder_mux_o_result_ |  v   | uu_dtpath/uu_exec/uu_alu/final_adder_mux_o_result_ | NOR2X6    | 0.000 |   3.416 |    3.376 | 
     | 14_13_g961/B                                       |      | 14_13_n_195                                        |           |       |         |          | 
     | uu_dtpath/uu_exec/uu_alu/final_adder_mux_o_result_ |  ^   | uu_dtpath/uu_exec/uu_alu/final_adder_mux_o_result_ | NOR2X6    | 0.084 |   3.500 |    3.460 | 
     | 14_13_g961/Y                                       |      | 14_13_n_204                                        |           |       |         |          | 
     | uu_dtpath/uu_exec/uu_alu/final_adder_mux_o_result_ |  ^   | uu_dtpath/uu_exec/uu_alu/final_adder_mux_o_result_ | NOR2X4    | 0.000 |   3.500 |    3.460 | 
     | 14_13_g959/B                                       |      | 14_13_n_204                                        |           |       |         |          | 
     | uu_dtpath/uu_exec/uu_alu/final_adder_mux_o_result_ |  v   | uu_dtpath/uu_exec/uu_alu/final_adder_mux_o_result_ | NOR2X4    | 0.062 |   3.562 |    3.522 | 
     | 14_13_g959/Y                                       |      | 14_13_n_205                                        |           |       |         |          | 
     | uu_dtpath/uu_exec/uu_alu/final_adder_mux_o_result_ |  v   | uu_dtpath/uu_exec/uu_alu/final_adder_mux_o_result_ | OR2X8     | 0.000 |   3.562 |    3.522 | 
     | 14_13_g2/B                                         |      | 14_13_n_205                                        |           |       |         |          | 
     | uu_dtpath/uu_exec/uu_alu/final_adder_mux_o_result_ |  v   | uu_dtpath/uu_exec/uu_alu/final_adder_mux_o_result_ | OR2X8     | 0.193 |   3.755 |    3.715 | 
     | 14_13_g2/Y                                         |      | 14_13_n_2                                          |           |       |         |          | 
     | uu_dtpath/uu_exec/uu_alu/final_adder_mux_o_result_ |  v   | uu_dtpath/uu_exec/uu_alu/final_adder_mux_o_result_ | AOI21X1   | 0.001 |   3.756 |    3.717 | 
     | 14_13_g926/A1                                      |      | 14_13_n_2                                          |           |       |         |          | 
     | uu_dtpath/uu_exec/uu_alu/final_adder_mux_o_result_ |  ^   | uu_dtpath/uu_exec/uu_alu/final_adder_mux_o_result_ | AOI21X1   | 0.123 |   3.880 |    3.840 | 
     | 14_13_g926/Y                                       |      | 14_13_n_236                                        |           |       |         |          | 
     | uu_dtpath/uu_exec/uu_alu/final_adder_mux_o_result_ |  ^   | uu_dtpath/uu_exec/uu_alu/final_adder_mux_o_result_ | CLKXOR2X1 | 0.000 |   3.880 |    3.840 | 
     | 14_13_g917/B                                       |      | 14_13_n_236                                        |           |       |         |          | 
     | uu_dtpath/uu_exec/uu_alu/final_adder_mux_o_result_ |  ^   | uu_dtpath/uu_exec/aluResult_w[18]                  | CLKXOR2X1 | 0.242 |   4.121 |    4.082 | 
     | 14_13_g917/Y                                       |      |                                                    |           |       |         |          | 
     | uu_dtpath/uu_exec/aluResult_ff_reg[18]/D           |  ^   | uu_dtpath/uu_exec/aluResult_w[18]                  | DFFRX1    | 0.000 |   4.122 |    4.082 | 
     +---------------------------------------------------------------------------------------------------------------------------------------------------------+ 
     Clock Rise Edge                      0.000
     + Source Insertion Delay            -0.609
     = Beginpoint Arrival Time           -0.609
     Other End Path:
     +-------------------------------------------------------------------------------------------------------------+ 
     |                    Pin                    | Edge |       Net        |   Cell   | Delay | Arrival | Required | 
     |                                           |      |                  |          |       |  Time   |   Time   | 
     |-------------------------------------------+------+------------------+----------+-------+---------+----------| 
     | clk                                       |  ^   | clk              |          |       |  -0.609 |   -0.569 | 
     | uu_dtpath/CTS_ccl_a_buf_00307/A           |  ^   | clk              | CLKBUFX4 | 0.001 |  -0.607 |   -0.568 | 
     | uu_dtpath/CTS_ccl_a_buf_00307/Y           |  ^   | uu_dtpath/CTS_56 | CLKBUFX4 | 0.086 |  -0.521 |   -0.482 | 
     | uu_dtpath/CTS_ccl_a_buf_00290/A           |  ^   | uu_dtpath/CTS_56 | CLKBUFX4 | 0.000 |  -0.521 |   -0.481 | 
     | uu_dtpath/CTS_ccl_a_buf_00290/Y           |  ^   | uu_dtpath/CTS_55 | CLKBUFX4 | 0.101 |  -0.420 |   -0.380 | 
     | uu_dtpath/CTS_ccl_a_buf_00276/A           |  ^   | uu_dtpath/CTS_55 | CLKBUFX4 | 0.000 |  -0.420 |   -0.380 | 
     | uu_dtpath/CTS_ccl_a_buf_00276/Y           |  ^   | uu_dtpath/CTS_54 | CLKBUFX4 | 0.097 |  -0.322 |   -0.283 | 
     | uu_dtpath/CTS_ccl_a_buf_00255/A           |  ^   | uu_dtpath/CTS_54 | BUFX2    | 0.000 |  -0.322 |   -0.283 | 
     | uu_dtpath/CTS_ccl_a_buf_00255/Y           |  ^   | uu_dtpath/CTS_53 | BUFX2    | 0.097 |  -0.225 |   -0.186 | 
     | uu_dtpath/CTS_cdb_buf_00325/A             |  ^   | uu_dtpath/CTS_53 | CLKBUFX3 | 0.000 |  -0.225 |   -0.186 | 
     | uu_dtpath/CTS_cdb_buf_00325/Y             |  ^   | uu_dtpath/CTS_48 | CLKBUFX3 | 0.090 |  -0.135 |   -0.096 | 
     | uu_dtpath/CTS_ccl_a_buf_00002/A           |  ^   | uu_dtpath/CTS_48 | CLKBUFX4 | 0.000 |  -0.135 |   -0.096 | 
     | uu_dtpath/CTS_ccl_a_buf_00002/Y           |  ^   | uu_dtpath/CTS_52 | CLKBUFX4 | 0.102 |  -0.033 |    0.006 | 
     | uu_dtpath/uu_exec/aluResult_ff_reg[18]/CK |  ^   | uu_dtpath/CTS_52 | DFFRX1   | 0.000 |  -0.033 |    0.006 | 
     +-------------------------------------------------------------------------------------------------------------+ 
Path 3: VIOLATED Setup Check with Pin uu_dtpath/uu_dec/immExt_ff_reg[1]/CK 
Endpoint:   uu_dtpath/uu_dec/immExt_ff_reg[1]/D   (^) checked with  leading 
edge of 'clk'
Beginpoint: uu_dtpath/uu_mem/o_resultSrc_reg[1]/Q (v) triggered by  leading 
edge of 'clk'
Path Groups: {clk}
Analysis View: setup
Other End Arrival Time         -0.031
- Setup                         0.162
+ Phase Shift                   4.400
- Uncertainty                   0.100
= Required Time                 4.107
- Arrival Time                  4.141
= Slack Time                   -0.034
     Clock Rise Edge                      0.000
     + Source Insertion Delay            -0.609
     = Beginpoint Arrival Time           -0.609
     Timing Path:
     +---------------------------------------------------------------------------------------------------------------------------------------------------------+ 
     |                        Pin                         | Edge |                        Net                         |   Cell    | Delay | Arrival | Required | 
     |                                                    |      |                                                    |           |       |  Time   |   Time   | 
     |----------------------------------------------------+------+----------------------------------------------------+-----------+-------+---------+----------| 
     | clk                                                |  ^   | clk                                                |           |       |  -0.609 |   -0.643 | 
     | uu_dtpath/CTS_ccl_a_buf_00307/A                    |  ^   | clk                                                | CLKBUFX4  | 0.001 |  -0.607 |   -0.642 | 
     | uu_dtpath/CTS_ccl_a_buf_00307/Y                    |  ^   | uu_dtpath/CTS_56                                   | CLKBUFX4  | 0.086 |  -0.521 |   -0.555 | 
     | uu_dtpath/CTS_ccl_a_buf_00290/A                    |  ^   | uu_dtpath/CTS_56                                   | CLKBUFX4  | 0.000 |  -0.521 |   -0.555 | 
     | uu_dtpath/CTS_ccl_a_buf_00290/Y                    |  ^   | uu_dtpath/CTS_55                                   | CLKBUFX4  | 0.101 |  -0.420 |   -0.454 | 
     | uu_dtpath/CTS_ccl_a_buf_00274/A                    |  ^   | uu_dtpath/CTS_55                                   | CLKBUFX3  | 0.000 |  -0.420 |   -0.454 | 
     | uu_dtpath/CTS_ccl_a_buf_00274/Y                    |  ^   | uu_dtpath/CTS_42                                   | CLKBUFX3  | 0.090 |  -0.329 |   -0.364 | 
     | uu_dtpath/CTS_ccl_a_buf_00253/A                    |  ^   | uu_dtpath/CTS_42                                   | CLKBUFX3  | 0.000 |  -0.329 |   -0.363 | 
     | uu_dtpath/CTS_ccl_a_buf_00253/Y                    |  ^   | uu_dtpath/CTS_40                                   | CLKBUFX3  | 0.090 |  -0.240 |   -0.274 | 
     | uu_dtpath/CTS_ccl_a_buf_00207/A                    |  ^   | uu_dtpath/CTS_40                                   | CLKBUFX3  | 0.000 |  -0.239 |   -0.274 | 
     | uu_dtpath/CTS_ccl_a_buf_00207/Y                    |  ^   | uu_dtpath/CTS_38                                   | CLKBUFX3  | 0.089 |  -0.150 |   -0.185 | 
     | uu_dtpath/CTS_ccl_a_buf_00034/A                    |  ^   | uu_dtpath/CTS_38                                   | CLKBUFX4  | 0.000 |  -0.150 |   -0.185 | 
     | uu_dtpath/CTS_ccl_a_buf_00034/Y                    |  ^   | uu_dtpath/CTS_32                                   | CLKBUFX4  | 0.102 |  -0.049 |   -0.083 | 
     | uu_dtpath/uu_mem/o_resultSrc_reg[1]/CK             |  ^   | uu_dtpath/CTS_32                                   | DFFRHQX4  | 0.000 |  -0.049 |   -0.083 | 
     | uu_dtpath/uu_mem/o_resultSrc_reg[1]/Q              |  v   | uu_dtpath/resultSrc_mw[1]                          | DFFRHQX4  | 0.277 |   0.228 |    0.194 | 
     | uu_dtpath/uu_wb/g1420/B                            |  v   | uu_dtpath/resultSrc_mw[1]                          | NOR2X6    | 0.000 |   0.229 |    0.194 | 
     | uu_dtpath/uu_wb/g1420/Y                            |  ^   | uu_dtpath/uu_wb/n_2                                | NOR2X6    | 0.125 |   0.354 |    0.320 | 
     | uu_dtpath/uu_wb/FE_OFC699_n_2/A                    |  ^   | uu_dtpath/uu_wb/n_2                                | BUFX3     | 0.000 |   0.354 |    0.320 | 
     | uu_dtpath/uu_wb/FE_OFC699_n_2/Y                    |  ^   | uu_dtpath/uu_wb/n_25                               | BUFX3     | 0.201 |   0.556 |    0.521 | 
     | uu_dtpath/uu_wb/g1441/A1                           |  ^   | uu_dtpath/uu_wb/n_25                               | AOI22X2   | 0.001 |   0.556 |    0.522 | 
     | uu_dtpath/uu_wb/g1441/Y                            |  v   | uu_dtpath/uu_wb/n_267                              | AOI22X2   | 0.159 |   0.715 |    0.680 | 
     | uu_dtpath/uu_wb/g1293/B                            |  v   | uu_dtpath/uu_wb/n_267                              | NAND2X1   | 0.000 |   0.715 |    0.680 | 
     | uu_dtpath/uu_wb/g1293/Y                            |  ^   | uu_dtpath/wr_dt_reg[4]                             | NAND2X1   | 0.098 |   0.813 |    0.778 | 
     | uu_dtpath/FE_OFC945_wr_dt_reg_4/A                  |  ^   | uu_dtpath/wr_dt_reg[4]                             | CLKBUFX6  | 0.000 |   0.813 |    0.778 | 
     | uu_dtpath/FE_OFC945_wr_dt_reg_4/Y                  |  ^   | uu_dtpath/FE_OFN233_wr_dt_reg_4                    | CLKBUFX6  | 0.156 |   0.969 |    0.934 | 
     | uu_dtpath/uu_exec/g5895/A                          |  ^   | uu_dtpath/FE_OFN233_wr_dt_reg_4                    | NAND2X4   | 0.000 |   0.969 |    0.934 | 
     | uu_dtpath/uu_exec/g5895/Y                          |  v   | uu_dtpath/uu_exec/n_150                            | NAND2X4   | 0.126 |   1.095 |    1.060 | 
     | uu_dtpath/uu_exec/g5653/A                          |  v   | uu_dtpath/uu_exec/n_150                            | NAND2X6   | 0.000 |   1.095 |    1.060 | 
     | uu_dtpath/uu_exec/g5653/Y                          |  ^   | uu_dtpath/uu_exec/n_350                            | NAND2X6   | 0.060 |   1.154 |    1.120 | 
     | uu_dtpath/uu_exec/g5567/A1                         |  ^   | uu_dtpath/uu_exec/n_350                            | AOI21X2   | 0.000 |   1.155 |    1.120 | 
     | uu_dtpath/uu_exec/g5567/Y                          |  v   | uu_dtpath/uu_exec/n_344                            | AOI21X2   | 0.131 |   1.286 |    1.251 | 
     | uu_dtpath/uu_exec/FE_OFC301_n_344/A                |  v   | uu_dtpath/uu_exec/n_344                            | BUFX12    | 0.000 |   1.286 |    1.251 | 
     | uu_dtpath/uu_exec/FE_OFC301_n_344/Y                |  v   | uu_dtpath/uu_exec/FE_OFN320_n_344                  | BUFX12    | 0.210 |   1.495 |    1.461 | 
     | uu_dtpath/uu_exec/g5565/A                          |  v   | uu_dtpath/uu_exec/FE_OFN320_n_344                  | CLKINVX20 | 0.004 |   1.499 |    1.465 | 
     | uu_dtpath/uu_exec/g5565/Y                          |  ^   | uu_dtpath/uu_exec/alu_srcB_w[4]                    | CLKINVX20 | 0.126 |   1.625 |    1.590 | 
     | uu_dtpath/uu_exec/uu_alu/sll_22_38_g3849/B         |  ^   | uu_dtpath/uu_exec/alu_srcB_w[4]                    | NOR2X6    | 0.002 |   1.627 |    1.593 | 
     | uu_dtpath/uu_exec/uu_alu/sll_22_38_g3849/Y         |  v   | uu_dtpath/uu_exec/uu_alu/sll_22_38_n_79            | NOR2X6    | 0.081 |   1.708 |    1.673 | 
     | uu_dtpath/uu_exec/uu_alu/sll_22_38_g3770/B         |  v   | uu_dtpath/uu_exec/uu_alu/sll_22_38_n_79            | CLKAND2X3 | 0.000 |   1.708 |    1.673 | 
     | uu_dtpath/uu_exec/uu_alu/sll_22_38_g3770/Y         |  v   | uu_dtpath/uu_exec/uu_alu/sll_22_38_n_133           | CLKAND2X3 | 0.101 |   1.809 |    1.774 | 
     | uu_dtpath/uu_exec/uu_alu/FE_OFC772_sll_22_38_n_133 |  v   | uu_dtpath/uu_exec/uu_alu/sll_22_38_n_133           | INVX1     | 0.000 |   1.809 |    1.774 | 
     | /A                                                 |      |                                                    |           |       |         |          | 
     | uu_dtpath/uu_exec/uu_alu/FE_OFC772_sll_22_38_n_133 |  ^   | uu_dtpath/uu_exec/uu_alu/sll_22_38_n_30            | INVX1     | 0.049 |   1.858 |    1.824 | 
     | /Y                                                 |      |                                                    |           |       |         |          | 
     | uu_dtpath/uu_exec/uu_alu/sll_22_38_g3733/B         |  ^   | uu_dtpath/uu_exec/uu_alu/sll_22_38_n_30            | NOR2X4    | 0.000 |   1.858 |    1.824 | 
     | uu_dtpath/uu_exec/uu_alu/sll_22_38_g3733/Y         |  v   | uu_dtpath/uu_exec/uu_alu/sll_22_38_n_172           | NOR2X4    | 0.050 |   1.908 |    1.874 | 
     | uu_dtpath/uu_exec/uu_alu/sll_22_38_g3674/A1        |  v   | uu_dtpath/uu_exec/uu_alu/sll_22_38_n_172           | AOI22X2   | 0.000 |   1.908 |    1.874 | 
     | uu_dtpath/uu_exec/uu_alu/sll_22_38_g3674/Y         |  ^   | uu_dtpath/uu_exec/uu_alu/sll_22_38_n_215           | AOI22X2   | 0.103 |   2.011 |    1.976 | 
     | uu_dtpath/uu_exec/uu_alu/sll_22_38_g3619/B         |  ^   | uu_dtpath/uu_exec/uu_alu/sll_22_38_n_215           | NAND2X1   | 0.000 |   2.011 |    1.976 | 
     | uu_dtpath/uu_exec/uu_alu/sll_22_38_g3619/Y         |  v   | uu_dtpath/uu_exec/uu_alu/sll_22_38_n_263           | NAND2X1   | 0.142 |   2.153 |    2.118 | 
     | uu_dtpath/uu_exec/uu_alu/sll_22_38_g3560/B0        |  v   | uu_dtpath/uu_exec/uu_alu/sll_22_38_n_263           | AOI2BB1X1 | 0.000 |   2.153 |    2.118 | 
     | uu_dtpath/uu_exec/uu_alu/sll_22_38_g3560/Y         |  ^   | uu_dtpath/uu_exec/uu_alu/sll_22_38_n_319           | AOI2BB1X1 | 0.155 |   2.308 |    2.273 | 
     | uu_dtpath/uu_exec/uu_alu/sll_22_38_g3539/B0        |  ^   | uu_dtpath/uu_exec/uu_alu/sll_22_38_n_319           | OAI21X4   | 0.000 |   2.308 |    2.273 | 
     | uu_dtpath/uu_exec/uu_alu/sll_22_38_g3539/Y         |  v   | uu_dtpath/uu_exec/uu_alu/n_639                     | OAI21X4   | 0.116 |   2.424 |    2.389 | 
     | uu_dtpath/uu_exec/uu_alu/g6504/B                   |  v   | uu_dtpath/uu_exec/uu_alu/n_639                     | NAND2BX4  | 0.000 |   2.424 |    2.389 | 
     | uu_dtpath/uu_exec/uu_alu/g6504/Y                   |  ^   | uu_dtpath/uu_exec/uu_alu/n_71                      | NAND2BX4  | 0.064 |   2.488 |    2.454 | 
     | uu_dtpath/uu_exec/uu_alu/g6095/B                   |  ^   | uu_dtpath/uu_exec/uu_alu/n_71                      | NAND2X2   | 0.000 |   2.488 |    2.454 | 
     | uu_dtpath/uu_exec/uu_alu/g6095/Y                   |  v   | uu_dtpath/uu_exec/uu_alu/n_544                     | NAND2X2   | 0.098 |   2.586 |    2.551 | 
     | uu_dtpath/uu_exec/uu_alu/csa_tree_eq_29_30_groupi_ |  v   | uu_dtpath/uu_exec/uu_alu/n_544                     | CLKXOR2X1 | 0.000 |   2.586 |    2.551 | 
     | g707/B                                             |      |                                                    |           |       |         |          | 
     | uu_dtpath/uu_exec/uu_alu/csa_tree_eq_29_30_groupi_ |  ^   | uu_dtpath/uu_exec/uu_alu/csa_tree_eq_29_30_groupi_ | CLKXOR2X1 | 0.170 |   2.756 |    2.722 | 
     | g707/Y                                             |      | n_65                                               |           |       |         |          | 
     | uu_dtpath/uu_exec/uu_alu/FE_RC_8_0/A               |  ^   | uu_dtpath/uu_exec/uu_alu/csa_tree_eq_29_30_groupi_ | XNOR2X1   | 0.000 |   2.756 |    2.722 | 
     |                                                    |      | n_65                                               |           |       |         |          | 
     | uu_dtpath/uu_exec/uu_alu/FE_RC_8_0/Y               |  v   | uu_dtpath/uu_exec/uu_alu/csa_tree_eq_29_30_groupi_ | XNOR2X1   | 0.248 |   3.004 |    2.969 | 
     |                                                    |      | n_93                                               |           |       |         |          | 
     | uu_dtpath/uu_exec/uu_alu/csa_tree_eq_29_30_groupi_ |  v   | uu_dtpath/uu_exec/uu_alu/csa_tree_eq_29_30_groupi_ | NOR2X4    | 0.000 |   3.004 |    2.970 | 
     | g643/B                                             |      | n_93                                               |           |       |         |          | 
     | uu_dtpath/uu_exec/uu_alu/csa_tree_eq_29_30_groupi_ |  ^   | uu_dtpath/uu_exec/uu_alu/csa_tree_eq_29_30_groupi_ | NOR2X4    | 0.106 |   3.110 |    3.075 | 
     | g643/Y                                             |      | n_124                                              |           |       |         |          | 
     | uu_dtpath/uu_exec/uu_alu/csa_tree_eq_29_30_groupi_ |  ^   | uu_dtpath/uu_exec/uu_alu/csa_tree_eq_29_30_groupi_ | NAND2X6   | 0.000 |   3.110 |    3.075 | 
     | g641/B                                             |      | n_124                                              |           |       |         |          | 
     | uu_dtpath/uu_exec/uu_alu/csa_tree_eq_29_30_groupi_ |  v   | uu_dtpath/uu_exec/uu_alu/csa_tree_eq_29_30_groupi_ | NAND2X6   | 0.082 |   3.192 |    3.158 | 
     | g641/Y                                             |      | n_126                                              |           |       |         |          | 
     | uu_dtpath/uu_exec/uu_alu/csa_tree_eq_29_30_groupi_ |  v   | uu_dtpath/uu_exec/uu_alu/csa_tree_eq_29_30_groupi_ | NOR2X6    | 0.000 |   3.192 |    3.158 | 
     | g638/A                                             |      | n_126                                              |           |       |         |          | 
     | uu_dtpath/uu_exec/uu_alu/csa_tree_eq_29_30_groupi_ |  ^   | uu_dtpath/uu_exec/uu_alu/csa_tree_eq_29_30_groupi_ | NOR2X6    | 0.080 |   3.272 |    3.238 | 
     | g638/Y                                             |      | n_129                                              |           |       |         |          | 
     | uu_dtpath/uu_exec/uu_alu/csa_tree_eq_29_30_groupi_ |  ^   | uu_dtpath/uu_exec/uu_alu/csa_tree_eq_29_30_groupi_ | NAND2X8   | 0.000 |   3.272 |    3.238 | 
     | g637/B                                             |      | n_129                                              |           |       |         |          | 
     | uu_dtpath/uu_exec/uu_alu/csa_tree_eq_29_30_groupi_ |  v   | uu_dtpath/uu_exec/uu_alu/csa_tree_eq_29_30_groupi_ | NAND2X8   | 0.068 |   3.340 |    3.306 | 
     | g637/Y                                             |      | n_130                                              |           |       |         |          | 
     | uu_dtpath/uu_exec/uu_alu/csa_tree_eq_29_30_groupi_ |  v   | uu_dtpath/uu_exec/uu_alu/csa_tree_eq_29_30_groupi_ | NOR2X6    | 0.000 |   3.340 |    3.306 | 
     | g634/A                                             |      | n_130                                              |           |       |         |          | 
     | uu_dtpath/uu_exec/uu_alu/csa_tree_eq_29_30_groupi_ |  ^   | uu_dtpath/uu_exec/zero_w                           | NOR2X6    | 0.069 |   3.409 |    3.375 | 
     | g634/Y                                             |      |                                                    |           |       |         |          | 
     | uu_dtpath/uu_exec/FE_RC_5_0/A1                     |  ^   | uu_dtpath/uu_exec/zero_w                           | OAI21X2   | 0.000 |   3.409 |    3.375 | 
     | uu_dtpath/uu_exec/FE_RC_5_0/Y                      |  v   | uu_dtpath/uu_exec/n_1                              | OAI21X2   | 0.096 |   3.505 |    3.471 | 
     | uu_dtpath/uu_exec/g3928/B                          |  v   | uu_dtpath/uu_exec/n_1                              | NAND2X4   | 0.000 |   3.505 |    3.471 | 
     | uu_dtpath/uu_exec/g3928/Y                          |  ^   | uu_dtpath/uu_exec/n_2                              | NAND2X4   | 0.069 |   3.574 |    3.540 | 
     | uu_dtpath/uu_exec/g3927/B                          |  ^   | uu_dtpath/uu_exec/n_2                              | NAND2X6   | 0.000 |   3.574 |    3.540 | 
     | uu_dtpath/uu_exec/g3927/Y                          |  v   | uu_dtpath/pc_src                                   | NAND2X6   | 0.072 |   3.646 |    3.612 | 
     | uu_dtpath/g810/B                                   |  v   | uu_dtpath/pc_src                                   | OR2X4     | 0.000 |   3.646 |    3.612 | 
     | uu_dtpath/g810/Y                                   |  v   | uu_dtpath/flush_de                                 | OR2X4     | 0.202 |   3.848 |    3.814 | 
     | uu_dtpath/uu_dec/FE_OFC739_flush_de/A              |  v   | uu_dtpath/flush_de                                 | CLKBUFX20 | 0.000 |   3.848 |    3.814 | 
     | uu_dtpath/uu_dec/FE_OFC739_flush_de/Y              |  v   | uu_dtpath/uu_dec/FE_OFN441_flush_de                | CLKBUFX20 | 0.156 |   4.004 |    3.970 | 
     | uu_dtpath/uu_dec/g2484/B                           |  v   | uu_dtpath/uu_dec/FE_OFN441_flush_de                | NOR2BX1   | 0.001 |   4.005 |    3.971 | 
     | uu_dtpath/uu_dec/g2484/Y                           |  ^   | uu_dtpath/uu_dec/n_177                             | NOR2BX1   | 0.136 |   4.141 |    4.106 | 
     | uu_dtpath/uu_dec/immExt_ff_reg[1]/D                |  ^   | uu_dtpath/uu_dec/n_177                             | DFFRHQX1  | 0.000 |   4.141 |    4.107 | 
     +---------------------------------------------------------------------------------------------------------------------------------------------------------+ 
     Clock Rise Edge                      0.000
     + Source Insertion Delay            -0.609
     = Beginpoint Arrival Time           -0.609
     Other End Path:
     +---------------------------------------------------------------------------------------------------------+ 
     |                 Pin                  | Edge |        Net        |   Cell   | Delay | Arrival | Required | 
     |                                      |      |                   |          |       |  Time   |   Time   | 
     |--------------------------------------+------+-------------------+----------+-------+---------+----------| 
     | clk                                  |  ^   | clk               |          |       |  -0.609 |   -0.574 | 
     | uu_dtpath/CTS_ccl_a_buf_00308/A      |  ^   | clk               | CLKBUFX3 | 0.001 |  -0.607 |   -0.573 | 
     | uu_dtpath/CTS_ccl_a_buf_00308/Y      |  ^   | uu_dtpath/CTS_113 | CLKBUFX3 | 0.074 |  -0.534 |   -0.499 | 
     | uu_dtpath/CTS_ccl_a_buf_00304/A      |  ^   | uu_dtpath/CTS_113 | CLKBUFX4 | 0.000 |  -0.534 |   -0.499 | 
     | uu_dtpath/CTS_ccl_a_buf_00304/Y      |  ^   | uu_dtpath/CTS_112 | CLKBUFX4 | 0.102 |  -0.431 |   -0.397 | 
     | uu_dtpath/CTS_ccl_a_buf_00291/A      |  ^   | uu_dtpath/CTS_112 | CLKBUFX4 | 0.000 |  -0.431 |   -0.397 | 
     | uu_dtpath/CTS_ccl_a_buf_00291/Y      |  ^   | uu_dtpath/CTS_108 | CLKBUFX4 | 0.100 |  -0.331 |   -0.296 | 
     | uu_dtpath/CTS_ccl_a_buf_00256/A      |  ^   | uu_dtpath/CTS_108 | BUFX2    | 0.000 |  -0.331 |   -0.296 | 
     | uu_dtpath/CTS_ccl_a_buf_00256/Y      |  ^   | uu_dtpath/CTS_99  | BUFX2    | 0.100 |  -0.231 |   -0.197 | 
     | uu_dtpath/CTS_ccl_a_buf_00210/A      |  ^   | uu_dtpath/CTS_99  | CLKBUFX3 | 0.000 |  -0.231 |   -0.197 | 
     | uu_dtpath/CTS_ccl_a_buf_00210/Y      |  ^   | uu_dtpath/CTS_98  | CLKBUFX3 | 0.095 |  -0.137 |   -0.102 | 
     | uu_dtpath/CTS_ccl_a_buf_00056/A      |  ^   | uu_dtpath/CTS_98  | CLKBUFX4 | 0.000 |  -0.136 |   -0.102 | 
     | uu_dtpath/CTS_ccl_a_buf_00056/Y      |  ^   | uu_dtpath/CTS_96  | CLKBUFX4 | 0.105 |  -0.031 |    0.003 | 
     | uu_dtpath/uu_dec/immExt_ff_reg[1]/CK |  ^   | uu_dtpath/CTS_96  | DFFRHQX1 | 0.000 |  -0.031 |    0.003 | 
     +---------------------------------------------------------------------------------------------------------+ 
Path 4: VIOLATED Setup Check with Pin uu_dtpath/uu_dec/immExt_ff_reg[12]/CK 
Endpoint:   uu_dtpath/uu_dec/immExt_ff_reg[12]/D  (^) checked with  leading 
edge of 'clk'
Beginpoint: uu_dtpath/uu_mem/o_resultSrc_reg[1]/Q (v) triggered by  leading 
edge of 'clk'
Path Groups: {clk}
Analysis View: setup
Other End Arrival Time          0.031
- Setup                         0.171
+ Phase Shift                   4.400
- Uncertainty                   0.100
= Required Time                 4.160
- Arrival Time                  4.194
= Slack Time                   -0.034
     Clock Rise Edge                      0.000
     + Source Insertion Delay            -0.609
     = Beginpoint Arrival Time           -0.609
     Timing Path:
     +---------------------------------------------------------------------------------------------------------------------------------------------------------+ 
     |                        Pin                         | Edge |                        Net                         |   Cell    | Delay | Arrival | Required | 
     |                                                    |      |                                                    |           |       |  Time   |   Time   | 
     |----------------------------------------------------+------+----------------------------------------------------+-----------+-------+---------+----------| 
     | clk                                                |  ^   | clk                                                |           |       |  -0.609 |   -0.642 | 
     | uu_dtpath/CTS_ccl_a_buf_00307/A                    |  ^   | clk                                                | CLKBUFX4  | 0.001 |  -0.607 |   -0.641 | 
     | uu_dtpath/CTS_ccl_a_buf_00307/Y                    |  ^   | uu_dtpath/CTS_56                                   | CLKBUFX4  | 0.086 |  -0.521 |   -0.555 | 
     | uu_dtpath/CTS_ccl_a_buf_00290/A                    |  ^   | uu_dtpath/CTS_56                                   | CLKBUFX4  | 0.000 |  -0.521 |   -0.555 | 
     | uu_dtpath/CTS_ccl_a_buf_00290/Y                    |  ^   | uu_dtpath/CTS_55                                   | CLKBUFX4  | 0.101 |  -0.420 |   -0.454 | 
     | uu_dtpath/CTS_ccl_a_buf_00274/A                    |  ^   | uu_dtpath/CTS_55                                   | CLKBUFX3  | 0.000 |  -0.420 |   -0.453 | 
     | uu_dtpath/CTS_ccl_a_buf_00274/Y                    |  ^   | uu_dtpath/CTS_42                                   | CLKBUFX3  | 0.090 |  -0.329 |   -0.363 | 
     | uu_dtpath/CTS_ccl_a_buf_00253/A                    |  ^   | uu_dtpath/CTS_42                                   | CLKBUFX3  | 0.000 |  -0.329 |   -0.363 | 
     | uu_dtpath/CTS_ccl_a_buf_00253/Y                    |  ^   | uu_dtpath/CTS_40                                   | CLKBUFX3  | 0.090 |  -0.240 |   -0.273 | 
     | uu_dtpath/CTS_ccl_a_buf_00207/A                    |  ^   | uu_dtpath/CTS_40                                   | CLKBUFX3  | 0.000 |  -0.239 |   -0.273 | 
     | uu_dtpath/CTS_ccl_a_buf_00207/Y                    |  ^   | uu_dtpath/CTS_38                                   | CLKBUFX3  | 0.089 |  -0.150 |   -0.184 | 
     | uu_dtpath/CTS_ccl_a_buf_00034/A                    |  ^   | uu_dtpath/CTS_38                                   | CLKBUFX4  | 0.000 |  -0.150 |   -0.184 | 
     | uu_dtpath/CTS_ccl_a_buf_00034/Y                    |  ^   | uu_dtpath/CTS_32                                   | CLKBUFX4  | 0.102 |  -0.049 |   -0.083 | 
     | uu_dtpath/uu_mem/o_resultSrc_reg[1]/CK             |  ^   | uu_dtpath/CTS_32                                   | DFFRHQX4  | 0.000 |  -0.049 |   -0.083 | 
     | uu_dtpath/uu_mem/o_resultSrc_reg[1]/Q              |  v   | uu_dtpath/resultSrc_mw[1]                          | DFFRHQX4  | 0.277 |   0.228 |    0.195 | 
     | uu_dtpath/uu_wb/g1420/B                            |  v   | uu_dtpath/resultSrc_mw[1]                          | NOR2X6    | 0.000 |   0.229 |    0.195 | 
     | uu_dtpath/uu_wb/g1420/Y                            |  ^   | uu_dtpath/uu_wb/n_2                                | NOR2X6    | 0.125 |   0.354 |    0.320 | 
     | uu_dtpath/uu_wb/FE_OFC699_n_2/A                    |  ^   | uu_dtpath/uu_wb/n_2                                | BUFX3     | 0.000 |   0.354 |    0.321 | 
     | uu_dtpath/uu_wb/FE_OFC699_n_2/Y                    |  ^   | uu_dtpath/uu_wb/n_25                               | BUFX3     | 0.201 |   0.556 |    0.522 | 
     | uu_dtpath/uu_wb/g1441/A1                           |  ^   | uu_dtpath/uu_wb/n_25                               | AOI22X2   | 0.001 |   0.556 |    0.522 | 
     | uu_dtpath/uu_wb/g1441/Y                            |  v   | uu_dtpath/uu_wb/n_267                              | AOI22X2   | 0.159 |   0.715 |    0.681 | 
     | uu_dtpath/uu_wb/g1293/B                            |  v   | uu_dtpath/uu_wb/n_267                              | NAND2X1   | 0.000 |   0.715 |    0.681 | 
     | uu_dtpath/uu_wb/g1293/Y                            |  ^   | uu_dtpath/wr_dt_reg[4]                             | NAND2X1   | 0.098 |   0.813 |    0.779 | 
     | uu_dtpath/FE_OFC945_wr_dt_reg_4/A                  |  ^   | uu_dtpath/wr_dt_reg[4]                             | CLKBUFX6  | 0.000 |   0.813 |    0.779 | 
     | uu_dtpath/FE_OFC945_wr_dt_reg_4/Y                  |  ^   | uu_dtpath/FE_OFN233_wr_dt_reg_4                    | CLKBUFX6  | 0.156 |   0.969 |    0.935 | 
     | uu_dtpath/uu_exec/g5895/A                          |  ^   | uu_dtpath/FE_OFN233_wr_dt_reg_4                    | NAND2X4   | 0.000 |   0.969 |    0.935 | 
     | uu_dtpath/uu_exec/g5895/Y                          |  v   | uu_dtpath/uu_exec/n_150                            | NAND2X4   | 0.126 |   1.095 |    1.061 | 
     | uu_dtpath/uu_exec/g5653/A                          |  v   | uu_dtpath/uu_exec/n_150                            | NAND2X6   | 0.000 |   1.095 |    1.061 | 
     | uu_dtpath/uu_exec/g5653/Y                          |  ^   | uu_dtpath/uu_exec/n_350                            | NAND2X6   | 0.060 |   1.154 |    1.121 | 
     | uu_dtpath/uu_exec/g5567/A1                         |  ^   | uu_dtpath/uu_exec/n_350                            | AOI21X2   | 0.000 |   1.155 |    1.121 | 
     | uu_dtpath/uu_exec/g5567/Y                          |  v   | uu_dtpath/uu_exec/n_344                            | AOI21X2   | 0.131 |   1.286 |    1.252 | 
     | uu_dtpath/uu_exec/FE_OFC301_n_344/A                |  v   | uu_dtpath/uu_exec/n_344                            | BUFX12    | 0.000 |   1.286 |    1.252 | 
     | uu_dtpath/uu_exec/FE_OFC301_n_344/Y                |  v   | uu_dtpath/uu_exec/FE_OFN320_n_344                  | BUFX12    | 0.210 |   1.495 |    1.462 | 
     | uu_dtpath/uu_exec/g5565/A                          |  v   | uu_dtpath/uu_exec/FE_OFN320_n_344                  | CLKINVX20 | 0.004 |   1.499 |    1.465 | 
     | uu_dtpath/uu_exec/g5565/Y                          |  ^   | uu_dtpath/uu_exec/alu_srcB_w[4]                    | CLKINVX20 | 0.126 |   1.625 |    1.591 | 
     | uu_dtpath/uu_exec/uu_alu/sll_22_38_g3849/B         |  ^   | uu_dtpath/uu_exec/alu_srcB_w[4]                    | NOR2X6    | 0.002 |   1.627 |    1.593 | 
     | uu_dtpath/uu_exec/uu_alu/sll_22_38_g3849/Y         |  v   | uu_dtpath/uu_exec/uu_alu/sll_22_38_n_79            | NOR2X6    | 0.081 |   1.708 |    1.674 | 
     | uu_dtpath/uu_exec/uu_alu/sll_22_38_g3770/B         |  v   | uu_dtpath/uu_exec/uu_alu/sll_22_38_n_79            | CLKAND2X3 | 0.000 |   1.708 |    1.674 | 
     | uu_dtpath/uu_exec/uu_alu/sll_22_38_g3770/Y         |  v   | uu_dtpath/uu_exec/uu_alu/sll_22_38_n_133           | CLKAND2X3 | 0.101 |   1.809 |    1.775 | 
     | uu_dtpath/uu_exec/uu_alu/FE_OFC772_sll_22_38_n_133 |  v   | uu_dtpath/uu_exec/uu_alu/sll_22_38_n_133           | INVX1     | 0.000 |   1.809 |    1.775 | 
     | /A                                                 |      |                                                    |           |       |         |          | 
     | uu_dtpath/uu_exec/uu_alu/FE_OFC772_sll_22_38_n_133 |  ^   | uu_dtpath/uu_exec/uu_alu/sll_22_38_n_30            | INVX1     | 0.049 |   1.858 |    1.824 | 
     | /Y                                                 |      |                                                    |           |       |         |          | 
     | uu_dtpath/uu_exec/uu_alu/sll_22_38_g3733/B         |  ^   | uu_dtpath/uu_exec/uu_alu/sll_22_38_n_30            | NOR2X4    | 0.000 |   1.858 |    1.824 | 
     | uu_dtpath/uu_exec/uu_alu/sll_22_38_g3733/Y         |  v   | uu_dtpath/uu_exec/uu_alu/sll_22_38_n_172           | NOR2X4    | 0.050 |   1.908 |    1.874 | 
     | uu_dtpath/uu_exec/uu_alu/sll_22_38_g3674/A1        |  v   | uu_dtpath/uu_exec/uu_alu/sll_22_38_n_172           | AOI22X2   | 0.000 |   1.908 |    1.874 | 
     | uu_dtpath/uu_exec/uu_alu/sll_22_38_g3674/Y         |  ^   | uu_dtpath/uu_exec/uu_alu/sll_22_38_n_215           | AOI22X2   | 0.103 |   2.011 |    1.977 | 
     | uu_dtpath/uu_exec/uu_alu/sll_22_38_g3619/B         |  ^   | uu_dtpath/uu_exec/uu_alu/sll_22_38_n_215           | NAND2X1   | 0.000 |   2.011 |    1.977 | 
     | uu_dtpath/uu_exec/uu_alu/sll_22_38_g3619/Y         |  v   | uu_dtpath/uu_exec/uu_alu/sll_22_38_n_263           | NAND2X1   | 0.142 |   2.153 |    2.119 | 
     | uu_dtpath/uu_exec/uu_alu/sll_22_38_g3560/B0        |  v   | uu_dtpath/uu_exec/uu_alu/sll_22_38_n_263           | AOI2BB1X1 | 0.000 |   2.153 |    2.119 | 
     | uu_dtpath/uu_exec/uu_alu/sll_22_38_g3560/Y         |  ^   | uu_dtpath/uu_exec/uu_alu/sll_22_38_n_319           | AOI2BB1X1 | 0.155 |   2.308 |    2.274 | 
     | uu_dtpath/uu_exec/uu_alu/sll_22_38_g3539/B0        |  ^   | uu_dtpath/uu_exec/uu_alu/sll_22_38_n_319           | OAI21X4   | 0.000 |   2.308 |    2.274 | 
     | uu_dtpath/uu_exec/uu_alu/sll_22_38_g3539/Y         |  v   | uu_dtpath/uu_exec/uu_alu/n_639                     | OAI21X4   | 0.116 |   2.424 |    2.390 | 
     | uu_dtpath/uu_exec/uu_alu/g6504/B                   |  v   | uu_dtpath/uu_exec/uu_alu/n_639                     | NAND2BX4  | 0.000 |   2.424 |    2.390 | 
     | uu_dtpath/uu_exec/uu_alu/g6504/Y                   |  ^   | uu_dtpath/uu_exec/uu_alu/n_71                      | NAND2BX4  | 0.064 |   2.488 |    2.454 | 
     | uu_dtpath/uu_exec/uu_alu/g6095/B                   |  ^   | uu_dtpath/uu_exec/uu_alu/n_71                      | NAND2X2   | 0.000 |   2.488 |    2.454 | 
     | uu_dtpath/uu_exec/uu_alu/g6095/Y                   |  v   | uu_dtpath/uu_exec/uu_alu/n_544                     | NAND2X2   | 0.098 |   2.586 |    2.552 | 
     | uu_dtpath/uu_exec/uu_alu/csa_tree_eq_29_30_groupi_ |  v   | uu_dtpath/uu_exec/uu_alu/n_544                     | CLKXOR2X1 | 0.000 |   2.586 |    2.552 | 
     | g707/B                                             |      |                                                    |           |       |         |          | 
     | uu_dtpath/uu_exec/uu_alu/csa_tree_eq_29_30_groupi_ |  ^   | uu_dtpath/uu_exec/uu_alu/csa_tree_eq_29_30_groupi_ | CLKXOR2X1 | 0.170 |   2.756 |    2.722 | 
     | g707/Y                                             |      | n_65                                               |           |       |         |          | 
     | uu_dtpath/uu_exec/uu_alu/FE_RC_8_0/A               |  ^   | uu_dtpath/uu_exec/uu_alu/csa_tree_eq_29_30_groupi_ | XNOR2X1   | 0.000 |   2.756 |    2.722 | 
     |                                                    |      | n_65                                               |           |       |         |          | 
     | uu_dtpath/uu_exec/uu_alu/FE_RC_8_0/Y               |  v   | uu_dtpath/uu_exec/uu_alu/csa_tree_eq_29_30_groupi_ | XNOR2X1   | 0.248 |   3.004 |    2.970 | 
     |                                                    |      | n_93                                               |           |       |         |          | 
     | uu_dtpath/uu_exec/uu_alu/csa_tree_eq_29_30_groupi_ |  v   | uu_dtpath/uu_exec/uu_alu/csa_tree_eq_29_30_groupi_ | NOR2X4    | 0.000 |   3.004 |    2.970 | 
     | g643/B                                             |      | n_93                                               |           |       |         |          | 
     | uu_dtpath/uu_exec/uu_alu/csa_tree_eq_29_30_groupi_ |  ^   | uu_dtpath/uu_exec/uu_alu/csa_tree_eq_29_30_groupi_ | NOR2X4    | 0.106 |   3.110 |    3.076 | 
     | g643/Y                                             |      | n_124                                              |           |       |         |          | 
     | uu_dtpath/uu_exec/uu_alu/csa_tree_eq_29_30_groupi_ |  ^   | uu_dtpath/uu_exec/uu_alu/csa_tree_eq_29_30_groupi_ | NAND2X6   | 0.000 |   3.110 |    3.076 | 
     | g641/B                                             |      | n_124                                              |           |       |         |          | 
     | uu_dtpath/uu_exec/uu_alu/csa_tree_eq_29_30_groupi_ |  v   | uu_dtpath/uu_exec/uu_alu/csa_tree_eq_29_30_groupi_ | NAND2X6   | 0.082 |   3.192 |    3.158 | 
     | g641/Y                                             |      | n_126                                              |           |       |         |          | 
     | uu_dtpath/uu_exec/uu_alu/csa_tree_eq_29_30_groupi_ |  v   | uu_dtpath/uu_exec/uu_alu/csa_tree_eq_29_30_groupi_ | NOR2X6    | 0.000 |   3.192 |    3.158 | 
     | g638/A                                             |      | n_126                                              |           |       |         |          | 
     | uu_dtpath/uu_exec/uu_alu/csa_tree_eq_29_30_groupi_ |  ^   | uu_dtpath/uu_exec/uu_alu/csa_tree_eq_29_30_groupi_ | NOR2X6    | 0.080 |   3.272 |    3.238 | 
     | g638/Y                                             |      | n_129                                              |           |       |         |          | 
     | uu_dtpath/uu_exec/uu_alu/csa_tree_eq_29_30_groupi_ |  ^   | uu_dtpath/uu_exec/uu_alu/csa_tree_eq_29_30_groupi_ | NAND2X8   | 0.000 |   3.272 |    3.238 | 
     | g637/B                                             |      | n_129                                              |           |       |         |          | 
     | uu_dtpath/uu_exec/uu_alu/csa_tree_eq_29_30_groupi_ |  v   | uu_dtpath/uu_exec/uu_alu/csa_tree_eq_29_30_groupi_ | NAND2X8   | 0.068 |   3.340 |    3.306 | 
     | g637/Y                                             |      | n_130                                              |           |       |         |          | 
     | uu_dtpath/uu_exec/uu_alu/csa_tree_eq_29_30_groupi_ |  v   | uu_dtpath/uu_exec/uu_alu/csa_tree_eq_29_30_groupi_ | NOR2X6    | 0.000 |   3.340 |    3.306 | 
     | g634/A                                             |      | n_130                                              |           |       |         |          | 
     | uu_dtpath/uu_exec/uu_alu/csa_tree_eq_29_30_groupi_ |  ^   | uu_dtpath/uu_exec/zero_w                           | NOR2X6    | 0.069 |   3.409 |    3.375 | 
     | g634/Y                                             |      |                                                    |           |       |         |          | 
     | uu_dtpath/uu_exec/FE_RC_5_0/A1                     |  ^   | uu_dtpath/uu_exec/zero_w                           | OAI21X2   | 0.000 |   3.409 |    3.375 | 
     | uu_dtpath/uu_exec/FE_RC_5_0/Y                      |  v   | uu_dtpath/uu_exec/n_1                              | OAI21X2   | 0.096 |   3.505 |    3.472 | 
     | uu_dtpath/uu_exec/g3928/B                          |  v   | uu_dtpath/uu_exec/n_1                              | NAND2X4   | 0.000 |   3.505 |    3.472 | 
     | uu_dtpath/uu_exec/g3928/Y                          |  ^   | uu_dtpath/uu_exec/n_2                              | NAND2X4   | 0.069 |   3.574 |    3.540 | 
     | uu_dtpath/uu_exec/g3927/B                          |  ^   | uu_dtpath/uu_exec/n_2                              | NAND2X6   | 0.000 |   3.574 |    3.540 | 
     | uu_dtpath/uu_exec/g3927/Y                          |  v   | uu_dtpath/pc_src                                   | NAND2X6   | 0.072 |   3.646 |    3.612 | 
     | uu_dtpath/g810/B                                   |  v   | uu_dtpath/pc_src                                   | OR2X4     | 0.000 |   3.646 |    3.612 | 
     | uu_dtpath/g810/Y                                   |  v   | uu_dtpath/flush_de                                 | OR2X4     | 0.202 |   3.848 |    3.815 | 
     | uu_dtpath/uu_dec/FE_OFC737_flush_de/A              |  v   | uu_dtpath/flush_de                                 | CLKINVX4  | 0.000 |   3.848 |    3.815 | 
     | uu_dtpath/uu_dec/FE_OFC737_flush_de/Y              |  ^   | uu_dtpath/uu_dec/FE_OFN438_flush_de                | CLKINVX4  | 0.083 |   3.931 |    3.898 | 
     | uu_dtpath/uu_dec/FE_OFC740_flush_de/A              |  ^   | uu_dtpath/uu_dec/FE_OFN438_flush_de                | CLKINVX20 | 0.000 |   3.931 |    3.898 | 
     | uu_dtpath/uu_dec/FE_OFC740_flush_de/Y              |  v   | uu_dtpath/uu_dec/FE_OFN440_flush_de                | CLKINVX20 | 0.100 |   4.031 |    3.998 | 
     | uu_dtpath/uu_dec/g2491/B                           |  v   | uu_dtpath/uu_dec/FE_OFN440_flush_de                | NOR2BX1   | 0.005 |   4.036 |    4.002 | 
     | uu_dtpath/uu_dec/g2491/Y                           |  ^   | uu_dtpath/uu_dec/n_170                             | NOR2BX1   | 0.158 |   4.194 |    4.160 | 
     | uu_dtpath/uu_dec/immExt_ff_reg[12]/D               |  ^   | uu_dtpath/uu_dec/n_170                             | DFFRHQX1  | 0.000 |   4.194 |    4.160 | 
     +---------------------------------------------------------------------------------------------------------------------------------------------------------+ 
     Clock Rise Edge                      0.000
     + Source Insertion Delay            -0.609
     = Beginpoint Arrival Time           -0.609
     Other End Path:
     +----------------------------------------------------------------------------------------------------------+ 
     |                  Pin                  | Edge |        Net        |   Cell   | Delay | Arrival | Required | 
     |                                       |      |                   |          |       |  Time   |   Time   | 
     |---------------------------------------+------+-------------------+----------+-------+---------+----------| 
     | clk                                   |  ^   | clk               |          |       |  -0.609 |   -0.575 | 
     | uu_dtpath/CTS_ccl_a_buf_00308/A       |  ^   | clk               | CLKBUFX3 | 0.001 |  -0.607 |   -0.574 | 
     | uu_dtpath/CTS_ccl_a_buf_00308/Y       |  ^   | uu_dtpath/CTS_113 | CLKBUFX3 | 0.074 |  -0.534 |   -0.500 | 
     | uu_dtpath/CTS_ccl_a_buf_00304/A       |  ^   | uu_dtpath/CTS_113 | CLKBUFX4 | 0.000 |  -0.534 |   -0.500 | 
     | uu_dtpath/CTS_ccl_a_buf_00304/Y       |  ^   | uu_dtpath/CTS_112 | CLKBUFX4 | 0.102 |  -0.431 |   -0.397 | 
     | uu_dtpath/CTS_ccl_a_buf_00288/A       |  ^   | uu_dtpath/CTS_112 | CLKBUFX4 | 0.000 |  -0.431 |   -0.397 | 
     | uu_dtpath/CTS_ccl_a_buf_00288/Y       |  ^   | uu_dtpath/CTS_89  | CLKBUFX4 | 0.106 |  -0.325 |   -0.291 | 
     | uu_dtpath/CTS_ccl_a_buf_00252/A       |  ^   | uu_dtpath/CTS_89  | CLKBUFX3 | 0.000 |  -0.325 |   -0.291 | 
     | uu_dtpath/CTS_ccl_a_buf_00252/Y       |  ^   | uu_dtpath/CTS_88  | CLKBUFX3 | 0.084 |  -0.242 |   -0.208 | 
     | uu_dtpath/CTS_cdb_buf_00328/A         |  ^   | uu_dtpath/CTS_88  | CLKBUFX3 | 0.000 |  -0.242 |   -0.208 | 
     | uu_dtpath/CTS_cdb_buf_00328/Y         |  ^   | uu_dtpath/CTS_85  | CLKBUFX3 | 0.079 |  -0.162 |   -0.128 | 
     | uu_dtpath/CTS_ccl_a_buf_00206/A       |  ^   | uu_dtpath/CTS_85  | CLKBUFX3 | 0.000 |  -0.162 |   -0.128 | 
     | uu_dtpath/CTS_ccl_a_buf_00206/Y       |  ^   | uu_dtpath/CTS_84  | CLKBUFX3 | 0.089 |  -0.073 |   -0.040 | 
     | uu_dtpath/CTS_ccl_a_buf_00064/A       |  ^   | uu_dtpath/CTS_84  | CLKBUFX4 | 0.000 |  -0.073 |   -0.039 | 
     | uu_dtpath/CTS_ccl_a_buf_00064/Y       |  ^   | uu_dtpath/CTS_81  | CLKBUFX4 | 0.105 |   0.031 |    0.065 | 
     | uu_dtpath/uu_dec/immExt_ff_reg[12]/CK |  ^   | uu_dtpath/CTS_81  | DFFRHQX1 | 0.000 |   0.031 |    0.065 | 
     +----------------------------------------------------------------------------------------------------------+ 
Path 5: VIOLATED Setup Check with Pin uu_dtpath/uu_dec/o_pc_plus4_reg[9]/CK 
Endpoint:   uu_dtpath/uu_dec/o_pc_plus4_reg[9]/D  (^) checked with  leading 
edge of 'clk'
Beginpoint: uu_dtpath/uu_mem/o_resultSrc_reg[1]/Q (v) triggered by  leading 
edge of 'clk'
Path Groups: {clk}
Analysis View: setup
Other End Arrival Time         -0.027
- Setup                         0.143
+ Phase Shift                   4.400
- Uncertainty                   0.100
= Required Time                 4.130
- Arrival Time                  4.162
= Slack Time                   -0.032
     Clock Rise Edge                      0.000
     + Source Insertion Delay            -0.609
     = Beginpoint Arrival Time           -0.609
     Timing Path:
     +---------------------------------------------------------------------------------------------------------------------------------------------------------+ 
     |                        Pin                         | Edge |                        Net                         |   Cell    | Delay | Arrival | Required | 
     |                                                    |      |                                                    |           |       |  Time   |   Time   | 
     |----------------------------------------------------+------+----------------------------------------------------+-----------+-------+---------+----------| 
     | clk                                                |  ^   | clk                                                |           |       |  -0.609 |   -0.640 | 
     | uu_dtpath/CTS_ccl_a_buf_00307/A                    |  ^   | clk                                                | CLKBUFX4  | 0.001 |  -0.607 |   -0.639 | 
     | uu_dtpath/CTS_ccl_a_buf_00307/Y                    |  ^   | uu_dtpath/CTS_56                                   | CLKBUFX4  | 0.086 |  -0.521 |   -0.553 | 
     | uu_dtpath/CTS_ccl_a_buf_00290/A                    |  ^   | uu_dtpath/CTS_56                                   | CLKBUFX4  | 0.000 |  -0.521 |   -0.552 | 
     | uu_dtpath/CTS_ccl_a_buf_00290/Y                    |  ^   | uu_dtpath/CTS_55                                   | CLKBUFX4  | 0.101 |  -0.420 |   -0.451 | 
     | uu_dtpath/CTS_ccl_a_buf_00274/A                    |  ^   | uu_dtpath/CTS_55                                   | CLKBUFX3  | 0.000 |  -0.420 |   -0.451 | 
     | uu_dtpath/CTS_ccl_a_buf_00274/Y                    |  ^   | uu_dtpath/CTS_42                                   | CLKBUFX3  | 0.090 |  -0.329 |   -0.361 | 
     | uu_dtpath/CTS_ccl_a_buf_00253/A                    |  ^   | uu_dtpath/CTS_42                                   | CLKBUFX3  | 0.000 |  -0.329 |   -0.361 | 
     | uu_dtpath/CTS_ccl_a_buf_00253/Y                    |  ^   | uu_dtpath/CTS_40                                   | CLKBUFX3  | 0.090 |  -0.240 |   -0.271 | 
     | uu_dtpath/CTS_ccl_a_buf_00207/A                    |  ^   | uu_dtpath/CTS_40                                   | CLKBUFX3  | 0.000 |  -0.239 |   -0.271 | 
     | uu_dtpath/CTS_ccl_a_buf_00207/Y                    |  ^   | uu_dtpath/CTS_38                                   | CLKBUFX3  | 0.089 |  -0.150 |   -0.182 | 
     | uu_dtpath/CTS_ccl_a_buf_00034/A                    |  ^   | uu_dtpath/CTS_38                                   | CLKBUFX4  | 0.000 |  -0.150 |   -0.182 | 
     | uu_dtpath/CTS_ccl_a_buf_00034/Y                    |  ^   | uu_dtpath/CTS_32                                   | CLKBUFX4  | 0.102 |  -0.049 |   -0.080 | 
     | uu_dtpath/uu_mem/o_resultSrc_reg[1]/CK             |  ^   | uu_dtpath/CTS_32                                   | DFFRHQX4  | 0.000 |  -0.049 |   -0.080 | 
     | uu_dtpath/uu_mem/o_resultSrc_reg[1]/Q              |  v   | uu_dtpath/resultSrc_mw[1]                          | DFFRHQX4  | 0.277 |   0.228 |    0.197 | 
     | uu_dtpath/uu_wb/g1420/B                            |  v   | uu_dtpath/resultSrc_mw[1]                          | NOR2X6    | 0.000 |   0.229 |    0.197 | 
     | uu_dtpath/uu_wb/g1420/Y                            |  ^   | uu_dtpath/uu_wb/n_2                                | NOR2X6    | 0.125 |   0.354 |    0.322 | 
     | uu_dtpath/uu_wb/FE_OFC699_n_2/A                    |  ^   | uu_dtpath/uu_wb/n_2                                | BUFX3     | 0.000 |   0.354 |    0.323 | 
     | uu_dtpath/uu_wb/FE_OFC699_n_2/Y                    |  ^   | uu_dtpath/uu_wb/n_25                               | BUFX3     | 0.201 |   0.556 |    0.524 | 
     | uu_dtpath/uu_wb/g1441/A1                           |  ^   | uu_dtpath/uu_wb/n_25                               | AOI22X2   | 0.001 |   0.556 |    0.525 | 
     | uu_dtpath/uu_wb/g1441/Y                            |  v   | uu_dtpath/uu_wb/n_267                              | AOI22X2   | 0.159 |   0.715 |    0.683 | 
     | uu_dtpath/uu_wb/g1293/B                            |  v   | uu_dtpath/uu_wb/n_267                              | NAND2X1   | 0.000 |   0.715 |    0.683 | 
     | uu_dtpath/uu_wb/g1293/Y                            |  ^   | uu_dtpath/wr_dt_reg[4]                             | NAND2X1   | 0.098 |   0.813 |    0.781 | 
     | uu_dtpath/FE_OFC945_wr_dt_reg_4/A                  |  ^   | uu_dtpath/wr_dt_reg[4]                             | CLKBUFX6  | 0.000 |   0.813 |    0.781 | 
     | uu_dtpath/FE_OFC945_wr_dt_reg_4/Y                  |  ^   | uu_dtpath/FE_OFN233_wr_dt_reg_4                    | CLKBUFX6  | 0.156 |   0.969 |    0.937 | 
     | uu_dtpath/uu_exec/g5895/A                          |  ^   | uu_dtpath/FE_OFN233_wr_dt_reg_4                    | NAND2X4   | 0.000 |   0.969 |    0.937 | 
     | uu_dtpath/uu_exec/g5895/Y                          |  v   | uu_dtpath/uu_exec/n_150                            | NAND2X4   | 0.126 |   1.095 |    1.063 | 
     | uu_dtpath/uu_exec/g5653/A                          |  v   | uu_dtpath/uu_exec/n_150                            | NAND2X6   | 0.000 |   1.095 |    1.063 | 
     | uu_dtpath/uu_exec/g5653/Y                          |  ^   | uu_dtpath/uu_exec/n_350                            | NAND2X6   | 0.060 |   1.154 |    1.123 | 
     | uu_dtpath/uu_exec/g5567/A1                         |  ^   | uu_dtpath/uu_exec/n_350                            | AOI21X2   | 0.000 |   1.155 |    1.123 | 
     | uu_dtpath/uu_exec/g5567/Y                          |  v   | uu_dtpath/uu_exec/n_344                            | AOI21X2   | 0.131 |   1.286 |    1.254 | 
     | uu_dtpath/uu_exec/FE_OFC301_n_344/A                |  v   | uu_dtpath/uu_exec/n_344                            | BUFX12    | 0.000 |   1.286 |    1.254 | 
     | uu_dtpath/uu_exec/FE_OFC301_n_344/Y                |  v   | uu_dtpath/uu_exec/FE_OFN320_n_344                  | BUFX12    | 0.210 |   1.495 |    1.464 | 
     | uu_dtpath/uu_exec/g5565/A                          |  v   | uu_dtpath/uu_exec/FE_OFN320_n_344                  | CLKINVX20 | 0.004 |   1.499 |    1.468 | 
     | uu_dtpath/uu_exec/g5565/Y                          |  ^   | uu_dtpath/uu_exec/alu_srcB_w[4]                    | CLKINVX20 | 0.126 |   1.625 |    1.593 | 
     | uu_dtpath/uu_exec/uu_alu/sll_22_38_g3849/B         |  ^   | uu_dtpath/uu_exec/alu_srcB_w[4]                    | NOR2X6    | 0.002 |   1.627 |    1.595 | 
     | uu_dtpath/uu_exec/uu_alu/sll_22_38_g3849/Y         |  v   | uu_dtpath/uu_exec/uu_alu/sll_22_38_n_79            | NOR2X6    | 0.081 |   1.708 |    1.676 | 
     | uu_dtpath/uu_exec/uu_alu/sll_22_38_g3770/B         |  v   | uu_dtpath/uu_exec/uu_alu/sll_22_38_n_79            | CLKAND2X3 | 0.000 |   1.708 |    1.676 | 
     | uu_dtpath/uu_exec/uu_alu/sll_22_38_g3770/Y         |  v   | uu_dtpath/uu_exec/uu_alu/sll_22_38_n_133           | CLKAND2X3 | 0.101 |   1.809 |    1.777 | 
     | uu_dtpath/uu_exec/uu_alu/FE_OFC772_sll_22_38_n_133 |  v   | uu_dtpath/uu_exec/uu_alu/sll_22_38_n_133           | INVX1     | 0.000 |   1.809 |    1.777 | 
     | /A                                                 |      |                                                    |           |       |         |          | 
     | uu_dtpath/uu_exec/uu_alu/FE_OFC772_sll_22_38_n_133 |  ^   | uu_dtpath/uu_exec/uu_alu/sll_22_38_n_30            | INVX1     | 0.049 |   1.858 |    1.827 | 
     | /Y                                                 |      |                                                    |           |       |         |          | 
     | uu_dtpath/uu_exec/uu_alu/sll_22_38_g3733/B         |  ^   | uu_dtpath/uu_exec/uu_alu/sll_22_38_n_30            | NOR2X4    | 0.000 |   1.858 |    1.827 | 
     | uu_dtpath/uu_exec/uu_alu/sll_22_38_g3733/Y         |  v   | uu_dtpath/uu_exec/uu_alu/sll_22_38_n_172           | NOR2X4    | 0.050 |   1.908 |    1.876 | 
     | uu_dtpath/uu_exec/uu_alu/sll_22_38_g3674/A1        |  v   | uu_dtpath/uu_exec/uu_alu/sll_22_38_n_172           | AOI22X2   | 0.000 |   1.908 |    1.876 | 
     | uu_dtpath/uu_exec/uu_alu/sll_22_38_g3674/Y         |  ^   | uu_dtpath/uu_exec/uu_alu/sll_22_38_n_215           | AOI22X2   | 0.103 |   2.011 |    1.979 | 
     | uu_dtpath/uu_exec/uu_alu/sll_22_38_g3619/B         |  ^   | uu_dtpath/uu_exec/uu_alu/sll_22_38_n_215           | NAND2X1   | 0.000 |   2.011 |    1.979 | 
     | uu_dtpath/uu_exec/uu_alu/sll_22_38_g3619/Y         |  v   | uu_dtpath/uu_exec/uu_alu/sll_22_38_n_263           | NAND2X1   | 0.142 |   2.153 |    2.121 | 
     | uu_dtpath/uu_exec/uu_alu/sll_22_38_g3560/B0        |  v   | uu_dtpath/uu_exec/uu_alu/sll_22_38_n_263           | AOI2BB1X1 | 0.000 |   2.153 |    2.121 | 
     | uu_dtpath/uu_exec/uu_alu/sll_22_38_g3560/Y         |  ^   | uu_dtpath/uu_exec/uu_alu/sll_22_38_n_319           | AOI2BB1X1 | 0.155 |   2.308 |    2.276 | 
     | uu_dtpath/uu_exec/uu_alu/sll_22_38_g3539/B0        |  ^   | uu_dtpath/uu_exec/uu_alu/sll_22_38_n_319           | OAI21X4   | 0.000 |   2.308 |    2.276 | 
     | uu_dtpath/uu_exec/uu_alu/sll_22_38_g3539/Y         |  v   | uu_dtpath/uu_exec/uu_alu/n_639                     | OAI21X4   | 0.116 |   2.424 |    2.392 | 
     | uu_dtpath/uu_exec/uu_alu/g6504/B                   |  v   | uu_dtpath/uu_exec/uu_alu/n_639                     | NAND2BX4  | 0.000 |   2.424 |    2.392 | 
     | uu_dtpath/uu_exec/uu_alu/g6504/Y                   |  ^   | uu_dtpath/uu_exec/uu_alu/n_71                      | NAND2BX4  | 0.064 |   2.488 |    2.456 | 
     | uu_dtpath/uu_exec/uu_alu/g6095/B                   |  ^   | uu_dtpath/uu_exec/uu_alu/n_71                      | NAND2X2   | 0.000 |   2.488 |    2.456 | 
     | uu_dtpath/uu_exec/uu_alu/g6095/Y                   |  v   | uu_dtpath/uu_exec/uu_alu/n_544                     | NAND2X2   | 0.098 |   2.586 |    2.554 | 
     | uu_dtpath/uu_exec/uu_alu/csa_tree_eq_29_30_groupi_ |  v   | uu_dtpath/uu_exec/uu_alu/n_544                     | CLKXOR2X1 | 0.000 |   2.586 |    2.554 | 
     | g707/B                                             |      |                                                    |           |       |         |          | 
     | uu_dtpath/uu_exec/uu_alu/csa_tree_eq_29_30_groupi_ |  ^   | uu_dtpath/uu_exec/uu_alu/csa_tree_eq_29_30_groupi_ | CLKXOR2X1 | 0.170 |   2.756 |    2.724 | 
     | g707/Y                                             |      | n_65                                               |           |       |         |          | 
     | uu_dtpath/uu_exec/uu_alu/FE_RC_8_0/A               |  ^   | uu_dtpath/uu_exec/uu_alu/csa_tree_eq_29_30_groupi_ | XNOR2X1   | 0.000 |   2.756 |    2.724 | 
     |                                                    |      | n_65                                               |           |       |         |          | 
     | uu_dtpath/uu_exec/uu_alu/FE_RC_8_0/Y               |  v   | uu_dtpath/uu_exec/uu_alu/csa_tree_eq_29_30_groupi_ | XNOR2X1   | 0.248 |   3.004 |    2.972 | 
     |                                                    |      | n_93                                               |           |       |         |          | 
     | uu_dtpath/uu_exec/uu_alu/csa_tree_eq_29_30_groupi_ |  v   | uu_dtpath/uu_exec/uu_alu/csa_tree_eq_29_30_groupi_ | NOR2X4    | 0.000 |   3.004 |    2.972 | 
     | g643/B                                             |      | n_93                                               |           |       |         |          | 
     | uu_dtpath/uu_exec/uu_alu/csa_tree_eq_29_30_groupi_ |  ^   | uu_dtpath/uu_exec/uu_alu/csa_tree_eq_29_30_groupi_ | NOR2X4    | 0.106 |   3.110 |    3.078 | 
     | g643/Y                                             |      | n_124                                              |           |       |         |          | 
     | uu_dtpath/uu_exec/uu_alu/csa_tree_eq_29_30_groupi_ |  ^   | uu_dtpath/uu_exec/uu_alu/csa_tree_eq_29_30_groupi_ | NAND2X6   | 0.000 |   3.110 |    3.078 | 
     | g641/B                                             |      | n_124                                              |           |       |         |          | 
     | uu_dtpath/uu_exec/uu_alu/csa_tree_eq_29_30_groupi_ |  v   | uu_dtpath/uu_exec/uu_alu/csa_tree_eq_29_30_groupi_ | NAND2X6   | 0.082 |   3.192 |    3.160 | 
     | g641/Y                                             |      | n_126                                              |           |       |         |          | 
     | uu_dtpath/uu_exec/uu_alu/csa_tree_eq_29_30_groupi_ |  v   | uu_dtpath/uu_exec/uu_alu/csa_tree_eq_29_30_groupi_ | NOR2X6    | 0.000 |   3.192 |    3.161 | 
     | g638/A                                             |      | n_126                                              |           |       |         |          | 
     | uu_dtpath/uu_exec/uu_alu/csa_tree_eq_29_30_groupi_ |  ^   | uu_dtpath/uu_exec/uu_alu/csa_tree_eq_29_30_groupi_ | NOR2X6    | 0.080 |   3.272 |    3.241 | 
     | g638/Y                                             |      | n_129                                              |           |       |         |          | 
     | uu_dtpath/uu_exec/uu_alu/csa_tree_eq_29_30_groupi_ |  ^   | uu_dtpath/uu_exec/uu_alu/csa_tree_eq_29_30_groupi_ | NAND2X8   | 0.000 |   3.272 |    3.241 | 
     | g637/B                                             |      | n_129                                              |           |       |         |          | 
     | uu_dtpath/uu_exec/uu_alu/csa_tree_eq_29_30_groupi_ |  v   | uu_dtpath/uu_exec/uu_alu/csa_tree_eq_29_30_groupi_ | NAND2X8   | 0.068 |   3.340 |    3.308 | 
     | g637/Y                                             |      | n_130                                              |           |       |         |          | 
     | uu_dtpath/uu_exec/uu_alu/csa_tree_eq_29_30_groupi_ |  v   | uu_dtpath/uu_exec/uu_alu/csa_tree_eq_29_30_groupi_ | NOR2X6    | 0.000 |   3.340 |    3.308 | 
     | g634/A                                             |      | n_130                                              |           |       |         |          | 
     | uu_dtpath/uu_exec/uu_alu/csa_tree_eq_29_30_groupi_ |  ^   | uu_dtpath/uu_exec/zero_w                           | NOR2X6    | 0.069 |   3.409 |    3.377 | 
     | g634/Y                                             |      |                                                    |           |       |         |          | 
     | uu_dtpath/uu_exec/FE_RC_5_0/A1                     |  ^   | uu_dtpath/uu_exec/zero_w                           | OAI21X2   | 0.000 |   3.409 |    3.377 | 
     | uu_dtpath/uu_exec/FE_RC_5_0/Y                      |  v   | uu_dtpath/uu_exec/n_1                              | OAI21X2   | 0.096 |   3.505 |    3.474 | 
     | uu_dtpath/uu_exec/g3928/B                          |  v   | uu_dtpath/uu_exec/n_1                              | NAND2X4   | 0.000 |   3.505 |    3.474 | 
     | uu_dtpath/uu_exec/g3928/Y                          |  ^   | uu_dtpath/uu_exec/n_2                              | NAND2X4   | 0.069 |   3.574 |    3.543 | 
     | uu_dtpath/uu_exec/g3927/B                          |  ^   | uu_dtpath/uu_exec/n_2                              | NAND2X6   | 0.000 |   3.574 |    3.543 | 
     | uu_dtpath/uu_exec/g3927/Y                          |  v   | uu_dtpath/pc_src                                   | NAND2X6   | 0.072 |   3.646 |    3.615 | 
     | uu_dtpath/g810/B                                   |  v   | uu_dtpath/pc_src                                   | OR2X4     | 0.000 |   3.646 |    3.615 | 
     | uu_dtpath/g810/Y                                   |  v   | uu_dtpath/flush_de                                 | OR2X4     | 0.202 |   3.848 |    3.817 | 
     | uu_dtpath/uu_dec/FE_OFC737_flush_de/A              |  v   | uu_dtpath/flush_de                                 | CLKINVX4  | 0.000 |   3.848 |    3.817 | 
     | uu_dtpath/uu_dec/FE_OFC737_flush_de/Y              |  ^   | uu_dtpath/uu_dec/FE_OFN438_flush_de                | CLKINVX4  | 0.083 |   3.931 |    3.900 | 
     | uu_dtpath/uu_dec/FE_OFC740_flush_de/A              |  ^   | uu_dtpath/uu_dec/FE_OFN438_flush_de                | CLKINVX20 | 0.000 |   3.931 |    3.900 | 
     | uu_dtpath/uu_dec/FE_OFC740_flush_de/Y              |  v   | uu_dtpath/uu_dec/FE_OFN440_flush_de                | CLKINVX20 | 0.100 |   4.031 |    4.000 | 
     | uu_dtpath/uu_dec/g1832/B                           |  v   | uu_dtpath/uu_dec/FE_OFN440_flush_de                | NOR2BX1   | 0.007 |   4.038 |    4.007 | 
     | uu_dtpath/uu_dec/g1832/Y                           |  ^   | uu_dtpath/uu_dec/n_0                               | NOR2BX1   | 0.123 |   4.162 |    4.130 | 
     | uu_dtpath/uu_dec/o_pc_plus4_reg[9]/D               |  ^   | uu_dtpath/uu_dec/n_0                               | DFFRHQX1  | 0.000 |   4.162 |    4.130 | 
     +---------------------------------------------------------------------------------------------------------------------------------------------------------+ 
     Clock Rise Edge                      0.000
     + Source Insertion Delay            -0.609
     = Beginpoint Arrival Time           -0.609
     Other End Path:
     +----------------------------------------------------------------------------------------------------------+ 
     |                  Pin                  | Edge |        Net        |   Cell   | Delay | Arrival | Required | 
     |                                       |      |                   |          |       |  Time   |   Time   | 
     |---------------------------------------+------+-------------------+----------+-------+---------+----------| 
     | clk                                   |  ^   | clk               |          |       |  -0.609 |   -0.577 | 
     | uu_dtpath/CTS_ccl_a_buf_00308/A       |  ^   | clk               | CLKBUFX3 | 0.001 |  -0.607 |   -0.576 | 
     | uu_dtpath/CTS_ccl_a_buf_00308/Y       |  ^   | uu_dtpath/CTS_113 | CLKBUFX3 | 0.074 |  -0.534 |   -0.502 | 
     | uu_dtpath/CTS_ccl_a_buf_00304/A       |  ^   | uu_dtpath/CTS_113 | CLKBUFX4 | 0.000 |  -0.534 |   -0.502 | 
     | uu_dtpath/CTS_ccl_a_buf_00304/Y       |  ^   | uu_dtpath/CTS_112 | CLKBUFX4 | 0.102 |  -0.431 |   -0.400 | 
     | uu_dtpath/CTS_ccl_a_buf_00288/A       |  ^   | uu_dtpath/CTS_112 | CLKBUFX4 | 0.000 |  -0.431 |   -0.399 | 
     | uu_dtpath/CTS_ccl_a_buf_00288/Y       |  ^   | uu_dtpath/CTS_89  | CLKBUFX4 | 0.106 |  -0.325 |   -0.294 | 
     | uu_dtpath/CTS_ccl_a_buf_00250/A       |  ^   | uu_dtpath/CTS_89  | CLKBUFX4 | 0.000 |  -0.325 |   -0.294 | 
     | uu_dtpath/CTS_ccl_a_buf_00250/Y       |  ^   | uu_dtpath/CTS_72  | CLKBUFX4 | 0.103 |  -0.222 |   -0.190 | 
     | uu_dtpath/CTS_ccl_a_buf_00197/A       |  ^   | uu_dtpath/CTS_72  | CLKBUFX3 | 0.000 |  -0.222 |   -0.190 | 
     | uu_dtpath/CTS_ccl_a_buf_00197/Y       |  ^   | uu_dtpath/CTS_66  | CLKBUFX3 | 0.093 |  -0.129 |   -0.097 | 
     | uu_dtpath/CTS_ccl_a_buf_00052/A       |  ^   | uu_dtpath/CTS_66  | CLKBUFX4 | 0.000 |  -0.129 |   -0.097 | 
     | uu_dtpath/CTS_ccl_a_buf_00052/Y       |  ^   | uu_dtpath/CTS_65  | CLKBUFX4 | 0.102 |  -0.027 |    0.005 | 
     | uu_dtpath/uu_dec/o_pc_plus4_reg[9]/CK |  ^   | uu_dtpath/CTS_65  | DFFRHQX1 | 0.000 |  -0.027 |    0.005 | 
     +----------------------------------------------------------------------------------------------------------+ 
Path 6: VIOLATED Setup Check with Pin uu_dtpath/uu_exec/aluResult_ff_reg[31]/CK 
Endpoint:   uu_dtpath/uu_exec/aluResult_ff_reg[31]/D (^) checked with  leading 
edge of 'clk'
Beginpoint: uu_dtpath/uu_mem/o_resultSrc_reg[1]/Q    (^) triggered by  leading 
edge of 'clk'
Path Groups: {clk}
Analysis View: setup
Other End Arrival Time         -0.024
- Setup                         0.169
+ Phase Shift                   4.400
- Uncertainty                   0.100
= Required Time                 4.107
- Arrival Time                  4.138
= Slack Time                   -0.031
     Clock Rise Edge                      0.000
     + Source Insertion Delay            -0.609
     = Beginpoint Arrival Time           -0.609
     Timing Path:
     +---------------------------------------------------------------------------------------------------------------------------------------------------------+ 
     |                        Pin                         | Edge |                        Net                         |   Cell    | Delay | Arrival | Required | 
     |                                                    |      |                                                    |           |       |  Time   |   Time   | 
     |----------------------------------------------------+------+----------------------------------------------------+-----------+-------+---------+----------| 
     | clk                                                |  ^   | clk                                                |           |       |  -0.609 |   -0.640 | 
     | uu_dtpath/CTS_ccl_a_buf_00307/A                    |  ^   | clk                                                | CLKBUFX4  | 0.001 |  -0.607 |   -0.639 | 
     | uu_dtpath/CTS_ccl_a_buf_00307/Y                    |  ^   | uu_dtpath/CTS_56                                   | CLKBUFX4  | 0.086 |  -0.521 |   -0.552 | 
     | uu_dtpath/CTS_ccl_a_buf_00290/A                    |  ^   | uu_dtpath/CTS_56                                   | CLKBUFX4  | 0.000 |  -0.521 |   -0.552 | 
     | uu_dtpath/CTS_ccl_a_buf_00290/Y                    |  ^   | uu_dtpath/CTS_55                                   | CLKBUFX4  | 0.101 |  -0.420 |   -0.451 | 
     | uu_dtpath/CTS_ccl_a_buf_00274/A                    |  ^   | uu_dtpath/CTS_55                                   | CLKBUFX3  | 0.000 |  -0.420 |   -0.451 | 
     | uu_dtpath/CTS_ccl_a_buf_00274/Y                    |  ^   | uu_dtpath/CTS_42                                   | CLKBUFX3  | 0.090 |  -0.329 |   -0.360 | 
     | uu_dtpath/CTS_ccl_a_buf_00253/A                    |  ^   | uu_dtpath/CTS_42                                   | CLKBUFX3  | 0.000 |  -0.329 |   -0.360 | 
     | uu_dtpath/CTS_ccl_a_buf_00253/Y                    |  ^   | uu_dtpath/CTS_40                                   | CLKBUFX3  | 0.090 |  -0.240 |   -0.271 | 
     | uu_dtpath/CTS_ccl_a_buf_00207/A                    |  ^   | uu_dtpath/CTS_40                                   | CLKBUFX3  | 0.000 |  -0.239 |   -0.271 | 
     | uu_dtpath/CTS_ccl_a_buf_00207/Y                    |  ^   | uu_dtpath/CTS_38                                   | CLKBUFX3  | 0.089 |  -0.150 |   -0.182 | 
     | uu_dtpath/CTS_ccl_a_buf_00034/A                    |  ^   | uu_dtpath/CTS_38                                   | CLKBUFX4  | 0.000 |  -0.150 |   -0.182 | 
     | uu_dtpath/CTS_ccl_a_buf_00034/Y                    |  ^   | uu_dtpath/CTS_32                                   | CLKBUFX4  | 0.102 |  -0.049 |   -0.080 | 
     | uu_dtpath/uu_mem/o_resultSrc_reg[1]/CK             |  ^   | uu_dtpath/CTS_32                                   | DFFRHQX4  | 0.000 |  -0.049 |   -0.080 | 
     | uu_dtpath/uu_mem/o_resultSrc_reg[1]/Q              |  ^   | uu_dtpath/resultSrc_mw[1]                          | DFFRHQX4  | 0.305 |   0.257 |    0.225 | 
     | uu_dtpath/uu_wb/g1420/B                            |  ^   | uu_dtpath/resultSrc_mw[1]                          | NOR2X6    | 0.000 |   0.257 |    0.225 | 
     | uu_dtpath/uu_wb/g1420/Y                            |  v   | uu_dtpath/uu_wb/n_2                                | NOR2X6    | 0.091 |   0.347 |    0.316 | 
     | uu_dtpath/uu_wb/FE_OFC699_n_2/A                    |  v   | uu_dtpath/uu_wb/n_2                                | BUFX3     | 0.000 |   0.348 |    0.316 | 
     | uu_dtpath/uu_wb/FE_OFC699_n_2/Y                    |  v   | uu_dtpath/uu_wb/n_25                               | BUFX3     | 0.180 |   0.527 |    0.496 | 
     | uu_dtpath/uu_wb/g1332/A1                           |  v   | uu_dtpath/uu_wb/n_25                               | AOI22X1   | 0.001 |   0.528 |    0.497 | 
     | uu_dtpath/uu_wb/g1332/Y                            |  ^   | uu_dtpath/uu_wb/n_82                               | AOI22X1   | 0.163 |   0.691 |    0.660 | 
     | uu_dtpath/uu_wb/g1292/B                            |  ^   | uu_dtpath/uu_wb/n_82                               | NAND2X1   | 0.000 |   0.691 |    0.660 | 
     | uu_dtpath/uu_wb/g1292/Y                            |  v   | uu_dtpath/wr_dt_reg[5]                             | NAND2X1   | 0.151 |   0.842 |    0.811 | 
     | uu_dtpath/FE_OFC207_wr_dt_reg_5/A                  |  v   | uu_dtpath/wr_dt_reg[5]                             | CLKBUFX8  | 0.000 |   0.842 |    0.811 | 
     | uu_dtpath/FE_OFC207_wr_dt_reg_5/Y                  |  v   | uu_dtpath/FE_OFN226_wr_dt_reg_5                    | CLKBUFX8  | 0.215 |   1.057 |    1.026 | 
     | uu_dtpath/uu_exec/g5982/A                          |  v   | uu_dtpath/FE_OFN226_wr_dt_reg_5                    | INVX1     | 0.001 |   1.058 |    1.027 | 
     | uu_dtpath/uu_exec/g5982/Y                          |  ^   | uu_dtpath/uu_exec/n_75                             | INVX1     | 0.127 |   1.185 |    1.154 | 
     | uu_dtpath/uu_exec/g6182/B0                         |  ^   | uu_dtpath/uu_exec/n_75                             | OAI2BB2X4 | 0.000 |   1.185 |    1.154 | 
     | uu_dtpath/uu_exec/g6182/Y                          |  v   | uu_dtpath/uu_exec/n_672                            | OAI2BB2X4 | 0.124 |   1.309 |    1.277 | 
     | uu_dtpath/uu_exec/g5707/B0                         |  v   | uu_dtpath/uu_exec/n_672                            | AOI21X2   | 0.000 |   1.309 |    1.278 | 
     | uu_dtpath/uu_exec/g5707/Y                          |  ^   | uu_dtpath/uu_exec/n_306                            | AOI21X2   | 0.141 |   1.450 |    1.419 | 
     | uu_dtpath/uu_exec/g5601/B1                         |  ^   | uu_dtpath/uu_exec/n_306                            | OAI2BB2XL | 0.000 |   1.450 |    1.419 | 
     | uu_dtpath/uu_exec/g5601/Y                          |  v   | uu_dtpath/uu_exec/alu_srcB_w[5]                    | OAI2BB2XL | 0.185 |   1.635 |    1.604 | 
     | uu_dtpath/uu_exec/uu_alu/FE_OFC855_alu_srcB_w_5/A  |  v   | uu_dtpath/uu_exec/alu_srcB_w[5]                    | BUFX2     | 0.000 |   1.635 |    1.604 | 
     | uu_dtpath/uu_exec/uu_alu/FE_OFC855_alu_srcB_w_5/Y  |  v   | uu_dtpath/uu_exec/uu_alu/lt_20_49_n_29             | BUFX2     | 0.198 |   1.833 |    1.802 | 
     | uu_dtpath/uu_exec/uu_alu/FE_OFC856_alu_srcB_w_5/A  |  v   | uu_dtpath/uu_exec/uu_alu/lt_20_49_n_29             | INVX1     | 0.000 |   1.833 |    1.802 | 
     | uu_dtpath/uu_exec/uu_alu/FE_OFC856_alu_srcB_w_5/Y  |  ^   | uu_dtpath/uu_exec/uu_alu/FE_OFN710_alu_srcB_w_5    | INVX1     | 0.095 |   1.929 |    1.897 | 
     | uu_dtpath/uu_exec/uu_alu/lt_20_49_g880/B           |  ^   | uu_dtpath/uu_exec/uu_alu/FE_OFN710_alu_srcB_w_5    | NOR2X2    | 0.000 |   1.929 |    1.897 | 
     | uu_dtpath/uu_exec/uu_alu/lt_20_49_g880/Y           |  v   | uu_dtpath/uu_exec/uu_alu/lt_20_49_n_57             | NOR2X2    | 0.054 |   1.983 |    1.952 | 
     | uu_dtpath/uu_exec/uu_alu/lt_20_49_g826/B           |  v   | uu_dtpath/uu_exec/uu_alu/lt_20_49_n_57             | NOR2X1    | 0.000 |   1.983 |    1.952 | 
     | uu_dtpath/uu_exec/uu_alu/lt_20_49_g826/Y           |  ^   | uu_dtpath/uu_exec/uu_alu/lt_20_49_n_84             | NOR2X1    | 0.063 |   2.046 |    2.015 | 
     | uu_dtpath/uu_exec/uu_alu/lt_20_49_g808/A           |  ^   | uu_dtpath/uu_exec/uu_alu/lt_20_49_n_84             | CLKAND2X3 | 0.000 |   2.046 |    2.015 | 
     | uu_dtpath/uu_exec/uu_alu/lt_20_49_g808/Y           |  ^   | uu_dtpath/uu_exec/uu_alu/lt_20_49_n_101            | CLKAND2X3 | 0.114 |   2.161 |    2.129 | 
     | uu_dtpath/uu_exec/uu_alu/g6772/B0                  |  ^   | uu_dtpath/uu_exec/uu_alu/lt_20_49_n_101            | OAI2BB1X4 | 0.000 |   2.161 |    2.129 | 
     | uu_dtpath/uu_exec/uu_alu/g6772/Y                   |  v   | uu_dtpath/uu_exec/uu_alu/n_923                     | OAI2BB1X4 | 0.072 |   2.232 |    2.201 | 
     | uu_dtpath/uu_exec/uu_alu/lt_20_49_g773/B           |  v   | uu_dtpath/uu_exec/uu_alu/n_923                     | NAND2X4   | 0.000 |   2.232 |    2.201 | 
     | uu_dtpath/uu_exec/uu_alu/lt_20_49_g773/Y           |  ^   | uu_dtpath/uu_exec/uu_alu/lt_20_49_n_138            | NAND2X4   | 0.053 |   2.285 |    2.254 | 
     | uu_dtpath/uu_exec/uu_alu/lt_20_49_g772/B           |  ^   | uu_dtpath/uu_exec/uu_alu/lt_20_49_n_138            | NAND2X4   | 0.000 |   2.285 |    2.254 | 
     | uu_dtpath/uu_exec/uu_alu/lt_20_49_g772/Y           |  v   | uu_dtpath/uu_exec/uu_alu/lt_20_49_n_139            | NAND2X4   | 0.127 |   2.412 |    2.380 | 
     | uu_dtpath/uu_exec/uu_alu/lt_20_49_g770/A1          |  v   | uu_dtpath/uu_exec/uu_alu/lt_20_49_n_139            | AOI21X4   | 0.000 |   2.412 |    2.381 | 
     | uu_dtpath/uu_exec/uu_alu/lt_20_49_g770/Y           |  ^   | uu_dtpath/uu_exec/uu_alu/lt_20_49_n_141            | AOI21X4   | 0.120 |   2.532 |    2.501 | 
     | uu_dtpath/uu_exec/uu_alu/lt_20_49_g769/A           |  ^   | uu_dtpath/uu_exec/uu_alu/lt_20_49_n_141            | NOR2X2    | 0.000 |   2.532 |    2.501 | 
     | uu_dtpath/uu_exec/uu_alu/lt_20_49_g769/Y           |  v   | uu_dtpath/uu_exec/uu_alu/n_641                     | NOR2X2    | 0.052 |   2.585 |    2.553 | 
     | uu_dtpath/uu_exec/uu_alu/g6270/B1                  |  v   | uu_dtpath/uu_exec/uu_alu/n_641                     | AO22X4    | 0.000 |   2.585 |    2.553 | 
     | uu_dtpath/uu_exec/uu_alu/g6270/Y                   |  v   | uu_dtpath/uu_exec/uu_alu/n_280                     | AO22X4    | 0.173 |   2.758 |    2.726 | 
     | uu_dtpath/uu_exec/uu_alu/g6099/B                   |  v   | uu_dtpath/uu_exec/uu_alu/n_280                     | NOR2X6    | 0.000 |   2.758 |    2.726 | 
     | uu_dtpath/uu_exec/uu_alu/g6099/Y                   |  ^   | uu_dtpath/uu_exec/uu_alu/n_418                     | NOR2X6    | 0.057 |   2.814 |    2.783 | 
     | uu_dtpath/uu_exec/uu_alu/g6094/B                   |  ^   | uu_dtpath/uu_exec/uu_alu/n_418                     | NAND2X6   | 0.000 |   2.814 |    2.783 | 
     | uu_dtpath/uu_exec/uu_alu/g6094/Y                   |  v   | uu_dtpath/uu_exec/uu_alu/n_514                     | NAND2X6   | 0.074 |   2.888 |    2.857 | 
     | uu_dtpath/uu_exec/uu_alu/final_adder_mux_o_result_ |  v   | uu_dtpath/uu_exec/uu_alu/n_514                     | NAND2X1   | 0.000 |   2.888 |    2.857 | 
     | 14_13_g1160/B                                      |      |                                                    |           |       |         |          | 
     | uu_dtpath/uu_exec/uu_alu/final_adder_mux_o_result_ |  ^   | uu_dtpath/uu_exec/uu_alu/final_adder_mux_o_result_ | NAND2X1   | 0.081 |   2.969 |    2.938 | 
     | 14_13_g1160/Y                                      |      | 14_13_n_8                                          |           |       |         |          | 
     | uu_dtpath/uu_exec/uu_alu/final_adder_mux_o_result_ |  ^   | uu_dtpath/uu_exec/uu_alu/final_adder_mux_o_result_ | OAI21X2   | 0.000 |   2.969 |    2.938 | 
     | 14_13_g1012/A1                                     |      | 14_13_n_8                                          |           |       |         |          | 
     | uu_dtpath/uu_exec/uu_alu/final_adder_mux_o_result_ |  v   | uu_dtpath/uu_exec/uu_alu/final_adder_mux_o_result_ | OAI21X2   | 0.112 |   3.082 |    3.050 | 
     | 14_13_g1012/Y                                      |      | 14_13_n_162                                        |           |       |         |          | 
     | uu_dtpath/uu_exec/uu_alu/final_adder_mux_o_result_ |  v   | uu_dtpath/uu_exec/uu_alu/final_adder_mux_o_result_ | NOR2BX1   | 0.000 |   3.082 |    3.050 | 
     | 14_13_g1166/AN                                     |      | 14_13_n_162                                        |           |       |         |          | 
     | uu_dtpath/uu_exec/uu_alu/final_adder_mux_o_result_ |  v   | uu_dtpath/uu_exec/uu_alu/final_adder_mux_o_result_ | NOR2BX1   | 0.110 |   3.191 |    3.160 | 
     | 14_13_g1166/Y                                      |      | 14_13_n_1                                          |           |       |         |          | 
     | uu_dtpath/uu_exec/uu_alu/final_adder_mux_o_result_ |  v   | uu_dtpath/uu_exec/uu_alu/final_adder_mux_o_result_ | NOR2X2    | 0.000 |   3.191 |    3.160 | 
     | 14_13_g977/B                                       |      | 14_13_n_1                                          |           |       |         |          | 
     | uu_dtpath/uu_exec/uu_alu/final_adder_mux_o_result_ |  ^   | uu_dtpath/uu_exec/uu_alu/final_adder_mux_o_result_ | NOR2X2    | 0.113 |   3.305 |    3.273 | 
     | 14_13_g977/Y                                       |      | 14_13_n_187                                        |           |       |         |          | 
     | uu_dtpath/uu_exec/uu_alu/final_adder_mux_o_result_ |  ^   | uu_dtpath/uu_exec/uu_alu/final_adder_mux_o_result_ | NOR2X2    | 0.000 |   3.305 |    3.274 | 
     | 14_13_g969/B                                       |      | 14_13_n_187                                        |           |       |         |          | 
     | uu_dtpath/uu_exec/uu_alu/final_adder_mux_o_result_ |  v   | uu_dtpath/uu_exec/uu_alu/final_adder_mux_o_result_ | NOR2X2    | 0.111 |   3.416 |    3.384 | 
     | 14_13_g969/Y                                       |      | 14_13_n_195                                        |           |       |         |          | 
     | uu_dtpath/uu_exec/uu_alu/final_adder_mux_o_result_ |  v   | uu_dtpath/uu_exec/uu_alu/final_adder_mux_o_result_ | NOR2X6    | 0.000 |   3.416 |    3.384 | 
     | 14_13_g961/B                                       |      | 14_13_n_195                                        |           |       |         |          | 
     | uu_dtpath/uu_exec/uu_alu/final_adder_mux_o_result_ |  ^   | uu_dtpath/uu_exec/uu_alu/final_adder_mux_o_result_ | NOR2X6    | 0.084 |   3.500 |    3.468 | 
     | 14_13_g961/Y                                       |      | 14_13_n_204                                        |           |       |         |          | 
     | uu_dtpath/uu_exec/uu_alu/final_adder_mux_o_result_ |  ^   | uu_dtpath/uu_exec/uu_alu/final_adder_mux_o_result_ | NOR2X4    | 0.000 |   3.500 |    3.468 | 
     | 14_13_g959/B                                       |      | 14_13_n_204                                        |           |       |         |          | 
     | uu_dtpath/uu_exec/uu_alu/final_adder_mux_o_result_ |  v   | uu_dtpath/uu_exec/uu_alu/final_adder_mux_o_result_ | NOR2X4    | 0.062 |   3.562 |    3.530 | 
     | 14_13_g959/Y                                       |      | 14_13_n_205                                        |           |       |         |          | 
     | uu_dtpath/uu_exec/uu_alu/final_adder_mux_o_result_ |  v   | uu_dtpath/uu_exec/uu_alu/final_adder_mux_o_result_ | OR2X8     | 0.000 |   3.562 |    3.530 | 
     | 14_13_g2/B                                         |      | 14_13_n_205                                        |           |       |         |          | 
     | uu_dtpath/uu_exec/uu_alu/final_adder_mux_o_result_ |  v   | uu_dtpath/uu_exec/uu_alu/final_adder_mux_o_result_ | OR2X8     | 0.193 |   3.755 |    3.723 | 
     | 14_13_g2/Y                                         |      | 14_13_n_2                                          |           |       |         |          | 
     | uu_dtpath/uu_exec/uu_alu/final_adder_mux_o_result_ |  v   | uu_dtpath/uu_exec/uu_alu/final_adder_mux_o_result_ | AOI21X2   | 0.003 |   3.757 |    3.726 | 
     | 14_13_g944/A1                                      |      | 14_13_n_2                                          |           |       |         |          | 
     | uu_dtpath/uu_exec/uu_alu/final_adder_mux_o_result_ |  ^   | uu_dtpath/uu_exec/uu_alu/final_adder_mux_o_result_ | AOI21X2   | 0.144 |   3.901 |    3.870 | 
     | 14_13_g944/Y                                       |      | 14_13_n_218                                        |           |       |         |          | 
     | uu_dtpath/uu_exec/uu_alu/final_adder_mux_o_result_ |  ^   | uu_dtpath/uu_exec/uu_alu/final_adder_mux_o_result_ | CLKXOR2X1 | 0.000 |   3.901 |    3.870 | 
     | 14_13_g914/B                                       |      | 14_13_n_218                                        |           |       |         |          | 
     | uu_dtpath/uu_exec/uu_alu/final_adder_mux_o_result_ |  ^   | uu_dtpath/uu_exec/aluResult_w[31]                  | CLKXOR2X1 | 0.237 |   4.138 |    4.106 | 
     | 14_13_g914/Y                                       |      |                                                    |           |       |         |          | 
     | uu_dtpath/uu_exec/aluResult_ff_reg[31]/D           |  ^   | uu_dtpath/uu_exec/aluResult_w[31]                  | DFFRX1    | 0.000 |   4.138 |    4.107 | 
     +---------------------------------------------------------------------------------------------------------------------------------------------------------+ 
     Clock Rise Edge                      0.000
     + Source Insertion Delay            -0.609
     = Beginpoint Arrival Time           -0.609
     Other End Path:
     +-------------------------------------------------------------------------------------------------------------+ 
     |                    Pin                    | Edge |       Net        |   Cell   | Delay | Arrival | Required | 
     |                                           |      |                  |          |       |  Time   |   Time   | 
     |-------------------------------------------+------+------------------+----------+-------+---------+----------| 
     | clk                                       |  ^   | clk              |          |       |  -0.609 |   -0.577 | 
     | uu_dtpath/CTS_ccl_a_buf_00307/A           |  ^   | clk              | CLKBUFX4 | 0.001 |  -0.607 |   -0.576 | 
     | uu_dtpath/CTS_ccl_a_buf_00307/Y           |  ^   | uu_dtpath/CTS_56 | CLKBUFX4 | 0.086 |  -0.521 |   -0.490 | 
     | uu_dtpath/CTS_ccl_a_buf_00290/A           |  ^   | uu_dtpath/CTS_56 | CLKBUFX4 | 0.000 |  -0.521 |   -0.489 | 
     | uu_dtpath/CTS_ccl_a_buf_00290/Y           |  ^   | uu_dtpath/CTS_55 | CLKBUFX4 | 0.101 |  -0.420 |   -0.388 | 
     | uu_dtpath/CTS_ccl_a_buf_00276/A           |  ^   | uu_dtpath/CTS_55 | CLKBUFX4 | 0.000 |  -0.420 |   -0.388 | 
     | uu_dtpath/CTS_ccl_a_buf_00276/Y           |  ^   | uu_dtpath/CTS_54 | CLKBUFX4 | 0.097 |  -0.322 |   -0.291 | 
     | uu_dtpath/CTS_ccl_a_buf_00247/A           |  ^   | uu_dtpath/CTS_54 | BUFX2    | 0.000 |  -0.322 |   -0.291 | 
     | uu_dtpath/CTS_ccl_a_buf_00247/Y           |  ^   | uu_dtpath/CTS_49 | BUFX2    | 0.098 |  -0.224 |   -0.193 | 
     | uu_dtpath/CTS_ccl_a_buf_00191/A           |  ^   | uu_dtpath/CTS_49 | BUFX2    | 0.000 |  -0.224 |   -0.193 | 
     | uu_dtpath/CTS_ccl_a_buf_00191/Y           |  ^   | uu_dtpath/CTS_39 | BUFX2    | 0.098 |  -0.126 |   -0.095 | 
     | uu_dtpath/CTS_ccl_a_buf_00019/A           |  ^   | uu_dtpath/CTS_39 | CLKBUFX4 | 0.000 |  -0.126 |   -0.095 | 
     | uu_dtpath/CTS_ccl_a_buf_00019/Y           |  ^   | uu_dtpath/CTS_44 | CLKBUFX4 | 0.102 |  -0.024 |    0.007 | 
     | uu_dtpath/uu_exec/aluResult_ff_reg[31]/CK |  ^   | uu_dtpath/CTS_44 | DFFRX1   | 0.000 |  -0.024 |    0.007 | 
     +-------------------------------------------------------------------------------------------------------------+ 
Path 7: VIOLATED Setup Check with Pin uu_dtpath/uu_dec/o_branch_reg/CK 
Endpoint:   uu_dtpath/uu_dec/o_branch_reg/D       (^) checked with  leading 
edge of 'clk'
Beginpoint: uu_dtpath/uu_mem/o_resultSrc_reg[1]/Q (v) triggered by  leading 
edge of 'clk'
Path Groups: {clk}
Analysis View: setup
Other End Arrival Time         -0.024
- Setup                         0.148
+ Phase Shift                   4.400
- Uncertainty                   0.100
= Required Time                 4.128
- Arrival Time                  4.157
= Slack Time                   -0.029
     Clock Rise Edge                      0.000
     + Source Insertion Delay            -0.609
     = Beginpoint Arrival Time           -0.609
     Timing Path:
     +---------------------------------------------------------------------------------------------------------------------------------------------------------+ 
     |                        Pin                         | Edge |                        Net                         |   Cell    | Delay | Arrival | Required | 
     |                                                    |      |                                                    |           |       |  Time   |   Time   | 
     |----------------------------------------------------+------+----------------------------------------------------+-----------+-------+---------+----------| 
     | clk                                                |  ^   | clk                                                |           |       |  -0.609 |   -0.638 | 
     | uu_dtpath/CTS_ccl_a_buf_00307/A                    |  ^   | clk                                                | CLKBUFX4  | 0.001 |  -0.607 |   -0.637 | 
     | uu_dtpath/CTS_ccl_a_buf_00307/Y                    |  ^   | uu_dtpath/CTS_56                                   | CLKBUFX4  | 0.086 |  -0.521 |   -0.550 | 
     | uu_dtpath/CTS_ccl_a_buf_00290/A                    |  ^   | uu_dtpath/CTS_56                                   | CLKBUFX4  | 0.000 |  -0.521 |   -0.550 | 
     | uu_dtpath/CTS_ccl_a_buf_00290/Y                    |  ^   | uu_dtpath/CTS_55                                   | CLKBUFX4  | 0.101 |  -0.420 |   -0.449 | 
     | uu_dtpath/CTS_ccl_a_buf_00274/A                    |  ^   | uu_dtpath/CTS_55                                   | CLKBUFX3  | 0.000 |  -0.420 |   -0.449 | 
     | uu_dtpath/CTS_ccl_a_buf_00274/Y                    |  ^   | uu_dtpath/CTS_42                                   | CLKBUFX3  | 0.090 |  -0.329 |   -0.358 | 
     | uu_dtpath/CTS_ccl_a_buf_00253/A                    |  ^   | uu_dtpath/CTS_42                                   | CLKBUFX3  | 0.000 |  -0.329 |   -0.358 | 
     | uu_dtpath/CTS_ccl_a_buf_00253/Y                    |  ^   | uu_dtpath/CTS_40                                   | CLKBUFX3  | 0.090 |  -0.240 |   -0.269 | 
     | uu_dtpath/CTS_ccl_a_buf_00207/A                    |  ^   | uu_dtpath/CTS_40                                   | CLKBUFX3  | 0.000 |  -0.239 |   -0.269 | 
     | uu_dtpath/CTS_ccl_a_buf_00207/Y                    |  ^   | uu_dtpath/CTS_38                                   | CLKBUFX3  | 0.089 |  -0.150 |   -0.180 | 
     | uu_dtpath/CTS_ccl_a_buf_00034/A                    |  ^   | uu_dtpath/CTS_38                                   | CLKBUFX4  | 0.000 |  -0.150 |   -0.180 | 
     | uu_dtpath/CTS_ccl_a_buf_00034/Y                    |  ^   | uu_dtpath/CTS_32                                   | CLKBUFX4  | 0.102 |  -0.049 |   -0.078 | 
     | uu_dtpath/uu_mem/o_resultSrc_reg[1]/CK             |  ^   | uu_dtpath/CTS_32                                   | DFFRHQX4  | 0.000 |  -0.049 |   -0.078 | 
     | uu_dtpath/uu_mem/o_resultSrc_reg[1]/Q              |  v   | uu_dtpath/resultSrc_mw[1]                          | DFFRHQX4  | 0.277 |   0.228 |    0.199 | 
     | uu_dtpath/uu_wb/g1420/B                            |  v   | uu_dtpath/resultSrc_mw[1]                          | NOR2X6    | 0.000 |   0.229 |    0.199 | 
     | uu_dtpath/uu_wb/g1420/Y                            |  ^   | uu_dtpath/uu_wb/n_2                                | NOR2X6    | 0.125 |   0.354 |    0.325 | 
     | uu_dtpath/uu_wb/FE_OFC699_n_2/A                    |  ^   | uu_dtpath/uu_wb/n_2                                | BUFX3     | 0.000 |   0.354 |    0.325 | 
     | uu_dtpath/uu_wb/FE_OFC699_n_2/Y                    |  ^   | uu_dtpath/uu_wb/n_25                               | BUFX3     | 0.201 |   0.556 |    0.527 | 
     | uu_dtpath/uu_wb/g1441/A1                           |  ^   | uu_dtpath/uu_wb/n_25                               | AOI22X2   | 0.001 |   0.556 |    0.527 | 
     | uu_dtpath/uu_wb/g1441/Y                            |  v   | uu_dtpath/uu_wb/n_267                              | AOI22X2   | 0.159 |   0.715 |    0.686 | 
     | uu_dtpath/uu_wb/g1293/B                            |  v   | uu_dtpath/uu_wb/n_267                              | NAND2X1   | 0.000 |   0.715 |    0.686 | 
     | uu_dtpath/uu_wb/g1293/Y                            |  ^   | uu_dtpath/wr_dt_reg[4]                             | NAND2X1   | 0.098 |   0.813 |    0.783 | 
     | uu_dtpath/FE_OFC945_wr_dt_reg_4/A                  |  ^   | uu_dtpath/wr_dt_reg[4]                             | CLKBUFX6  | 0.000 |   0.813 |    0.783 | 
     | uu_dtpath/FE_OFC945_wr_dt_reg_4/Y                  |  ^   | uu_dtpath/FE_OFN233_wr_dt_reg_4                    | CLKBUFX6  | 0.156 |   0.969 |    0.940 | 
     | uu_dtpath/uu_exec/g5895/A                          |  ^   | uu_dtpath/FE_OFN233_wr_dt_reg_4                    | NAND2X4   | 0.000 |   0.969 |    0.940 | 
     | uu_dtpath/uu_exec/g5895/Y                          |  v   | uu_dtpath/uu_exec/n_150                            | NAND2X4   | 0.126 |   1.095 |    1.066 | 
     | uu_dtpath/uu_exec/g5653/A                          |  v   | uu_dtpath/uu_exec/n_150                            | NAND2X6   | 0.000 |   1.095 |    1.066 | 
     | uu_dtpath/uu_exec/g5653/Y                          |  ^   | uu_dtpath/uu_exec/n_350                            | NAND2X6   | 0.060 |   1.154 |    1.125 | 
     | uu_dtpath/uu_exec/g5567/A1                         |  ^   | uu_dtpath/uu_exec/n_350                            | AOI21X2   | 0.000 |   1.155 |    1.125 | 
     | uu_dtpath/uu_exec/g5567/Y                          |  v   | uu_dtpath/uu_exec/n_344                            | AOI21X2   | 0.131 |   1.286 |    1.257 | 
     | uu_dtpath/uu_exec/FE_OFC301_n_344/A                |  v   | uu_dtpath/uu_exec/n_344                            | BUFX12    | 0.000 |   1.286 |    1.257 | 
     | uu_dtpath/uu_exec/FE_OFC301_n_344/Y                |  v   | uu_dtpath/uu_exec/FE_OFN320_n_344                  | BUFX12    | 0.210 |   1.495 |    1.466 | 
     | uu_dtpath/uu_exec/g5565/A                          |  v   | uu_dtpath/uu_exec/FE_OFN320_n_344                  | CLKINVX20 | 0.004 |   1.499 |    1.470 | 
     | uu_dtpath/uu_exec/g5565/Y                          |  ^   | uu_dtpath/uu_exec/alu_srcB_w[4]                    | CLKINVX20 | 0.126 |   1.625 |    1.596 | 
     | uu_dtpath/uu_exec/uu_alu/sll_22_38_g3849/B         |  ^   | uu_dtpath/uu_exec/alu_srcB_w[4]                    | NOR2X6    | 0.002 |   1.627 |    1.598 | 
     | uu_dtpath/uu_exec/uu_alu/sll_22_38_g3849/Y         |  v   | uu_dtpath/uu_exec/uu_alu/sll_22_38_n_79            | NOR2X6    | 0.081 |   1.708 |    1.679 | 
     | uu_dtpath/uu_exec/uu_alu/sll_22_38_g3770/B         |  v   | uu_dtpath/uu_exec/uu_alu/sll_22_38_n_79            | CLKAND2X3 | 0.000 |   1.708 |    1.679 | 
     | uu_dtpath/uu_exec/uu_alu/sll_22_38_g3770/Y         |  v   | uu_dtpath/uu_exec/uu_alu/sll_22_38_n_133           | CLKAND2X3 | 0.101 |   1.809 |    1.780 | 
     | uu_dtpath/uu_exec/uu_alu/FE_OFC772_sll_22_38_n_133 |  v   | uu_dtpath/uu_exec/uu_alu/sll_22_38_n_133           | INVX1     | 0.000 |   1.809 |    1.780 | 
     | /A                                                 |      |                                                    |           |       |         |          | 
     | uu_dtpath/uu_exec/uu_alu/FE_OFC772_sll_22_38_n_133 |  ^   | uu_dtpath/uu_exec/uu_alu/sll_22_38_n_30            | INVX1     | 0.049 |   1.858 |    1.829 | 
     | /Y                                                 |      |                                                    |           |       |         |          | 
     | uu_dtpath/uu_exec/uu_alu/sll_22_38_g3733/B         |  ^   | uu_dtpath/uu_exec/uu_alu/sll_22_38_n_30            | NOR2X4    | 0.000 |   1.858 |    1.829 | 
     | uu_dtpath/uu_exec/uu_alu/sll_22_38_g3733/Y         |  v   | uu_dtpath/uu_exec/uu_alu/sll_22_38_n_172           | NOR2X4    | 0.050 |   1.908 |    1.879 | 
     | uu_dtpath/uu_exec/uu_alu/sll_22_38_g3674/A1        |  v   | uu_dtpath/uu_exec/uu_alu/sll_22_38_n_172           | AOI22X2   | 0.000 |   1.908 |    1.879 | 
     | uu_dtpath/uu_exec/uu_alu/sll_22_38_g3674/Y         |  ^   | uu_dtpath/uu_exec/uu_alu/sll_22_38_n_215           | AOI22X2   | 0.103 |   2.011 |    1.982 | 
     | uu_dtpath/uu_exec/uu_alu/sll_22_38_g3619/B         |  ^   | uu_dtpath/uu_exec/uu_alu/sll_22_38_n_215           | NAND2X1   | 0.000 |   2.011 |    1.982 | 
     | uu_dtpath/uu_exec/uu_alu/sll_22_38_g3619/Y         |  v   | uu_dtpath/uu_exec/uu_alu/sll_22_38_n_263           | NAND2X1   | 0.142 |   2.153 |    2.124 | 
     | uu_dtpath/uu_exec/uu_alu/sll_22_38_g3560/B0        |  v   | uu_dtpath/uu_exec/uu_alu/sll_22_38_n_263           | AOI2BB1X1 | 0.000 |   2.153 |    2.124 | 
     | uu_dtpath/uu_exec/uu_alu/sll_22_38_g3560/Y         |  ^   | uu_dtpath/uu_exec/uu_alu/sll_22_38_n_319           | AOI2BB1X1 | 0.155 |   2.308 |    2.279 | 
     | uu_dtpath/uu_exec/uu_alu/sll_22_38_g3539/B0        |  ^   | uu_dtpath/uu_exec/uu_alu/sll_22_38_n_319           | OAI21X4   | 0.000 |   2.308 |    2.279 | 
     | uu_dtpath/uu_exec/uu_alu/sll_22_38_g3539/Y         |  v   | uu_dtpath/uu_exec/uu_alu/n_639                     | OAI21X4   | 0.116 |   2.424 |    2.395 | 
     | uu_dtpath/uu_exec/uu_alu/g6504/B                   |  v   | uu_dtpath/uu_exec/uu_alu/n_639                     | NAND2BX4  | 0.000 |   2.424 |    2.395 | 
     | uu_dtpath/uu_exec/uu_alu/g6504/Y                   |  ^   | uu_dtpath/uu_exec/uu_alu/n_71                      | NAND2BX4  | 0.064 |   2.488 |    2.459 | 
     | uu_dtpath/uu_exec/uu_alu/g6095/B                   |  ^   | uu_dtpath/uu_exec/uu_alu/n_71                      | NAND2X2   | 0.000 |   2.488 |    2.459 | 
     | uu_dtpath/uu_exec/uu_alu/g6095/Y                   |  v   | uu_dtpath/uu_exec/uu_alu/n_544                     | NAND2X2   | 0.098 |   2.586 |    2.557 | 
     | uu_dtpath/uu_exec/uu_alu/csa_tree_eq_29_30_groupi_ |  v   | uu_dtpath/uu_exec/uu_alu/n_544                     | CLKXOR2X1 | 0.000 |   2.586 |    2.557 | 
     | g707/B                                             |      |                                                    |           |       |         |          | 
     | uu_dtpath/uu_exec/uu_alu/csa_tree_eq_29_30_groupi_ |  ^   | uu_dtpath/uu_exec/uu_alu/csa_tree_eq_29_30_groupi_ | CLKXOR2X1 | 0.170 |   2.756 |    2.727 | 
     | g707/Y                                             |      | n_65                                               |           |       |         |          | 
     | uu_dtpath/uu_exec/uu_alu/FE_RC_8_0/A               |  ^   | uu_dtpath/uu_exec/uu_alu/csa_tree_eq_29_30_groupi_ | XNOR2X1   | 0.000 |   2.756 |    2.727 | 
     |                                                    |      | n_65                                               |           |       |         |          | 
     | uu_dtpath/uu_exec/uu_alu/FE_RC_8_0/Y               |  v   | uu_dtpath/uu_exec/uu_alu/csa_tree_eq_29_30_groupi_ | XNOR2X1   | 0.248 |   3.004 |    2.975 | 
     |                                                    |      | n_93                                               |           |       |         |          | 
     | uu_dtpath/uu_exec/uu_alu/csa_tree_eq_29_30_groupi_ |  v   | uu_dtpath/uu_exec/uu_alu/csa_tree_eq_29_30_groupi_ | NOR2X4    | 0.000 |   3.004 |    2.975 | 
     | g643/B                                             |      | n_93                                               |           |       |         |          | 
     | uu_dtpath/uu_exec/uu_alu/csa_tree_eq_29_30_groupi_ |  ^   | uu_dtpath/uu_exec/uu_alu/csa_tree_eq_29_30_groupi_ | NOR2X4    | 0.106 |   3.110 |    3.080 | 
     | g643/Y                                             |      | n_124                                              |           |       |         |          | 
     | uu_dtpath/uu_exec/uu_alu/csa_tree_eq_29_30_groupi_ |  ^   | uu_dtpath/uu_exec/uu_alu/csa_tree_eq_29_30_groupi_ | NAND2X6   | 0.000 |   3.110 |    3.080 | 
     | g641/B                                             |      | n_124                                              |           |       |         |          | 
     | uu_dtpath/uu_exec/uu_alu/csa_tree_eq_29_30_groupi_ |  v   | uu_dtpath/uu_exec/uu_alu/csa_tree_eq_29_30_groupi_ | NAND2X6   | 0.082 |   3.192 |    3.163 | 
     | g641/Y                                             |      | n_126                                              |           |       |         |          | 
     | uu_dtpath/uu_exec/uu_alu/csa_tree_eq_29_30_groupi_ |  v   | uu_dtpath/uu_exec/uu_alu/csa_tree_eq_29_30_groupi_ | NOR2X6    | 0.000 |   3.192 |    3.163 | 
     | g638/A                                             |      | n_126                                              |           |       |         |          | 
     | uu_dtpath/uu_exec/uu_alu/csa_tree_eq_29_30_groupi_ |  ^   | uu_dtpath/uu_exec/uu_alu/csa_tree_eq_29_30_groupi_ | NOR2X6    | 0.080 |   3.272 |    3.243 | 
     | g638/Y                                             |      | n_129                                              |           |       |         |          | 
     | uu_dtpath/uu_exec/uu_alu/csa_tree_eq_29_30_groupi_ |  ^   | uu_dtpath/uu_exec/uu_alu/csa_tree_eq_29_30_groupi_ | NAND2X8   | 0.000 |   3.272 |    3.243 | 
     | g637/B                                             |      | n_129                                              |           |       |         |          | 
     | uu_dtpath/uu_exec/uu_alu/csa_tree_eq_29_30_groupi_ |  v   | uu_dtpath/uu_exec/uu_alu/csa_tree_eq_29_30_groupi_ | NAND2X8   | 0.068 |   3.340 |    3.311 | 
     | g637/Y                                             |      | n_130                                              |           |       |         |          | 
     | uu_dtpath/uu_exec/uu_alu/csa_tree_eq_29_30_groupi_ |  v   | uu_dtpath/uu_exec/uu_alu/csa_tree_eq_29_30_groupi_ | NOR2X6    | 0.000 |   3.340 |    3.311 | 
     | g634/A                                             |      | n_130                                              |           |       |         |          | 
     | uu_dtpath/uu_exec/uu_alu/csa_tree_eq_29_30_groupi_ |  ^   | uu_dtpath/uu_exec/zero_w                           | NOR2X6    | 0.069 |   3.409 |    3.380 | 
     | g634/Y                                             |      |                                                    |           |       |         |          | 
     | uu_dtpath/uu_exec/FE_RC_5_0/A1                     |  ^   | uu_dtpath/uu_exec/zero_w                           | OAI21X2   | 0.000 |   3.409 |    3.380 | 
     | uu_dtpath/uu_exec/FE_RC_5_0/Y                      |  v   | uu_dtpath/uu_exec/n_1                              | OAI21X2   | 0.096 |   3.505 |    3.476 | 
     | uu_dtpath/uu_exec/g3928/B                          |  v   | uu_dtpath/uu_exec/n_1                              | NAND2X4   | 0.000 |   3.505 |    3.476 | 
     | uu_dtpath/uu_exec/g3928/Y                          |  ^   | uu_dtpath/uu_exec/n_2                              | NAND2X4   | 0.069 |   3.574 |    3.545 | 
     | uu_dtpath/uu_exec/g3927/B                          |  ^   | uu_dtpath/uu_exec/n_2                              | NAND2X6   | 0.000 |   3.574 |    3.545 | 
     | uu_dtpath/uu_exec/g3927/Y                          |  v   | uu_dtpath/pc_src                                   | NAND2X6   | 0.072 |   3.646 |    3.617 | 
     | uu_dtpath/g810/B                                   |  v   | uu_dtpath/pc_src                                   | OR2X4     | 0.000 |   3.646 |    3.617 | 
     | uu_dtpath/g810/Y                                   |  v   | uu_dtpath/flush_de                                 | OR2X4     | 0.202 |   3.848 |    3.819 | 
     | uu_dtpath/uu_dec/FE_OFC738_flush_de/A              |  v   | uu_dtpath/flush_de                                 | CLKINVX4  | 0.000 |   3.848 |    3.819 | 
     | uu_dtpath/uu_dec/FE_OFC738_flush_de/Y              |  ^   | uu_dtpath/uu_dec/FE_OFN439_flush_de                | CLKINVX4  | 0.080 |   3.929 |    3.900 | 
     | uu_dtpath/uu_dec/FE_OFC741_flush_de/A              |  ^   | uu_dtpath/uu_dec/FE_OFN439_flush_de                | CLKINVX20 | 0.000 |   3.929 |    3.900 | 
     | uu_dtpath/uu_dec/FE_OFC741_flush_de/Y              |  v   | uu_dtpath/uu_dec/FE_OFN442_flush_de                | CLKINVX20 | 0.099 |   4.028 |    3.999 | 
     | uu_dtpath/uu_dec/g2520/B                           |  v   | uu_dtpath/uu_dec/FE_OFN442_flush_de                | NOR2BX1   | 0.000 |   4.028 |    3.999 | 
     | uu_dtpath/uu_dec/g2520/Y                           |  ^   | uu_dtpath/uu_dec/n_141                             | NOR2BX1   | 0.129 |   4.157 |    4.128 | 
     | uu_dtpath/uu_dec/o_branch_reg/D                    |  ^   | uu_dtpath/uu_dec/n_141                             | DFFRHQX1  | 0.000 |   4.157 |    4.128 | 
     +---------------------------------------------------------------------------------------------------------------------------------------------------------+ 
     Clock Rise Edge                      0.000
     + Source Insertion Delay            -0.609
     = Beginpoint Arrival Time           -0.609
     Other End Path:
     +----------------------------------------------------------------------------------------------------+ 
     |               Pin                | Edge |       Net        |   Cell   | Delay | Arrival | Required | 
     |                                  |      |                  |          |       |  Time   |   Time   | 
     |----------------------------------+------+------------------+----------+-------+---------+----------| 
     | clk                              |  ^   | clk              |          |       |  -0.609 |   -0.579 | 
     | uu_dtpath/CTS_ccl_a_buf_00307/A  |  ^   | clk              | CLKBUFX4 | 0.001 |  -0.607 |   -0.578 | 
     | uu_dtpath/CTS_ccl_a_buf_00307/Y  |  ^   | uu_dtpath/CTS_56 | CLKBUFX4 | 0.086 |  -0.521 |   -0.492 | 
     | uu_dtpath/CTS_ccl_a_buf_00290/A  |  ^   | uu_dtpath/CTS_56 | CLKBUFX4 | 0.000 |  -0.521 |   -0.492 | 
     | uu_dtpath/CTS_ccl_a_buf_00290/Y  |  ^   | uu_dtpath/CTS_55 | CLKBUFX4 | 0.101 |  -0.420 |   -0.391 | 
     | uu_dtpath/CTS_ccl_a_buf_00276/A  |  ^   | uu_dtpath/CTS_55 | CLKBUFX4 | 0.000 |  -0.420 |   -0.390 | 
     | uu_dtpath/CTS_ccl_a_buf_00276/Y  |  ^   | uu_dtpath/CTS_54 | CLKBUFX4 | 0.097 |  -0.322 |   -0.293 | 
     | uu_dtpath/CTS_ccl_a_buf_00247/A  |  ^   | uu_dtpath/CTS_54 | BUFX2    | 0.000 |  -0.322 |   -0.293 | 
     | uu_dtpath/CTS_ccl_a_buf_00247/Y  |  ^   | uu_dtpath/CTS_49 | BUFX2    | 0.098 |  -0.224 |   -0.195 | 
     | uu_dtpath/CTS_ccl_a_buf_00191/A  |  ^   | uu_dtpath/CTS_49 | BUFX2    | 0.000 |  -0.224 |   -0.195 | 
     | uu_dtpath/CTS_ccl_a_buf_00191/Y  |  ^   | uu_dtpath/CTS_39 | BUFX2    | 0.098 |  -0.126 |   -0.097 | 
     | uu_dtpath/CTS_ccl_a_buf_00019/A  |  ^   | uu_dtpath/CTS_39 | CLKBUFX4 | 0.000 |  -0.126 |   -0.097 | 
     | uu_dtpath/CTS_ccl_a_buf_00019/Y  |  ^   | uu_dtpath/CTS_44 | CLKBUFX4 | 0.102 |  -0.024 |    0.005 | 
     | uu_dtpath/uu_dec/o_branch_reg/CK |  ^   | uu_dtpath/CTS_44 | DFFRHQX1 | 0.000 |  -0.024 |    0.005 | 
     +----------------------------------------------------------------------------------------------------+ 
Path 8: VIOLATED Setup Check with Pin uu_dtpath/uu_dec/o_funct3_reg[0]/CK 
Endpoint:   uu_dtpath/uu_dec/o_funct3_reg[0]/D    (^) checked with  leading 
edge of 'clk'
Beginpoint: uu_dtpath/uu_mem/o_resultSrc_reg[1]/Q (v) triggered by  leading 
edge of 'clk'
Path Groups: {clk}
Analysis View: setup
Other End Arrival Time         -0.042
- Setup                         0.155
+ Phase Shift                   4.400
- Uncertainty                   0.100
= Required Time                 4.103
- Arrival Time                  4.131
= Slack Time                   -0.028
     Clock Rise Edge                      0.000
     + Source Insertion Delay            -0.609
     = Beginpoint Arrival Time           -0.609
     Timing Path:
     +---------------------------------------------------------------------------------------------------------------------------------------------------------+ 
     |                        Pin                         | Edge |                        Net                         |   Cell    | Delay | Arrival | Required | 
     |                                                    |      |                                                    |           |       |  Time   |   Time   | 
     |----------------------------------------------------+------+----------------------------------------------------+-----------+-------+---------+----------| 
     | clk                                                |  ^   | clk                                                |           |       |  -0.609 |   -0.637 | 
     | uu_dtpath/CTS_ccl_a_buf_00307/A                    |  ^   | clk                                                | CLKBUFX4  | 0.001 |  -0.607 |   -0.635 | 
     | uu_dtpath/CTS_ccl_a_buf_00307/Y                    |  ^   | uu_dtpath/CTS_56                                   | CLKBUFX4  | 0.086 |  -0.521 |   -0.549 | 
     | uu_dtpath/CTS_ccl_a_buf_00290/A                    |  ^   | uu_dtpath/CTS_56                                   | CLKBUFX4  | 0.000 |  -0.521 |   -0.549 | 
     | uu_dtpath/CTS_ccl_a_buf_00290/Y                    |  ^   | uu_dtpath/CTS_55                                   | CLKBUFX4  | 0.101 |  -0.420 |   -0.448 | 
     | uu_dtpath/CTS_ccl_a_buf_00274/A                    |  ^   | uu_dtpath/CTS_55                                   | CLKBUFX3  | 0.000 |  -0.420 |   -0.448 | 
     | uu_dtpath/CTS_ccl_a_buf_00274/Y                    |  ^   | uu_dtpath/CTS_42                                   | CLKBUFX3  | 0.090 |  -0.329 |   -0.357 | 
     | uu_dtpath/CTS_ccl_a_buf_00253/A                    |  ^   | uu_dtpath/CTS_42                                   | CLKBUFX3  | 0.000 |  -0.329 |   -0.357 | 
     | uu_dtpath/CTS_ccl_a_buf_00253/Y                    |  ^   | uu_dtpath/CTS_40                                   | CLKBUFX3  | 0.090 |  -0.240 |   -0.268 | 
     | uu_dtpath/CTS_ccl_a_buf_00207/A                    |  ^   | uu_dtpath/CTS_40                                   | CLKBUFX3  | 0.000 |  -0.239 |   -0.267 | 
     | uu_dtpath/CTS_ccl_a_buf_00207/Y                    |  ^   | uu_dtpath/CTS_38                                   | CLKBUFX3  | 0.089 |  -0.150 |   -0.178 | 
     | uu_dtpath/CTS_ccl_a_buf_00034/A                    |  ^   | uu_dtpath/CTS_38                                   | CLKBUFX4  | 0.000 |  -0.150 |   -0.178 | 
     | uu_dtpath/CTS_ccl_a_buf_00034/Y                    |  ^   | uu_dtpath/CTS_32                                   | CLKBUFX4  | 0.102 |  -0.049 |   -0.077 | 
     | uu_dtpath/uu_mem/o_resultSrc_reg[1]/CK             |  ^   | uu_dtpath/CTS_32                                   | DFFRHQX4  | 0.000 |  -0.049 |   -0.077 | 
     | uu_dtpath/uu_mem/o_resultSrc_reg[1]/Q              |  v   | uu_dtpath/resultSrc_mw[1]                          | DFFRHQX4  | 0.277 |   0.228 |    0.200 | 
     | uu_dtpath/uu_wb/g1420/B                            |  v   | uu_dtpath/resultSrc_mw[1]                          | NOR2X6    | 0.000 |   0.229 |    0.201 | 
     | uu_dtpath/uu_wb/g1420/Y                            |  ^   | uu_dtpath/uu_wb/n_2                                | NOR2X6    | 0.125 |   0.354 |    0.326 | 
     | uu_dtpath/uu_wb/FE_OFC699_n_2/A                    |  ^   | uu_dtpath/uu_wb/n_2                                | BUFX3     | 0.000 |   0.354 |    0.326 | 
     | uu_dtpath/uu_wb/FE_OFC699_n_2/Y                    |  ^   | uu_dtpath/uu_wb/n_25                               | BUFX3     | 0.201 |   0.556 |    0.528 | 
     | uu_dtpath/uu_wb/g1441/A1                           |  ^   | uu_dtpath/uu_wb/n_25                               | AOI22X2   | 0.001 |   0.556 |    0.528 | 
     | uu_dtpath/uu_wb/g1441/Y                            |  v   | uu_dtpath/uu_wb/n_267                              | AOI22X2   | 0.159 |   0.715 |    0.687 | 
     | uu_dtpath/uu_wb/g1293/B                            |  v   | uu_dtpath/uu_wb/n_267                              | NAND2X1   | 0.000 |   0.715 |    0.687 | 
     | uu_dtpath/uu_wb/g1293/Y                            |  ^   | uu_dtpath/wr_dt_reg[4]                             | NAND2X1   | 0.098 |   0.813 |    0.785 | 
     | uu_dtpath/FE_OFC945_wr_dt_reg_4/A                  |  ^   | uu_dtpath/wr_dt_reg[4]                             | CLKBUFX6  | 0.000 |   0.813 |    0.785 | 
     | uu_dtpath/FE_OFC945_wr_dt_reg_4/Y                  |  ^   | uu_dtpath/FE_OFN233_wr_dt_reg_4                    | CLKBUFX6  | 0.156 |   0.969 |    0.941 | 
     | uu_dtpath/uu_exec/g5895/A                          |  ^   | uu_dtpath/FE_OFN233_wr_dt_reg_4                    | NAND2X4   | 0.000 |   0.969 |    0.941 | 
     | uu_dtpath/uu_exec/g5895/Y                          |  v   | uu_dtpath/uu_exec/n_150                            | NAND2X4   | 0.126 |   1.095 |    1.067 | 
     | uu_dtpath/uu_exec/g5653/A                          |  v   | uu_dtpath/uu_exec/n_150                            | NAND2X6   | 0.000 |   1.095 |    1.067 | 
     | uu_dtpath/uu_exec/g5653/Y                          |  ^   | uu_dtpath/uu_exec/n_350                            | NAND2X6   | 0.060 |   1.154 |    1.126 | 
     | uu_dtpath/uu_exec/g5567/A1                         |  ^   | uu_dtpath/uu_exec/n_350                            | AOI21X2   | 0.000 |   1.155 |    1.127 | 
     | uu_dtpath/uu_exec/g5567/Y                          |  v   | uu_dtpath/uu_exec/n_344                            | AOI21X2   | 0.131 |   1.286 |    1.258 | 
     | uu_dtpath/uu_exec/FE_OFC301_n_344/A                |  v   | uu_dtpath/uu_exec/n_344                            | BUFX12    | 0.000 |   1.286 |    1.258 | 
     | uu_dtpath/uu_exec/FE_OFC301_n_344/Y                |  v   | uu_dtpath/uu_exec/FE_OFN320_n_344                  | BUFX12    | 0.210 |   1.495 |    1.467 | 
     | uu_dtpath/uu_exec/g5565/A                          |  v   | uu_dtpath/uu_exec/FE_OFN320_n_344                  | CLKINVX20 | 0.004 |   1.499 |    1.471 | 
     | uu_dtpath/uu_exec/g5565/Y                          |  ^   | uu_dtpath/uu_exec/alu_srcB_w[4]                    | CLKINVX20 | 0.126 |   1.625 |    1.597 | 
     | uu_dtpath/uu_exec/uu_alu/sll_22_38_g3849/B         |  ^   | uu_dtpath/uu_exec/alu_srcB_w[4]                    | NOR2X6    | 0.002 |   1.627 |    1.599 | 
     | uu_dtpath/uu_exec/uu_alu/sll_22_38_g3849/Y         |  v   | uu_dtpath/uu_exec/uu_alu/sll_22_38_n_79            | NOR2X6    | 0.081 |   1.708 |    1.680 | 
     | uu_dtpath/uu_exec/uu_alu/sll_22_38_g3770/B         |  v   | uu_dtpath/uu_exec/uu_alu/sll_22_38_n_79            | CLKAND2X3 | 0.000 |   1.708 |    1.680 | 
     | uu_dtpath/uu_exec/uu_alu/sll_22_38_g3770/Y         |  v   | uu_dtpath/uu_exec/uu_alu/sll_22_38_n_133           | CLKAND2X3 | 0.101 |   1.809 |    1.781 | 
     | uu_dtpath/uu_exec/uu_alu/FE_OFC772_sll_22_38_n_133 |  v   | uu_dtpath/uu_exec/uu_alu/sll_22_38_n_133           | INVX1     | 0.000 |   1.809 |    1.781 | 
     | /A                                                 |      |                                                    |           |       |         |          | 
     | uu_dtpath/uu_exec/uu_alu/FE_OFC772_sll_22_38_n_133 |  ^   | uu_dtpath/uu_exec/uu_alu/sll_22_38_n_30            | INVX1     | 0.049 |   1.858 |    1.830 | 
     | /Y                                                 |      |                                                    |           |       |         |          | 
     | uu_dtpath/uu_exec/uu_alu/sll_22_38_g3733/B         |  ^   | uu_dtpath/uu_exec/uu_alu/sll_22_38_n_30            | NOR2X4    | 0.000 |   1.858 |    1.830 | 
     | uu_dtpath/uu_exec/uu_alu/sll_22_38_g3733/Y         |  v   | uu_dtpath/uu_exec/uu_alu/sll_22_38_n_172           | NOR2X4    | 0.050 |   1.908 |    1.880 | 
     | uu_dtpath/uu_exec/uu_alu/sll_22_38_g3674/A1        |  v   | uu_dtpath/uu_exec/uu_alu/sll_22_38_n_172           | AOI22X2   | 0.000 |   1.908 |    1.880 | 
     | uu_dtpath/uu_exec/uu_alu/sll_22_38_g3674/Y         |  ^   | uu_dtpath/uu_exec/uu_alu/sll_22_38_n_215           | AOI22X2   | 0.103 |   2.011 |    1.983 | 
     | uu_dtpath/uu_exec/uu_alu/sll_22_38_g3619/B         |  ^   | uu_dtpath/uu_exec/uu_alu/sll_22_38_n_215           | NAND2X1   | 0.000 |   2.011 |    1.983 | 
     | uu_dtpath/uu_exec/uu_alu/sll_22_38_g3619/Y         |  v   | uu_dtpath/uu_exec/uu_alu/sll_22_38_n_263           | NAND2X1   | 0.142 |   2.153 |    2.125 | 
     | uu_dtpath/uu_exec/uu_alu/sll_22_38_g3560/B0        |  v   | uu_dtpath/uu_exec/uu_alu/sll_22_38_n_263           | AOI2BB1X1 | 0.000 |   2.153 |    2.125 | 
     | uu_dtpath/uu_exec/uu_alu/sll_22_38_g3560/Y         |  ^   | uu_dtpath/uu_exec/uu_alu/sll_22_38_n_319           | AOI2BB1X1 | 0.155 |   2.308 |    2.280 | 
     | uu_dtpath/uu_exec/uu_alu/sll_22_38_g3539/B0        |  ^   | uu_dtpath/uu_exec/uu_alu/sll_22_38_n_319           | OAI21X4   | 0.000 |   2.308 |    2.280 | 
     | uu_dtpath/uu_exec/uu_alu/sll_22_38_g3539/Y         |  v   | uu_dtpath/uu_exec/uu_alu/n_639                     | OAI21X4   | 0.116 |   2.424 |    2.396 | 
     | uu_dtpath/uu_exec/uu_alu/g6504/B                   |  v   | uu_dtpath/uu_exec/uu_alu/n_639                     | NAND2BX4  | 0.000 |   2.424 |    2.396 | 
     | uu_dtpath/uu_exec/uu_alu/g6504/Y                   |  ^   | uu_dtpath/uu_exec/uu_alu/n_71                      | NAND2BX4  | 0.064 |   2.488 |    2.460 | 
     | uu_dtpath/uu_exec/uu_alu/g6095/B                   |  ^   | uu_dtpath/uu_exec/uu_alu/n_71                      | NAND2X2   | 0.000 |   2.488 |    2.460 | 
     | uu_dtpath/uu_exec/uu_alu/g6095/Y                   |  v   | uu_dtpath/uu_exec/uu_alu/n_544                     | NAND2X2   | 0.098 |   2.586 |    2.558 | 
     | uu_dtpath/uu_exec/uu_alu/csa_tree_eq_29_30_groupi_ |  v   | uu_dtpath/uu_exec/uu_alu/n_544                     | CLKXOR2X1 | 0.000 |   2.586 |    2.558 | 
     | g707/B                                             |      |                                                    |           |       |         |          | 
     | uu_dtpath/uu_exec/uu_alu/csa_tree_eq_29_30_groupi_ |  ^   | uu_dtpath/uu_exec/uu_alu/csa_tree_eq_29_30_groupi_ | CLKXOR2X1 | 0.170 |   2.756 |    2.728 | 
     | g707/Y                                             |      | n_65                                               |           |       |         |          | 
     | uu_dtpath/uu_exec/uu_alu/FE_RC_8_0/A               |  ^   | uu_dtpath/uu_exec/uu_alu/csa_tree_eq_29_30_groupi_ | XNOR2X1   | 0.000 |   2.756 |    2.728 | 
     |                                                    |      | n_65                                               |           |       |         |          | 
     | uu_dtpath/uu_exec/uu_alu/FE_RC_8_0/Y               |  v   | uu_dtpath/uu_exec/uu_alu/csa_tree_eq_29_30_groupi_ | XNOR2X1   | 0.248 |   3.004 |    2.976 | 
     |                                                    |      | n_93                                               |           |       |         |          | 
     | uu_dtpath/uu_exec/uu_alu/csa_tree_eq_29_30_groupi_ |  v   | uu_dtpath/uu_exec/uu_alu/csa_tree_eq_29_30_groupi_ | NOR2X4    | 0.000 |   3.004 |    2.976 | 
     | g643/B                                             |      | n_93                                               |           |       |         |          | 
     | uu_dtpath/uu_exec/uu_alu/csa_tree_eq_29_30_groupi_ |  ^   | uu_dtpath/uu_exec/uu_alu/csa_tree_eq_29_30_groupi_ | NOR2X4    | 0.106 |   3.110 |    3.082 | 
     | g643/Y                                             |      | n_124                                              |           |       |         |          | 
     | uu_dtpath/uu_exec/uu_alu/csa_tree_eq_29_30_groupi_ |  ^   | uu_dtpath/uu_exec/uu_alu/csa_tree_eq_29_30_groupi_ | NAND2X6   | 0.000 |   3.110 |    3.082 | 
     | g641/B                                             |      | n_124                                              |           |       |         |          | 
     | uu_dtpath/uu_exec/uu_alu/csa_tree_eq_29_30_groupi_ |  v   | uu_dtpath/uu_exec/uu_alu/csa_tree_eq_29_30_groupi_ | NAND2X6   | 0.082 |   3.192 |    3.164 | 
     | g641/Y                                             |      | n_126                                              |           |       |         |          | 
     | uu_dtpath/uu_exec/uu_alu/csa_tree_eq_29_30_groupi_ |  v   | uu_dtpath/uu_exec/uu_alu/csa_tree_eq_29_30_groupi_ | NOR2X6    | 0.000 |   3.192 |    3.164 | 
     | g638/A                                             |      | n_126                                              |           |       |         |          | 
     | uu_dtpath/uu_exec/uu_alu/csa_tree_eq_29_30_groupi_ |  ^   | uu_dtpath/uu_exec/uu_alu/csa_tree_eq_29_30_groupi_ | NOR2X6    | 0.080 |   3.272 |    3.244 | 
     | g638/Y                                             |      | n_129                                              |           |       |         |          | 
     | uu_dtpath/uu_exec/uu_alu/csa_tree_eq_29_30_groupi_ |  ^   | uu_dtpath/uu_exec/uu_alu/csa_tree_eq_29_30_groupi_ | NAND2X8   | 0.000 |   3.272 |    3.244 | 
     | g637/B                                             |      | n_129                                              |           |       |         |          | 
     | uu_dtpath/uu_exec/uu_alu/csa_tree_eq_29_30_groupi_ |  v   | uu_dtpath/uu_exec/uu_alu/csa_tree_eq_29_30_groupi_ | NAND2X8   | 0.068 |   3.340 |    3.312 | 
     | g637/Y                                             |      | n_130                                              |           |       |         |          | 
     | uu_dtpath/uu_exec/uu_alu/csa_tree_eq_29_30_groupi_ |  v   | uu_dtpath/uu_exec/uu_alu/csa_tree_eq_29_30_groupi_ | NOR2X6    | 0.000 |   3.340 |    3.312 | 
     | g634/A                                             |      | n_130                                              |           |       |         |          | 
     | uu_dtpath/uu_exec/uu_alu/csa_tree_eq_29_30_groupi_ |  ^   | uu_dtpath/uu_exec/zero_w                           | NOR2X6    | 0.069 |   3.409 |    3.381 | 
     | g634/Y                                             |      |                                                    |           |       |         |          | 
     | uu_dtpath/uu_exec/FE_RC_5_0/A1                     |  ^   | uu_dtpath/uu_exec/zero_w                           | OAI21X2   | 0.000 |   3.409 |    3.381 | 
     | uu_dtpath/uu_exec/FE_RC_5_0/Y                      |  v   | uu_dtpath/uu_exec/n_1                              | OAI21X2   | 0.096 |   3.505 |    3.477 | 
     | uu_dtpath/uu_exec/g3928/B                          |  v   | uu_dtpath/uu_exec/n_1                              | NAND2X4   | 0.000 |   3.505 |    3.477 | 
     | uu_dtpath/uu_exec/g3928/Y                          |  ^   | uu_dtpath/uu_exec/n_2                              | NAND2X4   | 0.069 |   3.574 |    3.546 | 
     | uu_dtpath/uu_exec/g3927/B                          |  ^   | uu_dtpath/uu_exec/n_2                              | NAND2X6   | 0.000 |   3.574 |    3.546 | 
     | uu_dtpath/uu_exec/g3927/Y                          |  v   | uu_dtpath/pc_src                                   | NAND2X6   | 0.072 |   3.646 |    3.618 | 
     | uu_dtpath/g810/B                                   |  v   | uu_dtpath/pc_src                                   | OR2X4     | 0.000 |   3.646 |    3.618 | 
     | uu_dtpath/g810/Y                                   |  v   | uu_dtpath/flush_de                                 | OR2X4     | 0.202 |   3.848 |    3.820 | 
     | uu_dtpath/uu_dec/FE_OFC739_flush_de/A              |  v   | uu_dtpath/flush_de                                 | CLKBUFX20 | 0.000 |   3.848 |    3.820 | 
     | uu_dtpath/uu_dec/FE_OFC739_flush_de/Y              |  v   | uu_dtpath/uu_dec/FE_OFN441_flush_de                | CLKBUFX20 | 0.156 |   4.004 |    3.976 | 
     | uu_dtpath/uu_dec/g2521/B                           |  v   | uu_dtpath/uu_dec/FE_OFN441_flush_de                | NOR2BX1   | 0.001 |   4.005 |    3.977 | 
     | uu_dtpath/uu_dec/g2521/Y                           |  ^   | uu_dtpath/uu_dec/n_140                             | NOR2BX1   | 0.126 |   4.131 |    4.103 | 
     | uu_dtpath/uu_dec/o_funct3_reg[0]/D                 |  ^   | uu_dtpath/uu_dec/n_140                             | DFFRHQX1  | 0.000 |   4.131 |    4.103 | 
     +---------------------------------------------------------------------------------------------------------------------------------------------------------+ 
     Clock Rise Edge                      0.000
     + Source Insertion Delay            -0.609
     = Beginpoint Arrival Time           -0.609
     Other End Path:
     +--------------------------------------------------------------------------------------------------------+ 
     |                 Pin                 | Edge |        Net        |   Cell   | Delay | Arrival | Required | 
     |                                     |      |                   |          |       |  Time   |   Time   | 
     |-------------------------------------+------+-------------------+----------+-------+---------+----------| 
     | clk                                 |  ^   | clk               |          |       |  -0.609 |   -0.580 | 
     | uu_dtpath/CTS_ccl_a_buf_00308/A     |  ^   | clk               | CLKBUFX3 | 0.001 |  -0.607 |   -0.579 | 
     | uu_dtpath/CTS_ccl_a_buf_00308/Y     |  ^   | uu_dtpath/CTS_113 | CLKBUFX3 | 0.074 |  -0.534 |   -0.506 | 
     | uu_dtpath/CTS_ccl_a_buf_00304/A     |  ^   | uu_dtpath/CTS_113 | CLKBUFX4 | 0.000 |  -0.534 |   -0.505 | 
     | uu_dtpath/CTS_ccl_a_buf_00304/Y     |  ^   | uu_dtpath/CTS_112 | CLKBUFX4 | 0.102 |  -0.431 |   -0.403 | 
     | uu_dtpath/CTS_ccl_a_buf_00291/A     |  ^   | uu_dtpath/CTS_112 | CLKBUFX4 | 0.000 |  -0.431 |   -0.403 | 
     | uu_dtpath/CTS_ccl_a_buf_00291/Y     |  ^   | uu_dtpath/CTS_108 | CLKBUFX4 | 0.100 |  -0.331 |   -0.303 | 
     | uu_dtpath/CTS_ccl_a_buf_00256/A     |  ^   | uu_dtpath/CTS_108 | BUFX2    | 0.000 |  -0.331 |   -0.303 | 
     | uu_dtpath/CTS_ccl_a_buf_00256/Y     |  ^   | uu_dtpath/CTS_99  | BUFX2    | 0.100 |  -0.231 |   -0.203 | 
     | uu_dtpath/CTS_ccl_a_buf_00204/A     |  ^   | uu_dtpath/CTS_99  | CLKBUFX3 | 0.000 |  -0.231 |   -0.203 | 
     | uu_dtpath/CTS_ccl_a_buf_00204/Y     |  ^   | uu_dtpath/CTS_93  | CLKBUFX3 | 0.095 |  -0.136 |   -0.108 | 
     | uu_dtpath/CTS_ccl_a_buf_00028/A     |  ^   | uu_dtpath/CTS_93  | CLKBUFX3 | 0.000 |  -0.136 |   -0.108 | 
     | uu_dtpath/CTS_ccl_a_buf_00028/Y     |  ^   | uu_dtpath/CTS_92  | CLKBUFX3 | 0.094 |  -0.042 |   -0.014 | 
     | uu_dtpath/uu_dec/o_funct3_reg[0]/CK |  ^   | uu_dtpath/CTS_92  | DFFRHQX1 | 0.000 |  -0.042 |   -0.014 | 
     +--------------------------------------------------------------------------------------------------------+ 
Path 9: VIOLATED Setup Check with Pin uu_dtpath/uu_dec/o_pc_reg[22]/CK 
Endpoint:   uu_dtpath/uu_dec/o_pc_reg[22]/D       (^) checked with  leading 
edge of 'clk'
Beginpoint: uu_dtpath/uu_mem/o_resultSrc_reg[1]/Q (v) triggered by  leading 
edge of 'clk'
Path Groups: {clk}
Analysis View: setup
Other End Arrival Time         -0.038
- Setup                         0.143
+ Phase Shift                   4.400
- Uncertainty                   0.100
= Required Time                 4.119
- Arrival Time                  4.147
= Slack Time                   -0.028
     Clock Rise Edge                      0.000
     + Source Insertion Delay            -0.609
     = Beginpoint Arrival Time           -0.609
     Timing Path:
     +---------------------------------------------------------------------------------------------------------------------------------------------------------+ 
     |                        Pin                         | Edge |                        Net                         |   Cell    | Delay | Arrival | Required | 
     |                                                    |      |                                                    |           |       |  Time   |   Time   | 
     |----------------------------------------------------+------+----------------------------------------------------+-----------+-------+---------+----------| 
     | clk                                                |  ^   | clk                                                |           |       |  -0.609 |   -0.636 | 
     | uu_dtpath/CTS_ccl_a_buf_00307/A                    |  ^   | clk                                                | CLKBUFX4  | 0.001 |  -0.607 |   -0.635 | 
     | uu_dtpath/CTS_ccl_a_buf_00307/Y                    |  ^   | uu_dtpath/CTS_56                                   | CLKBUFX4  | 0.086 |  -0.521 |   -0.548 | 
     | uu_dtpath/CTS_ccl_a_buf_00290/A                    |  ^   | uu_dtpath/CTS_56                                   | CLKBUFX4  | 0.000 |  -0.521 |   -0.548 | 
     | uu_dtpath/CTS_ccl_a_buf_00290/Y                    |  ^   | uu_dtpath/CTS_55                                   | CLKBUFX4  | 0.101 |  -0.420 |   -0.447 | 
     | uu_dtpath/CTS_ccl_a_buf_00274/A                    |  ^   | uu_dtpath/CTS_55                                   | CLKBUFX3  | 0.000 |  -0.420 |   -0.447 | 
     | uu_dtpath/CTS_ccl_a_buf_00274/Y                    |  ^   | uu_dtpath/CTS_42                                   | CLKBUFX3  | 0.090 |  -0.329 |   -0.357 | 
     | uu_dtpath/CTS_ccl_a_buf_00253/A                    |  ^   | uu_dtpath/CTS_42                                   | CLKBUFX3  | 0.000 |  -0.329 |   -0.357 | 
     | uu_dtpath/CTS_ccl_a_buf_00253/Y                    |  ^   | uu_dtpath/CTS_40                                   | CLKBUFX3  | 0.090 |  -0.240 |   -0.267 | 
     | uu_dtpath/CTS_ccl_a_buf_00207/A                    |  ^   | uu_dtpath/CTS_40                                   | CLKBUFX3  | 0.000 |  -0.239 |   -0.267 | 
     | uu_dtpath/CTS_ccl_a_buf_00207/Y                    |  ^   | uu_dtpath/CTS_38                                   | CLKBUFX3  | 0.089 |  -0.150 |   -0.178 | 
     | uu_dtpath/CTS_ccl_a_buf_00034/A                    |  ^   | uu_dtpath/CTS_38                                   | CLKBUFX4  | 0.000 |  -0.150 |   -0.178 | 
     | uu_dtpath/CTS_ccl_a_buf_00034/Y                    |  ^   | uu_dtpath/CTS_32                                   | CLKBUFX4  | 0.102 |  -0.049 |   -0.076 | 
     | uu_dtpath/uu_mem/o_resultSrc_reg[1]/CK             |  ^   | uu_dtpath/CTS_32                                   | DFFRHQX4  | 0.000 |  -0.049 |   -0.076 | 
     | uu_dtpath/uu_mem/o_resultSrc_reg[1]/Q              |  v   | uu_dtpath/resultSrc_mw[1]                          | DFFRHQX4  | 0.277 |   0.228 |    0.201 | 
     | uu_dtpath/uu_wb/g1420/B                            |  v   | uu_dtpath/resultSrc_mw[1]                          | NOR2X6    | 0.000 |   0.229 |    0.201 | 
     | uu_dtpath/uu_wb/g1420/Y                            |  ^   | uu_dtpath/uu_wb/n_2                                | NOR2X6    | 0.125 |   0.354 |    0.327 | 
     | uu_dtpath/uu_wb/FE_OFC699_n_2/A                    |  ^   | uu_dtpath/uu_wb/n_2                                | BUFX3     | 0.000 |   0.354 |    0.327 | 
     | uu_dtpath/uu_wb/FE_OFC699_n_2/Y                    |  ^   | uu_dtpath/uu_wb/n_25                               | BUFX3     | 0.201 |   0.556 |    0.528 | 
     | uu_dtpath/uu_wb/g1441/A1                           |  ^   | uu_dtpath/uu_wb/n_25                               | AOI22X2   | 0.001 |   0.556 |    0.529 | 
     | uu_dtpath/uu_wb/g1441/Y                            |  v   | uu_dtpath/uu_wb/n_267                              | AOI22X2   | 0.159 |   0.715 |    0.687 | 
     | uu_dtpath/uu_wb/g1293/B                            |  v   | uu_dtpath/uu_wb/n_267                              | NAND2X1   | 0.000 |   0.715 |    0.687 | 
     | uu_dtpath/uu_wb/g1293/Y                            |  ^   | uu_dtpath/wr_dt_reg[4]                             | NAND2X1   | 0.098 |   0.813 |    0.785 | 
     | uu_dtpath/FE_OFC945_wr_dt_reg_4/A                  |  ^   | uu_dtpath/wr_dt_reg[4]                             | CLKBUFX6  | 0.000 |   0.813 |    0.785 | 
     | uu_dtpath/FE_OFC945_wr_dt_reg_4/Y                  |  ^   | uu_dtpath/FE_OFN233_wr_dt_reg_4                    | CLKBUFX6  | 0.156 |   0.969 |    0.941 | 
     | uu_dtpath/uu_exec/g5895/A                          |  ^   | uu_dtpath/FE_OFN233_wr_dt_reg_4                    | NAND2X4   | 0.000 |   0.969 |    0.941 | 
     | uu_dtpath/uu_exec/g5895/Y                          |  v   | uu_dtpath/uu_exec/n_150                            | NAND2X4   | 0.126 |   1.095 |    1.067 | 
     | uu_dtpath/uu_exec/g5653/A                          |  v   | uu_dtpath/uu_exec/n_150                            | NAND2X6   | 0.000 |   1.095 |    1.067 | 
     | uu_dtpath/uu_exec/g5653/Y                          |  ^   | uu_dtpath/uu_exec/n_350                            | NAND2X6   | 0.060 |   1.154 |    1.127 | 
     | uu_dtpath/uu_exec/g5567/A1                         |  ^   | uu_dtpath/uu_exec/n_350                            | AOI21X2   | 0.000 |   1.155 |    1.127 | 
     | uu_dtpath/uu_exec/g5567/Y                          |  v   | uu_dtpath/uu_exec/n_344                            | AOI21X2   | 0.131 |   1.286 |    1.258 | 
     | uu_dtpath/uu_exec/FE_OFC301_n_344/A                |  v   | uu_dtpath/uu_exec/n_344                            | BUFX12    | 0.000 |   1.286 |    1.258 | 
     | uu_dtpath/uu_exec/FE_OFC301_n_344/Y                |  v   | uu_dtpath/uu_exec/FE_OFN320_n_344                  | BUFX12    | 0.210 |   1.495 |    1.468 | 
     | uu_dtpath/uu_exec/g5565/A                          |  v   | uu_dtpath/uu_exec/FE_OFN320_n_344                  | CLKINVX20 | 0.004 |   1.499 |    1.472 | 
     | uu_dtpath/uu_exec/g5565/Y                          |  ^   | uu_dtpath/uu_exec/alu_srcB_w[4]                    | CLKINVX20 | 0.126 |   1.625 |    1.597 | 
     | uu_dtpath/uu_exec/uu_alu/sll_22_38_g3849/B         |  ^   | uu_dtpath/uu_exec/alu_srcB_w[4]                    | NOR2X6    | 0.002 |   1.627 |    1.599 | 
     | uu_dtpath/uu_exec/uu_alu/sll_22_38_g3849/Y         |  v   | uu_dtpath/uu_exec/uu_alu/sll_22_38_n_79            | NOR2X6    | 0.081 |   1.708 |    1.680 | 
     | uu_dtpath/uu_exec/uu_alu/sll_22_38_g3770/B         |  v   | uu_dtpath/uu_exec/uu_alu/sll_22_38_n_79            | CLKAND2X3 | 0.000 |   1.708 |    1.680 | 
     | uu_dtpath/uu_exec/uu_alu/sll_22_38_g3770/Y         |  v   | uu_dtpath/uu_exec/uu_alu/sll_22_38_n_133           | CLKAND2X3 | 0.101 |   1.809 |    1.781 | 
     | uu_dtpath/uu_exec/uu_alu/FE_OFC772_sll_22_38_n_133 |  v   | uu_dtpath/uu_exec/uu_alu/sll_22_38_n_133           | INVX1     | 0.000 |   1.809 |    1.781 | 
     | /A                                                 |      |                                                    |           |       |         |          | 
     | uu_dtpath/uu_exec/uu_alu/FE_OFC772_sll_22_38_n_133 |  ^   | uu_dtpath/uu_exec/uu_alu/sll_22_38_n_30            | INVX1     | 0.049 |   1.858 |    1.831 | 
     | /Y                                                 |      |                                                    |           |       |         |          | 
     | uu_dtpath/uu_exec/uu_alu/sll_22_38_g3733/B         |  ^   | uu_dtpath/uu_exec/uu_alu/sll_22_38_n_30            | NOR2X4    | 0.000 |   1.858 |    1.831 | 
     | uu_dtpath/uu_exec/uu_alu/sll_22_38_g3733/Y         |  v   | uu_dtpath/uu_exec/uu_alu/sll_22_38_n_172           | NOR2X4    | 0.050 |   1.908 |    1.881 | 
     | uu_dtpath/uu_exec/uu_alu/sll_22_38_g3674/A1        |  v   | uu_dtpath/uu_exec/uu_alu/sll_22_38_n_172           | AOI22X2   | 0.000 |   1.908 |    1.881 | 
     | uu_dtpath/uu_exec/uu_alu/sll_22_38_g3674/Y         |  ^   | uu_dtpath/uu_exec/uu_alu/sll_22_38_n_215           | AOI22X2   | 0.103 |   2.011 |    1.983 | 
     | uu_dtpath/uu_exec/uu_alu/sll_22_38_g3619/B         |  ^   | uu_dtpath/uu_exec/uu_alu/sll_22_38_n_215           | NAND2X1   | 0.000 |   2.011 |    1.983 | 
     | uu_dtpath/uu_exec/uu_alu/sll_22_38_g3619/Y         |  v   | uu_dtpath/uu_exec/uu_alu/sll_22_38_n_263           | NAND2X1   | 0.142 |   2.153 |    2.125 | 
     | uu_dtpath/uu_exec/uu_alu/sll_22_38_g3560/B0        |  v   | uu_dtpath/uu_exec/uu_alu/sll_22_38_n_263           | AOI2BB1X1 | 0.000 |   2.153 |    2.125 | 
     | uu_dtpath/uu_exec/uu_alu/sll_22_38_g3560/Y         |  ^   | uu_dtpath/uu_exec/uu_alu/sll_22_38_n_319           | AOI2BB1X1 | 0.155 |   2.308 |    2.280 | 
     | uu_dtpath/uu_exec/uu_alu/sll_22_38_g3539/B0        |  ^   | uu_dtpath/uu_exec/uu_alu/sll_22_38_n_319           | OAI21X4   | 0.000 |   2.308 |    2.280 | 
     | uu_dtpath/uu_exec/uu_alu/sll_22_38_g3539/Y         |  v   | uu_dtpath/uu_exec/uu_alu/n_639                     | OAI21X4   | 0.116 |   2.424 |    2.396 | 
     | uu_dtpath/uu_exec/uu_alu/g6504/B                   |  v   | uu_dtpath/uu_exec/uu_alu/n_639                     | NAND2BX4  | 0.000 |   2.424 |    2.396 | 
     | uu_dtpath/uu_exec/uu_alu/g6504/Y                   |  ^   | uu_dtpath/uu_exec/uu_alu/n_71                      | NAND2BX4  | 0.064 |   2.488 |    2.460 | 
     | uu_dtpath/uu_exec/uu_alu/g6095/B                   |  ^   | uu_dtpath/uu_exec/uu_alu/n_71                      | NAND2X2   | 0.000 |   2.488 |    2.461 | 
     | uu_dtpath/uu_exec/uu_alu/g6095/Y                   |  v   | uu_dtpath/uu_exec/uu_alu/n_544                     | NAND2X2   | 0.098 |   2.586 |    2.558 | 
     | uu_dtpath/uu_exec/uu_alu/csa_tree_eq_29_30_groupi_ |  v   | uu_dtpath/uu_exec/uu_alu/n_544                     | CLKXOR2X1 | 0.000 |   2.586 |    2.558 | 
     | g707/B                                             |      |                                                    |           |       |         |          | 
     | uu_dtpath/uu_exec/uu_alu/csa_tree_eq_29_30_groupi_ |  ^   | uu_dtpath/uu_exec/uu_alu/csa_tree_eq_29_30_groupi_ | CLKXOR2X1 | 0.170 |   2.756 |    2.729 | 
     | g707/Y                                             |      | n_65                                               |           |       |         |          | 
     | uu_dtpath/uu_exec/uu_alu/FE_RC_8_0/A               |  ^   | uu_dtpath/uu_exec/uu_alu/csa_tree_eq_29_30_groupi_ | XNOR2X1   | 0.000 |   2.756 |    2.729 | 
     |                                                    |      | n_65                                               |           |       |         |          | 
     | uu_dtpath/uu_exec/uu_alu/FE_RC_8_0/Y               |  v   | uu_dtpath/uu_exec/uu_alu/csa_tree_eq_29_30_groupi_ | XNOR2X1   | 0.248 |   3.004 |    2.976 | 
     |                                                    |      | n_93                                               |           |       |         |          | 
     | uu_dtpath/uu_exec/uu_alu/csa_tree_eq_29_30_groupi_ |  v   | uu_dtpath/uu_exec/uu_alu/csa_tree_eq_29_30_groupi_ | NOR2X4    | 0.000 |   3.004 |    2.976 | 
     | g643/B                                             |      | n_93                                               |           |       |         |          | 
     | uu_dtpath/uu_exec/uu_alu/csa_tree_eq_29_30_groupi_ |  ^   | uu_dtpath/uu_exec/uu_alu/csa_tree_eq_29_30_groupi_ | NOR2X4    | 0.106 |   3.110 |    3.082 | 
     | g643/Y                                             |      | n_124                                              |           |       |         |          | 
     | uu_dtpath/uu_exec/uu_alu/csa_tree_eq_29_30_groupi_ |  ^   | uu_dtpath/uu_exec/uu_alu/csa_tree_eq_29_30_groupi_ | NAND2X6   | 0.000 |   3.110 |    3.082 | 
     | g641/B                                             |      | n_124                                              |           |       |         |          | 
     | uu_dtpath/uu_exec/uu_alu/csa_tree_eq_29_30_groupi_ |  v   | uu_dtpath/uu_exec/uu_alu/csa_tree_eq_29_30_groupi_ | NAND2X6   | 0.082 |   3.192 |    3.165 | 
     | g641/Y                                             |      | n_126                                              |           |       |         |          | 
     | uu_dtpath/uu_exec/uu_alu/csa_tree_eq_29_30_groupi_ |  v   | uu_dtpath/uu_exec/uu_alu/csa_tree_eq_29_30_groupi_ | NOR2X6    | 0.000 |   3.192 |    3.165 | 
     | g638/A                                             |      | n_126                                              |           |       |         |          | 
     | uu_dtpath/uu_exec/uu_alu/csa_tree_eq_29_30_groupi_ |  ^   | uu_dtpath/uu_exec/uu_alu/csa_tree_eq_29_30_groupi_ | NOR2X6    | 0.080 |   3.272 |    3.245 | 
     | g638/Y                                             |      | n_129                                              |           |       |         |          | 
     | uu_dtpath/uu_exec/uu_alu/csa_tree_eq_29_30_groupi_ |  ^   | uu_dtpath/uu_exec/uu_alu/csa_tree_eq_29_30_groupi_ | NAND2X8   | 0.000 |   3.272 |    3.245 | 
     | g637/B                                             |      | n_129                                              |           |       |         |          | 
     | uu_dtpath/uu_exec/uu_alu/csa_tree_eq_29_30_groupi_ |  v   | uu_dtpath/uu_exec/uu_alu/csa_tree_eq_29_30_groupi_ | NAND2X8   | 0.068 |   3.340 |    3.312 | 
     | g637/Y                                             |      | n_130                                              |           |       |         |          | 
     | uu_dtpath/uu_exec/uu_alu/csa_tree_eq_29_30_groupi_ |  v   | uu_dtpath/uu_exec/uu_alu/csa_tree_eq_29_30_groupi_ | NOR2X6    | 0.000 |   3.340 |    3.312 | 
     | g634/A                                             |      | n_130                                              |           |       |         |          | 
     | uu_dtpath/uu_exec/uu_alu/csa_tree_eq_29_30_groupi_ |  ^   | uu_dtpath/uu_exec/zero_w                           | NOR2X6    | 0.069 |   3.409 |    3.381 | 
     | g634/Y                                             |      |                                                    |           |       |         |          | 
     | uu_dtpath/uu_exec/FE_RC_5_0/A1                     |  ^   | uu_dtpath/uu_exec/zero_w                           | OAI21X2   | 0.000 |   3.409 |    3.381 | 
     | uu_dtpath/uu_exec/FE_RC_5_0/Y                      |  v   | uu_dtpath/uu_exec/n_1                              | OAI21X2   | 0.096 |   3.505 |    3.478 | 
     | uu_dtpath/uu_exec/g3928/B                          |  v   | uu_dtpath/uu_exec/n_1                              | NAND2X4   | 0.000 |   3.505 |    3.478 | 
     | uu_dtpath/uu_exec/g3928/Y                          |  ^   | uu_dtpath/uu_exec/n_2                              | NAND2X4   | 0.069 |   3.574 |    3.547 | 
     | uu_dtpath/uu_exec/g3927/B                          |  ^   | uu_dtpath/uu_exec/n_2                              | NAND2X6   | 0.000 |   3.574 |    3.547 | 
     | uu_dtpath/uu_exec/g3927/Y                          |  v   | uu_dtpath/pc_src                                   | NAND2X6   | 0.072 |   3.646 |    3.619 | 
     | uu_dtpath/g810/B                                   |  v   | uu_dtpath/pc_src                                   | OR2X4     | 0.000 |   3.646 |    3.619 | 
     | uu_dtpath/g810/Y                                   |  v   | uu_dtpath/flush_de                                 | OR2X4     | 0.202 |   3.848 |    3.821 | 
     | uu_dtpath/uu_dec/FE_OFC738_flush_de/A              |  v   | uu_dtpath/flush_de                                 | CLKINVX4  | 0.000 |   3.848 |    3.821 | 
     | uu_dtpath/uu_dec/FE_OFC738_flush_de/Y              |  ^   | uu_dtpath/uu_dec/FE_OFN439_flush_de                | CLKINVX4  | 0.080 |   3.929 |    3.901 | 
     | uu_dtpath/uu_dec/FE_OFC741_flush_de/A              |  ^   | uu_dtpath/uu_dec/FE_OFN439_flush_de                | CLKINVX20 | 0.000 |   3.929 |    3.901 | 
     | uu_dtpath/uu_dec/FE_OFC741_flush_de/Y              |  v   | uu_dtpath/uu_dec/FE_OFN442_flush_de                | CLKINVX20 | 0.099 |   4.028 |    4.000 | 
     | uu_dtpath/uu_dec/g1817/B                           |  v   | uu_dtpath/uu_dec/FE_OFN442_flush_de                | NOR2BX2   | 0.004 |   4.031 |    4.004 | 
     | uu_dtpath/uu_dec/g1817/Y                           |  ^   | uu_dtpath/uu_dec/n_15                              | NOR2BX2   | 0.115 |   4.147 |    4.119 | 
     | uu_dtpath/uu_dec/o_pc_reg[22]/D                    |  ^   | uu_dtpath/uu_dec/n_15                              | DFFRHQX1  | 0.000 |   4.147 |    4.119 | 
     +---------------------------------------------------------------------------------------------------------------------------------------------------------+ 
     Clock Rise Edge                      0.000
     + Source Insertion Delay            -0.609
     = Beginpoint Arrival Time           -0.609
     Other End Path:
     +----------------------------------------------------------------------------------------------------+ 
     |               Pin                | Edge |       Net        |   Cell   | Delay | Arrival | Required | 
     |                                  |      |                  |          |       |  Time   |   Time   | 
     |----------------------------------+------+------------------+----------+-------+---------+----------| 
     | clk                              |  ^   | clk              |          |       |  -0.609 |   -0.581 | 
     | uu_dtpath/CTS_ccl_a_buf_00307/A  |  ^   | clk              | CLKBUFX4 | 0.001 |  -0.607 |   -0.580 | 
     | uu_dtpath/CTS_ccl_a_buf_00307/Y  |  ^   | uu_dtpath/CTS_56 | CLKBUFX4 | 0.086 |  -0.521 |   -0.493 | 
     | uu_dtpath/CTS_ccl_a_buf_00287/A  |  ^   | uu_dtpath/CTS_56 | CLKBUFX4 | 0.000 |  -0.521 |   -0.493 | 
     | uu_dtpath/CTS_ccl_a_buf_00287/Y  |  ^   | uu_dtpath/CTS_17 | CLKBUFX4 | 0.102 |  -0.419 |   -0.391 | 
     | uu_dtpath/CTS_ccl_a_buf_00272/A  |  ^   | uu_dtpath/CTS_17 | CLKBUFX4 | 0.000 |  -0.418 |   -0.391 | 
     | uu_dtpath/CTS_ccl_a_buf_00272/Y  |  ^   | uu_dtpath/CTS_16 | CLKBUFX4 | 0.102 |  -0.317 |   -0.289 | 
     | uu_dtpath/CTS_ccl_a_buf_00251/A  |  ^   | uu_dtpath/CTS_16 | BUFX2    | 0.000 |  -0.317 |   -0.289 | 
     | uu_dtpath/CTS_ccl_a_buf_00251/Y  |  ^   | uu_dtpath/CTS_15 | BUFX2    | 0.099 |  -0.218 |   -0.190 | 
     | uu_dtpath/CTS_ccl_a_buf_00193/A  |  ^   | uu_dtpath/CTS_15 | CLKBUFX3 | 0.000 |  -0.218 |   -0.190 | 
     | uu_dtpath/CTS_ccl_a_buf_00193/Y  |  ^   | uu_dtpath/CTS_8  | CLKBUFX3 | 0.087 |  -0.131 |   -0.103 | 
     | uu_dtpath/CTS_ccl_a_buf_00004/A  |  ^   | uu_dtpath/CTS_8  | CLKBUFX3 | 0.000 |  -0.131 |   -0.103 | 
     | uu_dtpath/CTS_ccl_a_buf_00004/Y  |  ^   | uu_dtpath/CTS_10 | CLKBUFX3 | 0.093 |  -0.038 |   -0.010 | 
     | uu_dtpath/uu_dec/o_pc_reg[22]/CK |  ^   | uu_dtpath/CTS_10 | DFFRHQX1 | 0.000 |  -0.038 |   -0.010 | 
     +----------------------------------------------------------------------------------------------------+ 
Path 10: VIOLATED Setup Check with Pin uu_dtpath/uu_fetch/pc_fd_ff_reg[1]/CK 
Endpoint:   uu_dtpath/uu_fetch/pc_fd_ff_reg[1]/D  (^) checked with  leading 
edge of 'clk'
Beginpoint: uu_dtpath/uu_mem/o_resultSrc_reg[1]/Q (v) triggered by  leading 
edge of 'clk'
Path Groups: {clk}
Analysis View: setup
Other End Arrival Time         -0.042
- Setup                         0.175
+ Phase Shift                   4.400
- Uncertainty                   0.100
= Required Time                 4.083
- Arrival Time                  4.109
= Slack Time                   -0.026
     Clock Rise Edge                      0.000
     + Source Insertion Delay            -0.609
     = Beginpoint Arrival Time           -0.609
     Timing Path:
     +---------------------------------------------------------------------------------------------------------------------------------------------------------+ 
     |                        Pin                         | Edge |                        Net                         |   Cell    | Delay | Arrival | Required | 
     |                                                    |      |                                                    |           |       |  Time   |   Time   | 
     |----------------------------------------------------+------+----------------------------------------------------+-----------+-------+---------+----------| 
     | clk                                                |  ^   | clk                                                |           |       |  -0.609 |   -0.635 | 
     | uu_dtpath/CTS_ccl_a_buf_00307/A                    |  ^   | clk                                                | CLKBUFX4  | 0.001 |  -0.607 |   -0.634 | 
     | uu_dtpath/CTS_ccl_a_buf_00307/Y                    |  ^   | uu_dtpath/CTS_56                                   | CLKBUFX4  | 0.086 |  -0.521 |   -0.547 | 
     | uu_dtpath/CTS_ccl_a_buf_00290/A                    |  ^   | uu_dtpath/CTS_56                                   | CLKBUFX4  | 0.000 |  -0.521 |   -0.547 | 
     | uu_dtpath/CTS_ccl_a_buf_00290/Y                    |  ^   | uu_dtpath/CTS_55                                   | CLKBUFX4  | 0.101 |  -0.420 |   -0.446 | 
     | uu_dtpath/CTS_ccl_a_buf_00274/A                    |  ^   | uu_dtpath/CTS_55                                   | CLKBUFX3  | 0.000 |  -0.420 |   -0.446 | 
     | uu_dtpath/CTS_ccl_a_buf_00274/Y                    |  ^   | uu_dtpath/CTS_42                                   | CLKBUFX3  | 0.090 |  -0.329 |   -0.355 | 
     | uu_dtpath/CTS_ccl_a_buf_00253/A                    |  ^   | uu_dtpath/CTS_42                                   | CLKBUFX3  | 0.000 |  -0.329 |   -0.355 | 
     | uu_dtpath/CTS_ccl_a_buf_00253/Y                    |  ^   | uu_dtpath/CTS_40                                   | CLKBUFX3  | 0.090 |  -0.240 |   -0.266 | 
     | uu_dtpath/CTS_ccl_a_buf_00207/A                    |  ^   | uu_dtpath/CTS_40                                   | CLKBUFX3  | 0.000 |  -0.239 |   -0.266 | 
     | uu_dtpath/CTS_ccl_a_buf_00207/Y                    |  ^   | uu_dtpath/CTS_38                                   | CLKBUFX3  | 0.089 |  -0.150 |   -0.177 | 
     | uu_dtpath/CTS_ccl_a_buf_00034/A                    |  ^   | uu_dtpath/CTS_38                                   | CLKBUFX4  | 0.000 |  -0.150 |   -0.177 | 
     | uu_dtpath/CTS_ccl_a_buf_00034/Y                    |  ^   | uu_dtpath/CTS_32                                   | CLKBUFX4  | 0.102 |  -0.049 |   -0.075 | 
     | uu_dtpath/uu_mem/o_resultSrc_reg[1]/CK             |  ^   | uu_dtpath/CTS_32                                   | DFFRHQX4  | 0.000 |  -0.049 |   -0.075 | 
     | uu_dtpath/uu_mem/o_resultSrc_reg[1]/Q              |  v   | uu_dtpath/resultSrc_mw[1]                          | DFFRHQX4  | 0.277 |   0.228 |    0.202 | 
     | uu_dtpath/uu_wb/g1420/B                            |  v   | uu_dtpath/resultSrc_mw[1]                          | NOR2X6    | 0.000 |   0.229 |    0.202 | 
     | uu_dtpath/uu_wb/g1420/Y                            |  ^   | uu_dtpath/uu_wb/n_2                                | NOR2X6    | 0.125 |   0.354 |    0.328 | 
     | uu_dtpath/uu_wb/FE_OFC699_n_2/A                    |  ^   | uu_dtpath/uu_wb/n_2                                | BUFX3     | 0.000 |   0.354 |    0.328 | 
     | uu_dtpath/uu_wb/FE_OFC699_n_2/Y                    |  ^   | uu_dtpath/uu_wb/n_25                               | BUFX3     | 0.201 |   0.556 |    0.529 | 
     | uu_dtpath/uu_wb/g1441/A1                           |  ^   | uu_dtpath/uu_wb/n_25                               | AOI22X2   | 0.001 |   0.556 |    0.530 | 
     | uu_dtpath/uu_wb/g1441/Y                            |  v   | uu_dtpath/uu_wb/n_267                              | AOI22X2   | 0.159 |   0.715 |    0.689 | 
     | uu_dtpath/uu_wb/g1293/B                            |  v   | uu_dtpath/uu_wb/n_267                              | NAND2X1   | 0.000 |   0.715 |    0.689 | 
     | uu_dtpath/uu_wb/g1293/Y                            |  ^   | uu_dtpath/wr_dt_reg[4]                             | NAND2X1   | 0.098 |   0.813 |    0.786 | 
     | uu_dtpath/FE_OFC945_wr_dt_reg_4/A                  |  ^   | uu_dtpath/wr_dt_reg[4]                             | CLKBUFX6  | 0.000 |   0.813 |    0.786 | 
     | uu_dtpath/FE_OFC945_wr_dt_reg_4/Y                  |  ^   | uu_dtpath/FE_OFN233_wr_dt_reg_4                    | CLKBUFX6  | 0.156 |   0.969 |    0.942 | 
     | uu_dtpath/uu_exec/g5895/A                          |  ^   | uu_dtpath/FE_OFN233_wr_dt_reg_4                    | NAND2X4   | 0.000 |   0.969 |    0.942 | 
     | uu_dtpath/uu_exec/g5895/Y                          |  v   | uu_dtpath/uu_exec/n_150                            | NAND2X4   | 0.126 |   1.095 |    1.068 | 
     | uu_dtpath/uu_exec/g5653/A                          |  v   | uu_dtpath/uu_exec/n_150                            | NAND2X6   | 0.000 |   1.095 |    1.068 | 
     | uu_dtpath/uu_exec/g5653/Y                          |  ^   | uu_dtpath/uu_exec/n_350                            | NAND2X6   | 0.060 |   1.154 |    1.128 | 
     | uu_dtpath/uu_exec/g5567/A1                         |  ^   | uu_dtpath/uu_exec/n_350                            | AOI21X2   | 0.000 |   1.155 |    1.128 | 
     | uu_dtpath/uu_exec/g5567/Y                          |  v   | uu_dtpath/uu_exec/n_344                            | AOI21X2   | 0.131 |   1.286 |    1.259 | 
     | uu_dtpath/uu_exec/FE_OFC301_n_344/A                |  v   | uu_dtpath/uu_exec/n_344                            | BUFX12    | 0.000 |   1.286 |    1.259 | 
     | uu_dtpath/uu_exec/FE_OFC301_n_344/Y                |  v   | uu_dtpath/uu_exec/FE_OFN320_n_344                  | BUFX12    | 0.210 |   1.495 |    1.469 | 
     | uu_dtpath/uu_exec/g5565/A                          |  v   | uu_dtpath/uu_exec/FE_OFN320_n_344                  | CLKINVX20 | 0.004 |   1.499 |    1.473 | 
     | uu_dtpath/uu_exec/g5565/Y                          |  ^   | uu_dtpath/uu_exec/alu_srcB_w[4]                    | CLKINVX20 | 0.126 |   1.625 |    1.598 | 
     | uu_dtpath/uu_exec/uu_alu/sll_22_38_g3849/B         |  ^   | uu_dtpath/uu_exec/alu_srcB_w[4]                    | NOR2X6    | 0.002 |   1.627 |    1.601 | 
     | uu_dtpath/uu_exec/uu_alu/sll_22_38_g3849/Y         |  v   | uu_dtpath/uu_exec/uu_alu/sll_22_38_n_79            | NOR2X6    | 0.081 |   1.708 |    1.681 | 
     | uu_dtpath/uu_exec/uu_alu/sll_22_38_g3770/B         |  v   | uu_dtpath/uu_exec/uu_alu/sll_22_38_n_79            | CLKAND2X3 | 0.000 |   1.708 |    1.682 | 
     | uu_dtpath/uu_exec/uu_alu/sll_22_38_g3770/Y         |  v   | uu_dtpath/uu_exec/uu_alu/sll_22_38_n_133           | CLKAND2X3 | 0.101 |   1.809 |    1.783 | 
     | uu_dtpath/uu_exec/uu_alu/FE_OFC772_sll_22_38_n_133 |  v   | uu_dtpath/uu_exec/uu_alu/sll_22_38_n_133           | INVX1     | 0.000 |   1.809 |    1.783 | 
     | /A                                                 |      |                                                    |           |       |         |          | 
     | uu_dtpath/uu_exec/uu_alu/FE_OFC772_sll_22_38_n_133 |  ^   | uu_dtpath/uu_exec/uu_alu/sll_22_38_n_30            | INVX1     | 0.049 |   1.858 |    1.832 | 
     | /Y                                                 |      |                                                    |           |       |         |          | 
     | uu_dtpath/uu_exec/uu_alu/sll_22_38_g3733/B         |  ^   | uu_dtpath/uu_exec/uu_alu/sll_22_38_n_30            | NOR2X4    | 0.000 |   1.858 |    1.832 | 
     | uu_dtpath/uu_exec/uu_alu/sll_22_38_g3733/Y         |  v   | uu_dtpath/uu_exec/uu_alu/sll_22_38_n_172           | NOR2X4    | 0.050 |   1.908 |    1.882 | 
     | uu_dtpath/uu_exec/uu_alu/sll_22_38_g3674/A1        |  v   | uu_dtpath/uu_exec/uu_alu/sll_22_38_n_172           | AOI22X2   | 0.000 |   1.908 |    1.882 | 
     | uu_dtpath/uu_exec/uu_alu/sll_22_38_g3674/Y         |  ^   | uu_dtpath/uu_exec/uu_alu/sll_22_38_n_215           | AOI22X2   | 0.103 |   2.011 |    1.985 | 
     | uu_dtpath/uu_exec/uu_alu/sll_22_38_g3619/B         |  ^   | uu_dtpath/uu_exec/uu_alu/sll_22_38_n_215           | NAND2X1   | 0.000 |   2.011 |    1.985 | 
     | uu_dtpath/uu_exec/uu_alu/sll_22_38_g3619/Y         |  v   | uu_dtpath/uu_exec/uu_alu/sll_22_38_n_263           | NAND2X1   | 0.142 |   2.153 |    2.126 | 
     | uu_dtpath/uu_exec/uu_alu/sll_22_38_g3560/B0        |  v   | uu_dtpath/uu_exec/uu_alu/sll_22_38_n_263           | AOI2BB1X1 | 0.000 |   2.153 |    2.126 | 
     | uu_dtpath/uu_exec/uu_alu/sll_22_38_g3560/Y         |  ^   | uu_dtpath/uu_exec/uu_alu/sll_22_38_n_319           | AOI2BB1X1 | 0.155 |   2.308 |    2.281 | 
     | uu_dtpath/uu_exec/uu_alu/sll_22_38_g3539/B0        |  ^   | uu_dtpath/uu_exec/uu_alu/sll_22_38_n_319           | OAI21X4   | 0.000 |   2.308 |    2.281 | 
     | uu_dtpath/uu_exec/uu_alu/sll_22_38_g3539/Y         |  v   | uu_dtpath/uu_exec/uu_alu/n_639                     | OAI21X4   | 0.116 |   2.424 |    2.397 | 
     | uu_dtpath/uu_exec/uu_alu/g6504/B                   |  v   | uu_dtpath/uu_exec/uu_alu/n_639                     | NAND2BX4  | 0.000 |   2.424 |    2.397 | 
     | uu_dtpath/uu_exec/uu_alu/g6504/Y                   |  ^   | uu_dtpath/uu_exec/uu_alu/n_71                      | NAND2BX4  | 0.064 |   2.488 |    2.462 | 
     | uu_dtpath/uu_exec/uu_alu/g6095/B                   |  ^   | uu_dtpath/uu_exec/uu_alu/n_71                      | NAND2X2   | 0.000 |   2.488 |    2.462 | 
     | uu_dtpath/uu_exec/uu_alu/g6095/Y                   |  v   | uu_dtpath/uu_exec/uu_alu/n_544                     | NAND2X2   | 0.098 |   2.586 |    2.559 | 
     | uu_dtpath/uu_exec/uu_alu/csa_tree_eq_29_30_groupi_ |  v   | uu_dtpath/uu_exec/uu_alu/n_544                     | CLKXOR2X1 | 0.000 |   2.586 |    2.559 | 
     | g707/B                                             |      |                                                    |           |       |         |          | 
     | uu_dtpath/uu_exec/uu_alu/csa_tree_eq_29_30_groupi_ |  ^   | uu_dtpath/uu_exec/uu_alu/csa_tree_eq_29_30_groupi_ | CLKXOR2X1 | 0.170 |   2.756 |    2.730 | 
     | g707/Y                                             |      | n_65                                               |           |       |         |          | 
     | uu_dtpath/uu_exec/uu_alu/FE_RC_8_0/A               |  ^   | uu_dtpath/uu_exec/uu_alu/csa_tree_eq_29_30_groupi_ | XNOR2X1   | 0.000 |   2.756 |    2.730 | 
     |                                                    |      | n_65                                               |           |       |         |          | 
     | uu_dtpath/uu_exec/uu_alu/FE_RC_8_0/Y               |  v   | uu_dtpath/uu_exec/uu_alu/csa_tree_eq_29_30_groupi_ | XNOR2X1   | 0.248 |   3.004 |    2.977 | 
     |                                                    |      | n_93                                               |           |       |         |          | 
     | uu_dtpath/uu_exec/uu_alu/csa_tree_eq_29_30_groupi_ |  v   | uu_dtpath/uu_exec/uu_alu/csa_tree_eq_29_30_groupi_ | NOR2X4    | 0.000 |   3.004 |    2.978 | 
     | g643/B                                             |      | n_93                                               |           |       |         |          | 
     | uu_dtpath/uu_exec/uu_alu/csa_tree_eq_29_30_groupi_ |  ^   | uu_dtpath/uu_exec/uu_alu/csa_tree_eq_29_30_groupi_ | NOR2X4    | 0.106 |   3.110 |    3.083 | 
     | g643/Y                                             |      | n_124                                              |           |       |         |          | 
     | uu_dtpath/uu_exec/uu_alu/csa_tree_eq_29_30_groupi_ |  ^   | uu_dtpath/uu_exec/uu_alu/csa_tree_eq_29_30_groupi_ | NAND2X6   | 0.000 |   3.110 |    3.083 | 
     | g641/B                                             |      | n_124                                              |           |       |         |          | 
     | uu_dtpath/uu_exec/uu_alu/csa_tree_eq_29_30_groupi_ |  v   | uu_dtpath/uu_exec/uu_alu/csa_tree_eq_29_30_groupi_ | NAND2X6   | 0.082 |   3.192 |    3.166 | 
     | g641/Y                                             |      | n_126                                              |           |       |         |          | 
     | uu_dtpath/uu_exec/uu_alu/csa_tree_eq_29_30_groupi_ |  v   | uu_dtpath/uu_exec/uu_alu/csa_tree_eq_29_30_groupi_ | NOR2X6    | 0.000 |   3.192 |    3.166 | 
     | g638/A                                             |      | n_126                                              |           |       |         |          | 
     | uu_dtpath/uu_exec/uu_alu/csa_tree_eq_29_30_groupi_ |  ^   | uu_dtpath/uu_exec/uu_alu/csa_tree_eq_29_30_groupi_ | NOR2X6    | 0.080 |   3.272 |    3.246 | 
     | g638/Y                                             |      | n_129                                              |           |       |         |          | 
     | uu_dtpath/uu_exec/uu_alu/csa_tree_eq_29_30_groupi_ |  ^   | uu_dtpath/uu_exec/uu_alu/csa_tree_eq_29_30_groupi_ | NAND2X8   | 0.000 |   3.272 |    3.246 | 
     | g637/B                                             |      | n_129                                              |           |       |         |          | 
     | uu_dtpath/uu_exec/uu_alu/csa_tree_eq_29_30_groupi_ |  v   | uu_dtpath/uu_exec/uu_alu/csa_tree_eq_29_30_groupi_ | NAND2X8   | 0.068 |   3.340 |    3.314 | 
     | g637/Y                                             |      | n_130                                              |           |       |         |          | 
     | uu_dtpath/uu_exec/uu_alu/csa_tree_eq_29_30_groupi_ |  v   | uu_dtpath/uu_exec/uu_alu/csa_tree_eq_29_30_groupi_ | NOR2X6    | 0.000 |   3.340 |    3.314 | 
     | g634/A                                             |      | n_130                                              |           |       |         |          | 
     | uu_dtpath/uu_exec/uu_alu/csa_tree_eq_29_30_groupi_ |  ^   | uu_dtpath/uu_exec/zero_w                           | NOR2X6    | 0.069 |   3.409 |    3.383 | 
     | g634/Y                                             |      |                                                    |           |       |         |          | 
     | uu_dtpath/uu_exec/FE_RC_5_0/A1                     |  ^   | uu_dtpath/uu_exec/zero_w                           | OAI21X2   | 0.000 |   3.409 |    3.383 | 
     | uu_dtpath/uu_exec/FE_RC_5_0/Y                      |  v   | uu_dtpath/uu_exec/n_1                              | OAI21X2   | 0.096 |   3.505 |    3.479 | 
     | uu_dtpath/uu_exec/g3928/B                          |  v   | uu_dtpath/uu_exec/n_1                              | NAND2X4   | 0.000 |   3.505 |    3.479 | 
     | uu_dtpath/uu_exec/g3928/Y                          |  ^   | uu_dtpath/uu_exec/n_2                              | NAND2X4   | 0.069 |   3.574 |    3.548 | 
     | uu_dtpath/uu_exec/g3927/B                          |  ^   | uu_dtpath/uu_exec/n_2                              | NAND2X6   | 0.000 |   3.574 |    3.548 | 
     | uu_dtpath/uu_exec/g3927/Y                          |  v   | uu_dtpath/pc_src                                   | NAND2X6   | 0.072 |   3.646 |    3.620 | 
     | uu_dtpath/uu_fetch/g6098/A                         |  v   | uu_dtpath/pc_src                                   | INVX3     | 0.000 |   3.646 |    3.620 | 
     | uu_dtpath/uu_fetch/g6098/Y                         |  ^   | uu_dtpath/uu_fetch/n_95                            | INVX3     | 0.064 |   3.711 |    3.684 | 
     | uu_dtpath/uu_fetch/g6255/B                         |  ^   | uu_dtpath/uu_fetch/n_95                            | CLKAND2X3 | 0.000 |   3.711 |    3.684 | 
     | uu_dtpath/uu_fetch/g6255/Y                         |  ^   | uu_dtpath/uu_fetch/n_0                             | CLKAND2X3 | 0.128 |   3.838 |    3.812 | 
     | uu_dtpath/uu_fetch/FE_OFC734_n_0/A                 |  ^   | uu_dtpath/uu_fetch/n_0                             | CLKINVX20 | 0.000 |   3.839 |    3.812 | 
     | uu_dtpath/uu_fetch/FE_OFC734_n_0/Y                 |  v   | uu_dtpath/uu_fetch/FE_OFN450_FE_DBTN0_n_0          | CLKINVX20 | 0.112 |   3.950 |    3.924 | 
     | uu_dtpath/uu_fetch/g5925/B1                        |  v   | uu_dtpath/uu_fetch/FE_OFN450_FE_DBTN0_n_0          | OAI2BB2XL | 0.002 |   3.952 |    3.926 | 
     | uu_dtpath/uu_fetch/g5925/Y                         |  ^   | uu_dtpath/uu_fetch/n_238                           | OAI2BB2XL | 0.157 |   4.109 |    4.083 | 
     | uu_dtpath/uu_fetch/pc_fd_ff_reg[1]/D               |  ^   | uu_dtpath/uu_fetch/n_238                           | DFFRHQX1  | 0.000 |   4.109 |    4.083 | 
     +---------------------------------------------------------------------------------------------------------------------------------------------------------+ 
     Clock Rise Edge                      0.000
     + Source Insertion Delay            -0.609
     = Beginpoint Arrival Time           -0.609
     Other End Path:
     +--------------------------------------------------------------------------------------------------------------------+ 
     |                   Pin                    | Edge |           Net            |   Cell   | Delay | Arrival | Required | 
     |                                          |      |                          |          |       |  Time   |   Time   | 
     |------------------------------------------+------+--------------------------+----------+-------+---------+----------| 
     | clk                                      |  ^   | clk                      |          |       |  -0.609 |   -0.582 | 
     | uu_dtpath/CTS_ccl_a_buf_00308/A          |  ^   | clk                      | CLKBUFX3 | 0.001 |  -0.607 |   -0.581 | 
     | uu_dtpath/CTS_ccl_a_buf_00308/Y          |  ^   | uu_dtpath/CTS_113        | CLKBUFX3 | 0.074 |  -0.534 |   -0.507 | 
     | uu_dtpath/CTS_ccl_a_buf_00304/A          |  ^   | uu_dtpath/CTS_113        | CLKBUFX4 | 0.000 |  -0.534 |   -0.507 | 
     | uu_dtpath/CTS_ccl_a_buf_00304/Y          |  ^   | uu_dtpath/CTS_112        | CLKBUFX4 | 0.102 |  -0.431 |   -0.405 | 
     | uu_dtpath/CTS_ccl_a_buf_00291/A          |  ^   | uu_dtpath/CTS_112        | CLKBUFX4 | 0.000 |  -0.431 |   -0.405 | 
     | uu_dtpath/CTS_ccl_a_buf_00291/Y          |  ^   | uu_dtpath/CTS_108        | CLKBUFX4 | 0.100 |  -0.331 |   -0.305 | 
     | uu_dtpath/CTS_ccl_a_buf_00256/A          |  ^   | uu_dtpath/CTS_108        | BUFX2    | 0.000 |  -0.331 |   -0.304 | 
     | uu_dtpath/CTS_ccl_a_buf_00256/Y          |  ^   | uu_dtpath/CTS_99         | BUFX2    | 0.100 |  -0.231 |   -0.205 | 
     | uu_dtpath/CTS_ccl_a_buf_00204/A          |  ^   | uu_dtpath/CTS_99         | CLKBUFX3 | 0.000 |  -0.231 |   -0.205 | 
     | uu_dtpath/CTS_ccl_a_buf_00204/Y          |  ^   | uu_dtpath/CTS_93         | CLKBUFX3 | 0.095 |  -0.136 |   -0.110 | 
     | uu_dtpath/uu_fetch/CTS_ccl_a_buf_00065/A |  ^   | uu_dtpath/CTS_93         | CLKBUFX3 | 0.000 |  -0.136 |   -0.110 | 
     | uu_dtpath/uu_fetch/CTS_ccl_a_buf_00065/Y |  ^   | uu_dtpath/uu_fetch/CTS_3 | CLKBUFX3 | 0.094 |  -0.042 |   -0.015 | 
     | uu_dtpath/uu_fetch/pc_fd_ff_reg[1]/CK    |  ^   | uu_dtpath/uu_fetch/CTS_3 | DFFRHQX1 | 0.000 |  -0.042 |   -0.015 | 
     +--------------------------------------------------------------------------------------------------------------------+ 
Path 11: VIOLATED Setup Check with Pin uu_dtpath/uu_dec/o_pc_reg[9]/CK 
Endpoint:   uu_dtpath/uu_dec/o_pc_reg[9]/D        (^) checked with  leading 
edge of 'clk'
Beginpoint: uu_dtpath/uu_mem/o_resultSrc_reg[1]/Q (v) triggered by  leading 
edge of 'clk'
Path Groups: {clk}
Analysis View: setup
Other End Arrival Time         -0.027
- Setup                         0.140
+ Phase Shift                   4.400
- Uncertainty                   0.100
= Required Time                 4.133
- Arrival Time                  4.158
= Slack Time                   -0.025
     Clock Rise Edge                      0.000
     + Source Insertion Delay            -0.609
     = Beginpoint Arrival Time           -0.609
     Timing Path:
     +---------------------------------------------------------------------------------------------------------------------------------------------------------+ 
     |                        Pin                         | Edge |                        Net                         |   Cell    | Delay | Arrival | Required | 
     |                                                    |      |                                                    |           |       |  Time   |   Time   | 
     |----------------------------------------------------+------+----------------------------------------------------+-----------+-------+---------+----------| 
     | clk                                                |  ^   | clk                                                |           |       |  -0.609 |   -0.634 | 
     | uu_dtpath/CTS_ccl_a_buf_00307/A                    |  ^   | clk                                                | CLKBUFX4  | 0.001 |  -0.607 |   -0.633 | 
     | uu_dtpath/CTS_ccl_a_buf_00307/Y                    |  ^   | uu_dtpath/CTS_56                                   | CLKBUFX4  | 0.086 |  -0.521 |   -0.546 | 
     | uu_dtpath/CTS_ccl_a_buf_00290/A                    |  ^   | uu_dtpath/CTS_56                                   | CLKBUFX4  | 0.000 |  -0.521 |   -0.546 | 
     | uu_dtpath/CTS_ccl_a_buf_00290/Y                    |  ^   | uu_dtpath/CTS_55                                   | CLKBUFX4  | 0.101 |  -0.420 |   -0.445 | 
     | uu_dtpath/CTS_ccl_a_buf_00274/A                    |  ^   | uu_dtpath/CTS_55                                   | CLKBUFX3  | 0.000 |  -0.420 |   -0.445 | 
     | uu_dtpath/CTS_ccl_a_buf_00274/Y                    |  ^   | uu_dtpath/CTS_42                                   | CLKBUFX3  | 0.090 |  -0.329 |   -0.355 | 
     | uu_dtpath/CTS_ccl_a_buf_00253/A                    |  ^   | uu_dtpath/CTS_42                                   | CLKBUFX3  | 0.000 |  -0.329 |   -0.354 | 
     | uu_dtpath/CTS_ccl_a_buf_00253/Y                    |  ^   | uu_dtpath/CTS_40                                   | CLKBUFX3  | 0.090 |  -0.240 |   -0.265 | 
     | uu_dtpath/CTS_ccl_a_buf_00207/A                    |  ^   | uu_dtpath/CTS_40                                   | CLKBUFX3  | 0.000 |  -0.239 |   -0.265 | 
     | uu_dtpath/CTS_ccl_a_buf_00207/Y                    |  ^   | uu_dtpath/CTS_38                                   | CLKBUFX3  | 0.089 |  -0.150 |   -0.176 | 
     | uu_dtpath/CTS_ccl_a_buf_00034/A                    |  ^   | uu_dtpath/CTS_38                                   | CLKBUFX4  | 0.000 |  -0.150 |   -0.176 | 
     | uu_dtpath/CTS_ccl_a_buf_00034/Y                    |  ^   | uu_dtpath/CTS_32                                   | CLKBUFX4  | 0.102 |  -0.049 |   -0.074 | 
     | uu_dtpath/uu_mem/o_resultSrc_reg[1]/CK             |  ^   | uu_dtpath/CTS_32                                   | DFFRHQX4  | 0.000 |  -0.049 |   -0.074 | 
     | uu_dtpath/uu_mem/o_resultSrc_reg[1]/Q              |  v   | uu_dtpath/resultSrc_mw[1]                          | DFFRHQX4  | 0.277 |   0.228 |    0.203 | 
     | uu_dtpath/uu_wb/g1420/B                            |  v   | uu_dtpath/resultSrc_mw[1]                          | NOR2X6    | 0.000 |   0.229 |    0.203 | 
     | uu_dtpath/uu_wb/g1420/Y                            |  ^   | uu_dtpath/uu_wb/n_2                                | NOR2X6    | 0.125 |   0.354 |    0.329 | 
     | uu_dtpath/uu_wb/FE_OFC699_n_2/A                    |  ^   | uu_dtpath/uu_wb/n_2                                | BUFX3     | 0.000 |   0.354 |    0.329 | 
     | uu_dtpath/uu_wb/FE_OFC699_n_2/Y                    |  ^   | uu_dtpath/uu_wb/n_25                               | BUFX3     | 0.201 |   0.556 |    0.530 | 
     | uu_dtpath/uu_wb/g1441/A1                           |  ^   | uu_dtpath/uu_wb/n_25                               | AOI22X2   | 0.001 |   0.556 |    0.531 | 
     | uu_dtpath/uu_wb/g1441/Y                            |  v   | uu_dtpath/uu_wb/n_267                              | AOI22X2   | 0.159 |   0.715 |    0.689 | 
     | uu_dtpath/uu_wb/g1293/B                            |  v   | uu_dtpath/uu_wb/n_267                              | NAND2X1   | 0.000 |   0.715 |    0.689 | 
     | uu_dtpath/uu_wb/g1293/Y                            |  ^   | uu_dtpath/wr_dt_reg[4]                             | NAND2X1   | 0.098 |   0.813 |    0.787 | 
     | uu_dtpath/FE_OFC945_wr_dt_reg_4/A                  |  ^   | uu_dtpath/wr_dt_reg[4]                             | CLKBUFX6  | 0.000 |   0.813 |    0.787 | 
     | uu_dtpath/FE_OFC945_wr_dt_reg_4/Y                  |  ^   | uu_dtpath/FE_OFN233_wr_dt_reg_4                    | CLKBUFX6  | 0.156 |   0.969 |    0.943 | 
     | uu_dtpath/uu_exec/g5895/A                          |  ^   | uu_dtpath/FE_OFN233_wr_dt_reg_4                    | NAND2X4   | 0.000 |   0.969 |    0.943 | 
     | uu_dtpath/uu_exec/g5895/Y                          |  v   | uu_dtpath/uu_exec/n_150                            | NAND2X4   | 0.126 |   1.095 |    1.069 | 
     | uu_dtpath/uu_exec/g5653/A                          |  v   | uu_dtpath/uu_exec/n_150                            | NAND2X6   | 0.000 |   1.095 |    1.069 | 
     | uu_dtpath/uu_exec/g5653/Y                          |  ^   | uu_dtpath/uu_exec/n_350                            | NAND2X6   | 0.060 |   1.154 |    1.129 | 
     | uu_dtpath/uu_exec/g5567/A1                         |  ^   | uu_dtpath/uu_exec/n_350                            | AOI21X2   | 0.000 |   1.155 |    1.129 | 
     | uu_dtpath/uu_exec/g5567/Y                          |  v   | uu_dtpath/uu_exec/n_344                            | AOI21X2   | 0.131 |   1.286 |    1.260 | 
     | uu_dtpath/uu_exec/FE_OFC301_n_344/A                |  v   | uu_dtpath/uu_exec/n_344                            | BUFX12    | 0.000 |   1.286 |    1.260 | 
     | uu_dtpath/uu_exec/FE_OFC301_n_344/Y                |  v   | uu_dtpath/uu_exec/FE_OFN320_n_344                  | BUFX12    | 0.210 |   1.495 |    1.470 | 
     | uu_dtpath/uu_exec/g5565/A                          |  v   | uu_dtpath/uu_exec/FE_OFN320_n_344                  | CLKINVX20 | 0.004 |   1.499 |    1.474 | 
     | uu_dtpath/uu_exec/g5565/Y                          |  ^   | uu_dtpath/uu_exec/alu_srcB_w[4]                    | CLKINVX20 | 0.126 |   1.625 |    1.599 | 
     | uu_dtpath/uu_exec/uu_alu/sll_22_38_g3849/B         |  ^   | uu_dtpath/uu_exec/alu_srcB_w[4]                    | NOR2X6    | 0.002 |   1.627 |    1.602 | 
     | uu_dtpath/uu_exec/uu_alu/sll_22_38_g3849/Y         |  v   | uu_dtpath/uu_exec/uu_alu/sll_22_38_n_79            | NOR2X6    | 0.081 |   1.708 |    1.682 | 
     | uu_dtpath/uu_exec/uu_alu/sll_22_38_g3770/B         |  v   | uu_dtpath/uu_exec/uu_alu/sll_22_38_n_79            | CLKAND2X3 | 0.000 |   1.708 |    1.682 | 
     | uu_dtpath/uu_exec/uu_alu/sll_22_38_g3770/Y         |  v   | uu_dtpath/uu_exec/uu_alu/sll_22_38_n_133           | CLKAND2X3 | 0.101 |   1.809 |    1.783 | 
     | uu_dtpath/uu_exec/uu_alu/FE_OFC772_sll_22_38_n_133 |  v   | uu_dtpath/uu_exec/uu_alu/sll_22_38_n_133           | INVX1     | 0.000 |   1.809 |    1.783 | 
     | /A                                                 |      |                                                    |           |       |         |          | 
     | uu_dtpath/uu_exec/uu_alu/FE_OFC772_sll_22_38_n_133 |  ^   | uu_dtpath/uu_exec/uu_alu/sll_22_38_n_30            | INVX1     | 0.049 |   1.858 |    1.833 | 
     | /Y                                                 |      |                                                    |           |       |         |          | 
     | uu_dtpath/uu_exec/uu_alu/sll_22_38_g3733/B         |  ^   | uu_dtpath/uu_exec/uu_alu/sll_22_38_n_30            | NOR2X4    | 0.000 |   1.858 |    1.833 | 
     | uu_dtpath/uu_exec/uu_alu/sll_22_38_g3733/Y         |  v   | uu_dtpath/uu_exec/uu_alu/sll_22_38_n_172           | NOR2X4    | 0.050 |   1.908 |    1.883 | 
     | uu_dtpath/uu_exec/uu_alu/sll_22_38_g3674/A1        |  v   | uu_dtpath/uu_exec/uu_alu/sll_22_38_n_172           | AOI22X2   | 0.000 |   1.908 |    1.883 | 
     | uu_dtpath/uu_exec/uu_alu/sll_22_38_g3674/Y         |  ^   | uu_dtpath/uu_exec/uu_alu/sll_22_38_n_215           | AOI22X2   | 0.103 |   2.011 |    1.985 | 
     | uu_dtpath/uu_exec/uu_alu/sll_22_38_g3619/B         |  ^   | uu_dtpath/uu_exec/uu_alu/sll_22_38_n_215           | NAND2X1   | 0.000 |   2.011 |    1.985 | 
     | uu_dtpath/uu_exec/uu_alu/sll_22_38_g3619/Y         |  v   | uu_dtpath/uu_exec/uu_alu/sll_22_38_n_263           | NAND2X1   | 0.142 |   2.153 |    2.127 | 
     | uu_dtpath/uu_exec/uu_alu/sll_22_38_g3560/B0        |  v   | uu_dtpath/uu_exec/uu_alu/sll_22_38_n_263           | AOI2BB1X1 | 0.000 |   2.153 |    2.127 | 
     | uu_dtpath/uu_exec/uu_alu/sll_22_38_g3560/Y         |  ^   | uu_dtpath/uu_exec/uu_alu/sll_22_38_n_319           | AOI2BB1X1 | 0.155 |   2.308 |    2.282 | 
     | uu_dtpath/uu_exec/uu_alu/sll_22_38_g3539/B0        |  ^   | uu_dtpath/uu_exec/uu_alu/sll_22_38_n_319           | OAI21X4   | 0.000 |   2.308 |    2.282 | 
     | uu_dtpath/uu_exec/uu_alu/sll_22_38_g3539/Y         |  v   | uu_dtpath/uu_exec/uu_alu/n_639                     | OAI21X4   | 0.116 |   2.424 |    2.398 | 
     | uu_dtpath/uu_exec/uu_alu/g6504/B                   |  v   | uu_dtpath/uu_exec/uu_alu/n_639                     | NAND2BX4  | 0.000 |   2.424 |    2.398 | 
     | uu_dtpath/uu_exec/uu_alu/g6504/Y                   |  ^   | uu_dtpath/uu_exec/uu_alu/n_71                      | NAND2BX4  | 0.064 |   2.488 |    2.463 | 
     | uu_dtpath/uu_exec/uu_alu/g6095/B                   |  ^   | uu_dtpath/uu_exec/uu_alu/n_71                      | NAND2X2   | 0.000 |   2.488 |    2.463 | 
     | uu_dtpath/uu_exec/uu_alu/g6095/Y                   |  v   | uu_dtpath/uu_exec/uu_alu/n_544                     | NAND2X2   | 0.098 |   2.586 |    2.560 | 
     | uu_dtpath/uu_exec/uu_alu/csa_tree_eq_29_30_groupi_ |  v   | uu_dtpath/uu_exec/uu_alu/n_544                     | CLKXOR2X1 | 0.000 |   2.586 |    2.560 | 
     | g707/B                                             |      |                                                    |           |       |         |          | 
     | uu_dtpath/uu_exec/uu_alu/csa_tree_eq_29_30_groupi_ |  ^   | uu_dtpath/uu_exec/uu_alu/csa_tree_eq_29_30_groupi_ | CLKXOR2X1 | 0.170 |   2.756 |    2.731 | 
     | g707/Y                                             |      | n_65                                               |           |       |         |          | 
     | uu_dtpath/uu_exec/uu_alu/FE_RC_8_0/A               |  ^   | uu_dtpath/uu_exec/uu_alu/csa_tree_eq_29_30_groupi_ | XNOR2X1   | 0.000 |   2.756 |    2.731 | 
     |                                                    |      | n_65                                               |           |       |         |          | 
     | uu_dtpath/uu_exec/uu_alu/FE_RC_8_0/Y               |  v   | uu_dtpath/uu_exec/uu_alu/csa_tree_eq_29_30_groupi_ | XNOR2X1   | 0.248 |   3.004 |    2.978 | 
     |                                                    |      | n_93                                               |           |       |         |          | 
     | uu_dtpath/uu_exec/uu_alu/csa_tree_eq_29_30_groupi_ |  v   | uu_dtpath/uu_exec/uu_alu/csa_tree_eq_29_30_groupi_ | NOR2X4    | 0.000 |   3.004 |    2.979 | 
     | g643/B                                             |      | n_93                                               |           |       |         |          | 
     | uu_dtpath/uu_exec/uu_alu/csa_tree_eq_29_30_groupi_ |  ^   | uu_dtpath/uu_exec/uu_alu/csa_tree_eq_29_30_groupi_ | NOR2X4    | 0.106 |   3.110 |    3.084 | 
     | g643/Y                                             |      | n_124                                              |           |       |         |          | 
     | uu_dtpath/uu_exec/uu_alu/csa_tree_eq_29_30_groupi_ |  ^   | uu_dtpath/uu_exec/uu_alu/csa_tree_eq_29_30_groupi_ | NAND2X6   | 0.000 |   3.110 |    3.084 | 
     | g641/B                                             |      | n_124                                              |           |       |         |          | 
     | uu_dtpath/uu_exec/uu_alu/csa_tree_eq_29_30_groupi_ |  v   | uu_dtpath/uu_exec/uu_alu/csa_tree_eq_29_30_groupi_ | NAND2X6   | 0.082 |   3.192 |    3.167 | 
     | g641/Y                                             |      | n_126                                              |           |       |         |          | 
     | uu_dtpath/uu_exec/uu_alu/csa_tree_eq_29_30_groupi_ |  v   | uu_dtpath/uu_exec/uu_alu/csa_tree_eq_29_30_groupi_ | NOR2X6    | 0.000 |   3.192 |    3.167 | 
     | g638/A                                             |      | n_126                                              |           |       |         |          | 
     | uu_dtpath/uu_exec/uu_alu/csa_tree_eq_29_30_groupi_ |  ^   | uu_dtpath/uu_exec/uu_alu/csa_tree_eq_29_30_groupi_ | NOR2X6    | 0.080 |   3.272 |    3.247 | 
     | g638/Y                                             |      | n_129                                              |           |       |         |          | 
     | uu_dtpath/uu_exec/uu_alu/csa_tree_eq_29_30_groupi_ |  ^   | uu_dtpath/uu_exec/uu_alu/csa_tree_eq_29_30_groupi_ | NAND2X8   | 0.000 |   3.272 |    3.247 | 
     | g637/B                                             |      | n_129                                              |           |       |         |          | 
     | uu_dtpath/uu_exec/uu_alu/csa_tree_eq_29_30_groupi_ |  v   | uu_dtpath/uu_exec/uu_alu/csa_tree_eq_29_30_groupi_ | NAND2X8   | 0.068 |   3.340 |    3.315 | 
     | g637/Y                                             |      | n_130                                              |           |       |         |          | 
     | uu_dtpath/uu_exec/uu_alu/csa_tree_eq_29_30_groupi_ |  v   | uu_dtpath/uu_exec/uu_alu/csa_tree_eq_29_30_groupi_ | NOR2X6    | 0.000 |   3.340 |    3.315 | 
     | g634/A                                             |      | n_130                                              |           |       |         |          | 
     | uu_dtpath/uu_exec/uu_alu/csa_tree_eq_29_30_groupi_ |  ^   | uu_dtpath/uu_exec/zero_w                           | NOR2X6    | 0.069 |   3.409 |    3.384 | 
     | g634/Y                                             |      |                                                    |           |       |         |          | 
     | uu_dtpath/uu_exec/FE_RC_5_0/A1                     |  ^   | uu_dtpath/uu_exec/zero_w                           | OAI21X2   | 0.000 |   3.409 |    3.384 | 
     | uu_dtpath/uu_exec/FE_RC_5_0/Y                      |  v   | uu_dtpath/uu_exec/n_1                              | OAI21X2   | 0.096 |   3.505 |    3.480 | 
     | uu_dtpath/uu_exec/g3928/B                          |  v   | uu_dtpath/uu_exec/n_1                              | NAND2X4   | 0.000 |   3.505 |    3.480 | 
     | uu_dtpath/uu_exec/g3928/Y                          |  ^   | uu_dtpath/uu_exec/n_2                              | NAND2X4   | 0.069 |   3.574 |    3.549 | 
     | uu_dtpath/uu_exec/g3927/B                          |  ^   | uu_dtpath/uu_exec/n_2                              | NAND2X6   | 0.000 |   3.574 |    3.549 | 
     | uu_dtpath/uu_exec/g3927/Y                          |  v   | uu_dtpath/pc_src                                   | NAND2X6   | 0.072 |   3.646 |    3.621 | 
     | uu_dtpath/g810/B                                   |  v   | uu_dtpath/pc_src                                   | OR2X4     | 0.000 |   3.646 |    3.621 | 
     | uu_dtpath/g810/Y                                   |  v   | uu_dtpath/flush_de                                 | OR2X4     | 0.202 |   3.848 |    3.823 | 
     | uu_dtpath/uu_dec/FE_OFC737_flush_de/A              |  v   | uu_dtpath/flush_de                                 | CLKINVX4  | 0.000 |   3.848 |    3.823 | 
     | uu_dtpath/uu_dec/FE_OFC737_flush_de/Y              |  ^   | uu_dtpath/uu_dec/FE_OFN438_flush_de                | CLKINVX4  | 0.083 |   3.931 |    3.906 | 
     | uu_dtpath/uu_dec/FE_OFC740_flush_de/A              |  ^   | uu_dtpath/uu_dec/FE_OFN438_flush_de                | CLKINVX20 | 0.000 |   3.931 |    3.906 | 
     | uu_dtpath/uu_dec/FE_OFC740_flush_de/Y              |  v   | uu_dtpath/uu_dec/FE_OFN440_flush_de                | CLKINVX20 | 0.100 |   4.031 |    4.006 | 
     | uu_dtpath/uu_dec/g1820/B                           |  v   | uu_dtpath/uu_dec/FE_OFN440_flush_de                | NOR2BX1   | 0.006 |   4.038 |    4.012 | 
     | uu_dtpath/uu_dec/g1820/Y                           |  ^   | uu_dtpath/uu_dec/n_12                              | NOR2BX1   | 0.120 |   4.158 |    4.133 | 
     | uu_dtpath/uu_dec/o_pc_reg[9]/D                     |  ^   | uu_dtpath/uu_dec/n_12                              | DFFRHQX1  | 0.000 |   4.158 |    4.133 | 
     +---------------------------------------------------------------------------------------------------------------------------------------------------------+ 
     Clock Rise Edge                      0.000
     + Source Insertion Delay            -0.609
     = Beginpoint Arrival Time           -0.609
     Other End Path:
     +----------------------------------------------------------------------------------------------------+ 
     |               Pin               | Edge |        Net        |   Cell   | Delay | Arrival | Required | 
     |                                 |      |                   |          |       |  Time   |   Time   | 
     |---------------------------------+------+-------------------+----------+-------+---------+----------| 
     | clk                             |  ^   | clk               |          |       |  -0.609 |   -0.583 | 
     | uu_dtpath/CTS_ccl_a_buf_00308/A |  ^   | clk               | CLKBUFX3 | 0.001 |  -0.607 |   -0.582 | 
     | uu_dtpath/CTS_ccl_a_buf_00308/Y |  ^   | uu_dtpath/CTS_113 | CLKBUFX3 | 0.074 |  -0.534 |   -0.508 | 
     | uu_dtpath/CTS_ccl_a_buf_00304/A |  ^   | uu_dtpath/CTS_113 | CLKBUFX4 | 0.000 |  -0.534 |   -0.508 | 
     | uu_dtpath/CTS_ccl_a_buf_00304/Y |  ^   | uu_dtpath/CTS_112 | CLKBUFX4 | 0.102 |  -0.431 |   -0.406 | 
     | uu_dtpath/CTS_ccl_a_buf_00288/A |  ^   | uu_dtpath/CTS_112 | CLKBUFX4 | 0.000 |  -0.431 |   -0.406 | 
     | uu_dtpath/CTS_ccl_a_buf_00288/Y |  ^   | uu_dtpath/CTS_89  | CLKBUFX4 | 0.106 |  -0.325 |   -0.300 | 
     | uu_dtpath/CTS_ccl_a_buf_00250/A |  ^   | uu_dtpath/CTS_89  | CLKBUFX4 | 0.000 |  -0.325 |   -0.300 | 
     | uu_dtpath/CTS_ccl_a_buf_00250/Y |  ^   | uu_dtpath/CTS_72  | CLKBUFX4 | 0.103 |  -0.222 |   -0.196 | 
     | uu_dtpath/CTS_ccl_a_buf_00196/A |  ^   | uu_dtpath/CTS_72  | CLKBUFX3 | 0.000 |  -0.222 |   -0.196 | 
     | uu_dtpath/CTS_ccl_a_buf_00196/Y |  ^   | uu_dtpath/CTS_62  | CLKBUFX3 | 0.091 |  -0.130 |   -0.105 | 
     | uu_dtpath/CTS_ccl_a_buf_00010/A |  ^   | uu_dtpath/CTS_62  | CLKBUFX4 | 0.000 |  -0.130 |   -0.105 | 
     | uu_dtpath/CTS_ccl_a_buf_00010/Y |  ^   | uu_dtpath/CTS_57  | CLKBUFX4 | 0.103 |  -0.027 |   -0.002 | 
     | uu_dtpath/uu_dec/o_pc_reg[9]/CK |  ^   | uu_dtpath/CTS_57  | DFFRHQX1 | 0.000 |  -0.027 |   -0.002 | 
     +----------------------------------------------------------------------------------------------------+ 
Path 12: VIOLATED Setup Check with Pin uu_dtpath/uu_dec/o_pc_plus4_reg[13]/CK 
Endpoint:   uu_dtpath/uu_dec/o_pc_plus4_reg[13]/D (^) checked with  leading 
edge of 'clk'
Beginpoint: uu_dtpath/uu_mem/o_resultSrc_reg[1]/Q (v) triggered by  leading 
edge of 'clk'
Path Groups: {clk}
Analysis View: setup
Other End Arrival Time         -0.017
- Setup                         0.145
+ Phase Shift                   4.400
- Uncertainty                   0.100
= Required Time                 4.138
- Arrival Time                  4.163
= Slack Time                   -0.025
     Clock Rise Edge                      0.000
     + Source Insertion Delay            -0.609
     = Beginpoint Arrival Time           -0.609
     Timing Path:
     +---------------------------------------------------------------------------------------------------------------------------------------------------------+ 
     |                        Pin                         | Edge |                        Net                         |   Cell    | Delay | Arrival | Required | 
     |                                                    |      |                                                    |           |       |  Time   |   Time   | 
     |----------------------------------------------------+------+----------------------------------------------------+-----------+-------+---------+----------| 
     | clk                                                |  ^   | clk                                                |           |       |  -0.609 |   -0.634 | 
     | uu_dtpath/CTS_ccl_a_buf_00307/A                    |  ^   | clk                                                | CLKBUFX4  | 0.001 |  -0.607 |   -0.633 | 
     | uu_dtpath/CTS_ccl_a_buf_00307/Y                    |  ^   | uu_dtpath/CTS_56                                   | CLKBUFX4  | 0.086 |  -0.521 |   -0.546 | 
     | uu_dtpath/CTS_ccl_a_buf_00290/A                    |  ^   | uu_dtpath/CTS_56                                   | CLKBUFX4  | 0.000 |  -0.521 |   -0.546 | 
     | uu_dtpath/CTS_ccl_a_buf_00290/Y                    |  ^   | uu_dtpath/CTS_55                                   | CLKBUFX4  | 0.101 |  -0.420 |   -0.445 | 
     | uu_dtpath/CTS_ccl_a_buf_00274/A                    |  ^   | uu_dtpath/CTS_55                                   | CLKBUFX3  | 0.000 |  -0.420 |   -0.445 | 
     | uu_dtpath/CTS_ccl_a_buf_00274/Y                    |  ^   | uu_dtpath/CTS_42                                   | CLKBUFX3  | 0.090 |  -0.329 |   -0.354 | 
     | uu_dtpath/CTS_ccl_a_buf_00253/A                    |  ^   | uu_dtpath/CTS_42                                   | CLKBUFX3  | 0.000 |  -0.329 |   -0.354 | 
     | uu_dtpath/CTS_ccl_a_buf_00253/Y                    |  ^   | uu_dtpath/CTS_40                                   | CLKBUFX3  | 0.090 |  -0.240 |   -0.265 | 
     | uu_dtpath/CTS_ccl_a_buf_00207/A                    |  ^   | uu_dtpath/CTS_40                                   | CLKBUFX3  | 0.000 |  -0.239 |   -0.265 | 
     | uu_dtpath/CTS_ccl_a_buf_00207/Y                    |  ^   | uu_dtpath/CTS_38                                   | CLKBUFX3  | 0.089 |  -0.150 |   -0.176 | 
     | uu_dtpath/CTS_ccl_a_buf_00034/A                    |  ^   | uu_dtpath/CTS_38                                   | CLKBUFX4  | 0.000 |  -0.150 |   -0.176 | 
     | uu_dtpath/CTS_ccl_a_buf_00034/Y                    |  ^   | uu_dtpath/CTS_32                                   | CLKBUFX4  | 0.102 |  -0.049 |   -0.074 | 
     | uu_dtpath/uu_mem/o_resultSrc_reg[1]/CK             |  ^   | uu_dtpath/CTS_32                                   | DFFRHQX4  | 0.000 |  -0.049 |   -0.074 | 
     | uu_dtpath/uu_mem/o_resultSrc_reg[1]/Q              |  v   | uu_dtpath/resultSrc_mw[1]                          | DFFRHQX4  | 0.277 |   0.228 |    0.203 | 
     | uu_dtpath/uu_wb/g1420/B                            |  v   | uu_dtpath/resultSrc_mw[1]                          | NOR2X6    | 0.000 |   0.229 |    0.203 | 
     | uu_dtpath/uu_wb/g1420/Y                            |  ^   | uu_dtpath/uu_wb/n_2                                | NOR2X6    | 0.125 |   0.354 |    0.329 | 
     | uu_dtpath/uu_wb/FE_OFC699_n_2/A                    |  ^   | uu_dtpath/uu_wb/n_2                                | BUFX3     | 0.000 |   0.354 |    0.329 | 
     | uu_dtpath/uu_wb/FE_OFC699_n_2/Y                    |  ^   | uu_dtpath/uu_wb/n_25                               | BUFX3     | 0.201 |   0.556 |    0.530 | 
     | uu_dtpath/uu_wb/g1441/A1                           |  ^   | uu_dtpath/uu_wb/n_25                               | AOI22X2   | 0.001 |   0.556 |    0.531 | 
     | uu_dtpath/uu_wb/g1441/Y                            |  v   | uu_dtpath/uu_wb/n_267                              | AOI22X2   | 0.159 |   0.715 |    0.690 | 
     | uu_dtpath/uu_wb/g1293/B                            |  v   | uu_dtpath/uu_wb/n_267                              | NAND2X1   | 0.000 |   0.715 |    0.690 | 
     | uu_dtpath/uu_wb/g1293/Y                            |  ^   | uu_dtpath/wr_dt_reg[4]                             | NAND2X1   | 0.098 |   0.813 |    0.787 | 
     | uu_dtpath/FE_OFC945_wr_dt_reg_4/A                  |  ^   | uu_dtpath/wr_dt_reg[4]                             | CLKBUFX6  | 0.000 |   0.813 |    0.787 | 
     | uu_dtpath/FE_OFC945_wr_dt_reg_4/Y                  |  ^   | uu_dtpath/FE_OFN233_wr_dt_reg_4                    | CLKBUFX6  | 0.156 |   0.969 |    0.944 | 
     | uu_dtpath/uu_exec/g5895/A                          |  ^   | uu_dtpath/FE_OFN233_wr_dt_reg_4                    | NAND2X4   | 0.000 |   0.969 |    0.944 | 
     | uu_dtpath/uu_exec/g5895/Y                          |  v   | uu_dtpath/uu_exec/n_150                            | NAND2X4   | 0.126 |   1.095 |    1.070 | 
     | uu_dtpath/uu_exec/g5653/A                          |  v   | uu_dtpath/uu_exec/n_150                            | NAND2X6   | 0.000 |   1.095 |    1.070 | 
     | uu_dtpath/uu_exec/g5653/Y                          |  ^   | uu_dtpath/uu_exec/n_350                            | NAND2X6   | 0.060 |   1.154 |    1.129 | 
     | uu_dtpath/uu_exec/g5567/A1                         |  ^   | uu_dtpath/uu_exec/n_350                            | AOI21X2   | 0.000 |   1.155 |    1.129 | 
     | uu_dtpath/uu_exec/g5567/Y                          |  v   | uu_dtpath/uu_exec/n_344                            | AOI21X2   | 0.131 |   1.286 |    1.260 | 
     | uu_dtpath/uu_exec/FE_OFC301_n_344/A                |  v   | uu_dtpath/uu_exec/n_344                            | BUFX12    | 0.000 |   1.286 |    1.261 | 
     | uu_dtpath/uu_exec/FE_OFC301_n_344/Y                |  v   | uu_dtpath/uu_exec/FE_OFN320_n_344                  | BUFX12    | 0.210 |   1.495 |    1.470 | 
     | uu_dtpath/uu_exec/g5565/A                          |  v   | uu_dtpath/uu_exec/FE_OFN320_n_344                  | CLKINVX20 | 0.004 |   1.499 |    1.474 | 
     | uu_dtpath/uu_exec/g5565/Y                          |  ^   | uu_dtpath/uu_exec/alu_srcB_w[4]                    | CLKINVX20 | 0.126 |   1.625 |    1.600 | 
     | uu_dtpath/uu_exec/uu_alu/sll_22_38_g3849/B         |  ^   | uu_dtpath/uu_exec/alu_srcB_w[4]                    | NOR2X6    | 0.002 |   1.627 |    1.602 | 
     | uu_dtpath/uu_exec/uu_alu/sll_22_38_g3849/Y         |  v   | uu_dtpath/uu_exec/uu_alu/sll_22_38_n_79            | NOR2X6    | 0.081 |   1.708 |    1.683 | 
     | uu_dtpath/uu_exec/uu_alu/sll_22_38_g3770/B         |  v   | uu_dtpath/uu_exec/uu_alu/sll_22_38_n_79            | CLKAND2X3 | 0.000 |   1.708 |    1.683 | 
     | uu_dtpath/uu_exec/uu_alu/sll_22_38_g3770/Y         |  v   | uu_dtpath/uu_exec/uu_alu/sll_22_38_n_133           | CLKAND2X3 | 0.101 |   1.809 |    1.784 | 
     | uu_dtpath/uu_exec/uu_alu/FE_OFC772_sll_22_38_n_133 |  v   | uu_dtpath/uu_exec/uu_alu/sll_22_38_n_133           | INVX1     | 0.000 |   1.809 |    1.784 | 
     | /A                                                 |      |                                                    |           |       |         |          | 
     | uu_dtpath/uu_exec/uu_alu/FE_OFC772_sll_22_38_n_133 |  ^   | uu_dtpath/uu_exec/uu_alu/sll_22_38_n_30            | INVX1     | 0.049 |   1.858 |    1.833 | 
     | /Y                                                 |      |                                                    |           |       |         |          | 
     | uu_dtpath/uu_exec/uu_alu/sll_22_38_g3733/B         |  ^   | uu_dtpath/uu_exec/uu_alu/sll_22_38_n_30            | NOR2X4    | 0.000 |   1.858 |    1.833 | 
     | uu_dtpath/uu_exec/uu_alu/sll_22_38_g3733/Y         |  v   | uu_dtpath/uu_exec/uu_alu/sll_22_38_n_172           | NOR2X4    | 0.050 |   1.908 |    1.883 | 
     | uu_dtpath/uu_exec/uu_alu/sll_22_38_g3674/A1        |  v   | uu_dtpath/uu_exec/uu_alu/sll_22_38_n_172           | AOI22X2   | 0.000 |   1.908 |    1.883 | 
     | uu_dtpath/uu_exec/uu_alu/sll_22_38_g3674/Y         |  ^   | uu_dtpath/uu_exec/uu_alu/sll_22_38_n_215           | AOI22X2   | 0.103 |   2.011 |    1.986 | 
     | uu_dtpath/uu_exec/uu_alu/sll_22_38_g3619/B         |  ^   | uu_dtpath/uu_exec/uu_alu/sll_22_38_n_215           | NAND2X1   | 0.000 |   2.011 |    1.986 | 
     | uu_dtpath/uu_exec/uu_alu/sll_22_38_g3619/Y         |  v   | uu_dtpath/uu_exec/uu_alu/sll_22_38_n_263           | NAND2X1   | 0.142 |   2.153 |    2.127 | 
     | uu_dtpath/uu_exec/uu_alu/sll_22_38_g3560/B0        |  v   | uu_dtpath/uu_exec/uu_alu/sll_22_38_n_263           | AOI2BB1X1 | 0.000 |   2.153 |    2.127 | 
     | uu_dtpath/uu_exec/uu_alu/sll_22_38_g3560/Y         |  ^   | uu_dtpath/uu_exec/uu_alu/sll_22_38_n_319           | AOI2BB1X1 | 0.155 |   2.308 |    2.283 | 
     | uu_dtpath/uu_exec/uu_alu/sll_22_38_g3539/B0        |  ^   | uu_dtpath/uu_exec/uu_alu/sll_22_38_n_319           | OAI21X4   | 0.000 |   2.308 |    2.283 | 
     | uu_dtpath/uu_exec/uu_alu/sll_22_38_g3539/Y         |  v   | uu_dtpath/uu_exec/uu_alu/n_639                     | OAI21X4   | 0.116 |   2.424 |    2.399 | 
     | uu_dtpath/uu_exec/uu_alu/g6504/B                   |  v   | uu_dtpath/uu_exec/uu_alu/n_639                     | NAND2BX4  | 0.000 |   2.424 |    2.399 | 
     | uu_dtpath/uu_exec/uu_alu/g6504/Y                   |  ^   | uu_dtpath/uu_exec/uu_alu/n_71                      | NAND2BX4  | 0.064 |   2.488 |    2.463 | 
     | uu_dtpath/uu_exec/uu_alu/g6095/B                   |  ^   | uu_dtpath/uu_exec/uu_alu/n_71                      | NAND2X2   | 0.000 |   2.488 |    2.463 | 
     | uu_dtpath/uu_exec/uu_alu/g6095/Y                   |  v   | uu_dtpath/uu_exec/uu_alu/n_544                     | NAND2X2   | 0.098 |   2.586 |    2.561 | 
     | uu_dtpath/uu_exec/uu_alu/csa_tree_eq_29_30_groupi_ |  v   | uu_dtpath/uu_exec/uu_alu/n_544                     | CLKXOR2X1 | 0.000 |   2.586 |    2.561 | 
     | g707/B                                             |      |                                                    |           |       |         |          | 
     | uu_dtpath/uu_exec/uu_alu/csa_tree_eq_29_30_groupi_ |  ^   | uu_dtpath/uu_exec/uu_alu/csa_tree_eq_29_30_groupi_ | CLKXOR2X1 | 0.170 |   2.756 |    2.731 | 
     | g707/Y                                             |      | n_65                                               |           |       |         |          | 
     | uu_dtpath/uu_exec/uu_alu/FE_RC_8_0/A               |  ^   | uu_dtpath/uu_exec/uu_alu/csa_tree_eq_29_30_groupi_ | XNOR2X1   | 0.000 |   2.756 |    2.731 | 
     |                                                    |      | n_65                                               |           |       |         |          | 
     | uu_dtpath/uu_exec/uu_alu/FE_RC_8_0/Y               |  v   | uu_dtpath/uu_exec/uu_alu/csa_tree_eq_29_30_groupi_ | XNOR2X1   | 0.248 |   3.004 |    2.979 | 
     |                                                    |      | n_93                                               |           |       |         |          | 
     | uu_dtpath/uu_exec/uu_alu/csa_tree_eq_29_30_groupi_ |  v   | uu_dtpath/uu_exec/uu_alu/csa_tree_eq_29_30_groupi_ | NOR2X4    | 0.000 |   3.004 |    2.979 | 
     | g643/B                                             |      | n_93                                               |           |       |         |          | 
     | uu_dtpath/uu_exec/uu_alu/csa_tree_eq_29_30_groupi_ |  ^   | uu_dtpath/uu_exec/uu_alu/csa_tree_eq_29_30_groupi_ | NOR2X4    | 0.106 |   3.110 |    3.084 | 
     | g643/Y                                             |      | n_124                                              |           |       |         |          | 
     | uu_dtpath/uu_exec/uu_alu/csa_tree_eq_29_30_groupi_ |  ^   | uu_dtpath/uu_exec/uu_alu/csa_tree_eq_29_30_groupi_ | NAND2X6   | 0.000 |   3.110 |    3.084 | 
     | g641/B                                             |      | n_124                                              |           |       |         |          | 
     | uu_dtpath/uu_exec/uu_alu/csa_tree_eq_29_30_groupi_ |  v   | uu_dtpath/uu_exec/uu_alu/csa_tree_eq_29_30_groupi_ | NAND2X6   | 0.082 |   3.192 |    3.167 | 
     | g641/Y                                             |      | n_126                                              |           |       |         |          | 
     | uu_dtpath/uu_exec/uu_alu/csa_tree_eq_29_30_groupi_ |  v   | uu_dtpath/uu_exec/uu_alu/csa_tree_eq_29_30_groupi_ | NOR2X6    | 0.000 |   3.192 |    3.167 | 
     | g638/A                                             |      | n_126                                              |           |       |         |          | 
     | uu_dtpath/uu_exec/uu_alu/csa_tree_eq_29_30_groupi_ |  ^   | uu_dtpath/uu_exec/uu_alu/csa_tree_eq_29_30_groupi_ | NOR2X6    | 0.080 |   3.272 |    3.247 | 
     | g638/Y                                             |      | n_129                                              |           |       |         |          | 
     | uu_dtpath/uu_exec/uu_alu/csa_tree_eq_29_30_groupi_ |  ^   | uu_dtpath/uu_exec/uu_alu/csa_tree_eq_29_30_groupi_ | NAND2X8   | 0.000 |   3.272 |    3.247 | 
     | g637/B                                             |      | n_129                                              |           |       |         |          | 
     | uu_dtpath/uu_exec/uu_alu/csa_tree_eq_29_30_groupi_ |  v   | uu_dtpath/uu_exec/uu_alu/csa_tree_eq_29_30_groupi_ | NAND2X8   | 0.068 |   3.340 |    3.315 | 
     | g637/Y                                             |      | n_130                                              |           |       |         |          | 
     | uu_dtpath/uu_exec/uu_alu/csa_tree_eq_29_30_groupi_ |  v   | uu_dtpath/uu_exec/uu_alu/csa_tree_eq_29_30_groupi_ | NOR2X6    | 0.000 |   3.340 |    3.315 | 
     | g634/A                                             |      | n_130                                              |           |       |         |          | 
     | uu_dtpath/uu_exec/uu_alu/csa_tree_eq_29_30_groupi_ |  ^   | uu_dtpath/uu_exec/zero_w                           | NOR2X6    | 0.069 |   3.409 |    3.384 | 
     | g634/Y                                             |      |                                                    |           |       |         |          | 
     | uu_dtpath/uu_exec/FE_RC_5_0/A1                     |  ^   | uu_dtpath/uu_exec/zero_w                           | OAI21X2   | 0.000 |   3.409 |    3.384 | 
     | uu_dtpath/uu_exec/FE_RC_5_0/Y                      |  v   | uu_dtpath/uu_exec/n_1                              | OAI21X2   | 0.096 |   3.505 |    3.480 | 
     | uu_dtpath/uu_exec/g3928/B                          |  v   | uu_dtpath/uu_exec/n_1                              | NAND2X4   | 0.000 |   3.505 |    3.480 | 
     | uu_dtpath/uu_exec/g3928/Y                          |  ^   | uu_dtpath/uu_exec/n_2                              | NAND2X4   | 0.069 |   3.574 |    3.549 | 
     | uu_dtpath/uu_exec/g3927/B                          |  ^   | uu_dtpath/uu_exec/n_2                              | NAND2X6   | 0.000 |   3.574 |    3.549 | 
     | uu_dtpath/uu_exec/g3927/Y                          |  v   | uu_dtpath/pc_src                                   | NAND2X6   | 0.072 |   3.646 |    3.621 | 
     | uu_dtpath/g810/B                                   |  v   | uu_dtpath/pc_src                                   | OR2X4     | 0.000 |   3.646 |    3.621 | 
     | uu_dtpath/g810/Y                                   |  v   | uu_dtpath/flush_de                                 | OR2X4     | 0.202 |   3.848 |    3.823 | 
     | uu_dtpath/uu_dec/FE_OFC737_flush_de/A              |  v   | uu_dtpath/flush_de                                 | CLKINVX4  | 0.000 |   3.848 |    3.823 | 
     | uu_dtpath/uu_dec/FE_OFC737_flush_de/Y              |  ^   | uu_dtpath/uu_dec/FE_OFN438_flush_de                | CLKINVX4  | 0.083 |   3.931 |    3.906 | 
     | uu_dtpath/uu_dec/FE_OFC740_flush_de/A              |  ^   | uu_dtpath/uu_dec/FE_OFN438_flush_de                | CLKINVX20 | 0.000 |   3.931 |    3.906 | 
     | uu_dtpath/uu_dec/FE_OFC740_flush_de/Y              |  v   | uu_dtpath/uu_dec/FE_OFN440_flush_de                | CLKINVX20 | 0.100 |   4.031 |    4.006 | 
     | uu_dtpath/uu_dec/g1785/B                           |  v   | uu_dtpath/uu_dec/FE_OFN440_flush_de                | NOR2BX1   | 0.007 |   4.038 |    4.013 | 
     | uu_dtpath/uu_dec/g1785/Y                           |  ^   | uu_dtpath/uu_dec/n_47                              | NOR2BX1   | 0.125 |   4.163 |    4.138 | 
     | uu_dtpath/uu_dec/o_pc_plus4_reg[13]/D              |  ^   | uu_dtpath/uu_dec/n_47                              | DFFRHQX1  | 0.000 |   4.163 |    4.138 | 
     +---------------------------------------------------------------------------------------------------------------------------------------------------------+ 
     Clock Rise Edge                      0.000
     + Source Insertion Delay            -0.609
     = Beginpoint Arrival Time           -0.609
     Other End Path:
     +-----------------------------------------------------------------------------------------------------------+ 
     |                  Pin                   | Edge |        Net        |   Cell   | Delay | Arrival | Required | 
     |                                        |      |                   |          |       |  Time   |   Time   | 
     |----------------------------------------+------+-------------------+----------+-------+---------+----------| 
     | clk                                    |  ^   | clk               |          |       |  -0.609 |   -0.583 | 
     | uu_dtpath/CTS_ccl_a_buf_00308/A        |  ^   | clk               | CLKBUFX3 | 0.001 |  -0.607 |   -0.582 | 
     | uu_dtpath/CTS_ccl_a_buf_00308/Y        |  ^   | uu_dtpath/CTS_113 | CLKBUFX3 | 0.074 |  -0.534 |   -0.508 | 
     | uu_dtpath/CTS_ccl_a_buf_00304/A        |  ^   | uu_dtpath/CTS_113 | CLKBUFX4 | 0.000 |  -0.534 |   -0.508 | 
     | uu_dtpath/CTS_ccl_a_buf_00304/Y        |  ^   | uu_dtpath/CTS_112 | CLKBUFX4 | 0.102 |  -0.431 |   -0.406 | 
     | uu_dtpath/CTS_ccl_a_buf_00288/A        |  ^   | uu_dtpath/CTS_112 | CLKBUFX4 | 0.000 |  -0.431 |   -0.406 | 
     | uu_dtpath/CTS_ccl_a_buf_00288/Y        |  ^   | uu_dtpath/CTS_89  | CLKBUFX4 | 0.106 |  -0.325 |   -0.300 | 
     | uu_dtpath/CTS_ccl_a_buf_00250/A        |  ^   | uu_dtpath/CTS_89  | CLKBUFX4 | 0.000 |  -0.325 |   -0.300 | 
     | uu_dtpath/CTS_ccl_a_buf_00250/Y        |  ^   | uu_dtpath/CTS_72  | CLKBUFX4 | 0.103 |  -0.222 |   -0.197 | 
     | uu_dtpath/CTS_ccl_a_buf_00202/A        |  ^   | uu_dtpath/CTS_72  | CLKBUFX4 | 0.000 |  -0.222 |   -0.196 | 
     | uu_dtpath/CTS_ccl_a_buf_00202/Y        |  ^   | uu_dtpath/CTS_71  | CLKBUFX4 | 0.102 |  -0.119 |   -0.094 | 
     | uu_dtpath/CTS_ccl_a_buf_00038/A        |  ^   | uu_dtpath/CTS_71  | CLKBUFX4 | 0.000 |  -0.119 |   -0.094 | 
     | uu_dtpath/CTS_ccl_a_buf_00038/Y        |  ^   | uu_dtpath/CTS_68  | CLKBUFX4 | 0.102 |  -0.017 |    0.008 | 
     | uu_dtpath/uu_dec/o_pc_plus4_reg[13]/CK |  ^   | uu_dtpath/CTS_68  | DFFRHQX1 | 0.000 |  -0.017 |    0.008 | 
     +-----------------------------------------------------------------------------------------------------------+ 
Path 13: VIOLATED Setup Check with Pin uu_dtpath/uu_dec/rd2_ff_reg[22]/CK 
Endpoint:   uu_dtpath/uu_dec/rd2_ff_reg[22]/D     (^) checked with  leading 
edge of 'clk'
Beginpoint: uu_dtpath/uu_mem/o_resultSrc_reg[1]/Q (v) triggered by  leading 
edge of 'clk'
Path Groups: {clk}
Analysis View: setup
Other End Arrival Time         -0.041
- Setup                         0.140
+ Phase Shift                   4.400
- Uncertainty                   0.100
= Required Time                 4.119
- Arrival Time                  4.144
= Slack Time                   -0.025
     Clock Rise Edge                      0.000
     + Source Insertion Delay            -0.609
     = Beginpoint Arrival Time           -0.609
     Timing Path:
     +---------------------------------------------------------------------------------------------------------------------------------------------------------+ 
     |                        Pin                         | Edge |                        Net                         |   Cell    | Delay | Arrival | Required | 
     |                                                    |      |                                                    |           |       |  Time   |   Time   | 
     |----------------------------------------------------+------+----------------------------------------------------+-----------+-------+---------+----------| 
     | clk                                                |  ^   | clk                                                |           |       |  -0.609 |   -0.633 | 
     | uu_dtpath/CTS_ccl_a_buf_00307/A                    |  ^   | clk                                                | CLKBUFX4  | 0.001 |  -0.607 |   -0.632 | 
     | uu_dtpath/CTS_ccl_a_buf_00307/Y                    |  ^   | uu_dtpath/CTS_56                                   | CLKBUFX4  | 0.086 |  -0.521 |   -0.545 | 
     | uu_dtpath/CTS_ccl_a_buf_00290/A                    |  ^   | uu_dtpath/CTS_56                                   | CLKBUFX4  | 0.000 |  -0.521 |   -0.545 | 
     | uu_dtpath/CTS_ccl_a_buf_00290/Y                    |  ^   | uu_dtpath/CTS_55                                   | CLKBUFX4  | 0.101 |  -0.420 |   -0.444 | 
     | uu_dtpath/CTS_ccl_a_buf_00274/A                    |  ^   | uu_dtpath/CTS_55                                   | CLKBUFX3  | 0.000 |  -0.420 |   -0.444 | 
     | uu_dtpath/CTS_ccl_a_buf_00274/Y                    |  ^   | uu_dtpath/CTS_42                                   | CLKBUFX3  | 0.090 |  -0.329 |   -0.354 | 
     | uu_dtpath/CTS_ccl_a_buf_00253/A                    |  ^   | uu_dtpath/CTS_42                                   | CLKBUFX3  | 0.000 |  -0.329 |   -0.354 | 
     | uu_dtpath/CTS_ccl_a_buf_00253/Y                    |  ^   | uu_dtpath/CTS_40                                   | CLKBUFX3  | 0.090 |  -0.240 |   -0.264 | 
     | uu_dtpath/CTS_ccl_a_buf_00207/A                    |  ^   | uu_dtpath/CTS_40                                   | CLKBUFX3  | 0.000 |  -0.239 |   -0.264 | 
     | uu_dtpath/CTS_ccl_a_buf_00207/Y                    |  ^   | uu_dtpath/CTS_38                                   | CLKBUFX3  | 0.089 |  -0.150 |   -0.175 | 
     | uu_dtpath/CTS_ccl_a_buf_00034/A                    |  ^   | uu_dtpath/CTS_38                                   | CLKBUFX4  | 0.000 |  -0.150 |   -0.175 | 
     | uu_dtpath/CTS_ccl_a_buf_00034/Y                    |  ^   | uu_dtpath/CTS_32                                   | CLKBUFX4  | 0.102 |  -0.049 |   -0.073 | 
     | uu_dtpath/uu_mem/o_resultSrc_reg[1]/CK             |  ^   | uu_dtpath/CTS_32                                   | DFFRHQX4  | 0.000 |  -0.049 |   -0.073 | 
     | uu_dtpath/uu_mem/o_resultSrc_reg[1]/Q              |  v   | uu_dtpath/resultSrc_mw[1]                          | DFFRHQX4  | 0.277 |   0.228 |    0.204 | 
     | uu_dtpath/uu_wb/g1420/B                            |  v   | uu_dtpath/resultSrc_mw[1]                          | NOR2X6    | 0.000 |   0.229 |    0.204 | 
     | uu_dtpath/uu_wb/g1420/Y                            |  ^   | uu_dtpath/uu_wb/n_2                                | NOR2X6    | 0.125 |   0.354 |    0.330 | 
     | uu_dtpath/uu_wb/FE_OFC699_n_2/A                    |  ^   | uu_dtpath/uu_wb/n_2                                | BUFX3     | 0.000 |   0.354 |    0.330 | 
     | uu_dtpath/uu_wb/FE_OFC699_n_2/Y                    |  ^   | uu_dtpath/uu_wb/n_25                               | BUFX3     | 0.201 |   0.556 |    0.531 | 
     | uu_dtpath/uu_wb/g1441/A1                           |  ^   | uu_dtpath/uu_wb/n_25                               | AOI22X2   | 0.001 |   0.556 |    0.532 | 
     | uu_dtpath/uu_wb/g1441/Y                            |  v   | uu_dtpath/uu_wb/n_267                              | AOI22X2   | 0.159 |   0.715 |    0.690 | 
     | uu_dtpath/uu_wb/g1293/B                            |  v   | uu_dtpath/uu_wb/n_267                              | NAND2X1   | 0.000 |   0.715 |    0.690 | 
     | uu_dtpath/uu_wb/g1293/Y                            |  ^   | uu_dtpath/wr_dt_reg[4]                             | NAND2X1   | 0.098 |   0.813 |    0.788 | 
     | uu_dtpath/FE_OFC945_wr_dt_reg_4/A                  |  ^   | uu_dtpath/wr_dt_reg[4]                             | CLKBUFX6  | 0.000 |   0.813 |    0.788 | 
     | uu_dtpath/FE_OFC945_wr_dt_reg_4/Y                  |  ^   | uu_dtpath/FE_OFN233_wr_dt_reg_4                    | CLKBUFX6  | 0.156 |   0.969 |    0.944 | 
     | uu_dtpath/uu_exec/g5895/A                          |  ^   | uu_dtpath/FE_OFN233_wr_dt_reg_4                    | NAND2X4   | 0.000 |   0.969 |    0.944 | 
     | uu_dtpath/uu_exec/g5895/Y                          |  v   | uu_dtpath/uu_exec/n_150                            | NAND2X4   | 0.126 |   1.095 |    1.070 | 
     | uu_dtpath/uu_exec/g5653/A                          |  v   | uu_dtpath/uu_exec/n_150                            | NAND2X6   | 0.000 |   1.095 |    1.070 | 
     | uu_dtpath/uu_exec/g5653/Y                          |  ^   | uu_dtpath/uu_exec/n_350                            | NAND2X6   | 0.060 |   1.154 |    1.130 | 
     | uu_dtpath/uu_exec/g5567/A1                         |  ^   | uu_dtpath/uu_exec/n_350                            | AOI21X2   | 0.000 |   1.155 |    1.130 | 
     | uu_dtpath/uu_exec/g5567/Y                          |  v   | uu_dtpath/uu_exec/n_344                            | AOI21X2   | 0.131 |   1.286 |    1.261 | 
     | uu_dtpath/uu_exec/FE_OFC301_n_344/A                |  v   | uu_dtpath/uu_exec/n_344                            | BUFX12    | 0.000 |   1.286 |    1.261 | 
     | uu_dtpath/uu_exec/FE_OFC301_n_344/Y                |  v   | uu_dtpath/uu_exec/FE_OFN320_n_344                  | BUFX12    | 0.210 |   1.495 |    1.471 | 
     | uu_dtpath/uu_exec/g5565/A                          |  v   | uu_dtpath/uu_exec/FE_OFN320_n_344                  | CLKINVX20 | 0.004 |   1.499 |    1.475 | 
     | uu_dtpath/uu_exec/g5565/Y                          |  ^   | uu_dtpath/uu_exec/alu_srcB_w[4]                    | CLKINVX20 | 0.126 |   1.625 |    1.600 | 
     | uu_dtpath/uu_exec/uu_alu/sll_22_38_g3849/B         |  ^   | uu_dtpath/uu_exec/alu_srcB_w[4]                    | NOR2X6    | 0.002 |   1.627 |    1.602 | 
     | uu_dtpath/uu_exec/uu_alu/sll_22_38_g3849/Y         |  v   | uu_dtpath/uu_exec/uu_alu/sll_22_38_n_79            | NOR2X6    | 0.081 |   1.708 |    1.683 | 
     | uu_dtpath/uu_exec/uu_alu/sll_22_38_g3770/B         |  v   | uu_dtpath/uu_exec/uu_alu/sll_22_38_n_79            | CLKAND2X3 | 0.000 |   1.708 |    1.683 | 
     | uu_dtpath/uu_exec/uu_alu/sll_22_38_g3770/Y         |  v   | uu_dtpath/uu_exec/uu_alu/sll_22_38_n_133           | CLKAND2X3 | 0.101 |   1.809 |    1.784 | 
     | uu_dtpath/uu_exec/uu_alu/FE_OFC772_sll_22_38_n_133 |  v   | uu_dtpath/uu_exec/uu_alu/sll_22_38_n_133           | INVX1     | 0.000 |   1.809 |    1.784 | 
     | /A                                                 |      |                                                    |           |       |         |          | 
     | uu_dtpath/uu_exec/uu_alu/FE_OFC772_sll_22_38_n_133 |  ^   | uu_dtpath/uu_exec/uu_alu/sll_22_38_n_30            | INVX1     | 0.049 |   1.858 |    1.834 | 
     | /Y                                                 |      |                                                    |           |       |         |          | 
     | uu_dtpath/uu_exec/uu_alu/sll_22_38_g3733/B         |  ^   | uu_dtpath/uu_exec/uu_alu/sll_22_38_n_30            | NOR2X4    | 0.000 |   1.858 |    1.834 | 
     | uu_dtpath/uu_exec/uu_alu/sll_22_38_g3733/Y         |  v   | uu_dtpath/uu_exec/uu_alu/sll_22_38_n_172           | NOR2X4    | 0.050 |   1.908 |    1.884 | 
     | uu_dtpath/uu_exec/uu_alu/sll_22_38_g3674/A1        |  v   | uu_dtpath/uu_exec/uu_alu/sll_22_38_n_172           | AOI22X2   | 0.000 |   1.908 |    1.884 | 
     | uu_dtpath/uu_exec/uu_alu/sll_22_38_g3674/Y         |  ^   | uu_dtpath/uu_exec/uu_alu/sll_22_38_n_215           | AOI22X2   | 0.103 |   2.011 |    1.986 | 
     | uu_dtpath/uu_exec/uu_alu/sll_22_38_g3619/B         |  ^   | uu_dtpath/uu_exec/uu_alu/sll_22_38_n_215           | NAND2X1   | 0.000 |   2.011 |    1.986 | 
     | uu_dtpath/uu_exec/uu_alu/sll_22_38_g3619/Y         |  v   | uu_dtpath/uu_exec/uu_alu/sll_22_38_n_263           | NAND2X1   | 0.142 |   2.153 |    2.128 | 
     | uu_dtpath/uu_exec/uu_alu/sll_22_38_g3560/B0        |  v   | uu_dtpath/uu_exec/uu_alu/sll_22_38_n_263           | AOI2BB1X1 | 0.000 |   2.153 |    2.128 | 
     | uu_dtpath/uu_exec/uu_alu/sll_22_38_g3560/Y         |  ^   | uu_dtpath/uu_exec/uu_alu/sll_22_38_n_319           | AOI2BB1X1 | 0.155 |   2.308 |    2.283 | 
     | uu_dtpath/uu_exec/uu_alu/sll_22_38_g3539/B0        |  ^   | uu_dtpath/uu_exec/uu_alu/sll_22_38_n_319           | OAI21X4   | 0.000 |   2.308 |    2.283 | 
     | uu_dtpath/uu_exec/uu_alu/sll_22_38_g3539/Y         |  v   | uu_dtpath/uu_exec/uu_alu/n_639                     | OAI21X4   | 0.116 |   2.424 |    2.399 | 
     | uu_dtpath/uu_exec/uu_alu/g6504/B                   |  v   | uu_dtpath/uu_exec/uu_alu/n_639                     | NAND2BX4  | 0.000 |   2.424 |    2.399 | 
     | uu_dtpath/uu_exec/uu_alu/g6504/Y                   |  ^   | uu_dtpath/uu_exec/uu_alu/n_71                      | NAND2BX4  | 0.064 |   2.488 |    2.463 | 
     | uu_dtpath/uu_exec/uu_alu/g6095/B                   |  ^   | uu_dtpath/uu_exec/uu_alu/n_71                      | NAND2X2   | 0.000 |   2.488 |    2.464 | 
     | uu_dtpath/uu_exec/uu_alu/g6095/Y                   |  v   | uu_dtpath/uu_exec/uu_alu/n_544                     | NAND2X2   | 0.098 |   2.586 |    2.561 | 
     | uu_dtpath/uu_exec/uu_alu/csa_tree_eq_29_30_groupi_ |  v   | uu_dtpath/uu_exec/uu_alu/n_544                     | CLKXOR2X1 | 0.000 |   2.586 |    2.561 | 
     | g707/B                                             |      |                                                    |           |       |         |          | 
     | uu_dtpath/uu_exec/uu_alu/csa_tree_eq_29_30_groupi_ |  ^   | uu_dtpath/uu_exec/uu_alu/csa_tree_eq_29_30_groupi_ | CLKXOR2X1 | 0.170 |   2.756 |    2.732 | 
     | g707/Y                                             |      | n_65                                               |           |       |         |          | 
     | uu_dtpath/uu_exec/uu_alu/FE_RC_8_0/A               |  ^   | uu_dtpath/uu_exec/uu_alu/csa_tree_eq_29_30_groupi_ | XNOR2X1   | 0.000 |   2.756 |    2.732 | 
     |                                                    |      | n_65                                               |           |       |         |          | 
     | uu_dtpath/uu_exec/uu_alu/FE_RC_8_0/Y               |  v   | uu_dtpath/uu_exec/uu_alu/csa_tree_eq_29_30_groupi_ | XNOR2X1   | 0.248 |   3.004 |    2.979 | 
     |                                                    |      | n_93                                               |           |       |         |          | 
     | uu_dtpath/uu_exec/uu_alu/csa_tree_eq_29_30_groupi_ |  v   | uu_dtpath/uu_exec/uu_alu/csa_tree_eq_29_30_groupi_ | NOR2X4    | 0.000 |   3.004 |    2.979 | 
     | g643/B                                             |      | n_93                                               |           |       |         |          | 
     | uu_dtpath/uu_exec/uu_alu/csa_tree_eq_29_30_groupi_ |  ^   | uu_dtpath/uu_exec/uu_alu/csa_tree_eq_29_30_groupi_ | NOR2X4    | 0.106 |   3.110 |    3.085 | 
     | g643/Y                                             |      | n_124                                              |           |       |         |          | 
     | uu_dtpath/uu_exec/uu_alu/csa_tree_eq_29_30_groupi_ |  ^   | uu_dtpath/uu_exec/uu_alu/csa_tree_eq_29_30_groupi_ | NAND2X6   | 0.000 |   3.110 |    3.085 | 
     | g641/B                                             |      | n_124                                              |           |       |         |          | 
     | uu_dtpath/uu_exec/uu_alu/csa_tree_eq_29_30_groupi_ |  v   | uu_dtpath/uu_exec/uu_alu/csa_tree_eq_29_30_groupi_ | NAND2X6   | 0.082 |   3.192 |    3.168 | 
     | g641/Y                                             |      | n_126                                              |           |       |         |          | 
     | uu_dtpath/uu_exec/uu_alu/csa_tree_eq_29_30_groupi_ |  v   | uu_dtpath/uu_exec/uu_alu/csa_tree_eq_29_30_groupi_ | NOR2X6    | 0.000 |   3.192 |    3.168 | 
     | g638/A                                             |      | n_126                                              |           |       |         |          | 
     | uu_dtpath/uu_exec/uu_alu/csa_tree_eq_29_30_groupi_ |  ^   | uu_dtpath/uu_exec/uu_alu/csa_tree_eq_29_30_groupi_ | NOR2X6    | 0.080 |   3.272 |    3.248 | 
     | g638/Y                                             |      | n_129                                              |           |       |         |          | 
     | uu_dtpath/uu_exec/uu_alu/csa_tree_eq_29_30_groupi_ |  ^   | uu_dtpath/uu_exec/uu_alu/csa_tree_eq_29_30_groupi_ | NAND2X8   | 0.000 |   3.272 |    3.248 | 
     | g637/B                                             |      | n_129                                              |           |       |         |          | 
     | uu_dtpath/uu_exec/uu_alu/csa_tree_eq_29_30_groupi_ |  v   | uu_dtpath/uu_exec/uu_alu/csa_tree_eq_29_30_groupi_ | NAND2X8   | 0.068 |   3.340 |    3.315 | 
     | g637/Y                                             |      | n_130                                              |           |       |         |          | 
     | uu_dtpath/uu_exec/uu_alu/csa_tree_eq_29_30_groupi_ |  v   | uu_dtpath/uu_exec/uu_alu/csa_tree_eq_29_30_groupi_ | NOR2X6    | 0.000 |   3.340 |    3.315 | 
     | g634/A                                             |      | n_130                                              |           |       |         |          | 
     | uu_dtpath/uu_exec/uu_alu/csa_tree_eq_29_30_groupi_ |  ^   | uu_dtpath/uu_exec/zero_w                           | NOR2X6    | 0.069 |   3.409 |    3.384 | 
     | g634/Y                                             |      |                                                    |           |       |         |          | 
     | uu_dtpath/uu_exec/FE_RC_5_0/A1                     |  ^   | uu_dtpath/uu_exec/zero_w                           | OAI21X2   | 0.000 |   3.409 |    3.384 | 
     | uu_dtpath/uu_exec/FE_RC_5_0/Y                      |  v   | uu_dtpath/uu_exec/n_1                              | OAI21X2   | 0.096 |   3.505 |    3.481 | 
     | uu_dtpath/uu_exec/g3928/B                          |  v   | uu_dtpath/uu_exec/n_1                              | NAND2X4   | 0.000 |   3.505 |    3.481 | 
     | uu_dtpath/uu_exec/g3928/Y                          |  ^   | uu_dtpath/uu_exec/n_2                              | NAND2X4   | 0.069 |   3.574 |    3.550 | 
     | uu_dtpath/uu_exec/g3927/B                          |  ^   | uu_dtpath/uu_exec/n_2                              | NAND2X6   | 0.000 |   3.574 |    3.550 | 
     | uu_dtpath/uu_exec/g3927/Y                          |  v   | uu_dtpath/pc_src                                   | NAND2X6   | 0.072 |   3.646 |    3.622 | 
     | uu_dtpath/g810/B                                   |  v   | uu_dtpath/pc_src                                   | OR2X4     | 0.000 |   3.646 |    3.622 | 
     | uu_dtpath/g810/Y                                   |  v   | uu_dtpath/flush_de                                 | OR2X4     | 0.202 |   3.848 |    3.824 | 
     | uu_dtpath/uu_dec/FE_OFC738_flush_de/A              |  v   | uu_dtpath/flush_de                                 | CLKINVX4  | 0.000 |   3.848 |    3.824 | 
     | uu_dtpath/uu_dec/FE_OFC738_flush_de/Y              |  ^   | uu_dtpath/uu_dec/FE_OFN439_flush_de                | CLKINVX4  | 0.080 |   3.929 |    3.904 | 
     | uu_dtpath/uu_dec/FE_OFC741_flush_de/A              |  ^   | uu_dtpath/uu_dec/FE_OFN439_flush_de                | CLKINVX20 | 0.000 |   3.929 |    3.904 | 
     | uu_dtpath/uu_dec/FE_OFC741_flush_de/Y              |  v   | uu_dtpath/uu_dec/FE_OFN442_flush_de                | CLKINVX20 | 0.099 |   4.028 |    4.003 | 
     | uu_dtpath/uu_dec/g2595/B                           |  v   | uu_dtpath/uu_dec/FE_OFN442_flush_de                | NOR2BX2   | 0.004 |   4.032 |    4.007 | 
     | uu_dtpath/uu_dec/g2595/Y                           |  ^   | uu_dtpath/uu_dec/n_66                              | NOR2BX2   | 0.112 |   4.144 |    4.119 | 
     | uu_dtpath/uu_dec/rd2_ff_reg[22]/D                  |  ^   | uu_dtpath/uu_dec/n_66                              | DFFRHQX1  | 0.000 |   4.144 |    4.119 | 
     +---------------------------------------------------------------------------------------------------------------------------------------------------------+ 
     Clock Rise Edge                      0.000
     + Source Insertion Delay            -0.609
     = Beginpoint Arrival Time           -0.609
     Other End Path:
     +------------------------------------------------------------------------------------------------------+ 
     |                Pin                 | Edge |       Net        |   Cell   | Delay | Arrival | Required | 
     |                                    |      |                  |          |       |  Time   |   Time   | 
     |------------------------------------+------+------------------+----------+-------+---------+----------| 
     | clk                                |  ^   | clk              |          |       |  -0.609 |   -0.584 | 
     | uu_dtpath/CTS_ccl_a_buf_00307/A    |  ^   | clk              | CLKBUFX4 | 0.001 |  -0.607 |   -0.583 | 
     | uu_dtpath/CTS_ccl_a_buf_00307/Y    |  ^   | uu_dtpath/CTS_56 | CLKBUFX4 | 0.086 |  -0.521 |   -0.496 | 
     | uu_dtpath/CTS_ccl_a_buf_00290/A    |  ^   | uu_dtpath/CTS_56 | CLKBUFX4 | 0.000 |  -0.521 |   -0.496 | 
     | uu_dtpath/CTS_ccl_a_buf_00290/Y    |  ^   | uu_dtpath/CTS_55 | CLKBUFX4 | 0.101 |  -0.420 |   -0.395 | 
     | uu_dtpath/CTS_ccl_a_buf_00274/A    |  ^   | uu_dtpath/CTS_55 | CLKBUFX3 | 0.000 |  -0.420 |   -0.395 | 
     | uu_dtpath/CTS_ccl_a_buf_00274/Y    |  ^   | uu_dtpath/CTS_42 | CLKBUFX3 | 0.090 |  -0.329 |   -0.305 | 
     | uu_dtpath/CTS_ccl_a_buf_00253/A    |  ^   | uu_dtpath/CTS_42 | CLKBUFX3 | 0.000 |  -0.329 |   -0.304 | 
     | uu_dtpath/CTS_ccl_a_buf_00253/Y    |  ^   | uu_dtpath/CTS_40 | CLKBUFX3 | 0.090 |  -0.240 |   -0.215 | 
     | uu_dtpath/CTS_ccl_a_buf_00194/A    |  ^   | uu_dtpath/CTS_40 | BUFX2    | 0.000 |  -0.239 |   -0.215 | 
     | uu_dtpath/CTS_ccl_a_buf_00194/Y    |  ^   | uu_dtpath/CTS_29 | BUFX2    | 0.101 |  -0.138 |   -0.113 | 
     | uu_dtpath/CTS_ccl_a_buf_00026/A    |  ^   | uu_dtpath/CTS_29 | CLKBUFX3 | 0.000 |  -0.138 |   -0.113 | 
     | uu_dtpath/CTS_ccl_a_buf_00026/Y    |  ^   | uu_dtpath/CTS_31 | CLKBUFX3 | 0.097 |  -0.041 |   -0.017 | 
     | uu_dtpath/uu_dec/rd2_ff_reg[22]/CK |  ^   | uu_dtpath/CTS_31 | DFFRHQX1 | 0.000 |  -0.041 |   -0.017 | 
     +------------------------------------------------------------------------------------------------------+ 
Path 14: VIOLATED Setup Check with Pin uu_dtpath/uu_dec/rd2_ff_reg[20]/CK 
Endpoint:   uu_dtpath/uu_dec/rd2_ff_reg[20]/D     (^) checked with  leading 
edge of 'clk'
Beginpoint: uu_dtpath/uu_mem/o_resultSrc_reg[1]/Q (v) triggered by  leading 
edge of 'clk'
Path Groups: {clk}
Analysis View: setup
Other End Arrival Time         -0.041
- Setup                         0.140
+ Phase Shift                   4.400
- Uncertainty                   0.100
= Required Time                 4.119
- Arrival Time                  4.143
= Slack Time                   -0.024
     Clock Rise Edge                      0.000
     + Source Insertion Delay            -0.609
     = Beginpoint Arrival Time           -0.609
     Timing Path:
     +---------------------------------------------------------------------------------------------------------------------------------------------------------+ 
     |                        Pin                         | Edge |                        Net                         |   Cell    | Delay | Arrival | Required | 
     |                                                    |      |                                                    |           |       |  Time   |   Time   | 
     |----------------------------------------------------+------+----------------------------------------------------+-----------+-------+---------+----------| 
     | clk                                                |  ^   | clk                                                |           |       |  -0.609 |   -0.633 | 
     | uu_dtpath/CTS_ccl_a_buf_00307/A                    |  ^   | clk                                                | CLKBUFX4  | 0.001 |  -0.607 |   -0.632 | 
     | uu_dtpath/CTS_ccl_a_buf_00307/Y                    |  ^   | uu_dtpath/CTS_56                                   | CLKBUFX4  | 0.086 |  -0.521 |   -0.545 | 
     | uu_dtpath/CTS_ccl_a_buf_00290/A                    |  ^   | uu_dtpath/CTS_56                                   | CLKBUFX4  | 0.000 |  -0.521 |   -0.545 | 
     | uu_dtpath/CTS_ccl_a_buf_00290/Y                    |  ^   | uu_dtpath/CTS_55                                   | CLKBUFX4  | 0.101 |  -0.420 |   -0.444 | 
     | uu_dtpath/CTS_ccl_a_buf_00274/A                    |  ^   | uu_dtpath/CTS_55                                   | CLKBUFX3  | 0.000 |  -0.420 |   -0.444 | 
     | uu_dtpath/CTS_ccl_a_buf_00274/Y                    |  ^   | uu_dtpath/CTS_42                                   | CLKBUFX3  | 0.090 |  -0.329 |   -0.354 | 
     | uu_dtpath/CTS_ccl_a_buf_00253/A                    |  ^   | uu_dtpath/CTS_42                                   | CLKBUFX3  | 0.000 |  -0.329 |   -0.353 | 
     | uu_dtpath/CTS_ccl_a_buf_00253/Y                    |  ^   | uu_dtpath/CTS_40                                   | CLKBUFX3  | 0.090 |  -0.240 |   -0.264 | 
     | uu_dtpath/CTS_ccl_a_buf_00207/A                    |  ^   | uu_dtpath/CTS_40                                   | CLKBUFX3  | 0.000 |  -0.239 |   -0.264 | 
     | uu_dtpath/CTS_ccl_a_buf_00207/Y                    |  ^   | uu_dtpath/CTS_38                                   | CLKBUFX3  | 0.089 |  -0.150 |   -0.175 | 
     | uu_dtpath/CTS_ccl_a_buf_00034/A                    |  ^   | uu_dtpath/CTS_38                                   | CLKBUFX4  | 0.000 |  -0.150 |   -0.175 | 
     | uu_dtpath/CTS_ccl_a_buf_00034/Y                    |  ^   | uu_dtpath/CTS_32                                   | CLKBUFX4  | 0.102 |  -0.049 |   -0.073 | 
     | uu_dtpath/uu_mem/o_resultSrc_reg[1]/CK             |  ^   | uu_dtpath/CTS_32                                   | DFFRHQX4  | 0.000 |  -0.049 |   -0.073 | 
     | uu_dtpath/uu_mem/o_resultSrc_reg[1]/Q              |  v   | uu_dtpath/resultSrc_mw[1]                          | DFFRHQX4  | 0.277 |   0.228 |    0.204 | 
     | uu_dtpath/uu_wb/g1420/B                            |  v   | uu_dtpath/resultSrc_mw[1]                          | NOR2X6    | 0.000 |   0.229 |    0.204 | 
     | uu_dtpath/uu_wb/g1420/Y                            |  ^   | uu_dtpath/uu_wb/n_2                                | NOR2X6    | 0.125 |   0.354 |    0.330 | 
     | uu_dtpath/uu_wb/FE_OFC699_n_2/A                    |  ^   | uu_dtpath/uu_wb/n_2                                | BUFX3     | 0.000 |   0.354 |    0.330 | 
     | uu_dtpath/uu_wb/FE_OFC699_n_2/Y                    |  ^   | uu_dtpath/uu_wb/n_25                               | BUFX3     | 0.201 |   0.556 |    0.531 | 
     | uu_dtpath/uu_wb/g1441/A1                           |  ^   | uu_dtpath/uu_wb/n_25                               | AOI22X2   | 0.001 |   0.556 |    0.532 | 
     | uu_dtpath/uu_wb/g1441/Y                            |  v   | uu_dtpath/uu_wb/n_267                              | AOI22X2   | 0.159 |   0.715 |    0.690 | 
     | uu_dtpath/uu_wb/g1293/B                            |  v   | uu_dtpath/uu_wb/n_267                              | NAND2X1   | 0.000 |   0.715 |    0.690 | 
     | uu_dtpath/uu_wb/g1293/Y                            |  ^   | uu_dtpath/wr_dt_reg[4]                             | NAND2X1   | 0.098 |   0.813 |    0.788 | 
     | uu_dtpath/FE_OFC945_wr_dt_reg_4/A                  |  ^   | uu_dtpath/wr_dt_reg[4]                             | CLKBUFX6  | 0.000 |   0.813 |    0.788 | 
     | uu_dtpath/FE_OFC945_wr_dt_reg_4/Y                  |  ^   | uu_dtpath/FE_OFN233_wr_dt_reg_4                    | CLKBUFX6  | 0.156 |   0.969 |    0.944 | 
     | uu_dtpath/uu_exec/g5895/A                          |  ^   | uu_dtpath/FE_OFN233_wr_dt_reg_4                    | NAND2X4   | 0.000 |   0.969 |    0.944 | 
     | uu_dtpath/uu_exec/g5895/Y                          |  v   | uu_dtpath/uu_exec/n_150                            | NAND2X4   | 0.126 |   1.095 |    1.070 | 
     | uu_dtpath/uu_exec/g5653/A                          |  v   | uu_dtpath/uu_exec/n_150                            | NAND2X6   | 0.000 |   1.095 |    1.070 | 
     | uu_dtpath/uu_exec/g5653/Y                          |  ^   | uu_dtpath/uu_exec/n_350                            | NAND2X6   | 0.060 |   1.154 |    1.130 | 
     | uu_dtpath/uu_exec/g5567/A1                         |  ^   | uu_dtpath/uu_exec/n_350                            | AOI21X2   | 0.000 |   1.155 |    1.130 | 
     | uu_dtpath/uu_exec/g5567/Y                          |  v   | uu_dtpath/uu_exec/n_344                            | AOI21X2   | 0.131 |   1.286 |    1.261 | 
     | uu_dtpath/uu_exec/FE_OFC301_n_344/A                |  v   | uu_dtpath/uu_exec/n_344                            | BUFX12    | 0.000 |   1.286 |    1.261 | 
     | uu_dtpath/uu_exec/FE_OFC301_n_344/Y                |  v   | uu_dtpath/uu_exec/FE_OFN320_n_344                  | BUFX12    | 0.210 |   1.495 |    1.471 | 
     | uu_dtpath/uu_exec/g5565/A                          |  v   | uu_dtpath/uu_exec/FE_OFN320_n_344                  | CLKINVX20 | 0.004 |   1.499 |    1.475 | 
     | uu_dtpath/uu_exec/g5565/Y                          |  ^   | uu_dtpath/uu_exec/alu_srcB_w[4]                    | CLKINVX20 | 0.126 |   1.625 |    1.600 | 
     | uu_dtpath/uu_exec/uu_alu/sll_22_38_g3849/B         |  ^   | uu_dtpath/uu_exec/alu_srcB_w[4]                    | NOR2X6    | 0.002 |   1.627 |    1.603 | 
     | uu_dtpath/uu_exec/uu_alu/sll_22_38_g3849/Y         |  v   | uu_dtpath/uu_exec/uu_alu/sll_22_38_n_79            | NOR2X6    | 0.081 |   1.708 |    1.683 | 
     | uu_dtpath/uu_exec/uu_alu/sll_22_38_g3770/B         |  v   | uu_dtpath/uu_exec/uu_alu/sll_22_38_n_79            | CLKAND2X3 | 0.000 |   1.708 |    1.683 | 
     | uu_dtpath/uu_exec/uu_alu/sll_22_38_g3770/Y         |  v   | uu_dtpath/uu_exec/uu_alu/sll_22_38_n_133           | CLKAND2X3 | 0.101 |   1.809 |    1.784 | 
     | uu_dtpath/uu_exec/uu_alu/FE_OFC772_sll_22_38_n_133 |  v   | uu_dtpath/uu_exec/uu_alu/sll_22_38_n_133           | INVX1     | 0.000 |   1.809 |    1.784 | 
     | /A                                                 |      |                                                    |           |       |         |          | 
     | uu_dtpath/uu_exec/uu_alu/FE_OFC772_sll_22_38_n_133 |  ^   | uu_dtpath/uu_exec/uu_alu/sll_22_38_n_30            | INVX1     | 0.049 |   1.858 |    1.834 | 
     | /Y                                                 |      |                                                    |           |       |         |          | 
     | uu_dtpath/uu_exec/uu_alu/sll_22_38_g3733/B         |  ^   | uu_dtpath/uu_exec/uu_alu/sll_22_38_n_30            | NOR2X4    | 0.000 |   1.858 |    1.834 | 
     | uu_dtpath/uu_exec/uu_alu/sll_22_38_g3733/Y         |  v   | uu_dtpath/uu_exec/uu_alu/sll_22_38_n_172           | NOR2X4    | 0.050 |   1.908 |    1.884 | 
     | uu_dtpath/uu_exec/uu_alu/sll_22_38_g3674/A1        |  v   | uu_dtpath/uu_exec/uu_alu/sll_22_38_n_172           | AOI22X2   | 0.000 |   1.908 |    1.884 | 
     | uu_dtpath/uu_exec/uu_alu/sll_22_38_g3674/Y         |  ^   | uu_dtpath/uu_exec/uu_alu/sll_22_38_n_215           | AOI22X2   | 0.103 |   2.011 |    1.986 | 
     | uu_dtpath/uu_exec/uu_alu/sll_22_38_g3619/B         |  ^   | uu_dtpath/uu_exec/uu_alu/sll_22_38_n_215           | NAND2X1   | 0.000 |   2.011 |    1.986 | 
     | uu_dtpath/uu_exec/uu_alu/sll_22_38_g3619/Y         |  v   | uu_dtpath/uu_exec/uu_alu/sll_22_38_n_263           | NAND2X1   | 0.142 |   2.153 |    2.128 | 
     | uu_dtpath/uu_exec/uu_alu/sll_22_38_g3560/B0        |  v   | uu_dtpath/uu_exec/uu_alu/sll_22_38_n_263           | AOI2BB1X1 | 0.000 |   2.153 |    2.128 | 
     | uu_dtpath/uu_exec/uu_alu/sll_22_38_g3560/Y         |  ^   | uu_dtpath/uu_exec/uu_alu/sll_22_38_n_319           | AOI2BB1X1 | 0.155 |   2.308 |    2.283 | 
     | uu_dtpath/uu_exec/uu_alu/sll_22_38_g3539/B0        |  ^   | uu_dtpath/uu_exec/uu_alu/sll_22_38_n_319           | OAI21X4   | 0.000 |   2.308 |    2.283 | 
     | uu_dtpath/uu_exec/uu_alu/sll_22_38_g3539/Y         |  v   | uu_dtpath/uu_exec/uu_alu/n_639                     | OAI21X4   | 0.116 |   2.424 |    2.399 | 
     | uu_dtpath/uu_exec/uu_alu/g6504/B                   |  v   | uu_dtpath/uu_exec/uu_alu/n_639                     | NAND2BX4  | 0.000 |   2.424 |    2.399 | 
     | uu_dtpath/uu_exec/uu_alu/g6504/Y                   |  ^   | uu_dtpath/uu_exec/uu_alu/n_71                      | NAND2BX4  | 0.064 |   2.488 |    2.464 | 
     | uu_dtpath/uu_exec/uu_alu/g6095/B                   |  ^   | uu_dtpath/uu_exec/uu_alu/n_71                      | NAND2X2   | 0.000 |   2.488 |    2.464 | 
     | uu_dtpath/uu_exec/uu_alu/g6095/Y                   |  v   | uu_dtpath/uu_exec/uu_alu/n_544                     | NAND2X2   | 0.098 |   2.586 |    2.561 | 
     | uu_dtpath/uu_exec/uu_alu/csa_tree_eq_29_30_groupi_ |  v   | uu_dtpath/uu_exec/uu_alu/n_544                     | CLKXOR2X1 | 0.000 |   2.586 |    2.561 | 
     | g707/B                                             |      |                                                    |           |       |         |          | 
     | uu_dtpath/uu_exec/uu_alu/csa_tree_eq_29_30_groupi_ |  ^   | uu_dtpath/uu_exec/uu_alu/csa_tree_eq_29_30_groupi_ | CLKXOR2X1 | 0.170 |   2.756 |    2.732 | 
     | g707/Y                                             |      | n_65                                               |           |       |         |          | 
     | uu_dtpath/uu_exec/uu_alu/FE_RC_8_0/A               |  ^   | uu_dtpath/uu_exec/uu_alu/csa_tree_eq_29_30_groupi_ | XNOR2X1   | 0.000 |   2.756 |    2.732 | 
     |                                                    |      | n_65                                               |           |       |         |          | 
     | uu_dtpath/uu_exec/uu_alu/FE_RC_8_0/Y               |  v   | uu_dtpath/uu_exec/uu_alu/csa_tree_eq_29_30_groupi_ | XNOR2X1   | 0.248 |   3.004 |    2.979 | 
     |                                                    |      | n_93                                               |           |       |         |          | 
     | uu_dtpath/uu_exec/uu_alu/csa_tree_eq_29_30_groupi_ |  v   | uu_dtpath/uu_exec/uu_alu/csa_tree_eq_29_30_groupi_ | NOR2X4    | 0.000 |   3.004 |    2.980 | 
     | g643/B                                             |      | n_93                                               |           |       |         |          | 
     | uu_dtpath/uu_exec/uu_alu/csa_tree_eq_29_30_groupi_ |  ^   | uu_dtpath/uu_exec/uu_alu/csa_tree_eq_29_30_groupi_ | NOR2X4    | 0.106 |   3.110 |    3.085 | 
     | g643/Y                                             |      | n_124                                              |           |       |         |          | 
     | uu_dtpath/uu_exec/uu_alu/csa_tree_eq_29_30_groupi_ |  ^   | uu_dtpath/uu_exec/uu_alu/csa_tree_eq_29_30_groupi_ | NAND2X6   | 0.000 |   3.110 |    3.085 | 
     | g641/B                                             |      | n_124                                              |           |       |         |          | 
     | uu_dtpath/uu_exec/uu_alu/csa_tree_eq_29_30_groupi_ |  v   | uu_dtpath/uu_exec/uu_alu/csa_tree_eq_29_30_groupi_ | NAND2X6   | 0.082 |   3.192 |    3.168 | 
     | g641/Y                                             |      | n_126                                              |           |       |         |          | 
     | uu_dtpath/uu_exec/uu_alu/csa_tree_eq_29_30_groupi_ |  v   | uu_dtpath/uu_exec/uu_alu/csa_tree_eq_29_30_groupi_ | NOR2X6    | 0.000 |   3.192 |    3.168 | 
     | g638/A                                             |      | n_126                                              |           |       |         |          | 
     | uu_dtpath/uu_exec/uu_alu/csa_tree_eq_29_30_groupi_ |  ^   | uu_dtpath/uu_exec/uu_alu/csa_tree_eq_29_30_groupi_ | NOR2X6    | 0.080 |   3.272 |    3.248 | 
     | g638/Y                                             |      | n_129                                              |           |       |         |          | 
     | uu_dtpath/uu_exec/uu_alu/csa_tree_eq_29_30_groupi_ |  ^   | uu_dtpath/uu_exec/uu_alu/csa_tree_eq_29_30_groupi_ | NAND2X8   | 0.000 |   3.272 |    3.248 | 
     | g637/B                                             |      | n_129                                              |           |       |         |          | 
     | uu_dtpath/uu_exec/uu_alu/csa_tree_eq_29_30_groupi_ |  v   | uu_dtpath/uu_exec/uu_alu/csa_tree_eq_29_30_groupi_ | NAND2X8   | 0.068 |   3.340 |    3.316 | 
     | g637/Y                                             |      | n_130                                              |           |       |         |          | 
     | uu_dtpath/uu_exec/uu_alu/csa_tree_eq_29_30_groupi_ |  v   | uu_dtpath/uu_exec/uu_alu/csa_tree_eq_29_30_groupi_ | NOR2X6    | 0.000 |   3.340 |    3.316 | 
     | g634/A                                             |      | n_130                                              |           |       |         |          | 
     | uu_dtpath/uu_exec/uu_alu/csa_tree_eq_29_30_groupi_ |  ^   | uu_dtpath/uu_exec/zero_w                           | NOR2X6    | 0.069 |   3.409 |    3.385 | 
     | g634/Y                                             |      |                                                    |           |       |         |          | 
     | uu_dtpath/uu_exec/FE_RC_5_0/A1                     |  ^   | uu_dtpath/uu_exec/zero_w                           | OAI21X2   | 0.000 |   3.409 |    3.385 | 
     | uu_dtpath/uu_exec/FE_RC_5_0/Y                      |  v   | uu_dtpath/uu_exec/n_1                              | OAI21X2   | 0.096 |   3.505 |    3.481 | 
     | uu_dtpath/uu_exec/g3928/B                          |  v   | uu_dtpath/uu_exec/n_1                              | NAND2X4   | 0.000 |   3.505 |    3.481 | 
     | uu_dtpath/uu_exec/g3928/Y                          |  ^   | uu_dtpath/uu_exec/n_2                              | NAND2X4   | 0.069 |   3.574 |    3.550 | 
     | uu_dtpath/uu_exec/g3927/B                          |  ^   | uu_dtpath/uu_exec/n_2                              | NAND2X6   | 0.000 |   3.574 |    3.550 | 
     | uu_dtpath/uu_exec/g3927/Y                          |  v   | uu_dtpath/pc_src                                   | NAND2X6   | 0.072 |   3.646 |    3.622 | 
     | uu_dtpath/g810/B                                   |  v   | uu_dtpath/pc_src                                   | OR2X4     | 0.000 |   3.646 |    3.622 | 
     | uu_dtpath/g810/Y                                   |  v   | uu_dtpath/flush_de                                 | OR2X4     | 0.202 |   3.848 |    3.824 | 
     | uu_dtpath/uu_dec/FE_OFC738_flush_de/A              |  v   | uu_dtpath/flush_de                                 | CLKINVX4  | 0.000 |   3.848 |    3.824 | 
     | uu_dtpath/uu_dec/FE_OFC738_flush_de/Y              |  ^   | uu_dtpath/uu_dec/FE_OFN439_flush_de                | CLKINVX4  | 0.080 |   3.929 |    3.904 | 
     | uu_dtpath/uu_dec/FE_OFC741_flush_de/A              |  ^   | uu_dtpath/uu_dec/FE_OFN439_flush_de                | CLKINVX20 | 0.000 |   3.929 |    3.904 | 
     | uu_dtpath/uu_dec/FE_OFC741_flush_de/Y              |  v   | uu_dtpath/uu_dec/FE_OFN442_flush_de                | CLKINVX20 | 0.099 |   4.028 |    4.003 | 
     | uu_dtpath/uu_dec/g2594/B                           |  v   | uu_dtpath/uu_dec/FE_OFN442_flush_de                | NOR2BX2   | 0.004 |   4.032 |    4.007 | 
     | uu_dtpath/uu_dec/g2594/Y                           |  ^   | uu_dtpath/uu_dec/n_67                              | NOR2BX2   | 0.112 |   4.143 |    4.119 | 
     | uu_dtpath/uu_dec/rd2_ff_reg[20]/D                  |  ^   | uu_dtpath/uu_dec/n_67                              | DFFRHQX1  | 0.000 |   4.143 |    4.119 | 
     +---------------------------------------------------------------------------------------------------------------------------------------------------------+ 
     Clock Rise Edge                      0.000
     + Source Insertion Delay            -0.609
     = Beginpoint Arrival Time           -0.609
     Other End Path:
     +------------------------------------------------------------------------------------------------------+ 
     |                Pin                 | Edge |       Net        |   Cell   | Delay | Arrival | Required | 
     |                                    |      |                  |          |       |  Time   |   Time   | 
     |------------------------------------+------+------------------+----------+-------+---------+----------| 
     | clk                                |  ^   | clk              |          |       |  -0.609 |   -0.584 | 
     | uu_dtpath/CTS_ccl_a_buf_00307/A    |  ^   | clk              | CLKBUFX4 | 0.001 |  -0.607 |   -0.583 | 
     | uu_dtpath/CTS_ccl_a_buf_00307/Y    |  ^   | uu_dtpath/CTS_56 | CLKBUFX4 | 0.086 |  -0.521 |   -0.496 | 
     | uu_dtpath/CTS_ccl_a_buf_00290/A    |  ^   | uu_dtpath/CTS_56 | CLKBUFX4 | 0.000 |  -0.521 |   -0.496 | 
     | uu_dtpath/CTS_ccl_a_buf_00290/Y    |  ^   | uu_dtpath/CTS_55 | CLKBUFX4 | 0.101 |  -0.420 |   -0.395 | 
     | uu_dtpath/CTS_ccl_a_buf_00274/A    |  ^   | uu_dtpath/CTS_55 | CLKBUFX3 | 0.000 |  -0.420 |   -0.395 | 
     | uu_dtpath/CTS_ccl_a_buf_00274/Y    |  ^   | uu_dtpath/CTS_42 | CLKBUFX3 | 0.090 |  -0.329 |   -0.305 | 
     | uu_dtpath/CTS_ccl_a_buf_00253/A    |  ^   | uu_dtpath/CTS_42 | CLKBUFX3 | 0.000 |  -0.329 |   -0.305 | 
     | uu_dtpath/CTS_ccl_a_buf_00253/Y    |  ^   | uu_dtpath/CTS_40 | CLKBUFX3 | 0.090 |  -0.240 |   -0.215 | 
     | uu_dtpath/CTS_ccl_a_buf_00194/A    |  ^   | uu_dtpath/CTS_40 | BUFX2    | 0.000 |  -0.239 |   -0.215 | 
     | uu_dtpath/CTS_ccl_a_buf_00194/Y    |  ^   | uu_dtpath/CTS_29 | BUFX2    | 0.101 |  -0.138 |   -0.114 | 
     | uu_dtpath/CTS_ccl_a_buf_00026/A    |  ^   | uu_dtpath/CTS_29 | CLKBUFX3 | 0.000 |  -0.138 |   -0.114 | 
     | uu_dtpath/CTS_ccl_a_buf_00026/Y    |  ^   | uu_dtpath/CTS_31 | CLKBUFX3 | 0.097 |  -0.041 |   -0.017 | 
     | uu_dtpath/uu_dec/rd2_ff_reg[20]/CK |  ^   | uu_dtpath/CTS_31 | DFFRHQX1 | 0.000 |  -0.041 |   -0.017 | 
     +------------------------------------------------------------------------------------------------------+ 
Path 15: VIOLATED Setup Check with Pin uu_dtpath/uu_fetch/pc_fd_ff_reg[2]/CK 
Endpoint:   uu_dtpath/uu_fetch/pc_fd_ff_reg[2]/D  (^) checked with  leading 
edge of 'clk'
Beginpoint: uu_dtpath/uu_mem/o_resultSrc_reg[1]/Q (v) triggered by  leading 
edge of 'clk'
Path Groups: {clk}
Analysis View: setup
Other End Arrival Time         -0.045
- Setup                         0.147
+ Phase Shift                   4.400
- Uncertainty                   0.100
= Required Time                 4.109
- Arrival Time                  4.133
= Slack Time                   -0.024
     Clock Rise Edge                      0.000
     + Source Insertion Delay            -0.609
     = Beginpoint Arrival Time           -0.609
     Timing Path:
     +---------------------------------------------------------------------------------------------------------------------------------------------------------+ 
     |                        Pin                         | Edge |                        Net                         |   Cell    | Delay | Arrival | Required | 
     |                                                    |      |                                                    |           |       |  Time   |   Time   | 
     |----------------------------------------------------+------+----------------------------------------------------+-----------+-------+---------+----------| 
     | clk                                                |  ^   | clk                                                |           |       |  -0.609 |   -0.633 | 
     | uu_dtpath/CTS_ccl_a_buf_00307/A                    |  ^   | clk                                                | CLKBUFX4  | 0.001 |  -0.607 |   -0.631 | 
     | uu_dtpath/CTS_ccl_a_buf_00307/Y                    |  ^   | uu_dtpath/CTS_56                                   | CLKBUFX4  | 0.086 |  -0.521 |   -0.545 | 
     | uu_dtpath/CTS_ccl_a_buf_00290/A                    |  ^   | uu_dtpath/CTS_56                                   | CLKBUFX4  | 0.000 |  -0.521 |   -0.545 | 
     | uu_dtpath/CTS_ccl_a_buf_00290/Y                    |  ^   | uu_dtpath/CTS_55                                   | CLKBUFX4  | 0.101 |  -0.420 |   -0.444 | 
     | uu_dtpath/CTS_ccl_a_buf_00274/A                    |  ^   | uu_dtpath/CTS_55                                   | CLKBUFX3  | 0.000 |  -0.420 |   -0.444 | 
     | uu_dtpath/CTS_ccl_a_buf_00274/Y                    |  ^   | uu_dtpath/CTS_42                                   | CLKBUFX3  | 0.090 |  -0.329 |   -0.353 | 
     | uu_dtpath/CTS_ccl_a_buf_00253/A                    |  ^   | uu_dtpath/CTS_42                                   | CLKBUFX3  | 0.000 |  -0.329 |   -0.353 | 
     | uu_dtpath/CTS_ccl_a_buf_00253/Y                    |  ^   | uu_dtpath/CTS_40                                   | CLKBUFX3  | 0.090 |  -0.240 |   -0.264 | 
     | uu_dtpath/CTS_ccl_a_buf_00207/A                    |  ^   | uu_dtpath/CTS_40                                   | CLKBUFX3  | 0.000 |  -0.239 |   -0.263 | 
     | uu_dtpath/CTS_ccl_a_buf_00207/Y                    |  ^   | uu_dtpath/CTS_38                                   | CLKBUFX3  | 0.089 |  -0.150 |   -0.174 | 
     | uu_dtpath/CTS_ccl_a_buf_00034/A                    |  ^   | uu_dtpath/CTS_38                                   | CLKBUFX4  | 0.000 |  -0.150 |   -0.174 | 
     | uu_dtpath/CTS_ccl_a_buf_00034/Y                    |  ^   | uu_dtpath/CTS_32                                   | CLKBUFX4  | 0.102 |  -0.049 |   -0.073 | 
     | uu_dtpath/uu_mem/o_resultSrc_reg[1]/CK             |  ^   | uu_dtpath/CTS_32                                   | DFFRHQX4  | 0.000 |  -0.049 |   -0.073 | 
     | uu_dtpath/uu_mem/o_resultSrc_reg[1]/Q              |  v   | uu_dtpath/resultSrc_mw[1]                          | DFFRHQX4  | 0.277 |   0.228 |    0.204 | 
     | uu_dtpath/uu_wb/g1420/B                            |  v   | uu_dtpath/resultSrc_mw[1]                          | NOR2X6    | 0.000 |   0.229 |    0.205 | 
     | uu_dtpath/uu_wb/g1420/Y                            |  ^   | uu_dtpath/uu_wb/n_2                                | NOR2X6    | 0.125 |   0.354 |    0.330 | 
     | uu_dtpath/uu_wb/FE_OFC699_n_2/A                    |  ^   | uu_dtpath/uu_wb/n_2                                | BUFX3     | 0.000 |   0.354 |    0.330 | 
     | uu_dtpath/uu_wb/FE_OFC699_n_2/Y                    |  ^   | uu_dtpath/uu_wb/n_25                               | BUFX3     | 0.201 |   0.556 |    0.532 | 
     | uu_dtpath/uu_wb/g1441/A1                           |  ^   | uu_dtpath/uu_wb/n_25                               | AOI22X2   | 0.001 |   0.556 |    0.532 | 
     | uu_dtpath/uu_wb/g1441/Y                            |  v   | uu_dtpath/uu_wb/n_267                              | AOI22X2   | 0.159 |   0.715 |    0.691 | 
     | uu_dtpath/uu_wb/g1293/B                            |  v   | uu_dtpath/uu_wb/n_267                              | NAND2X1   | 0.000 |   0.715 |    0.691 | 
     | uu_dtpath/uu_wb/g1293/Y                            |  ^   | uu_dtpath/wr_dt_reg[4]                             | NAND2X1   | 0.098 |   0.813 |    0.789 | 
     | uu_dtpath/FE_OFC945_wr_dt_reg_4/A                  |  ^   | uu_dtpath/wr_dt_reg[4]                             | CLKBUFX6  | 0.000 |   0.813 |    0.789 | 
     | uu_dtpath/FE_OFC945_wr_dt_reg_4/Y                  |  ^   | uu_dtpath/FE_OFN233_wr_dt_reg_4                    | CLKBUFX6  | 0.156 |   0.969 |    0.945 | 
     | uu_dtpath/uu_exec/g5895/A                          |  ^   | uu_dtpath/FE_OFN233_wr_dt_reg_4                    | NAND2X4   | 0.000 |   0.969 |    0.945 | 
     | uu_dtpath/uu_exec/g5895/Y                          |  v   | uu_dtpath/uu_exec/n_150                            | NAND2X4   | 0.126 |   1.095 |    1.071 | 
     | uu_dtpath/uu_exec/g5653/A                          |  v   | uu_dtpath/uu_exec/n_150                            | NAND2X6   | 0.000 |   1.095 |    1.071 | 
     | uu_dtpath/uu_exec/g5653/Y                          |  ^   | uu_dtpath/uu_exec/n_350                            | NAND2X6   | 0.060 |   1.154 |    1.130 | 
     | uu_dtpath/uu_exec/g5567/A1                         |  ^   | uu_dtpath/uu_exec/n_350                            | AOI21X2   | 0.000 |   1.155 |    1.131 | 
     | uu_dtpath/uu_exec/g5567/Y                          |  v   | uu_dtpath/uu_exec/n_344                            | AOI21X2   | 0.131 |   1.286 |    1.262 | 
     | uu_dtpath/uu_exec/FE_OFC301_n_344/A                |  v   | uu_dtpath/uu_exec/n_344                            | BUFX12    | 0.000 |   1.286 |    1.262 | 
     | uu_dtpath/uu_exec/FE_OFC301_n_344/Y                |  v   | uu_dtpath/uu_exec/FE_OFN320_n_344                  | BUFX12    | 0.210 |   1.495 |    1.471 | 
     | uu_dtpath/uu_exec/g5565/A                          |  v   | uu_dtpath/uu_exec/FE_OFN320_n_344                  | CLKINVX20 | 0.004 |   1.499 |    1.475 | 
     | uu_dtpath/uu_exec/g5565/Y                          |  ^   | uu_dtpath/uu_exec/alu_srcB_w[4]                    | CLKINVX20 | 0.126 |   1.625 |    1.601 | 
     | uu_dtpath/uu_exec/uu_alu/sll_22_38_g3849/B         |  ^   | uu_dtpath/uu_exec/alu_srcB_w[4]                    | NOR2X6    | 0.002 |   1.627 |    1.603 | 
     | uu_dtpath/uu_exec/uu_alu/sll_22_38_g3849/Y         |  v   | uu_dtpath/uu_exec/uu_alu/sll_22_38_n_79            | NOR2X6    | 0.081 |   1.708 |    1.684 | 
     | uu_dtpath/uu_exec/uu_alu/sll_22_38_g3770/B         |  v   | uu_dtpath/uu_exec/uu_alu/sll_22_38_n_79            | CLKAND2X3 | 0.000 |   1.708 |    1.684 | 
     | uu_dtpath/uu_exec/uu_alu/sll_22_38_g3770/Y         |  v   | uu_dtpath/uu_exec/uu_alu/sll_22_38_n_133           | CLKAND2X3 | 0.101 |   1.809 |    1.785 | 
     | uu_dtpath/uu_exec/uu_alu/FE_OFC772_sll_22_38_n_133 |  v   | uu_dtpath/uu_exec/uu_alu/sll_22_38_n_133           | INVX1     | 0.000 |   1.809 |    1.785 | 
     | /A                                                 |      |                                                    |           |       |         |          | 
     | uu_dtpath/uu_exec/uu_alu/FE_OFC772_sll_22_38_n_133 |  ^   | uu_dtpath/uu_exec/uu_alu/sll_22_38_n_30            | INVX1     | 0.049 |   1.858 |    1.834 | 
     | /Y                                                 |      |                                                    |           |       |         |          | 
     | uu_dtpath/uu_exec/uu_alu/sll_22_38_g3733/B         |  ^   | uu_dtpath/uu_exec/uu_alu/sll_22_38_n_30            | NOR2X4    | 0.000 |   1.858 |    1.834 | 
     | uu_dtpath/uu_exec/uu_alu/sll_22_38_g3733/Y         |  v   | uu_dtpath/uu_exec/uu_alu/sll_22_38_n_172           | NOR2X4    | 0.050 |   1.908 |    1.884 | 
     | uu_dtpath/uu_exec/uu_alu/sll_22_38_g3674/A1        |  v   | uu_dtpath/uu_exec/uu_alu/sll_22_38_n_172           | AOI22X2   | 0.000 |   1.908 |    1.884 | 
     | uu_dtpath/uu_exec/uu_alu/sll_22_38_g3674/Y         |  ^   | uu_dtpath/uu_exec/uu_alu/sll_22_38_n_215           | AOI22X2   | 0.103 |   2.011 |    1.987 | 
     | uu_dtpath/uu_exec/uu_alu/sll_22_38_g3619/B         |  ^   | uu_dtpath/uu_exec/uu_alu/sll_22_38_n_215           | NAND2X1   | 0.000 |   2.011 |    1.987 | 
     | uu_dtpath/uu_exec/uu_alu/sll_22_38_g3619/Y         |  v   | uu_dtpath/uu_exec/uu_alu/sll_22_38_n_263           | NAND2X1   | 0.142 |   2.153 |    2.129 | 
     | uu_dtpath/uu_exec/uu_alu/sll_22_38_g3560/B0        |  v   | uu_dtpath/uu_exec/uu_alu/sll_22_38_n_263           | AOI2BB1X1 | 0.000 |   2.153 |    2.129 | 
     | uu_dtpath/uu_exec/uu_alu/sll_22_38_g3560/Y         |  ^   | uu_dtpath/uu_exec/uu_alu/sll_22_38_n_319           | AOI2BB1X1 | 0.155 |   2.308 |    2.284 | 
     | uu_dtpath/uu_exec/uu_alu/sll_22_38_g3539/B0        |  ^   | uu_dtpath/uu_exec/uu_alu/sll_22_38_n_319           | OAI21X4   | 0.000 |   2.308 |    2.284 | 
     | uu_dtpath/uu_exec/uu_alu/sll_22_38_g3539/Y         |  v   | uu_dtpath/uu_exec/uu_alu/n_639                     | OAI21X4   | 0.116 |   2.424 |    2.400 | 
     | uu_dtpath/uu_exec/uu_alu/g6504/B                   |  v   | uu_dtpath/uu_exec/uu_alu/n_639                     | NAND2BX4  | 0.000 |   2.424 |    2.400 | 
     | uu_dtpath/uu_exec/uu_alu/g6504/Y                   |  ^   | uu_dtpath/uu_exec/uu_alu/n_71                      | NAND2BX4  | 0.064 |   2.488 |    2.464 | 
     | uu_dtpath/uu_exec/uu_alu/g6095/B                   |  ^   | uu_dtpath/uu_exec/uu_alu/n_71                      | NAND2X2   | 0.000 |   2.488 |    2.464 | 
     | uu_dtpath/uu_exec/uu_alu/g6095/Y                   |  v   | uu_dtpath/uu_exec/uu_alu/n_544                     | NAND2X2   | 0.098 |   2.586 |    2.562 | 
     | uu_dtpath/uu_exec/uu_alu/csa_tree_eq_29_30_groupi_ |  v   | uu_dtpath/uu_exec/uu_alu/n_544                     | CLKXOR2X1 | 0.000 |   2.586 |    2.562 | 
     | g707/B                                             |      |                                                    |           |       |         |          | 
     | uu_dtpath/uu_exec/uu_alu/csa_tree_eq_29_30_groupi_ |  ^   | uu_dtpath/uu_exec/uu_alu/csa_tree_eq_29_30_groupi_ | CLKXOR2X1 | 0.170 |   2.756 |    2.732 | 
     | g707/Y                                             |      | n_65                                               |           |       |         |          | 
     | uu_dtpath/uu_exec/uu_alu/FE_RC_8_0/A               |  ^   | uu_dtpath/uu_exec/uu_alu/csa_tree_eq_29_30_groupi_ | XNOR2X1   | 0.000 |   2.756 |    2.732 | 
     |                                                    |      | n_65                                               |           |       |         |          | 
     | uu_dtpath/uu_exec/uu_alu/FE_RC_8_0/Y               |  v   | uu_dtpath/uu_exec/uu_alu/csa_tree_eq_29_30_groupi_ | XNOR2X1   | 0.248 |   3.004 |    2.980 | 
     |                                                    |      | n_93                                               |           |       |         |          | 
     | uu_dtpath/uu_exec/uu_alu/csa_tree_eq_29_30_groupi_ |  v   | uu_dtpath/uu_exec/uu_alu/csa_tree_eq_29_30_groupi_ | NOR2X4    | 0.000 |   3.004 |    2.980 | 
     | g643/B                                             |      | n_93                                               |           |       |         |          | 
     | uu_dtpath/uu_exec/uu_alu/csa_tree_eq_29_30_groupi_ |  ^   | uu_dtpath/uu_exec/uu_alu/csa_tree_eq_29_30_groupi_ | NOR2X4    | 0.106 |   3.110 |    3.086 | 
     | g643/Y                                             |      | n_124                                              |           |       |         |          | 
     | uu_dtpath/uu_exec/uu_alu/csa_tree_eq_29_30_groupi_ |  ^   | uu_dtpath/uu_exec/uu_alu/csa_tree_eq_29_30_groupi_ | NAND2X6   | 0.000 |   3.110 |    3.086 | 
     | g641/B                                             |      | n_124                                              |           |       |         |          | 
     | uu_dtpath/uu_exec/uu_alu/csa_tree_eq_29_30_groupi_ |  v   | uu_dtpath/uu_exec/uu_alu/csa_tree_eq_29_30_groupi_ | NAND2X6   | 0.082 |   3.192 |    3.168 | 
     | g641/Y                                             |      | n_126                                              |           |       |         |          | 
     | uu_dtpath/uu_exec/uu_alu/csa_tree_eq_29_30_groupi_ |  v   | uu_dtpath/uu_exec/uu_alu/csa_tree_eq_29_30_groupi_ | NOR2X6    | 0.000 |   3.192 |    3.168 | 
     | g638/A                                             |      | n_126                                              |           |       |         |          | 
     | uu_dtpath/uu_exec/uu_alu/csa_tree_eq_29_30_groupi_ |  ^   | uu_dtpath/uu_exec/uu_alu/csa_tree_eq_29_30_groupi_ | NOR2X6    | 0.080 |   3.272 |    3.248 | 
     | g638/Y                                             |      | n_129                                              |           |       |         |          | 
     | uu_dtpath/uu_exec/uu_alu/csa_tree_eq_29_30_groupi_ |  ^   | uu_dtpath/uu_exec/uu_alu/csa_tree_eq_29_30_groupi_ | NAND2X8   | 0.000 |   3.272 |    3.248 | 
     | g637/B                                             |      | n_129                                              |           |       |         |          | 
     | uu_dtpath/uu_exec/uu_alu/csa_tree_eq_29_30_groupi_ |  v   | uu_dtpath/uu_exec/uu_alu/csa_tree_eq_29_30_groupi_ | NAND2X8   | 0.068 |   3.340 |    3.316 | 
     | g637/Y                                             |      | n_130                                              |           |       |         |          | 
     | uu_dtpath/uu_exec/uu_alu/csa_tree_eq_29_30_groupi_ |  v   | uu_dtpath/uu_exec/uu_alu/csa_tree_eq_29_30_groupi_ | NOR2X6    | 0.000 |   3.340 |    3.316 | 
     | g634/A                                             |      | n_130                                              |           |       |         |          | 
     | uu_dtpath/uu_exec/uu_alu/csa_tree_eq_29_30_groupi_ |  ^   | uu_dtpath/uu_exec/zero_w                           | NOR2X6    | 0.069 |   3.409 |    3.385 | 
     | g634/Y                                             |      |                                                    |           |       |         |          | 
     | uu_dtpath/uu_exec/FE_RC_5_0/A1                     |  ^   | uu_dtpath/uu_exec/zero_w                           | OAI21X2   | 0.000 |   3.409 |    3.385 | 
     | uu_dtpath/uu_exec/FE_RC_5_0/Y                      |  v   | uu_dtpath/uu_exec/n_1                              | OAI21X2   | 0.096 |   3.505 |    3.481 | 
     | uu_dtpath/uu_exec/g3928/B                          |  v   | uu_dtpath/uu_exec/n_1                              | NAND2X4   | 0.000 |   3.505 |    3.481 | 
     | uu_dtpath/uu_exec/g3928/Y                          |  ^   | uu_dtpath/uu_exec/n_2                              | NAND2X4   | 0.069 |   3.574 |    3.550 | 
     | uu_dtpath/uu_exec/g3927/B                          |  ^   | uu_dtpath/uu_exec/n_2                              | NAND2X6   | 0.000 |   3.574 |    3.550 | 
     | uu_dtpath/uu_exec/g3927/Y                          |  v   | uu_dtpath/pc_src                                   | NAND2X6   | 0.072 |   3.646 |    3.622 | 
     | uu_dtpath/uu_fetch/g6098/A                         |  v   | uu_dtpath/pc_src                                   | INVX3     | 0.000 |   3.646 |    3.622 | 
     | uu_dtpath/uu_fetch/g6098/Y                         |  ^   | uu_dtpath/uu_fetch/n_95                            | INVX3     | 0.064 |   3.711 |    3.687 | 
     | uu_dtpath/uu_fetch/g6042/B                         |  ^   | uu_dtpath/uu_fetch/n_95                            | AND2X6    | 0.000 |   3.711 |    3.687 | 
     | uu_dtpath/uu_fetch/g6042/Y                         |  ^   | uu_dtpath/uu_fetch/n_127                           | AND2X6    | 0.233 |   3.944 |    3.920 | 
     | uu_dtpath/uu_fetch/g5904/A1N                       |  ^   | uu_dtpath/uu_fetch/n_127                           | OAI2BB2X1 | 0.000 |   3.944 |    3.920 | 
     | uu_dtpath/uu_fetch/g5904/Y                         |  ^   | uu_dtpath/uu_fetch/n_251                           | OAI2BB2X1 | 0.189 |   4.133 |    4.109 | 
     | uu_dtpath/uu_fetch/pc_fd_ff_reg[2]/D               |  ^   | uu_dtpath/uu_fetch/n_251                           | DFFRHQX1  | 0.000 |   4.133 |    4.109 | 
     +---------------------------------------------------------------------------------------------------------------------------------------------------------+ 
     Clock Rise Edge                      0.000
     + Source Insertion Delay            -0.609
     = Beginpoint Arrival Time           -0.609
     Other End Path:
     +----------------------------------------------------------------------------------------------------------+ 
     |                  Pin                  | Edge |        Net        |   Cell   | Delay | Arrival | Required | 
     |                                       |      |                   |          |       |  Time   |   Time   | 
     |---------------------------------------+------+-------------------+----------+-------+---------+----------| 
     | clk                                   |  ^   | clk               |          |       |  -0.609 |   -0.585 | 
     | uu_dtpath/CTS_ccl_a_buf_00308/A       |  ^   | clk               | CLKBUFX3 | 0.001 |  -0.607 |   -0.583 | 
     | uu_dtpath/CTS_ccl_a_buf_00308/Y       |  ^   | uu_dtpath/CTS_113 | CLKBUFX3 | 0.074 |  -0.534 |   -0.510 | 
     | uu_dtpath/CTS_ccl_a_buf_00304/A       |  ^   | uu_dtpath/CTS_113 | CLKBUFX4 | 0.000 |  -0.534 |   -0.510 | 
     | uu_dtpath/CTS_ccl_a_buf_00304/Y       |  ^   | uu_dtpath/CTS_112 | CLKBUFX4 | 0.102 |  -0.431 |   -0.407 | 
     | uu_dtpath/CTS_ccl_a_buf_00291/A       |  ^   | uu_dtpath/CTS_112 | CLKBUFX4 | 0.000 |  -0.431 |   -0.407 | 
     | uu_dtpath/CTS_ccl_a_buf_00291/Y       |  ^   | uu_dtpath/CTS_108 | CLKBUFX4 | 0.100 |  -0.331 |   -0.307 | 
     | uu_dtpath/CTS_ccl_a_buf_00256/A       |  ^   | uu_dtpath/CTS_108 | BUFX2    | 0.000 |  -0.331 |   -0.307 | 
     | uu_dtpath/CTS_ccl_a_buf_00256/Y       |  ^   | uu_dtpath/CTS_99  | BUFX2    | 0.100 |  -0.231 |   -0.207 | 
     | uu_dtpath/CTS_ccl_a_buf_00210/A       |  ^   | uu_dtpath/CTS_99  | CLKBUFX3 | 0.000 |  -0.231 |   -0.207 | 
     | uu_dtpath/CTS_ccl_a_buf_00210/Y       |  ^   | uu_dtpath/CTS_98  | CLKBUFX3 | 0.095 |  -0.137 |   -0.113 | 
     | uu_dtpath/CTS_ccl_a_buf_00017/A       |  ^   | uu_dtpath/CTS_98  | CLKBUFX3 | 0.000 |  -0.136 |   -0.112 | 
     | uu_dtpath/CTS_ccl_a_buf_00017/Y       |  ^   | uu_dtpath/CTS_94  | CLKBUFX3 | 0.091 |  -0.045 |   -0.021 | 
     | uu_dtpath/uu_fetch/pc_fd_ff_reg[2]/CK |  ^   | uu_dtpath/CTS_94  | DFFRHQX1 | 0.000 |  -0.045 |   -0.021 | 
     +----------------------------------------------------------------------------------------------------------+ 
Path 16: VIOLATED Setup Check with Pin uu_dtpath/uu_exec/aluResult_ff_reg[28]/
CK 
Endpoint:   uu_dtpath/uu_exec/aluResult_ff_reg[28]/D (^) checked with  leading 
edge of 'clk'
Beginpoint: uu_dtpath/uu_mem/o_resultSrc_reg[1]/Q    (^) triggered by  leading 
edge of 'clk'
Path Groups: {clk}
Analysis View: setup
Other End Arrival Time         -0.024
- Setup                         0.180
+ Phase Shift                   4.400
- Uncertainty                   0.100
= Required Time                 4.096
- Arrival Time                  4.120
= Slack Time                   -0.024
     Clock Rise Edge                      0.000
     + Source Insertion Delay            -0.609
     = Beginpoint Arrival Time           -0.609
     Timing Path:
     +---------------------------------------------------------------------------------------------------------------------------------------------------------+ 
     |                        Pin                         | Edge |                        Net                         |   Cell    | Delay | Arrival | Required | 
     |                                                    |      |                                                    |           |       |  Time   |   Time   | 
     |----------------------------------------------------+------+----------------------------------------------------+-----------+-------+---------+----------| 
     | clk                                                |  ^   | clk                                                |           |       |  -0.609 |   -0.632 | 
     | uu_dtpath/CTS_ccl_a_buf_00307/A                    |  ^   | clk                                                | CLKBUFX4  | 0.001 |  -0.607 |   -0.631 | 
     | uu_dtpath/CTS_ccl_a_buf_00307/Y                    |  ^   | uu_dtpath/CTS_56                                   | CLKBUFX4  | 0.086 |  -0.521 |   -0.545 | 
     | uu_dtpath/CTS_ccl_a_buf_00290/A                    |  ^   | uu_dtpath/CTS_56                                   | CLKBUFX4  | 0.000 |  -0.521 |   -0.545 | 
     | uu_dtpath/CTS_ccl_a_buf_00290/Y                    |  ^   | uu_dtpath/CTS_55                                   | CLKBUFX4  | 0.101 |  -0.420 |   -0.444 | 
     | uu_dtpath/CTS_ccl_a_buf_00274/A                    |  ^   | uu_dtpath/CTS_55                                   | CLKBUFX3  | 0.000 |  -0.420 |   -0.443 | 
     | uu_dtpath/CTS_ccl_a_buf_00274/Y                    |  ^   | uu_dtpath/CTS_42                                   | CLKBUFX3  | 0.090 |  -0.329 |   -0.353 | 
     | uu_dtpath/CTS_ccl_a_buf_00253/A                    |  ^   | uu_dtpath/CTS_42                                   | CLKBUFX3  | 0.000 |  -0.329 |   -0.353 | 
     | uu_dtpath/CTS_ccl_a_buf_00253/Y                    |  ^   | uu_dtpath/CTS_40                                   | CLKBUFX3  | 0.090 |  -0.240 |   -0.263 | 
     | uu_dtpath/CTS_ccl_a_buf_00207/A                    |  ^   | uu_dtpath/CTS_40                                   | CLKBUFX3  | 0.000 |  -0.239 |   -0.263 | 
     | uu_dtpath/CTS_ccl_a_buf_00207/Y                    |  ^   | uu_dtpath/CTS_38                                   | CLKBUFX3  | 0.089 |  -0.150 |   -0.174 | 
     | uu_dtpath/CTS_ccl_a_buf_00034/A                    |  ^   | uu_dtpath/CTS_38                                   | CLKBUFX4  | 0.000 |  -0.150 |   -0.174 | 
     | uu_dtpath/CTS_ccl_a_buf_00034/Y                    |  ^   | uu_dtpath/CTS_32                                   | CLKBUFX4  | 0.102 |  -0.049 |   -0.073 | 
     | uu_dtpath/uu_mem/o_resultSrc_reg[1]/CK             |  ^   | uu_dtpath/CTS_32                                   | DFFRHQX4  | 0.000 |  -0.049 |   -0.073 | 
     | uu_dtpath/uu_mem/o_resultSrc_reg[1]/Q              |  ^   | uu_dtpath/resultSrc_mw[1]                          | DFFRHQX4  | 0.305 |   0.257 |    0.233 | 
     | uu_dtpath/uu_wb/g1420/B                            |  ^   | uu_dtpath/resultSrc_mw[1]                          | NOR2X6    | 0.000 |   0.257 |    0.233 | 
     | uu_dtpath/uu_wb/g1420/Y                            |  v   | uu_dtpath/uu_wb/n_2                                | NOR2X6    | 0.091 |   0.347 |    0.323 | 
     | uu_dtpath/uu_wb/FE_OFC699_n_2/A                    |  v   | uu_dtpath/uu_wb/n_2                                | BUFX3     | 0.000 |   0.348 |    0.324 | 
     | uu_dtpath/uu_wb/FE_OFC699_n_2/Y                    |  v   | uu_dtpath/uu_wb/n_25                               | BUFX3     | 0.180 |   0.527 |    0.504 | 
     | uu_dtpath/uu_wb/g1332/A1                           |  v   | uu_dtpath/uu_wb/n_25                               | AOI22X1   | 0.001 |   0.528 |    0.504 | 
     | uu_dtpath/uu_wb/g1332/Y                            |  ^   | uu_dtpath/uu_wb/n_82                               | AOI22X1   | 0.163 |   0.691 |    0.667 | 
     | uu_dtpath/uu_wb/g1292/B                            |  ^   | uu_dtpath/uu_wb/n_82                               | NAND2X1   | 0.000 |   0.691 |    0.667 | 
     | uu_dtpath/uu_wb/g1292/Y                            |  v   | uu_dtpath/wr_dt_reg[5]                             | NAND2X1   | 0.151 |   0.842 |    0.818 | 
     | uu_dtpath/FE_OFC207_wr_dt_reg_5/A                  |  v   | uu_dtpath/wr_dt_reg[5]                             | CLKBUFX8  | 0.000 |   0.842 |    0.818 | 
     | uu_dtpath/FE_OFC207_wr_dt_reg_5/Y                  |  v   | uu_dtpath/FE_OFN226_wr_dt_reg_5                    | CLKBUFX8  | 0.215 |   1.057 |    1.033 | 
     | uu_dtpath/uu_exec/g5982/A                          |  v   | uu_dtpath/FE_OFN226_wr_dt_reg_5                    | INVX1     | 0.001 |   1.058 |    1.034 | 
     | uu_dtpath/uu_exec/g5982/Y                          |  ^   | uu_dtpath/uu_exec/n_75                             | INVX1     | 0.127 |   1.185 |    1.161 | 
     | uu_dtpath/uu_exec/g6182/B0                         |  ^   | uu_dtpath/uu_exec/n_75                             | OAI2BB2X4 | 0.000 |   1.185 |    1.161 | 
     | uu_dtpath/uu_exec/g6182/Y                          |  v   | uu_dtpath/uu_exec/n_672                            | OAI2BB2X4 | 0.124 |   1.309 |    1.285 | 
     | uu_dtpath/uu_exec/g5707/B0                         |  v   | uu_dtpath/uu_exec/n_672                            | AOI21X2   | 0.000 |   1.309 |    1.285 | 
     | uu_dtpath/uu_exec/g5707/Y                          |  ^   | uu_dtpath/uu_exec/n_306                            | AOI21X2   | 0.141 |   1.450 |    1.427 | 
     | uu_dtpath/uu_exec/g5601/B1                         |  ^   | uu_dtpath/uu_exec/n_306                            | OAI2BB2XL | 0.000 |   1.450 |    1.427 | 
     | uu_dtpath/uu_exec/g5601/Y                          |  v   | uu_dtpath/uu_exec/alu_srcB_w[5]                    | OAI2BB2XL | 0.185 |   1.635 |    1.612 | 
     | uu_dtpath/uu_exec/uu_alu/FE_OFC855_alu_srcB_w_5/A  |  v   | uu_dtpath/uu_exec/alu_srcB_w[5]                    | BUFX2     | 0.000 |   1.635 |    1.612 | 
     | uu_dtpath/uu_exec/uu_alu/FE_OFC855_alu_srcB_w_5/Y  |  v   | uu_dtpath/uu_exec/uu_alu/lt_20_49_n_29             | BUFX2     | 0.198 |   1.833 |    1.810 | 
     | uu_dtpath/uu_exec/uu_alu/FE_OFC856_alu_srcB_w_5/A  |  v   | uu_dtpath/uu_exec/uu_alu/lt_20_49_n_29             | INVX1     | 0.000 |   1.833 |    1.810 | 
     | uu_dtpath/uu_exec/uu_alu/FE_OFC856_alu_srcB_w_5/Y  |  ^   | uu_dtpath/uu_exec/uu_alu/FE_OFN710_alu_srcB_w_5    | INVX1     | 0.095 |   1.929 |    1.905 | 
     | uu_dtpath/uu_exec/uu_alu/lt_20_49_g880/B           |  ^   | uu_dtpath/uu_exec/uu_alu/FE_OFN710_alu_srcB_w_5    | NOR2X2    | 0.000 |   1.929 |    1.905 | 
     | uu_dtpath/uu_exec/uu_alu/lt_20_49_g880/Y           |  v   | uu_dtpath/uu_exec/uu_alu/lt_20_49_n_57             | NOR2X2    | 0.054 |   1.983 |    1.959 | 
     | uu_dtpath/uu_exec/uu_alu/lt_20_49_g826/B           |  v   | uu_dtpath/uu_exec/uu_alu/lt_20_49_n_57             | NOR2X1    | 0.000 |   1.983 |    1.959 | 
     | uu_dtpath/uu_exec/uu_alu/lt_20_49_g826/Y           |  ^   | uu_dtpath/uu_exec/uu_alu/lt_20_49_n_84             | NOR2X1    | 0.063 |   2.046 |    2.022 | 
     | uu_dtpath/uu_exec/uu_alu/lt_20_49_g808/A           |  ^   | uu_dtpath/uu_exec/uu_alu/lt_20_49_n_84             | CLKAND2X3 | 0.000 |   2.046 |    2.022 | 
     | uu_dtpath/uu_exec/uu_alu/lt_20_49_g808/Y           |  ^   | uu_dtpath/uu_exec/uu_alu/lt_20_49_n_101            | CLKAND2X3 | 0.114 |   2.161 |    2.137 | 
     | uu_dtpath/uu_exec/uu_alu/g6772/B0                  |  ^   | uu_dtpath/uu_exec/uu_alu/lt_20_49_n_101            | OAI2BB1X4 | 0.000 |   2.161 |    2.137 | 
     | uu_dtpath/uu_exec/uu_alu/g6772/Y                   |  v   | uu_dtpath/uu_exec/uu_alu/n_923                     | OAI2BB1X4 | 0.072 |   2.232 |    2.208 | 
     | uu_dtpath/uu_exec/uu_alu/lt_20_49_g773/B           |  v   | uu_dtpath/uu_exec/uu_alu/n_923                     | NAND2X4   | 0.000 |   2.232 |    2.208 | 
     | uu_dtpath/uu_exec/uu_alu/lt_20_49_g773/Y           |  ^   | uu_dtpath/uu_exec/uu_alu/lt_20_49_n_138            | NAND2X4   | 0.053 |   2.285 |    2.261 | 
     | uu_dtpath/uu_exec/uu_alu/lt_20_49_g772/B           |  ^   | uu_dtpath/uu_exec/uu_alu/lt_20_49_n_138            | NAND2X4   | 0.000 |   2.285 |    2.261 | 
     | uu_dtpath/uu_exec/uu_alu/lt_20_49_g772/Y           |  v   | uu_dtpath/uu_exec/uu_alu/lt_20_49_n_139            | NAND2X4   | 0.127 |   2.412 |    2.388 | 
     | uu_dtpath/uu_exec/uu_alu/lt_20_49_g770/A1          |  v   | uu_dtpath/uu_exec/uu_alu/lt_20_49_n_139            | AOI21X4   | 0.000 |   2.412 |    2.388 | 
     | uu_dtpath/uu_exec/uu_alu/lt_20_49_g770/Y           |  ^   | uu_dtpath/uu_exec/uu_alu/lt_20_49_n_141            | AOI21X4   | 0.120 |   2.532 |    2.509 | 
     | uu_dtpath/uu_exec/uu_alu/lt_20_49_g769/A           |  ^   | uu_dtpath/uu_exec/uu_alu/lt_20_49_n_141            | NOR2X2    | 0.000 |   2.532 |    2.509 | 
     | uu_dtpath/uu_exec/uu_alu/lt_20_49_g769/Y           |  v   | uu_dtpath/uu_exec/uu_alu/n_641                     | NOR2X2    | 0.052 |   2.585 |    2.561 | 
     | uu_dtpath/uu_exec/uu_alu/g6270/B1                  |  v   | uu_dtpath/uu_exec/uu_alu/n_641                     | AO22X4    | 0.000 |   2.585 |    2.561 | 
     | uu_dtpath/uu_exec/uu_alu/g6270/Y                   |  v   | uu_dtpath/uu_exec/uu_alu/n_280                     | AO22X4    | 0.173 |   2.758 |    2.734 | 
     | uu_dtpath/uu_exec/uu_alu/g6099/B                   |  v   | uu_dtpath/uu_exec/uu_alu/n_280                     | NOR2X6    | 0.000 |   2.758 |    2.734 | 
     | uu_dtpath/uu_exec/uu_alu/g6099/Y                   |  ^   | uu_dtpath/uu_exec/uu_alu/n_418                     | NOR2X6    | 0.057 |   2.814 |    2.790 | 
     | uu_dtpath/uu_exec/uu_alu/g6094/B                   |  ^   | uu_dtpath/uu_exec/uu_alu/n_418                     | NAND2X6   | 0.000 |   2.814 |    2.790 | 
     | uu_dtpath/uu_exec/uu_alu/g6094/Y                   |  v   | uu_dtpath/uu_exec/uu_alu/n_514                     | NAND2X6   | 0.074 |   2.888 |    2.864 | 
     | uu_dtpath/uu_exec/uu_alu/final_adder_mux_o_result_ |  v   | uu_dtpath/uu_exec/uu_alu/n_514                     | NAND2X1   | 0.000 |   2.888 |    2.864 | 
     | 14_13_g1160/B                                      |      |                                                    |           |       |         |          | 
     | uu_dtpath/uu_exec/uu_alu/final_adder_mux_o_result_ |  ^   | uu_dtpath/uu_exec/uu_alu/final_adder_mux_o_result_ | NAND2X1   | 0.081 |   2.969 |    2.945 | 
     | 14_13_g1160/Y                                      |      | 14_13_n_8                                          |           |       |         |          | 
     | uu_dtpath/uu_exec/uu_alu/final_adder_mux_o_result_ |  ^   | uu_dtpath/uu_exec/uu_alu/final_adder_mux_o_result_ | OAI21X2   | 0.000 |   2.969 |    2.945 | 
     | 14_13_g1012/A1                                     |      | 14_13_n_8                                          |           |       |         |          | 
     | uu_dtpath/uu_exec/uu_alu/final_adder_mux_o_result_ |  v   | uu_dtpath/uu_exec/uu_alu/final_adder_mux_o_result_ | OAI21X2   | 0.112 |   3.082 |    3.058 | 
     | 14_13_g1012/Y                                      |      | 14_13_n_162                                        |           |       |         |          | 
     | uu_dtpath/uu_exec/uu_alu/final_adder_mux_o_result_ |  v   | uu_dtpath/uu_exec/uu_alu/final_adder_mux_o_result_ | NOR2BX1   | 0.000 |   3.082 |    3.058 | 
     | 14_13_g1166/AN                                     |      | 14_13_n_162                                        |           |       |         |          | 
     | uu_dtpath/uu_exec/uu_alu/final_adder_mux_o_result_ |  v   | uu_dtpath/uu_exec/uu_alu/final_adder_mux_o_result_ | NOR2BX1   | 0.110 |   3.191 |    3.167 | 
     | 14_13_g1166/Y                                      |      | 14_13_n_1                                          |           |       |         |          | 
     | uu_dtpath/uu_exec/uu_alu/final_adder_mux_o_result_ |  v   | uu_dtpath/uu_exec/uu_alu/final_adder_mux_o_result_ | NOR2X2    | 0.000 |   3.191 |    3.167 | 
     | 14_13_g977/B                                       |      | 14_13_n_1                                          |           |       |         |          | 
     | uu_dtpath/uu_exec/uu_alu/final_adder_mux_o_result_ |  ^   | uu_dtpath/uu_exec/uu_alu/final_adder_mux_o_result_ | NOR2X2    | 0.113 |   3.305 |    3.281 | 
     | 14_13_g977/Y                                       |      | 14_13_n_187                                        |           |       |         |          | 
     | uu_dtpath/uu_exec/uu_alu/final_adder_mux_o_result_ |  ^   | uu_dtpath/uu_exec/uu_alu/final_adder_mux_o_result_ | NOR2X2    | 0.000 |   3.305 |    3.281 | 
     | 14_13_g969/B                                       |      | 14_13_n_187                                        |           |       |         |          | 
     | uu_dtpath/uu_exec/uu_alu/final_adder_mux_o_result_ |  v   | uu_dtpath/uu_exec/uu_alu/final_adder_mux_o_result_ | NOR2X2    | 0.111 |   3.416 |    3.392 | 
     | 14_13_g969/Y                                       |      | 14_13_n_195                                        |           |       |         |          | 
     | uu_dtpath/uu_exec/uu_alu/final_adder_mux_o_result_ |  v   | uu_dtpath/uu_exec/uu_alu/final_adder_mux_o_result_ | NOR2X6    | 0.000 |   3.416 |    3.392 | 
     | 14_13_g961/B                                       |      | 14_13_n_195                                        |           |       |         |          | 
     | uu_dtpath/uu_exec/uu_alu/final_adder_mux_o_result_ |  ^   | uu_dtpath/uu_exec/uu_alu/final_adder_mux_o_result_ | NOR2X6    | 0.084 |   3.500 |    3.476 | 
     | 14_13_g961/Y                                       |      | 14_13_n_204                                        |           |       |         |          | 
     | uu_dtpath/uu_exec/uu_alu/final_adder_mux_o_result_ |  ^   | uu_dtpath/uu_exec/uu_alu/final_adder_mux_o_result_ | NOR2X4    | 0.000 |   3.500 |    3.476 | 
     | 14_13_g959/B                                       |      | 14_13_n_204                                        |           |       |         |          | 
     | uu_dtpath/uu_exec/uu_alu/final_adder_mux_o_result_ |  v   | uu_dtpath/uu_exec/uu_alu/final_adder_mux_o_result_ | NOR2X4    | 0.062 |   3.562 |    3.538 | 
     | 14_13_g959/Y                                       |      | 14_13_n_205                                        |           |       |         |          | 
     | uu_dtpath/uu_exec/uu_alu/final_adder_mux_o_result_ |  v   | uu_dtpath/uu_exec/uu_alu/final_adder_mux_o_result_ | OR2X8     | 0.000 |   3.562 |    3.538 | 
     | 14_13_g2/B                                         |      | 14_13_n_205                                        |           |       |         |          | 
     | uu_dtpath/uu_exec/uu_alu/final_adder_mux_o_result_ |  v   | uu_dtpath/uu_exec/uu_alu/final_adder_mux_o_result_ | OR2X8     | 0.193 |   3.755 |    3.731 | 
     | 14_13_g2/Y                                         |      | 14_13_n_2                                          |           |       |         |          | 
     | uu_dtpath/uu_exec/uu_alu/final_adder_mux_o_result_ |  v   | uu_dtpath/uu_exec/uu_alu/final_adder_mux_o_result_ | AOI21X1   | 0.003 |   3.757 |    3.733 | 
     | 14_13_g943/A1                                      |      | 14_13_n_2                                          |           |       |         |          | 
     | uu_dtpath/uu_exec/uu_alu/final_adder_mux_o_result_ |  ^   | uu_dtpath/uu_exec/uu_alu/final_adder_mux_o_result_ | AOI21X1   | 0.129 |   3.886 |    3.862 | 
     | 14_13_g943/Y                                       |      | 14_13_n_219                                        |           |       |         |          | 
     | uu_dtpath/uu_exec/uu_alu/final_adder_mux_o_result_ |  ^   | uu_dtpath/uu_exec/uu_alu/final_adder_mux_o_result_ | CLKXOR2X1 | 0.000 |   3.886 |    3.862 | 
     | 14_13_g921/B                                       |      | 14_13_n_219                                        |           |       |         |          | 
     | uu_dtpath/uu_exec/uu_alu/final_adder_mux_o_result_ |  ^   | uu_dtpath/uu_exec/aluResult_w[28]                  | CLKXOR2X1 | 0.233 |   4.119 |    4.096 | 
     | 14_13_g921/Y                                       |      |                                                    |           |       |         |          | 
     | uu_dtpath/uu_exec/aluResult_ff_reg[28]/D           |  ^   | uu_dtpath/uu_exec/aluResult_w[28]                  | DFFRX1    | 0.000 |   4.120 |    4.096 | 
     +---------------------------------------------------------------------------------------------------------------------------------------------------------+ 
     Clock Rise Edge                      0.000
     + Source Insertion Delay            -0.609
     = Beginpoint Arrival Time           -0.609
     Other End Path:
     +-------------------------------------------------------------------------------------------------------------+ 
     |                    Pin                    | Edge |       Net        |   Cell   | Delay | Arrival | Required | 
     |                                           |      |                  |          |       |  Time   |   Time   | 
     |-------------------------------------------+------+------------------+----------+-------+---------+----------| 
     | clk                                       |  ^   | clk              |          |       |  -0.609 |   -0.585 | 
     | uu_dtpath/CTS_ccl_a_buf_00307/A           |  ^   | clk              | CLKBUFX4 | 0.001 |  -0.607 |   -0.584 | 
     | uu_dtpath/CTS_ccl_a_buf_00307/Y           |  ^   | uu_dtpath/CTS_56 | CLKBUFX4 | 0.086 |  -0.521 |   -0.497 | 
     | uu_dtpath/CTS_ccl_a_buf_00290/A           |  ^   | uu_dtpath/CTS_56 | CLKBUFX4 | 0.000 |  -0.521 |   -0.497 | 
     | uu_dtpath/CTS_ccl_a_buf_00290/Y           |  ^   | uu_dtpath/CTS_55 | CLKBUFX4 | 0.101 |  -0.420 |   -0.396 | 
     | uu_dtpath/CTS_ccl_a_buf_00276/A           |  ^   | uu_dtpath/CTS_55 | CLKBUFX4 | 0.000 |  -0.420 |   -0.396 | 
     | uu_dtpath/CTS_ccl_a_buf_00276/Y           |  ^   | uu_dtpath/CTS_54 | CLKBUFX4 | 0.097 |  -0.322 |   -0.299 | 
     | uu_dtpath/CTS_ccl_a_buf_00247/A           |  ^   | uu_dtpath/CTS_54 | BUFX2    | 0.000 |  -0.322 |   -0.298 | 
     | uu_dtpath/CTS_ccl_a_buf_00247/Y           |  ^   | uu_dtpath/CTS_49 | BUFX2    | 0.098 |  -0.224 |   -0.200 | 
     | uu_dtpath/CTS_ccl_a_buf_00191/A           |  ^   | uu_dtpath/CTS_49 | BUFX2    | 0.000 |  -0.224 |   -0.200 | 
     | uu_dtpath/CTS_ccl_a_buf_00191/Y           |  ^   | uu_dtpath/CTS_39 | BUFX2    | 0.098 |  -0.126 |   -0.103 | 
     | uu_dtpath/CTS_ccl_a_buf_00020/A           |  ^   | uu_dtpath/CTS_39 | CLKBUFX4 | 0.000 |  -0.126 |   -0.103 | 
     | uu_dtpath/CTS_ccl_a_buf_00020/Y           |  ^   | uu_dtpath/CTS_41 | CLKBUFX4 | 0.102 |  -0.024 |   -0.000 | 
     | uu_dtpath/uu_exec/aluResult_ff_reg[28]/CK |  ^   | uu_dtpath/CTS_41 | DFFRX1   | 0.000 |  -0.024 |   -0.000 | 
     +-------------------------------------------------------------------------------------------------------------+ 
Path 17: VIOLATED Setup Check with Pin uu_dtpath/uu_dec/o_pc_reg[27]/CK 
Endpoint:   uu_dtpath/uu_dec/o_pc_reg[27]/D       (^) checked with  leading 
edge of 'clk'
Beginpoint: uu_dtpath/uu_mem/o_resultSrc_reg[1]/Q (v) triggered by  leading 
edge of 'clk'
Path Groups: {clk}
Analysis View: setup
Other End Arrival Time         -0.030
- Setup                         0.142
+ Phase Shift                   4.400
- Uncertainty                   0.100
= Required Time                 4.128
- Arrival Time                  4.152
= Slack Time                   -0.024
     Clock Rise Edge                      0.000
     + Source Insertion Delay            -0.609
     = Beginpoint Arrival Time           -0.609
     Timing Path:
     +---------------------------------------------------------------------------------------------------------------------------------------------------------+ 
     |                        Pin                         | Edge |                        Net                         |   Cell    | Delay | Arrival | Required | 
     |                                                    |      |                                                    |           |       |  Time   |   Time   | 
     |----------------------------------------------------+------+----------------------------------------------------+-----------+-------+---------+----------| 
     | clk                                                |  ^   | clk                                                |           |       |  -0.609 |   -0.632 | 
     | uu_dtpath/CTS_ccl_a_buf_00307/A                    |  ^   | clk                                                | CLKBUFX4  | 0.001 |  -0.607 |   -0.631 | 
     | uu_dtpath/CTS_ccl_a_buf_00307/Y                    |  ^   | uu_dtpath/CTS_56                                   | CLKBUFX4  | 0.086 |  -0.521 |   -0.545 | 
     | uu_dtpath/CTS_ccl_a_buf_00290/A                    |  ^   | uu_dtpath/CTS_56                                   | CLKBUFX4  | 0.000 |  -0.521 |   -0.545 | 
     | uu_dtpath/CTS_ccl_a_buf_00290/Y                    |  ^   | uu_dtpath/CTS_55                                   | CLKBUFX4  | 0.101 |  -0.420 |   -0.444 | 
     | uu_dtpath/CTS_ccl_a_buf_00274/A                    |  ^   | uu_dtpath/CTS_55                                   | CLKBUFX3  | 0.000 |  -0.420 |   -0.443 | 
     | uu_dtpath/CTS_ccl_a_buf_00274/Y                    |  ^   | uu_dtpath/CTS_42                                   | CLKBUFX3  | 0.090 |  -0.329 |   -0.353 | 
     | uu_dtpath/CTS_ccl_a_buf_00253/A                    |  ^   | uu_dtpath/CTS_42                                   | CLKBUFX3  | 0.000 |  -0.329 |   -0.353 | 
     | uu_dtpath/CTS_ccl_a_buf_00253/Y                    |  ^   | uu_dtpath/CTS_40                                   | CLKBUFX3  | 0.090 |  -0.240 |   -0.263 | 
     | uu_dtpath/CTS_ccl_a_buf_00207/A                    |  ^   | uu_dtpath/CTS_40                                   | CLKBUFX3  | 0.000 |  -0.239 |   -0.263 | 
     | uu_dtpath/CTS_ccl_a_buf_00207/Y                    |  ^   | uu_dtpath/CTS_38                                   | CLKBUFX3  | 0.089 |  -0.150 |   -0.174 | 
     | uu_dtpath/CTS_ccl_a_buf_00034/A                    |  ^   | uu_dtpath/CTS_38                                   | CLKBUFX4  | 0.000 |  -0.150 |   -0.174 | 
     | uu_dtpath/CTS_ccl_a_buf_00034/Y                    |  ^   | uu_dtpath/CTS_32                                   | CLKBUFX4  | 0.102 |  -0.049 |   -0.073 | 
     | uu_dtpath/uu_mem/o_resultSrc_reg[1]/CK             |  ^   | uu_dtpath/CTS_32                                   | DFFRHQX4  | 0.000 |  -0.049 |   -0.073 | 
     | uu_dtpath/uu_mem/o_resultSrc_reg[1]/Q              |  v   | uu_dtpath/resultSrc_mw[1]                          | DFFRHQX4  | 0.277 |   0.228 |    0.205 | 
     | uu_dtpath/uu_wb/g1420/B                            |  v   | uu_dtpath/resultSrc_mw[1]                          | NOR2X6    | 0.000 |   0.229 |    0.205 | 
     | uu_dtpath/uu_wb/g1420/Y                            |  ^   | uu_dtpath/uu_wb/n_2                                | NOR2X6    | 0.125 |   0.354 |    0.330 | 
     | uu_dtpath/uu_wb/FE_OFC699_n_2/A                    |  ^   | uu_dtpath/uu_wb/n_2                                | BUFX3     | 0.000 |   0.354 |    0.331 | 
     | uu_dtpath/uu_wb/FE_OFC699_n_2/Y                    |  ^   | uu_dtpath/uu_wb/n_25                               | BUFX3     | 0.201 |   0.556 |    0.532 | 
     | uu_dtpath/uu_wb/g1441/A1                           |  ^   | uu_dtpath/uu_wb/n_25                               | AOI22X2   | 0.001 |   0.556 |    0.532 | 
     | uu_dtpath/uu_wb/g1441/Y                            |  v   | uu_dtpath/uu_wb/n_267                              | AOI22X2   | 0.159 |   0.715 |    0.691 | 
     | uu_dtpath/uu_wb/g1293/B                            |  v   | uu_dtpath/uu_wb/n_267                              | NAND2X1   | 0.000 |   0.715 |    0.691 | 
     | uu_dtpath/uu_wb/g1293/Y                            |  ^   | uu_dtpath/wr_dt_reg[4]                             | NAND2X1   | 0.098 |   0.813 |    0.789 | 
     | uu_dtpath/FE_OFC945_wr_dt_reg_4/A                  |  ^   | uu_dtpath/wr_dt_reg[4]                             | CLKBUFX6  | 0.000 |   0.813 |    0.789 | 
     | uu_dtpath/FE_OFC945_wr_dt_reg_4/Y                  |  ^   | uu_dtpath/FE_OFN233_wr_dt_reg_4                    | CLKBUFX6  | 0.156 |   0.969 |    0.945 | 
     | uu_dtpath/uu_exec/g5895/A                          |  ^   | uu_dtpath/FE_OFN233_wr_dt_reg_4                    | NAND2X4   | 0.000 |   0.969 |    0.945 | 
     | uu_dtpath/uu_exec/g5895/Y                          |  v   | uu_dtpath/uu_exec/n_150                            | NAND2X4   | 0.126 |   1.095 |    1.071 | 
     | uu_dtpath/uu_exec/g5653/A                          |  v   | uu_dtpath/uu_exec/n_150                            | NAND2X6   | 0.000 |   1.095 |    1.071 | 
     | uu_dtpath/uu_exec/g5653/Y                          |  ^   | uu_dtpath/uu_exec/n_350                            | NAND2X6   | 0.060 |   1.154 |    1.131 | 
     | uu_dtpath/uu_exec/g5567/A1                         |  ^   | uu_dtpath/uu_exec/n_350                            | AOI21X2   | 0.000 |   1.155 |    1.131 | 
     | uu_dtpath/uu_exec/g5567/Y                          |  v   | uu_dtpath/uu_exec/n_344                            | AOI21X2   | 0.131 |   1.286 |    1.262 | 
     | uu_dtpath/uu_exec/FE_OFC301_n_344/A                |  v   | uu_dtpath/uu_exec/n_344                            | BUFX12    | 0.000 |   1.286 |    1.262 | 
     | uu_dtpath/uu_exec/FE_OFC301_n_344/Y                |  v   | uu_dtpath/uu_exec/FE_OFN320_n_344                  | BUFX12    | 0.210 |   1.495 |    1.472 | 
     | uu_dtpath/uu_exec/g5565/A                          |  v   | uu_dtpath/uu_exec/FE_OFN320_n_344                  | CLKINVX20 | 0.004 |   1.499 |    1.475 | 
     | uu_dtpath/uu_exec/g5565/Y                          |  ^   | uu_dtpath/uu_exec/alu_srcB_w[4]                    | CLKINVX20 | 0.126 |   1.625 |    1.601 | 
     | uu_dtpath/uu_exec/uu_alu/sll_22_38_g3849/B         |  ^   | uu_dtpath/uu_exec/alu_srcB_w[4]                    | NOR2X6    | 0.002 |   1.627 |    1.603 | 
     | uu_dtpath/uu_exec/uu_alu/sll_22_38_g3849/Y         |  v   | uu_dtpath/uu_exec/uu_alu/sll_22_38_n_79            | NOR2X6    | 0.081 |   1.708 |    1.684 | 
     | uu_dtpath/uu_exec/uu_alu/sll_22_38_g3770/B         |  v   | uu_dtpath/uu_exec/uu_alu/sll_22_38_n_79            | CLKAND2X3 | 0.000 |   1.708 |    1.684 | 
     | uu_dtpath/uu_exec/uu_alu/sll_22_38_g3770/Y         |  v   | uu_dtpath/uu_exec/uu_alu/sll_22_38_n_133           | CLKAND2X3 | 0.101 |   1.809 |    1.785 | 
     | uu_dtpath/uu_exec/uu_alu/FE_OFC772_sll_22_38_n_133 |  v   | uu_dtpath/uu_exec/uu_alu/sll_22_38_n_133           | INVX1     | 0.000 |   1.809 |    1.785 | 
     | /A                                                 |      |                                                    |           |       |         |          | 
     | uu_dtpath/uu_exec/uu_alu/FE_OFC772_sll_22_38_n_133 |  ^   | uu_dtpath/uu_exec/uu_alu/sll_22_38_n_30            | INVX1     | 0.049 |   1.858 |    1.834 | 
     | /Y                                                 |      |                                                    |           |       |         |          | 
     | uu_dtpath/uu_exec/uu_alu/sll_22_38_g3733/B         |  ^   | uu_dtpath/uu_exec/uu_alu/sll_22_38_n_30            | NOR2X4    | 0.000 |   1.858 |    1.834 | 
     | uu_dtpath/uu_exec/uu_alu/sll_22_38_g3733/Y         |  v   | uu_dtpath/uu_exec/uu_alu/sll_22_38_n_172           | NOR2X4    | 0.050 |   1.908 |    1.884 | 
     | uu_dtpath/uu_exec/uu_alu/sll_22_38_g3674/A1        |  v   | uu_dtpath/uu_exec/uu_alu/sll_22_38_n_172           | AOI22X2   | 0.000 |   1.908 |    1.884 | 
     | uu_dtpath/uu_exec/uu_alu/sll_22_38_g3674/Y         |  ^   | uu_dtpath/uu_exec/uu_alu/sll_22_38_n_215           | AOI22X2   | 0.103 |   2.011 |    1.987 | 
     | uu_dtpath/uu_exec/uu_alu/sll_22_38_g3619/B         |  ^   | uu_dtpath/uu_exec/uu_alu/sll_22_38_n_215           | NAND2X1   | 0.000 |   2.011 |    1.987 | 
     | uu_dtpath/uu_exec/uu_alu/sll_22_38_g3619/Y         |  v   | uu_dtpath/uu_exec/uu_alu/sll_22_38_n_263           | NAND2X1   | 0.142 |   2.153 |    2.129 | 
     | uu_dtpath/uu_exec/uu_alu/sll_22_38_g3560/B0        |  v   | uu_dtpath/uu_exec/uu_alu/sll_22_38_n_263           | AOI2BB1X1 | 0.000 |   2.153 |    2.129 | 
     | uu_dtpath/uu_exec/uu_alu/sll_22_38_g3560/Y         |  ^   | uu_dtpath/uu_exec/uu_alu/sll_22_38_n_319           | AOI2BB1X1 | 0.155 |   2.308 |    2.284 | 
     | uu_dtpath/uu_exec/uu_alu/sll_22_38_g3539/B0        |  ^   | uu_dtpath/uu_exec/uu_alu/sll_22_38_n_319           | OAI21X4   | 0.000 |   2.308 |    2.284 | 
     | uu_dtpath/uu_exec/uu_alu/sll_22_38_g3539/Y         |  v   | uu_dtpath/uu_exec/uu_alu/n_639                     | OAI21X4   | 0.116 |   2.424 |    2.400 | 
     | uu_dtpath/uu_exec/uu_alu/g6504/B                   |  v   | uu_dtpath/uu_exec/uu_alu/n_639                     | NAND2BX4  | 0.000 |   2.424 |    2.400 | 
     | uu_dtpath/uu_exec/uu_alu/g6504/Y                   |  ^   | uu_dtpath/uu_exec/uu_alu/n_71                      | NAND2BX4  | 0.064 |   2.488 |    2.464 | 
     | uu_dtpath/uu_exec/uu_alu/g6095/B                   |  ^   | uu_dtpath/uu_exec/uu_alu/n_71                      | NAND2X2   | 0.000 |   2.488 |    2.464 | 
     | uu_dtpath/uu_exec/uu_alu/g6095/Y                   |  v   | uu_dtpath/uu_exec/uu_alu/n_544                     | NAND2X2   | 0.098 |   2.586 |    2.562 | 
     | uu_dtpath/uu_exec/uu_alu/csa_tree_eq_29_30_groupi_ |  v   | uu_dtpath/uu_exec/uu_alu/n_544                     | CLKXOR2X1 | 0.000 |   2.586 |    2.562 | 
     | g707/B                                             |      |                                                    |           |       |         |          | 
     | uu_dtpath/uu_exec/uu_alu/csa_tree_eq_29_30_groupi_ |  ^   | uu_dtpath/uu_exec/uu_alu/csa_tree_eq_29_30_groupi_ | CLKXOR2X1 | 0.170 |   2.756 |    2.732 | 
     | g707/Y                                             |      | n_65                                               |           |       |         |          | 
     | uu_dtpath/uu_exec/uu_alu/FE_RC_8_0/A               |  ^   | uu_dtpath/uu_exec/uu_alu/csa_tree_eq_29_30_groupi_ | XNOR2X1   | 0.000 |   2.756 |    2.732 | 
     |                                                    |      | n_65                                               |           |       |         |          | 
     | uu_dtpath/uu_exec/uu_alu/FE_RC_8_0/Y               |  v   | uu_dtpath/uu_exec/uu_alu/csa_tree_eq_29_30_groupi_ | XNOR2X1   | 0.248 |   3.004 |    2.980 | 
     |                                                    |      | n_93                                               |           |       |         |          | 
     | uu_dtpath/uu_exec/uu_alu/csa_tree_eq_29_30_groupi_ |  v   | uu_dtpath/uu_exec/uu_alu/csa_tree_eq_29_30_groupi_ | NOR2X4    | 0.000 |   3.004 |    2.980 | 
     | g643/B                                             |      | n_93                                               |           |       |         |          | 
     | uu_dtpath/uu_exec/uu_alu/csa_tree_eq_29_30_groupi_ |  ^   | uu_dtpath/uu_exec/uu_alu/csa_tree_eq_29_30_groupi_ | NOR2X4    | 0.106 |   3.110 |    3.086 | 
     | g643/Y                                             |      | n_124                                              |           |       |         |          | 
     | uu_dtpath/uu_exec/uu_alu/csa_tree_eq_29_30_groupi_ |  ^   | uu_dtpath/uu_exec/uu_alu/csa_tree_eq_29_30_groupi_ | NAND2X6   | 0.000 |   3.110 |    3.086 | 
     | g641/B                                             |      | n_124                                              |           |       |         |          | 
     | uu_dtpath/uu_exec/uu_alu/csa_tree_eq_29_30_groupi_ |  v   | uu_dtpath/uu_exec/uu_alu/csa_tree_eq_29_30_groupi_ | NAND2X6   | 0.082 |   3.192 |    3.168 | 
     | g641/Y                                             |      | n_126                                              |           |       |         |          | 
     | uu_dtpath/uu_exec/uu_alu/csa_tree_eq_29_30_groupi_ |  v   | uu_dtpath/uu_exec/uu_alu/csa_tree_eq_29_30_groupi_ | NOR2X6    | 0.000 |   3.192 |    3.168 | 
     | g638/A                                             |      | n_126                                              |           |       |         |          | 
     | uu_dtpath/uu_exec/uu_alu/csa_tree_eq_29_30_groupi_ |  ^   | uu_dtpath/uu_exec/uu_alu/csa_tree_eq_29_30_groupi_ | NOR2X6    | 0.080 |   3.272 |    3.248 | 
     | g638/Y                                             |      | n_129                                              |           |       |         |          | 
     | uu_dtpath/uu_exec/uu_alu/csa_tree_eq_29_30_groupi_ |  ^   | uu_dtpath/uu_exec/uu_alu/csa_tree_eq_29_30_groupi_ | NAND2X8   | 0.000 |   3.272 |    3.248 | 
     | g637/B                                             |      | n_129                                              |           |       |         |          | 
     | uu_dtpath/uu_exec/uu_alu/csa_tree_eq_29_30_groupi_ |  v   | uu_dtpath/uu_exec/uu_alu/csa_tree_eq_29_30_groupi_ | NAND2X8   | 0.068 |   3.340 |    3.316 | 
     | g637/Y                                             |      | n_130                                              |           |       |         |          | 
     | uu_dtpath/uu_exec/uu_alu/csa_tree_eq_29_30_groupi_ |  v   | uu_dtpath/uu_exec/uu_alu/csa_tree_eq_29_30_groupi_ | NOR2X6    | 0.000 |   3.340 |    3.316 | 
     | g634/A                                             |      | n_130                                              |           |       |         |          | 
     | uu_dtpath/uu_exec/uu_alu/csa_tree_eq_29_30_groupi_ |  ^   | uu_dtpath/uu_exec/zero_w                           | NOR2X6    | 0.069 |   3.409 |    3.385 | 
     | g634/Y                                             |      |                                                    |           |       |         |          | 
     | uu_dtpath/uu_exec/FE_RC_5_0/A1                     |  ^   | uu_dtpath/uu_exec/zero_w                           | OAI21X2   | 0.000 |   3.409 |    3.385 | 
     | uu_dtpath/uu_exec/FE_RC_5_0/Y                      |  v   | uu_dtpath/uu_exec/n_1                              | OAI21X2   | 0.096 |   3.505 |    3.482 | 
     | uu_dtpath/uu_exec/g3928/B                          |  v   | uu_dtpath/uu_exec/n_1                              | NAND2X4   | 0.000 |   3.505 |    3.482 | 
     | uu_dtpath/uu_exec/g3928/Y                          |  ^   | uu_dtpath/uu_exec/n_2                              | NAND2X4   | 0.069 |   3.574 |    3.550 | 
     | uu_dtpath/uu_exec/g3927/B                          |  ^   | uu_dtpath/uu_exec/n_2                              | NAND2X6   | 0.000 |   3.574 |    3.550 | 
     | uu_dtpath/uu_exec/g3927/Y                          |  v   | uu_dtpath/pc_src                                   | NAND2X6   | 0.072 |   3.646 |    3.622 | 
     | uu_dtpath/g810/B                                   |  v   | uu_dtpath/pc_src                                   | OR2X4     | 0.000 |   3.646 |    3.622 | 
     | uu_dtpath/g810/Y                                   |  v   | uu_dtpath/flush_de                                 | OR2X4     | 0.202 |   3.848 |    3.825 | 
     | uu_dtpath/uu_dec/FE_OFC738_flush_de/A              |  v   | uu_dtpath/flush_de                                 | CLKINVX4  | 0.000 |   3.848 |    3.825 | 
     | uu_dtpath/uu_dec/FE_OFC738_flush_de/Y              |  ^   | uu_dtpath/uu_dec/FE_OFN439_flush_de                | CLKINVX4  | 0.080 |   3.929 |    3.905 | 
     | uu_dtpath/uu_dec/FE_OFC741_flush_de/A              |  ^   | uu_dtpath/uu_dec/FE_OFN439_flush_de                | CLKINVX20 | 0.000 |   3.929 |    3.905 | 
     | uu_dtpath/uu_dec/FE_OFC741_flush_de/Y              |  v   | uu_dtpath/uu_dec/FE_OFN442_flush_de                | CLKINVX20 | 0.099 |   4.028 |    4.004 | 
     | uu_dtpath/uu_dec/g1821/B                           |  v   | uu_dtpath/uu_dec/FE_OFN442_flush_de                | NOR2BX1   | 0.004 |   4.031 |    4.008 | 
     | uu_dtpath/uu_dec/g1821/Y                           |  ^   | uu_dtpath/uu_dec/n_11                              | NOR2BX1   | 0.121 |   4.152 |    4.128 | 
     | uu_dtpath/uu_dec/o_pc_reg[27]/D                    |  ^   | uu_dtpath/uu_dec/n_11                              | DFFRHQX1  | 0.000 |   4.152 |    4.128 | 
     +---------------------------------------------------------------------------------------------------------------------------------------------------------+ 
     Clock Rise Edge                      0.000
     + Source Insertion Delay            -0.609
     = Beginpoint Arrival Time           -0.609
     Other End Path:
     +----------------------------------------------------------------------------------------------------+ 
     |               Pin                | Edge |       Net        |   Cell   | Delay | Arrival | Required | 
     |                                  |      |                  |          |       |  Time   |   Time   | 
     |----------------------------------+------+------------------+----------+-------+---------+----------| 
     | clk                              |  ^   | clk              |          |       |  -0.609 |   -0.585 | 
     | uu_dtpath/CTS_ccl_a_buf_00307/A  |  ^   | clk              | CLKBUFX4 | 0.001 |  -0.607 |   -0.584 | 
     | uu_dtpath/CTS_ccl_a_buf_00307/Y  |  ^   | uu_dtpath/CTS_56 | CLKBUFX4 | 0.086 |  -0.521 |   -0.497 | 
     | uu_dtpath/CTS_ccl_a_buf_00287/A  |  ^   | uu_dtpath/CTS_56 | CLKBUFX4 | 0.000 |  -0.521 |   -0.497 | 
     | uu_dtpath/CTS_ccl_a_buf_00287/Y  |  ^   | uu_dtpath/CTS_17 | CLKBUFX4 | 0.102 |  -0.419 |   -0.395 | 
     | uu_dtpath/CTS_ccl_a_buf_00272/A  |  ^   | uu_dtpath/CTS_17 | CLKBUFX4 | 0.000 |  -0.418 |   -0.395 | 
     | uu_dtpath/CTS_ccl_a_buf_00272/Y  |  ^   | uu_dtpath/CTS_16 | CLKBUFX4 | 0.102 |  -0.317 |   -0.293 | 
     | uu_dtpath/CTS_ccl_a_buf_00251/A  |  ^   | uu_dtpath/CTS_16 | BUFX2    | 0.000 |  -0.317 |   -0.293 | 
     | uu_dtpath/CTS_ccl_a_buf_00251/Y  |  ^   | uu_dtpath/CTS_15 | BUFX2    | 0.099 |  -0.218 |   -0.194 | 
     | uu_dtpath/CTS_ccl_a_buf_00193/A  |  ^   | uu_dtpath/CTS_15 | CLKBUFX3 | 0.000 |  -0.218 |   -0.194 | 
     | uu_dtpath/CTS_ccl_a_buf_00193/Y  |  ^   | uu_dtpath/CTS_8  | CLKBUFX3 | 0.087 |  -0.131 |   -0.107 | 
     | uu_dtpath/CTS_ccl_a_buf_00003/A  |  ^   | uu_dtpath/CTS_8  | CLKBUFX4 | 0.000 |  -0.131 |   -0.107 | 
     | uu_dtpath/CTS_ccl_a_buf_00003/Y  |  ^   | uu_dtpath/CTS_9  | CLKBUFX4 | 0.101 |  -0.030 |   -0.006 | 
     | uu_dtpath/uu_dec/o_pc_reg[27]/CK |  ^   | uu_dtpath/CTS_9  | DFFRHQX1 | 0.000 |  -0.030 |   -0.006 | 
     +----------------------------------------------------------------------------------------------------+ 
Path 18: VIOLATED Setup Check with Pin uu_dtpath/uu_exec/aluResult_ff_reg[29]/
CK 
Endpoint:   uu_dtpath/uu_exec/aluResult_ff_reg[29]/D (^) checked with  leading 
edge of 'clk'
Beginpoint: uu_dtpath/uu_mem/o_resultSrc_reg[1]/Q    (^) triggered by  leading 
edge of 'clk'
Path Groups: {clk}
Analysis View: setup
Other End Arrival Time         -0.024
- Setup                         0.185
+ Phase Shift                   4.400
- Uncertainty                   0.100
= Required Time                 4.091
- Arrival Time                  4.114
= Slack Time                   -0.023
     Clock Rise Edge                      0.000
     + Source Insertion Delay            -0.609
     = Beginpoint Arrival Time           -0.609
     Timing Path:
     +---------------------------------------------------------------------------------------------------------------------------------------------------------+ 
     |                        Pin                         | Edge |                        Net                         |   Cell    | Delay | Arrival | Required | 
     |                                                    |      |                                                    |           |       |  Time   |   Time   | 
     |----------------------------------------------------+------+----------------------------------------------------+-----------+-------+---------+----------| 
     | clk                                                |  ^   | clk                                                |           |       |  -0.609 |   -0.632 | 
     | uu_dtpath/CTS_ccl_a_buf_00307/A                    |  ^   | clk                                                | CLKBUFX4  | 0.001 |  -0.607 |   -0.631 | 
     | uu_dtpath/CTS_ccl_a_buf_00307/Y                    |  ^   | uu_dtpath/CTS_56                                   | CLKBUFX4  | 0.086 |  -0.521 |   -0.544 | 
     | uu_dtpath/CTS_ccl_a_buf_00290/A                    |  ^   | uu_dtpath/CTS_56                                   | CLKBUFX4  | 0.000 |  -0.521 |   -0.544 | 
     | uu_dtpath/CTS_ccl_a_buf_00290/Y                    |  ^   | uu_dtpath/CTS_55                                   | CLKBUFX4  | 0.101 |  -0.420 |   -0.443 | 
     | uu_dtpath/CTS_ccl_a_buf_00274/A                    |  ^   | uu_dtpath/CTS_55                                   | CLKBUFX3  | 0.000 |  -0.420 |   -0.443 | 
     | uu_dtpath/CTS_ccl_a_buf_00274/Y                    |  ^   | uu_dtpath/CTS_42                                   | CLKBUFX3  | 0.090 |  -0.329 |   -0.352 | 
     | uu_dtpath/CTS_ccl_a_buf_00253/A                    |  ^   | uu_dtpath/CTS_42                                   | CLKBUFX3  | 0.000 |  -0.329 |   -0.352 | 
     | uu_dtpath/CTS_ccl_a_buf_00253/Y                    |  ^   | uu_dtpath/CTS_40                                   | CLKBUFX3  | 0.090 |  -0.240 |   -0.263 | 
     | uu_dtpath/CTS_ccl_a_buf_00207/A                    |  ^   | uu_dtpath/CTS_40                                   | CLKBUFX3  | 0.000 |  -0.239 |   -0.263 | 
     | uu_dtpath/CTS_ccl_a_buf_00207/Y                    |  ^   | uu_dtpath/CTS_38                                   | CLKBUFX3  | 0.089 |  -0.150 |   -0.174 | 
     | uu_dtpath/CTS_ccl_a_buf_00034/A                    |  ^   | uu_dtpath/CTS_38                                   | CLKBUFX4  | 0.000 |  -0.150 |   -0.174 | 
     | uu_dtpath/CTS_ccl_a_buf_00034/Y                    |  ^   | uu_dtpath/CTS_32                                   | CLKBUFX4  | 0.102 |  -0.049 |   -0.072 | 
     | uu_dtpath/uu_mem/o_resultSrc_reg[1]/CK             |  ^   | uu_dtpath/CTS_32                                   | DFFRHQX4  | 0.000 |  -0.049 |   -0.072 | 
     | uu_dtpath/uu_mem/o_resultSrc_reg[1]/Q              |  ^   | uu_dtpath/resultSrc_mw[1]                          | DFFRHQX4  | 0.305 |   0.257 |    0.233 | 
     | uu_dtpath/uu_wb/g1420/B                            |  ^   | uu_dtpath/resultSrc_mw[1]                          | NOR2X6    | 0.000 |   0.257 |    0.233 | 
     | uu_dtpath/uu_wb/g1420/Y                            |  v   | uu_dtpath/uu_wb/n_2                                | NOR2X6    | 0.091 |   0.347 |    0.324 | 
     | uu_dtpath/uu_wb/FE_OFC699_n_2/A                    |  v   | uu_dtpath/uu_wb/n_2                                | BUFX3     | 0.000 |   0.348 |    0.324 | 
     | uu_dtpath/uu_wb/FE_OFC699_n_2/Y                    |  v   | uu_dtpath/uu_wb/n_25                               | BUFX3     | 0.180 |   0.527 |    0.504 | 
     | uu_dtpath/uu_wb/g1332/A1                           |  v   | uu_dtpath/uu_wb/n_25                               | AOI22X1   | 0.001 |   0.528 |    0.505 | 
     | uu_dtpath/uu_wb/g1332/Y                            |  ^   | uu_dtpath/uu_wb/n_82                               | AOI22X1   | 0.163 |   0.691 |    0.668 | 
     | uu_dtpath/uu_wb/g1292/B                            |  ^   | uu_dtpath/uu_wb/n_82                               | NAND2X1   | 0.000 |   0.691 |    0.668 | 
     | uu_dtpath/uu_wb/g1292/Y                            |  v   | uu_dtpath/wr_dt_reg[5]                             | NAND2X1   | 0.151 |   0.842 |    0.819 | 
     | uu_dtpath/FE_OFC207_wr_dt_reg_5/A                  |  v   | uu_dtpath/wr_dt_reg[5]                             | CLKBUFX8  | 0.000 |   0.842 |    0.819 | 
     | uu_dtpath/FE_OFC207_wr_dt_reg_5/Y                  |  v   | uu_dtpath/FE_OFN226_wr_dt_reg_5                    | CLKBUFX8  | 0.215 |   1.057 |    1.034 | 
     | uu_dtpath/uu_exec/g5982/A                          |  v   | uu_dtpath/FE_OFN226_wr_dt_reg_5                    | INVX1     | 0.001 |   1.058 |    1.035 | 
     | uu_dtpath/uu_exec/g5982/Y                          |  ^   | uu_dtpath/uu_exec/n_75                             | INVX1     | 0.127 |   1.185 |    1.162 | 
     | uu_dtpath/uu_exec/g6182/B0                         |  ^   | uu_dtpath/uu_exec/n_75                             | OAI2BB2X4 | 0.000 |   1.185 |    1.162 | 
     | uu_dtpath/uu_exec/g6182/Y                          |  v   | uu_dtpath/uu_exec/n_672                            | OAI2BB2X4 | 0.124 |   1.309 |    1.286 | 
     | uu_dtpath/uu_exec/g5707/B0                         |  v   | uu_dtpath/uu_exec/n_672                            | AOI21X2   | 0.000 |   1.309 |    1.286 | 
     | uu_dtpath/uu_exec/g5707/Y                          |  ^   | uu_dtpath/uu_exec/n_306                            | AOI21X2   | 0.141 |   1.450 |    1.427 | 
     | uu_dtpath/uu_exec/g5601/B1                         |  ^   | uu_dtpath/uu_exec/n_306                            | OAI2BB2XL | 0.000 |   1.450 |    1.427 | 
     | uu_dtpath/uu_exec/g5601/Y                          |  v   | uu_dtpath/uu_exec/alu_srcB_w[5]                    | OAI2BB2XL | 0.185 |   1.635 |    1.612 | 
     | uu_dtpath/uu_exec/uu_alu/FE_OFC855_alu_srcB_w_5/A  |  v   | uu_dtpath/uu_exec/alu_srcB_w[5]                    | BUFX2     | 0.000 |   1.635 |    1.612 | 
     | uu_dtpath/uu_exec/uu_alu/FE_OFC855_alu_srcB_w_5/Y  |  v   | uu_dtpath/uu_exec/uu_alu/lt_20_49_n_29             | BUFX2     | 0.198 |   1.833 |    1.810 | 
     | uu_dtpath/uu_exec/uu_alu/FE_OFC856_alu_srcB_w_5/A  |  v   | uu_dtpath/uu_exec/uu_alu/lt_20_49_n_29             | INVX1     | 0.000 |   1.833 |    1.810 | 
     | uu_dtpath/uu_exec/uu_alu/FE_OFC856_alu_srcB_w_5/Y  |  ^   | uu_dtpath/uu_exec/uu_alu/FE_OFN710_alu_srcB_w_5    | INVX1     | 0.095 |   1.929 |    1.905 | 
     | uu_dtpath/uu_exec/uu_alu/lt_20_49_g880/B           |  ^   | uu_dtpath/uu_exec/uu_alu/FE_OFN710_alu_srcB_w_5    | NOR2X2    | 0.000 |   1.929 |    1.905 | 
     | uu_dtpath/uu_exec/uu_alu/lt_20_49_g880/Y           |  v   | uu_dtpath/uu_exec/uu_alu/lt_20_49_n_57             | NOR2X2    | 0.054 |   1.983 |    1.960 | 
     | uu_dtpath/uu_exec/uu_alu/lt_20_49_g826/B           |  v   | uu_dtpath/uu_exec/uu_alu/lt_20_49_n_57             | NOR2X1    | 0.000 |   1.983 |    1.960 | 
     | uu_dtpath/uu_exec/uu_alu/lt_20_49_g826/Y           |  ^   | uu_dtpath/uu_exec/uu_alu/lt_20_49_n_84             | NOR2X1    | 0.063 |   2.046 |    2.023 | 
     | uu_dtpath/uu_exec/uu_alu/lt_20_49_g808/A           |  ^   | uu_dtpath/uu_exec/uu_alu/lt_20_49_n_84             | CLKAND2X3 | 0.000 |   2.046 |    2.023 | 
     | uu_dtpath/uu_exec/uu_alu/lt_20_49_g808/Y           |  ^   | uu_dtpath/uu_exec/uu_alu/lt_20_49_n_101            | CLKAND2X3 | 0.114 |   2.161 |    2.137 | 
     | uu_dtpath/uu_exec/uu_alu/g6772/B0                  |  ^   | uu_dtpath/uu_exec/uu_alu/lt_20_49_n_101            | OAI2BB1X4 | 0.000 |   2.161 |    2.137 | 
     | uu_dtpath/uu_exec/uu_alu/g6772/Y                   |  v   | uu_dtpath/uu_exec/uu_alu/n_923                     | OAI2BB1X4 | 0.072 |   2.232 |    2.209 | 
     | uu_dtpath/uu_exec/uu_alu/lt_20_49_g773/B           |  v   | uu_dtpath/uu_exec/uu_alu/n_923                     | NAND2X4   | 0.000 |   2.232 |    2.209 | 
     | uu_dtpath/uu_exec/uu_alu/lt_20_49_g773/Y           |  ^   | uu_dtpath/uu_exec/uu_alu/lt_20_49_n_138            | NAND2X4   | 0.053 |   2.285 |    2.262 | 
     | uu_dtpath/uu_exec/uu_alu/lt_20_49_g772/B           |  ^   | uu_dtpath/uu_exec/uu_alu/lt_20_49_n_138            | NAND2X4   | 0.000 |   2.285 |    2.262 | 
     | uu_dtpath/uu_exec/uu_alu/lt_20_49_g772/Y           |  v   | uu_dtpath/uu_exec/uu_alu/lt_20_49_n_139            | NAND2X4   | 0.127 |   2.412 |    2.389 | 
     | uu_dtpath/uu_exec/uu_alu/lt_20_49_g770/A1          |  v   | uu_dtpath/uu_exec/uu_alu/lt_20_49_n_139            | AOI21X4   | 0.000 |   2.412 |    2.389 | 
     | uu_dtpath/uu_exec/uu_alu/lt_20_49_g770/Y           |  ^   | uu_dtpath/uu_exec/uu_alu/lt_20_49_n_141            | AOI21X4   | 0.120 |   2.532 |    2.509 | 
     | uu_dtpath/uu_exec/uu_alu/lt_20_49_g769/A           |  ^   | uu_dtpath/uu_exec/uu_alu/lt_20_49_n_141            | NOR2X2    | 0.000 |   2.532 |    2.509 | 
     | uu_dtpath/uu_exec/uu_alu/lt_20_49_g769/Y           |  v   | uu_dtpath/uu_exec/uu_alu/n_641                     | NOR2X2    | 0.052 |   2.585 |    2.562 | 
     | uu_dtpath/uu_exec/uu_alu/g6270/B1                  |  v   | uu_dtpath/uu_exec/uu_alu/n_641                     | AO22X4    | 0.000 |   2.585 |    2.562 | 
     | uu_dtpath/uu_exec/uu_alu/g6270/Y                   |  v   | uu_dtpath/uu_exec/uu_alu/n_280                     | AO22X4    | 0.173 |   2.758 |    2.734 | 
     | uu_dtpath/uu_exec/uu_alu/g6099/B                   |  v   | uu_dtpath/uu_exec/uu_alu/n_280                     | NOR2X6    | 0.000 |   2.758 |    2.734 | 
     | uu_dtpath/uu_exec/uu_alu/g6099/Y                   |  ^   | uu_dtpath/uu_exec/uu_alu/n_418                     | NOR2X6    | 0.057 |   2.814 |    2.791 | 
     | uu_dtpath/uu_exec/uu_alu/g6094/B                   |  ^   | uu_dtpath/uu_exec/uu_alu/n_418                     | NAND2X6   | 0.000 |   2.814 |    2.791 | 
     | uu_dtpath/uu_exec/uu_alu/g6094/Y                   |  v   | uu_dtpath/uu_exec/uu_alu/n_514                     | NAND2X6   | 0.074 |   2.888 |    2.865 | 
     | uu_dtpath/uu_exec/uu_alu/final_adder_mux_o_result_ |  v   | uu_dtpath/uu_exec/uu_alu/n_514                     | NAND2X1   | 0.000 |   2.888 |    2.865 | 
     | 14_13_g1160/B                                      |      |                                                    |           |       |         |          | 
     | uu_dtpath/uu_exec/uu_alu/final_adder_mux_o_result_ |  ^   | uu_dtpath/uu_exec/uu_alu/final_adder_mux_o_result_ | NAND2X1   | 0.081 |   2.969 |    2.946 | 
     | 14_13_g1160/Y                                      |      | 14_13_n_8                                          |           |       |         |          | 
     | uu_dtpath/uu_exec/uu_alu/final_adder_mux_o_result_ |  ^   | uu_dtpath/uu_exec/uu_alu/final_adder_mux_o_result_ | OAI21X2   | 0.000 |   2.969 |    2.946 | 
     | 14_13_g1012/A1                                     |      | 14_13_n_8                                          |           |       |         |          | 
     | uu_dtpath/uu_exec/uu_alu/final_adder_mux_o_result_ |  v   | uu_dtpath/uu_exec/uu_alu/final_adder_mux_o_result_ | OAI21X2   | 0.112 |   3.082 |    3.058 | 
     | 14_13_g1012/Y                                      |      | 14_13_n_162                                        |           |       |         |          | 
     | uu_dtpath/uu_exec/uu_alu/final_adder_mux_o_result_ |  v   | uu_dtpath/uu_exec/uu_alu/final_adder_mux_o_result_ | NOR2BX1   | 0.000 |   3.082 |    3.058 | 
     | 14_13_g1166/AN                                     |      | 14_13_n_162                                        |           |       |         |          | 
     | uu_dtpath/uu_exec/uu_alu/final_adder_mux_o_result_ |  v   | uu_dtpath/uu_exec/uu_alu/final_adder_mux_o_result_ | NOR2BX1   | 0.110 |   3.191 |    3.168 | 
     | 14_13_g1166/Y                                      |      | 14_13_n_1                                          |           |       |         |          | 
     | uu_dtpath/uu_exec/uu_alu/final_adder_mux_o_result_ |  v   | uu_dtpath/uu_exec/uu_alu/final_adder_mux_o_result_ | NOR2X2    | 0.000 |   3.191 |    3.168 | 
     | 14_13_g977/B                                       |      | 14_13_n_1                                          |           |       |         |          | 
     | uu_dtpath/uu_exec/uu_alu/final_adder_mux_o_result_ |  ^   | uu_dtpath/uu_exec/uu_alu/final_adder_mux_o_result_ | NOR2X2    | 0.113 |   3.305 |    3.282 | 
     | 14_13_g977/Y                                       |      | 14_13_n_187                                        |           |       |         |          | 
     | uu_dtpath/uu_exec/uu_alu/final_adder_mux_o_result_ |  ^   | uu_dtpath/uu_exec/uu_alu/final_adder_mux_o_result_ | NOR2X2    | 0.000 |   3.305 |    3.282 | 
     | 14_13_g969/B                                       |      | 14_13_n_187                                        |           |       |         |          | 
     | uu_dtpath/uu_exec/uu_alu/final_adder_mux_o_result_ |  v   | uu_dtpath/uu_exec/uu_alu/final_adder_mux_o_result_ | NOR2X2    | 0.111 |   3.416 |    3.392 | 
     | 14_13_g969/Y                                       |      | 14_13_n_195                                        |           |       |         |          | 
     | uu_dtpath/uu_exec/uu_alu/final_adder_mux_o_result_ |  v   | uu_dtpath/uu_exec/uu_alu/final_adder_mux_o_result_ | NOR2X6    | 0.000 |   3.416 |    3.392 | 
     | 14_13_g961/B                                       |      | 14_13_n_195                                        |           |       |         |          | 
     | uu_dtpath/uu_exec/uu_alu/final_adder_mux_o_result_ |  ^   | uu_dtpath/uu_exec/uu_alu/final_adder_mux_o_result_ | NOR2X6    | 0.084 |   3.500 |    3.476 | 
     | 14_13_g961/Y                                       |      | 14_13_n_204                                        |           |       |         |          | 
     | uu_dtpath/uu_exec/uu_alu/final_adder_mux_o_result_ |  ^   | uu_dtpath/uu_exec/uu_alu/final_adder_mux_o_result_ | NOR2X4    | 0.000 |   3.500 |    3.477 | 
     | 14_13_g959/B                                       |      | 14_13_n_204                                        |           |       |         |          | 
     | uu_dtpath/uu_exec/uu_alu/final_adder_mux_o_result_ |  v   | uu_dtpath/uu_exec/uu_alu/final_adder_mux_o_result_ | NOR2X4    | 0.062 |   3.562 |    3.538 | 
     | 14_13_g959/Y                                       |      | 14_13_n_205                                        |           |       |         |          | 
     | uu_dtpath/uu_exec/uu_alu/final_adder_mux_o_result_ |  v   | uu_dtpath/uu_exec/uu_alu/final_adder_mux_o_result_ | OR2X8     | 0.000 |   3.562 |    3.538 | 
     | 14_13_g2/B                                         |      | 14_13_n_205                                        |           |       |         |          | 
     | uu_dtpath/uu_exec/uu_alu/final_adder_mux_o_result_ |  v   | uu_dtpath/uu_exec/uu_alu/final_adder_mux_o_result_ | OR2X8     | 0.193 |   3.755 |    3.732 | 
     | 14_13_g2/Y                                         |      | 14_13_n_2                                          |           |       |         |          | 
     | uu_dtpath/uu_exec/uu_alu/final_adder_mux_o_result_ |  v   | uu_dtpath/uu_exec/uu_alu/final_adder_mux_o_result_ | AOI21X1   | 0.003 |   3.757 |    3.734 | 
     | 14_13_g928/A1                                      |      | 14_13_n_2                                          |           |       |         |          | 
     | uu_dtpath/uu_exec/uu_alu/final_adder_mux_o_result_ |  ^   | uu_dtpath/uu_exec/uu_alu/final_adder_mux_o_result_ | AOI21X1   | 0.123 |   3.880 |    3.857 | 
     | 14_13_g928/Y                                       |      | 14_13_n_234                                        |           |       |         |          | 
     | uu_dtpath/uu_exec/uu_alu/final_adder_mux_o_result_ |  ^   | uu_dtpath/uu_exec/uu_alu/final_adder_mux_o_result_ | CLKXOR2X1 | 0.000 |   3.880 |    3.857 | 
     | 14_13_g920/B                                       |      | 14_13_n_234                                        |           |       |         |          | 
     | uu_dtpath/uu_exec/uu_alu/final_adder_mux_o_result_ |  ^   | uu_dtpath/uu_exec/aluResult_w[29]                  | CLKXOR2X1 | 0.233 |   4.114 |    4.091 | 
     | 14_13_g920/Y                                       |      |                                                    |           |       |         |          | 
     | uu_dtpath/uu_exec/aluResult_ff_reg[29]/D           |  ^   | uu_dtpath/uu_exec/aluResult_w[29]                  | DFFRX1    | 0.000 |   4.114 |    4.091 | 
     +---------------------------------------------------------------------------------------------------------------------------------------------------------+ 
     Clock Rise Edge                      0.000
     + Source Insertion Delay            -0.609
     = Beginpoint Arrival Time           -0.609
     Other End Path:
     +-------------------------------------------------------------------------------------------------------------+ 
     |                    Pin                    | Edge |       Net        |   Cell   | Delay | Arrival | Required | 
     |                                           |      |                  |          |       |  Time   |   Time   | 
     |-------------------------------------------+------+------------------+----------+-------+---------+----------| 
     | clk                                       |  ^   | clk              |          |       |  -0.609 |   -0.585 | 
     | uu_dtpath/CTS_ccl_a_buf_00307/A           |  ^   | clk              | CLKBUFX4 | 0.001 |  -0.607 |   -0.584 | 
     | uu_dtpath/CTS_ccl_a_buf_00307/Y           |  ^   | uu_dtpath/CTS_56 | CLKBUFX4 | 0.086 |  -0.521 |   -0.498 | 
     | uu_dtpath/CTS_ccl_a_buf_00290/A           |  ^   | uu_dtpath/CTS_56 | CLKBUFX4 | 0.000 |  -0.521 |   -0.498 | 
     | uu_dtpath/CTS_ccl_a_buf_00290/Y           |  ^   | uu_dtpath/CTS_55 | CLKBUFX4 | 0.101 |  -0.420 |   -0.396 | 
     | uu_dtpath/CTS_ccl_a_buf_00276/A           |  ^   | uu_dtpath/CTS_55 | CLKBUFX4 | 0.000 |  -0.420 |   -0.396 | 
     | uu_dtpath/CTS_ccl_a_buf_00276/Y           |  ^   | uu_dtpath/CTS_54 | CLKBUFX4 | 0.097 |  -0.322 |   -0.299 | 
     | uu_dtpath/CTS_ccl_a_buf_00247/A           |  ^   | uu_dtpath/CTS_54 | BUFX2    | 0.000 |  -0.322 |   -0.299 | 
     | uu_dtpath/CTS_ccl_a_buf_00247/Y           |  ^   | uu_dtpath/CTS_49 | BUFX2    | 0.098 |  -0.224 |   -0.201 | 
     | uu_dtpath/CTS_ccl_a_buf_00191/A           |  ^   | uu_dtpath/CTS_49 | BUFX2    | 0.000 |  -0.224 |   -0.201 | 
     | uu_dtpath/CTS_ccl_a_buf_00191/Y           |  ^   | uu_dtpath/CTS_39 | BUFX2    | 0.098 |  -0.126 |   -0.103 | 
     | uu_dtpath/CTS_ccl_a_buf_00019/A           |  ^   | uu_dtpath/CTS_39 | CLKBUFX4 | 0.000 |  -0.126 |   -0.103 | 
     | uu_dtpath/CTS_ccl_a_buf_00019/Y           |  ^   | uu_dtpath/CTS_44 | CLKBUFX4 | 0.102 |  -0.024 |   -0.001 | 
     | uu_dtpath/uu_exec/aluResult_ff_reg[29]/CK |  ^   | uu_dtpath/CTS_44 | DFFRX1   | 0.000 |  -0.024 |   -0.001 | 
     +-------------------------------------------------------------------------------------------------------------+ 
Path 19: VIOLATED Setup Check with Pin uu_dtpath/uu_dec/rd1_ff_reg[5]/CK 
Endpoint:   uu_dtpath/uu_dec/rd1_ff_reg[5]/D      (^) checked with  leading 
edge of 'clk'
Beginpoint: uu_dtpath/uu_mem/o_resultSrc_reg[1]/Q (v) triggered by  leading 
edge of 'clk'
Path Groups: {clk}
Analysis View: setup
Other End Arrival Time         -0.037
- Setup                         0.139
+ Phase Shift                   4.400
- Uncertainty                   0.100
= Required Time                 4.123
- Arrival Time                  4.145
= Slack Time                   -0.022
     Clock Rise Edge                      0.000
     + Source Insertion Delay            -0.609
     = Beginpoint Arrival Time           -0.609
     Timing Path:
     +---------------------------------------------------------------------------------------------------------------------------------------------------------+ 
     |                        Pin                         | Edge |                        Net                         |   Cell    | Delay | Arrival | Required | 
     |                                                    |      |                                                    |           |       |  Time   |   Time   | 
     |----------------------------------------------------+------+----------------------------------------------------+-----------+-------+---------+----------| 
     | clk                                                |  ^   | clk                                                |           |       |  -0.609 |   -0.631 | 
     | uu_dtpath/CTS_ccl_a_buf_00307/A                    |  ^   | clk                                                | CLKBUFX4  | 0.001 |  -0.607 |   -0.629 | 
     | uu_dtpath/CTS_ccl_a_buf_00307/Y                    |  ^   | uu_dtpath/CTS_56                                   | CLKBUFX4  | 0.086 |  -0.521 |   -0.543 | 
     | uu_dtpath/CTS_ccl_a_buf_00290/A                    |  ^   | uu_dtpath/CTS_56                                   | CLKBUFX4  | 0.000 |  -0.521 |   -0.543 | 
     | uu_dtpath/CTS_ccl_a_buf_00290/Y                    |  ^   | uu_dtpath/CTS_55                                   | CLKBUFX4  | 0.101 |  -0.420 |   -0.442 | 
     | uu_dtpath/CTS_ccl_a_buf_00274/A                    |  ^   | uu_dtpath/CTS_55                                   | CLKBUFX3  | 0.000 |  -0.420 |   -0.442 | 
     | uu_dtpath/CTS_ccl_a_buf_00274/Y                    |  ^   | uu_dtpath/CTS_42                                   | CLKBUFX3  | 0.090 |  -0.329 |   -0.351 | 
     | uu_dtpath/CTS_ccl_a_buf_00253/A                    |  ^   | uu_dtpath/CTS_42                                   | CLKBUFX3  | 0.000 |  -0.329 |   -0.351 | 
     | uu_dtpath/CTS_ccl_a_buf_00253/Y                    |  ^   | uu_dtpath/CTS_40                                   | CLKBUFX3  | 0.090 |  -0.240 |   -0.262 | 
     | uu_dtpath/CTS_ccl_a_buf_00207/A                    |  ^   | uu_dtpath/CTS_40                                   | CLKBUFX3  | 0.000 |  -0.239 |   -0.261 | 
     | uu_dtpath/CTS_ccl_a_buf_00207/Y                    |  ^   | uu_dtpath/CTS_38                                   | CLKBUFX3  | 0.089 |  -0.150 |   -0.172 | 
     | uu_dtpath/CTS_ccl_a_buf_00034/A                    |  ^   | uu_dtpath/CTS_38                                   | CLKBUFX4  | 0.000 |  -0.150 |   -0.172 | 
     | uu_dtpath/CTS_ccl_a_buf_00034/Y                    |  ^   | uu_dtpath/CTS_32                                   | CLKBUFX4  | 0.102 |  -0.049 |   -0.071 | 
     | uu_dtpath/uu_mem/o_resultSrc_reg[1]/CK             |  ^   | uu_dtpath/CTS_32                                   | DFFRHQX4  | 0.000 |  -0.049 |   -0.071 | 
     | uu_dtpath/uu_mem/o_resultSrc_reg[1]/Q              |  v   | uu_dtpath/resultSrc_mw[1]                          | DFFRHQX4  | 0.277 |   0.228 |    0.206 | 
     | uu_dtpath/uu_wb/g1420/B                            |  v   | uu_dtpath/resultSrc_mw[1]                          | NOR2X6    | 0.000 |   0.229 |    0.207 | 
     | uu_dtpath/uu_wb/g1420/Y                            |  ^   | uu_dtpath/uu_wb/n_2                                | NOR2X6    | 0.125 |   0.354 |    0.332 | 
     | uu_dtpath/uu_wb/FE_OFC699_n_2/A                    |  ^   | uu_dtpath/uu_wb/n_2                                | BUFX3     | 0.000 |   0.354 |    0.332 | 
     | uu_dtpath/uu_wb/FE_OFC699_n_2/Y                    |  ^   | uu_dtpath/uu_wb/n_25                               | BUFX3     | 0.201 |   0.556 |    0.534 | 
     | uu_dtpath/uu_wb/g1441/A1                           |  ^   | uu_dtpath/uu_wb/n_25                               | AOI22X2   | 0.001 |   0.556 |    0.534 | 
     | uu_dtpath/uu_wb/g1441/Y                            |  v   | uu_dtpath/uu_wb/n_267                              | AOI22X2   | 0.159 |   0.715 |    0.693 | 
     | uu_dtpath/uu_wb/g1293/B                            |  v   | uu_dtpath/uu_wb/n_267                              | NAND2X1   | 0.000 |   0.715 |    0.693 | 
     | uu_dtpath/uu_wb/g1293/Y                            |  ^   | uu_dtpath/wr_dt_reg[4]                             | NAND2X1   | 0.098 |   0.813 |    0.791 | 
     | uu_dtpath/FE_OFC945_wr_dt_reg_4/A                  |  ^   | uu_dtpath/wr_dt_reg[4]                             | CLKBUFX6  | 0.000 |   0.813 |    0.791 | 
     | uu_dtpath/FE_OFC945_wr_dt_reg_4/Y                  |  ^   | uu_dtpath/FE_OFN233_wr_dt_reg_4                    | CLKBUFX6  | 0.156 |   0.969 |    0.947 | 
     | uu_dtpath/uu_exec/g5895/A                          |  ^   | uu_dtpath/FE_OFN233_wr_dt_reg_4                    | NAND2X4   | 0.000 |   0.969 |    0.947 | 
     | uu_dtpath/uu_exec/g5895/Y                          |  v   | uu_dtpath/uu_exec/n_150                            | NAND2X4   | 0.126 |   1.095 |    1.073 | 
     | uu_dtpath/uu_exec/g5653/A                          |  v   | uu_dtpath/uu_exec/n_150                            | NAND2X6   | 0.000 |   1.095 |    1.073 | 
     | uu_dtpath/uu_exec/g5653/Y                          |  ^   | uu_dtpath/uu_exec/n_350                            | NAND2X6   | 0.060 |   1.154 |    1.132 | 
     | uu_dtpath/uu_exec/g5567/A1                         |  ^   | uu_dtpath/uu_exec/n_350                            | AOI21X2   | 0.000 |   1.155 |    1.133 | 
     | uu_dtpath/uu_exec/g5567/Y                          |  v   | uu_dtpath/uu_exec/n_344                            | AOI21X2   | 0.131 |   1.286 |    1.264 | 
     | uu_dtpath/uu_exec/FE_OFC301_n_344/A                |  v   | uu_dtpath/uu_exec/n_344                            | BUFX12    | 0.000 |   1.286 |    1.264 | 
     | uu_dtpath/uu_exec/FE_OFC301_n_344/Y                |  v   | uu_dtpath/uu_exec/FE_OFN320_n_344                  | BUFX12    | 0.210 |   1.495 |    1.473 | 
     | uu_dtpath/uu_exec/g5565/A                          |  v   | uu_dtpath/uu_exec/FE_OFN320_n_344                  | CLKINVX20 | 0.004 |   1.499 |    1.477 | 
     | uu_dtpath/uu_exec/g5565/Y                          |  ^   | uu_dtpath/uu_exec/alu_srcB_w[4]                    | CLKINVX20 | 0.126 |   1.625 |    1.603 | 
     | uu_dtpath/uu_exec/uu_alu/sll_22_38_g3849/B         |  ^   | uu_dtpath/uu_exec/alu_srcB_w[4]                    | NOR2X6    | 0.002 |   1.627 |    1.605 | 
     | uu_dtpath/uu_exec/uu_alu/sll_22_38_g3849/Y         |  v   | uu_dtpath/uu_exec/uu_alu/sll_22_38_n_79            | NOR2X6    | 0.081 |   1.708 |    1.686 | 
     | uu_dtpath/uu_exec/uu_alu/sll_22_38_g3770/B         |  v   | uu_dtpath/uu_exec/uu_alu/sll_22_38_n_79            | CLKAND2X3 | 0.000 |   1.708 |    1.686 | 
     | uu_dtpath/uu_exec/uu_alu/sll_22_38_g3770/Y         |  v   | uu_dtpath/uu_exec/uu_alu/sll_22_38_n_133           | CLKAND2X3 | 0.101 |   1.809 |    1.787 | 
     | uu_dtpath/uu_exec/uu_alu/FE_OFC772_sll_22_38_n_133 |  v   | uu_dtpath/uu_exec/uu_alu/sll_22_38_n_133           | INVX1     | 0.000 |   1.809 |    1.787 | 
     | /A                                                 |      |                                                    |           |       |         |          | 
     | uu_dtpath/uu_exec/uu_alu/FE_OFC772_sll_22_38_n_133 |  ^   | uu_dtpath/uu_exec/uu_alu/sll_22_38_n_30            | INVX1     | 0.049 |   1.858 |    1.836 | 
     | /Y                                                 |      |                                                    |           |       |         |          | 
     | uu_dtpath/uu_exec/uu_alu/sll_22_38_g3733/B         |  ^   | uu_dtpath/uu_exec/uu_alu/sll_22_38_n_30            | NOR2X4    | 0.000 |   1.858 |    1.836 | 
     | uu_dtpath/uu_exec/uu_alu/sll_22_38_g3733/Y         |  v   | uu_dtpath/uu_exec/uu_alu/sll_22_38_n_172           | NOR2X4    | 0.050 |   1.908 |    1.886 | 
     | uu_dtpath/uu_exec/uu_alu/sll_22_38_g3674/A1        |  v   | uu_dtpath/uu_exec/uu_alu/sll_22_38_n_172           | AOI22X2   | 0.000 |   1.908 |    1.886 | 
     | uu_dtpath/uu_exec/uu_alu/sll_22_38_g3674/Y         |  ^   | uu_dtpath/uu_exec/uu_alu/sll_22_38_n_215           | AOI22X2   | 0.103 |   2.011 |    1.989 | 
     | uu_dtpath/uu_exec/uu_alu/sll_22_38_g3619/B         |  ^   | uu_dtpath/uu_exec/uu_alu/sll_22_38_n_215           | NAND2X1   | 0.000 |   2.011 |    1.989 | 
     | uu_dtpath/uu_exec/uu_alu/sll_22_38_g3619/Y         |  v   | uu_dtpath/uu_exec/uu_alu/sll_22_38_n_263           | NAND2X1   | 0.142 |   2.153 |    2.131 | 
     | uu_dtpath/uu_exec/uu_alu/sll_22_38_g3560/B0        |  v   | uu_dtpath/uu_exec/uu_alu/sll_22_38_n_263           | AOI2BB1X1 | 0.000 |   2.153 |    2.131 | 
     | uu_dtpath/uu_exec/uu_alu/sll_22_38_g3560/Y         |  ^   | uu_dtpath/uu_exec/uu_alu/sll_22_38_n_319           | AOI2BB1X1 | 0.155 |   2.308 |    2.286 | 
     | uu_dtpath/uu_exec/uu_alu/sll_22_38_g3539/B0        |  ^   | uu_dtpath/uu_exec/uu_alu/sll_22_38_n_319           | OAI21X4   | 0.000 |   2.308 |    2.286 | 
     | uu_dtpath/uu_exec/uu_alu/sll_22_38_g3539/Y         |  v   | uu_dtpath/uu_exec/uu_alu/n_639                     | OAI21X4   | 0.116 |   2.424 |    2.402 | 
     | uu_dtpath/uu_exec/uu_alu/g6504/B                   |  v   | uu_dtpath/uu_exec/uu_alu/n_639                     | NAND2BX4  | 0.000 |   2.424 |    2.402 | 
     | uu_dtpath/uu_exec/uu_alu/g6504/Y                   |  ^   | uu_dtpath/uu_exec/uu_alu/n_71                      | NAND2BX4  | 0.064 |   2.488 |    2.466 | 
     | uu_dtpath/uu_exec/uu_alu/g6095/B                   |  ^   | uu_dtpath/uu_exec/uu_alu/n_71                      | NAND2X2   | 0.000 |   2.488 |    2.466 | 
     | uu_dtpath/uu_exec/uu_alu/g6095/Y                   |  v   | uu_dtpath/uu_exec/uu_alu/n_544                     | NAND2X2   | 0.098 |   2.586 |    2.564 | 
     | uu_dtpath/uu_exec/uu_alu/csa_tree_eq_29_30_groupi_ |  v   | uu_dtpath/uu_exec/uu_alu/n_544                     | CLKXOR2X1 | 0.000 |   2.586 |    2.564 | 
     | g707/B                                             |      |                                                    |           |       |         |          | 
     | uu_dtpath/uu_exec/uu_alu/csa_tree_eq_29_30_groupi_ |  ^   | uu_dtpath/uu_exec/uu_alu/csa_tree_eq_29_30_groupi_ | CLKXOR2X1 | 0.170 |   2.756 |    2.734 | 
     | g707/Y                                             |      | n_65                                               |           |       |         |          | 
     | uu_dtpath/uu_exec/uu_alu/FE_RC_8_0/A               |  ^   | uu_dtpath/uu_exec/uu_alu/csa_tree_eq_29_30_groupi_ | XNOR2X1   | 0.000 |   2.756 |    2.734 | 
     |                                                    |      | n_65                                               |           |       |         |          | 
     | uu_dtpath/uu_exec/uu_alu/FE_RC_8_0/Y               |  v   | uu_dtpath/uu_exec/uu_alu/csa_tree_eq_29_30_groupi_ | XNOR2X1   | 0.248 |   3.004 |    2.982 | 
     |                                                    |      | n_93                                               |           |       |         |          | 
     | uu_dtpath/uu_exec/uu_alu/csa_tree_eq_29_30_groupi_ |  v   | uu_dtpath/uu_exec/uu_alu/csa_tree_eq_29_30_groupi_ | NOR2X4    | 0.000 |   3.004 |    2.982 | 
     | g643/B                                             |      | n_93                                               |           |       |         |          | 
     | uu_dtpath/uu_exec/uu_alu/csa_tree_eq_29_30_groupi_ |  ^   | uu_dtpath/uu_exec/uu_alu/csa_tree_eq_29_30_groupi_ | NOR2X4    | 0.106 |   3.110 |    3.088 | 
     | g643/Y                                             |      | n_124                                              |           |       |         |          | 
     | uu_dtpath/uu_exec/uu_alu/csa_tree_eq_29_30_groupi_ |  ^   | uu_dtpath/uu_exec/uu_alu/csa_tree_eq_29_30_groupi_ | NAND2X6   | 0.000 |   3.110 |    3.088 | 
     | g641/B                                             |      | n_124                                              |           |       |         |          | 
     | uu_dtpath/uu_exec/uu_alu/csa_tree_eq_29_30_groupi_ |  v   | uu_dtpath/uu_exec/uu_alu/csa_tree_eq_29_30_groupi_ | NAND2X6   | 0.082 |   3.192 |    3.170 | 
     | g641/Y                                             |      | n_126                                              |           |       |         |          | 
     | uu_dtpath/uu_exec/uu_alu/csa_tree_eq_29_30_groupi_ |  v   | uu_dtpath/uu_exec/uu_alu/csa_tree_eq_29_30_groupi_ | NOR2X6    | 0.000 |   3.192 |    3.170 | 
     | g638/A                                             |      | n_126                                              |           |       |         |          | 
     | uu_dtpath/uu_exec/uu_alu/csa_tree_eq_29_30_groupi_ |  ^   | uu_dtpath/uu_exec/uu_alu/csa_tree_eq_29_30_groupi_ | NOR2X6    | 0.080 |   3.272 |    3.250 | 
     | g638/Y                                             |      | n_129                                              |           |       |         |          | 
     | uu_dtpath/uu_exec/uu_alu/csa_tree_eq_29_30_groupi_ |  ^   | uu_dtpath/uu_exec/uu_alu/csa_tree_eq_29_30_groupi_ | NAND2X8   | 0.000 |   3.272 |    3.250 | 
     | g637/B                                             |      | n_129                                              |           |       |         |          | 
     | uu_dtpath/uu_exec/uu_alu/csa_tree_eq_29_30_groupi_ |  v   | uu_dtpath/uu_exec/uu_alu/csa_tree_eq_29_30_groupi_ | NAND2X8   | 0.068 |   3.340 |    3.318 | 
     | g637/Y                                             |      | n_130                                              |           |       |         |          | 
     | uu_dtpath/uu_exec/uu_alu/csa_tree_eq_29_30_groupi_ |  v   | uu_dtpath/uu_exec/uu_alu/csa_tree_eq_29_30_groupi_ | NOR2X6    | 0.000 |   3.340 |    3.318 | 
     | g634/A                                             |      | n_130                                              |           |       |         |          | 
     | uu_dtpath/uu_exec/uu_alu/csa_tree_eq_29_30_groupi_ |  ^   | uu_dtpath/uu_exec/zero_w                           | NOR2X6    | 0.069 |   3.409 |    3.387 | 
     | g634/Y                                             |      |                                                    |           |       |         |          | 
     | uu_dtpath/uu_exec/FE_RC_5_0/A1                     |  ^   | uu_dtpath/uu_exec/zero_w                           | OAI21X2   | 0.000 |   3.409 |    3.387 | 
     | uu_dtpath/uu_exec/FE_RC_5_0/Y                      |  v   | uu_dtpath/uu_exec/n_1                              | OAI21X2   | 0.096 |   3.505 |    3.483 | 
     | uu_dtpath/uu_exec/g3928/B                          |  v   | uu_dtpath/uu_exec/n_1                              | NAND2X4   | 0.000 |   3.505 |    3.483 | 
     | uu_dtpath/uu_exec/g3928/Y                          |  ^   | uu_dtpath/uu_exec/n_2                              | NAND2X4   | 0.069 |   3.574 |    3.552 | 
     | uu_dtpath/uu_exec/g3927/B                          |  ^   | uu_dtpath/uu_exec/n_2                              | NAND2X6   | 0.000 |   3.574 |    3.552 | 
     | uu_dtpath/uu_exec/g3927/Y                          |  v   | uu_dtpath/pc_src                                   | NAND2X6   | 0.072 |   3.646 |    3.624 | 
     | uu_dtpath/g810/B                                   |  v   | uu_dtpath/pc_src                                   | OR2X4     | 0.000 |   3.646 |    3.624 | 
     | uu_dtpath/g810/Y                                   |  v   | uu_dtpath/flush_de                                 | OR2X4     | 0.202 |   3.848 |    3.826 | 
     | uu_dtpath/uu_dec/FE_OFC737_flush_de/A              |  v   | uu_dtpath/flush_de                                 | CLKINVX4  | 0.000 |   3.848 |    3.826 | 
     | uu_dtpath/uu_dec/FE_OFC737_flush_de/Y              |  ^   | uu_dtpath/uu_dec/FE_OFN438_flush_de                | CLKINVX4  | 0.083 |   3.931 |    3.909 | 
     | uu_dtpath/uu_dec/FE_OFC740_flush_de/A              |  ^   | uu_dtpath/uu_dec/FE_OFN438_flush_de                | CLKINVX20 | 0.000 |   3.931 |    3.909 | 
     | uu_dtpath/uu_dec/FE_OFC740_flush_de/Y              |  v   | uu_dtpath/uu_dec/FE_OFN440_flush_de                | CLKINVX20 | 0.100 |   4.031 |    4.009 | 
     | uu_dtpath/uu_dec/g2553/B                           |  v   | uu_dtpath/uu_dec/FE_OFN440_flush_de                | NOR2BX4   | 0.007 |   4.039 |    4.017 | 
     | uu_dtpath/uu_dec/g2553/Y                           |  ^   | uu_dtpath/uu_dec/n_108                             | NOR2BX4   | 0.107 |   4.145 |    4.123 | 
     | uu_dtpath/uu_dec/rd1_ff_reg[5]/D                   |  ^   | uu_dtpath/uu_dec/n_108                             | DFFRHQX1  | 0.000 |   4.145 |    4.123 | 
     +---------------------------------------------------------------------------------------------------------------------------------------------------------+ 
     Clock Rise Edge                      0.000
     + Source Insertion Delay            -0.609
     = Beginpoint Arrival Time           -0.609
     Other End Path:
     +------------------------------------------------------------------------------------------------------+ 
     |                Pin                | Edge |        Net        |   Cell   | Delay | Arrival | Required | 
     |                                   |      |                   |          |       |  Time   |   Time   | 
     |-----------------------------------+------+-------------------+----------+-------+---------+----------| 
     | clk                               |  ^   | clk               |          |       |  -0.609 |   -0.586 | 
     | uu_dtpath/CTS_ccl_a_buf_00308/A   |  ^   | clk               | CLKBUFX3 | 0.001 |  -0.607 |   -0.585 | 
     | uu_dtpath/CTS_ccl_a_buf_00308/Y   |  ^   | uu_dtpath/CTS_113 | CLKBUFX3 | 0.074 |  -0.534 |   -0.512 | 
     | uu_dtpath/CTS_ccl_a_buf_00304/A   |  ^   | uu_dtpath/CTS_113 | CLKBUFX4 | 0.000 |  -0.534 |   -0.511 | 
     | uu_dtpath/CTS_ccl_a_buf_00304/Y   |  ^   | uu_dtpath/CTS_112 | CLKBUFX4 | 0.102 |  -0.431 |   -0.409 | 
     | uu_dtpath/CTS_ccl_a_buf_00291/A   |  ^   | uu_dtpath/CTS_112 | CLKBUFX4 | 0.000 |  -0.431 |   -0.409 | 
     | uu_dtpath/CTS_ccl_a_buf_00291/Y   |  ^   | uu_dtpath/CTS_108 | CLKBUFX4 | 0.100 |  -0.331 |   -0.309 | 
     | uu_dtpath/CTS_ccl_a_buf_00257/A   |  ^   | uu_dtpath/CTS_108 | BUFX2    | 0.000 |  -0.331 |   -0.309 | 
     | uu_dtpath/CTS_ccl_a_buf_00257/Y   |  ^   | uu_dtpath/CTS_107 | BUFX2    | 0.096 |  -0.235 |   -0.213 | 
     | uu_dtpath/CTS_ccl_a_buf_00211/A   |  ^   | uu_dtpath/CTS_107 | CLKBUFX3 | 0.000 |  -0.235 |   -0.213 | 
     | uu_dtpath/CTS_ccl_a_buf_00211/Y   |  ^   | uu_dtpath/CTS_106 | CLKBUFX3 | 0.092 |  -0.143 |   -0.121 | 
     | uu_dtpath/CTS_ccl_a_buf_00029/A   |  ^   | uu_dtpath/CTS_106 | CLKBUFX4 | 0.000 |  -0.143 |   -0.120 | 
     | uu_dtpath/CTS_ccl_a_buf_00029/Y   |  ^   | uu_dtpath/CTS_104 | CLKBUFX4 | 0.105 |  -0.037 |   -0.015 | 
     | uu_dtpath/uu_dec/rd1_ff_reg[5]/CK |  ^   | uu_dtpath/CTS_104 | DFFRHQX1 | 0.000 |  -0.037 |   -0.015 | 
     +------------------------------------------------------------------------------------------------------+ 
Path 20: VIOLATED Setup Check with Pin uu_dtpath/uu_fetch/pc_ff_reg[9]/CK 
Endpoint:   uu_dtpath/uu_fetch/pc_ff_reg[9]/D     (^) checked with  leading 
edge of 'clk'
Beginpoint: uu_dtpath/uu_mem/o_resultSrc_reg[1]/Q (v) triggered by  leading 
edge of 'clk'
Path Groups: {clk}
Analysis View: setup
Other End Arrival Time         -0.027
- Setup                         0.123
+ Phase Shift                   4.400
- Uncertainty                   0.100
= Required Time                 4.151
- Arrival Time                  4.172
= Slack Time                   -0.022
     Clock Rise Edge                      0.000
     + Source Insertion Delay            -0.609
     = Beginpoint Arrival Time           -0.609
     Timing Path:
     +----------------------------------------------------------------------------------------------------------------------------------------------------------+ 
     |                        Pin                         | Edge |                        Net                         |    Cell    | Delay | Arrival | Required | 
     |                                                    |      |                                                    |            |       |  Time   |   Time   | 
     |----------------------------------------------------+------+----------------------------------------------------+------------+-------+---------+----------| 
     | clk                                                |  ^   | clk                                                |            |       |  -0.609 |   -0.630 | 
     | uu_dtpath/CTS_ccl_a_buf_00307/A                    |  ^   | clk                                                | CLKBUFX4   | 0.001 |  -0.607 |   -0.629 | 
     | uu_dtpath/CTS_ccl_a_buf_00307/Y                    |  ^   | uu_dtpath/CTS_56                                   | CLKBUFX4   | 0.086 |  -0.521 |   -0.543 | 
     | uu_dtpath/CTS_ccl_a_buf_00290/A                    |  ^   | uu_dtpath/CTS_56                                   | CLKBUFX4   | 0.000 |  -0.521 |   -0.542 | 
     | uu_dtpath/CTS_ccl_a_buf_00290/Y                    |  ^   | uu_dtpath/CTS_55                                   | CLKBUFX4   | 0.101 |  -0.420 |   -0.441 | 
     | uu_dtpath/CTS_ccl_a_buf_00274/A                    |  ^   | uu_dtpath/CTS_55                                   | CLKBUFX3   | 0.000 |  -0.420 |   -0.441 | 
     | uu_dtpath/CTS_ccl_a_buf_00274/Y                    |  ^   | uu_dtpath/CTS_42                                   | CLKBUFX3   | 0.090 |  -0.329 |   -0.351 | 
     | uu_dtpath/CTS_ccl_a_buf_00253/A                    |  ^   | uu_dtpath/CTS_42                                   | CLKBUFX3   | 0.000 |  -0.329 |   -0.351 | 
     | uu_dtpath/CTS_ccl_a_buf_00253/Y                    |  ^   | uu_dtpath/CTS_40                                   | CLKBUFX3   | 0.090 |  -0.240 |   -0.261 | 
     | uu_dtpath/CTS_ccl_a_buf_00207/A                    |  ^   | uu_dtpath/CTS_40                                   | CLKBUFX3   | 0.000 |  -0.239 |   -0.261 | 
     | uu_dtpath/CTS_ccl_a_buf_00207/Y                    |  ^   | uu_dtpath/CTS_38                                   | CLKBUFX3   | 0.089 |  -0.150 |   -0.172 | 
     | uu_dtpath/CTS_ccl_a_buf_00034/A                    |  ^   | uu_dtpath/CTS_38                                   | CLKBUFX4   | 0.000 |  -0.150 |   -0.172 | 
     | uu_dtpath/CTS_ccl_a_buf_00034/Y                    |  ^   | uu_dtpath/CTS_32                                   | CLKBUFX4   | 0.102 |  -0.049 |   -0.070 | 
     | uu_dtpath/uu_mem/o_resultSrc_reg[1]/CK             |  ^   | uu_dtpath/CTS_32                                   | DFFRHQX4   | 0.000 |  -0.049 |   -0.070 | 
     | uu_dtpath/uu_mem/o_resultSrc_reg[1]/Q              |  v   | uu_dtpath/resultSrc_mw[1]                          | DFFRHQX4   | 0.277 |   0.228 |    0.207 | 
     | uu_dtpath/uu_wb/g1420/B                            |  v   | uu_dtpath/resultSrc_mw[1]                          | NOR2X6     | 0.000 |   0.229 |    0.207 | 
     | uu_dtpath/uu_wb/g1420/Y                            |  ^   | uu_dtpath/uu_wb/n_2                                | NOR2X6     | 0.125 |   0.354 |    0.332 | 
     | uu_dtpath/uu_wb/FE_OFC699_n_2/A                    |  ^   | uu_dtpath/uu_wb/n_2                                | BUFX3      | 0.000 |   0.354 |    0.333 | 
     | uu_dtpath/uu_wb/FE_OFC699_n_2/Y                    |  ^   | uu_dtpath/uu_wb/n_25                               | BUFX3      | 0.201 |   0.556 |    0.534 | 
     | uu_dtpath/uu_wb/g1441/A1                           |  ^   | uu_dtpath/uu_wb/n_25                               | AOI22X2    | 0.001 |   0.556 |    0.535 | 
     | uu_dtpath/uu_wb/g1441/Y                            |  v   | uu_dtpath/uu_wb/n_267                              | AOI22X2    | 0.159 |   0.715 |    0.693 | 
     | uu_dtpath/uu_wb/g1293/B                            |  v   | uu_dtpath/uu_wb/n_267                              | NAND2X1    | 0.000 |   0.715 |    0.693 | 
     | uu_dtpath/uu_wb/g1293/Y                            |  ^   | uu_dtpath/wr_dt_reg[4]                             | NAND2X1    | 0.098 |   0.813 |    0.791 | 
     | uu_dtpath/FE_OFC945_wr_dt_reg_4/A                  |  ^   | uu_dtpath/wr_dt_reg[4]                             | CLKBUFX6   | 0.000 |   0.813 |    0.791 | 
     | uu_dtpath/FE_OFC945_wr_dt_reg_4/Y                  |  ^   | uu_dtpath/FE_OFN233_wr_dt_reg_4                    | CLKBUFX6   | 0.156 |   0.969 |    0.947 | 
     | uu_dtpath/uu_exec/g5895/A                          |  ^   | uu_dtpath/FE_OFN233_wr_dt_reg_4                    | NAND2X4    | 0.000 |   0.969 |    0.947 | 
     | uu_dtpath/uu_exec/g5895/Y                          |  v   | uu_dtpath/uu_exec/n_150                            | NAND2X4    | 0.126 |   1.095 |    1.073 | 
     | uu_dtpath/uu_exec/g5653/A                          |  v   | uu_dtpath/uu_exec/n_150                            | NAND2X6    | 0.000 |   1.095 |    1.073 | 
     | uu_dtpath/uu_exec/g5653/Y                          |  ^   | uu_dtpath/uu_exec/n_350                            | NAND2X6    | 0.060 |   1.154 |    1.133 | 
     | uu_dtpath/uu_exec/g5567/A1                         |  ^   | uu_dtpath/uu_exec/n_350                            | AOI21X2    | 0.000 |   1.155 |    1.133 | 
     | uu_dtpath/uu_exec/g5567/Y                          |  v   | uu_dtpath/uu_exec/n_344                            | AOI21X2    | 0.131 |   1.286 |    1.264 | 
     | uu_dtpath/uu_exec/FE_OFC301_n_344/A                |  v   | uu_dtpath/uu_exec/n_344                            | BUFX12     | 0.000 |   1.286 |    1.264 | 
     | uu_dtpath/uu_exec/FE_OFC301_n_344/Y                |  v   | uu_dtpath/uu_exec/FE_OFN320_n_344                  | BUFX12     | 0.210 |   1.495 |    1.474 | 
     | uu_dtpath/uu_exec/g5565/A                          |  v   | uu_dtpath/uu_exec/FE_OFN320_n_344                  | CLKINVX20  | 0.004 |   1.499 |    1.478 | 
     | uu_dtpath/uu_exec/g5565/Y                          |  ^   | uu_dtpath/uu_exec/alu_srcB_w[4]                    | CLKINVX20  | 0.126 |   1.625 |    1.603 | 
     | uu_dtpath/uu_exec/uu_alu/sll_22_38_g3849/B         |  ^   | uu_dtpath/uu_exec/alu_srcB_w[4]                    | NOR2X6     | 0.002 |   1.627 |    1.605 | 
     | uu_dtpath/uu_exec/uu_alu/sll_22_38_g3849/Y         |  v   | uu_dtpath/uu_exec/uu_alu/sll_22_38_n_79            | NOR2X6     | 0.081 |   1.708 |    1.686 | 
     | uu_dtpath/uu_exec/uu_alu/sll_22_38_g3770/B         |  v   | uu_dtpath/uu_exec/uu_alu/sll_22_38_n_79            | CLKAND2X3  | 0.000 |   1.708 |    1.686 | 
     | uu_dtpath/uu_exec/uu_alu/sll_22_38_g3770/Y         |  v   | uu_dtpath/uu_exec/uu_alu/sll_22_38_n_133           | CLKAND2X3  | 0.101 |   1.809 |    1.787 | 
     | uu_dtpath/uu_exec/uu_alu/FE_OFC772_sll_22_38_n_133 |  v   | uu_dtpath/uu_exec/uu_alu/sll_22_38_n_133           | INVX1      | 0.000 |   1.809 |    1.787 | 
     | /A                                                 |      |                                                    |            |       |         |          | 
     | uu_dtpath/uu_exec/uu_alu/FE_OFC772_sll_22_38_n_133 |  ^   | uu_dtpath/uu_exec/uu_alu/sll_22_38_n_30            | INVX1      | 0.049 |   1.858 |    1.837 | 
     | /Y                                                 |      |                                                    |            |       |         |          | 
     | uu_dtpath/uu_exec/uu_alu/sll_22_38_g3733/B         |  ^   | uu_dtpath/uu_exec/uu_alu/sll_22_38_n_30            | NOR2X4     | 0.000 |   1.858 |    1.837 | 
     | uu_dtpath/uu_exec/uu_alu/sll_22_38_g3733/Y         |  v   | uu_dtpath/uu_exec/uu_alu/sll_22_38_n_172           | NOR2X4     | 0.050 |   1.908 |    1.886 | 
     | uu_dtpath/uu_exec/uu_alu/sll_22_38_g3674/A1        |  v   | uu_dtpath/uu_exec/uu_alu/sll_22_38_n_172           | AOI22X2    | 0.000 |   1.908 |    1.886 | 
     | uu_dtpath/uu_exec/uu_alu/sll_22_38_g3674/Y         |  ^   | uu_dtpath/uu_exec/uu_alu/sll_22_38_n_215           | AOI22X2    | 0.103 |   2.011 |    1.989 | 
     | uu_dtpath/uu_exec/uu_alu/sll_22_38_g3619/B         |  ^   | uu_dtpath/uu_exec/uu_alu/sll_22_38_n_215           | NAND2X1    | 0.000 |   2.011 |    1.989 | 
     | uu_dtpath/uu_exec/uu_alu/sll_22_38_g3619/Y         |  v   | uu_dtpath/uu_exec/uu_alu/sll_22_38_n_263           | NAND2X1    | 0.142 |   2.153 |    2.131 | 
     | uu_dtpath/uu_exec/uu_alu/sll_22_38_g3560/B0        |  v   | uu_dtpath/uu_exec/uu_alu/sll_22_38_n_263           | AOI2BB1X1  | 0.000 |   2.153 |    2.131 | 
     | uu_dtpath/uu_exec/uu_alu/sll_22_38_g3560/Y         |  ^   | uu_dtpath/uu_exec/uu_alu/sll_22_38_n_319           | AOI2BB1X1  | 0.155 |   2.308 |    2.286 | 
     | uu_dtpath/uu_exec/uu_alu/sll_22_38_g3539/B0        |  ^   | uu_dtpath/uu_exec/uu_alu/sll_22_38_n_319           | OAI21X4    | 0.000 |   2.308 |    2.286 | 
     | uu_dtpath/uu_exec/uu_alu/sll_22_38_g3539/Y         |  v   | uu_dtpath/uu_exec/uu_alu/n_639                     | OAI21X4    | 0.116 |   2.424 |    2.402 | 
     | uu_dtpath/uu_exec/uu_alu/g6504/B                   |  v   | uu_dtpath/uu_exec/uu_alu/n_639                     | NAND2BX4   | 0.000 |   2.424 |    2.402 | 
     | uu_dtpath/uu_exec/uu_alu/g6504/Y                   |  ^   | uu_dtpath/uu_exec/uu_alu/n_71                      | NAND2BX4   | 0.064 |   2.488 |    2.466 | 
     | uu_dtpath/uu_exec/uu_alu/g6095/B                   |  ^   | uu_dtpath/uu_exec/uu_alu/n_71                      | NAND2X2    | 0.000 |   2.488 |    2.466 | 
     | uu_dtpath/uu_exec/uu_alu/g6095/Y                   |  v   | uu_dtpath/uu_exec/uu_alu/n_544                     | NAND2X2    | 0.098 |   2.586 |    2.564 | 
     | uu_dtpath/uu_exec/uu_alu/csa_tree_eq_29_30_groupi_ |  v   | uu_dtpath/uu_exec/uu_alu/n_544                     | CLKXOR2X1  | 0.000 |   2.586 |    2.564 | 
     | g707/B                                             |      |                                                    |            |       |         |          | 
     | uu_dtpath/uu_exec/uu_alu/csa_tree_eq_29_30_groupi_ |  ^   | uu_dtpath/uu_exec/uu_alu/csa_tree_eq_29_30_groupi_ | CLKXOR2X1  | 0.170 |   2.756 |    2.734 | 
     | g707/Y                                             |      | n_65                                               |            |       |         |          | 
     | uu_dtpath/uu_exec/uu_alu/FE_RC_8_0/A               |  ^   | uu_dtpath/uu_exec/uu_alu/csa_tree_eq_29_30_groupi_ | XNOR2X1    | 0.000 |   2.756 |    2.734 | 
     |                                                    |      | n_65                                               |            |       |         |          | 
     | uu_dtpath/uu_exec/uu_alu/FE_RC_8_0/Y               |  v   | uu_dtpath/uu_exec/uu_alu/csa_tree_eq_29_30_groupi_ | XNOR2X1    | 0.248 |   3.004 |    2.982 | 
     |                                                    |      | n_93                                               |            |       |         |          | 
     | uu_dtpath/uu_exec/uu_alu/csa_tree_eq_29_30_groupi_ |  v   | uu_dtpath/uu_exec/uu_alu/csa_tree_eq_29_30_groupi_ | NOR2X4     | 0.000 |   3.004 |    2.982 | 
     | g643/B                                             |      | n_93                                               |            |       |         |          | 
     | uu_dtpath/uu_exec/uu_alu/csa_tree_eq_29_30_groupi_ |  ^   | uu_dtpath/uu_exec/uu_alu/csa_tree_eq_29_30_groupi_ | NOR2X4     | 0.106 |   3.110 |    3.088 | 
     | g643/Y                                             |      | n_124                                              |            |       |         |          | 
     | uu_dtpath/uu_exec/uu_alu/csa_tree_eq_29_30_groupi_ |  ^   | uu_dtpath/uu_exec/uu_alu/csa_tree_eq_29_30_groupi_ | NAND2X6    | 0.000 |   3.110 |    3.088 | 
     | g641/B                                             |      | n_124                                              |            |       |         |          | 
     | uu_dtpath/uu_exec/uu_alu/csa_tree_eq_29_30_groupi_ |  v   | uu_dtpath/uu_exec/uu_alu/csa_tree_eq_29_30_groupi_ | NAND2X6    | 0.082 |   3.192 |    3.170 | 
     | g641/Y                                             |      | n_126                                              |            |       |         |          | 
     | uu_dtpath/uu_exec/uu_alu/csa_tree_eq_29_30_groupi_ |  v   | uu_dtpath/uu_exec/uu_alu/csa_tree_eq_29_30_groupi_ | NOR2X6     | 0.000 |   3.192 |    3.171 | 
     | g638/A                                             |      | n_126                                              |            |       |         |          | 
     | uu_dtpath/uu_exec/uu_alu/csa_tree_eq_29_30_groupi_ |  ^   | uu_dtpath/uu_exec/uu_alu/csa_tree_eq_29_30_groupi_ | NOR2X6     | 0.080 |   3.272 |    3.251 | 
     | g638/Y                                             |      | n_129                                              |            |       |         |          | 
     | uu_dtpath/uu_exec/uu_alu/csa_tree_eq_29_30_groupi_ |  ^   | uu_dtpath/uu_exec/uu_alu/csa_tree_eq_29_30_groupi_ | NAND2X8    | 0.000 |   3.272 |    3.251 | 
     | g637/B                                             |      | n_129                                              |            |       |         |          | 
     | uu_dtpath/uu_exec/uu_alu/csa_tree_eq_29_30_groupi_ |  v   | uu_dtpath/uu_exec/uu_alu/csa_tree_eq_29_30_groupi_ | NAND2X8    | 0.068 |   3.340 |    3.318 | 
     | g637/Y                                             |      | n_130                                              |            |       |         |          | 
     | uu_dtpath/uu_exec/uu_alu/csa_tree_eq_29_30_groupi_ |  v   | uu_dtpath/uu_exec/uu_alu/csa_tree_eq_29_30_groupi_ | NOR2X6     | 0.000 |   3.340 |    3.318 | 
     | g634/A                                             |      | n_130                                              |            |       |         |          | 
     | uu_dtpath/uu_exec/uu_alu/csa_tree_eq_29_30_groupi_ |  ^   | uu_dtpath/uu_exec/zero_w                           | NOR2X6     | 0.069 |   3.409 |    3.387 | 
     | g634/Y                                             |      |                                                    |            |       |         |          | 
     | uu_dtpath/uu_exec/FE_RC_5_0/A1                     |  ^   | uu_dtpath/uu_exec/zero_w                           | OAI21X2    | 0.000 |   3.409 |    3.387 | 
     | uu_dtpath/uu_exec/FE_RC_5_0/Y                      |  v   | uu_dtpath/uu_exec/n_1                              | OAI21X2    | 0.096 |   3.505 |    3.484 | 
     | uu_dtpath/uu_exec/g3928/B                          |  v   | uu_dtpath/uu_exec/n_1                              | NAND2X4    | 0.000 |   3.505 |    3.484 | 
     | uu_dtpath/uu_exec/g3928/Y                          |  ^   | uu_dtpath/uu_exec/n_2                              | NAND2X4    | 0.069 |   3.574 |    3.553 | 
     | uu_dtpath/uu_exec/g3927/B                          |  ^   | uu_dtpath/uu_exec/n_2                              | NAND2X6    | 0.000 |   3.574 |    3.553 | 
     | uu_dtpath/uu_exec/g3927/Y                          |  v   | uu_dtpath/pc_src                                   | NAND2X6    | 0.072 |   3.646 |    3.625 | 
     | uu_dtpath/uu_fetch/g6098/A                         |  v   | uu_dtpath/pc_src                                   | INVX3      | 0.000 |   3.646 |    3.625 | 
     | uu_dtpath/uu_fetch/g6098/Y                         |  ^   | uu_dtpath/uu_fetch/n_95                            | INVX3      | 0.064 |   3.711 |    3.689 | 
     | uu_dtpath/uu_fetch/g6035/B                         |  ^   | uu_dtpath/uu_fetch/n_95                            | CLKAND2X12 | 0.000 |   3.711 |    3.689 | 
     | uu_dtpath/uu_fetch/g6035/Y                         |  ^   | uu_dtpath/uu_fetch/n_129                           | CLKAND2X12 | 0.128 |   3.839 |    3.817 | 
     | uu_dtpath/uu_fetch/FE_OCPC1128_n_129/A             |  ^   | uu_dtpath/uu_fetch/n_129                           | CLKBUFX20  | 0.000 |   3.840 |    3.818 | 
     | uu_dtpath/uu_fetch/FE_OCPC1128_n_129/Y             |  ^   | uu_dtpath/uu_fetch/FE_OCPN838_n_129                | CLKBUFX20  | 0.123 |   3.962 |    3.941 | 
     | uu_dtpath/uu_fetch/g5992/B                         |  ^   | uu_dtpath/uu_fetch/FE_OCPN838_n_129                | NAND2X1    | 0.002 |   3.964 |    3.942 | 
     | uu_dtpath/uu_fetch/g5992/Y                         |  v   | uu_dtpath/uu_fetch/n_182                           | NAND2X1    | 0.114 |   4.078 |    4.056 | 
     | uu_dtpath/uu_fetch/g5803/B                         |  v   | uu_dtpath/uu_fetch/n_182                           | NAND2X1    | 0.000 |   4.078 |    4.056 | 
     | uu_dtpath/uu_fetch/g5803/Y                         |  ^   | uu_dtpath/uu_fetch/n_300                           | NAND2X1    | 0.095 |   4.172 |    4.151 | 
     | uu_dtpath/uu_fetch/pc_ff_reg[9]/D                  |  ^   | uu_dtpath/uu_fetch/n_300                           | DFFRHQX1   | 0.000 |   4.172 |    4.151 | 
     +----------------------------------------------------------------------------------------------------------------------------------------------------------+ 
     Clock Rise Edge                      0.000
     + Source Insertion Delay            -0.609
     = Beginpoint Arrival Time           -0.609
     Other End Path:
     +-------------------------------------------------------------------------------------------------------+ 
     |                Pin                 | Edge |        Net        |   Cell   | Delay | Arrival | Required | 
     |                                    |      |                   |          |       |  Time   |   Time   | 
     |------------------------------------+------+-------------------+----------+-------+---------+----------| 
     | clk                                |  ^   | clk               |          |       |  -0.609 |   -0.587 | 
     | uu_dtpath/CTS_ccl_a_buf_00308/A    |  ^   | clk               | CLKBUFX3 | 0.001 |  -0.607 |   -0.586 | 
     | uu_dtpath/CTS_ccl_a_buf_00308/Y    |  ^   | uu_dtpath/CTS_113 | CLKBUFX3 | 0.074 |  -0.534 |   -0.512 | 
     | uu_dtpath/CTS_ccl_a_buf_00304/A    |  ^   | uu_dtpath/CTS_113 | CLKBUFX4 | 0.000 |  -0.534 |   -0.512 | 
     | uu_dtpath/CTS_ccl_a_buf_00304/Y    |  ^   | uu_dtpath/CTS_112 | CLKBUFX4 | 0.102 |  -0.431 |   -0.410 | 
     | uu_dtpath/CTS_ccl_a_buf_00288/A    |  ^   | uu_dtpath/CTS_112 | CLKBUFX4 | 0.000 |  -0.431 |   -0.409 | 
     | uu_dtpath/CTS_ccl_a_buf_00288/Y    |  ^   | uu_dtpath/CTS_89  | CLKBUFX4 | 0.106 |  -0.325 |   -0.304 | 
     | uu_dtpath/CTS_ccl_a_buf_00250/A    |  ^   | uu_dtpath/CTS_89  | CLKBUFX4 | 0.000 |  -0.325 |   -0.304 | 
     | uu_dtpath/CTS_ccl_a_buf_00250/Y    |  ^   | uu_dtpath/CTS_72  | CLKBUFX4 | 0.103 |  -0.222 |   -0.200 | 
     | uu_dtpath/CTS_ccl_a_buf_00197/A    |  ^   | uu_dtpath/CTS_72  | CLKBUFX3 | 0.000 |  -0.222 |   -0.200 | 
     | uu_dtpath/CTS_ccl_a_buf_00197/Y    |  ^   | uu_dtpath/CTS_66  | CLKBUFX3 | 0.093 |  -0.129 |   -0.107 | 
     | uu_dtpath/CTS_ccl_a_buf_00039/A    |  ^   | uu_dtpath/CTS_66  | CLKBUFX4 | 0.000 |  -0.129 |   -0.107 | 
     | uu_dtpath/CTS_ccl_a_buf_00039/Y    |  ^   | uu_dtpath/CTS_63  | CLKBUFX4 | 0.102 |  -0.027 |   -0.005 | 
     | uu_dtpath/uu_fetch/pc_ff_reg[9]/CK |  ^   | uu_dtpath/CTS_63  | DFFRHQX1 | 0.000 |  -0.027 |   -0.005 | 
     +-------------------------------------------------------------------------------------------------------+ 

