###############################################################
#  Generated by:      Cadence Innovus 22.14-s061_1
#  OS:                Linux x86_64(Host ID microeletronica)
#  Generated on:      Thu Jul 23 19:54:04 2026
#  Design:            ariscv
#  Command:           report_timing -max_paths 50 -path_type full_clock -view "setup" -late -retime path_slew_propagation -analysis_summary_file "${REPORT_PATH}/timing_summary_setup.rpt" > $REPORT_PATH/timing_setup.rpt
###############################################################
Path 1: MET Setup Check with Pin uu_dtpath/uu_dec/rd2_ff_reg[3]/CK 
Endpoint:   uu_dtpath/uu_dec/rd2_ff_reg[3]/D                (v) checked with  
leading edge of 'clk'
Beginpoint: uu_dtpath/uu_dec/uu_reg_file/reg_dt_reg[5][3]/Q (v) triggered by 
trailing edge of 'clk'
Path Groups: {clk}
Analysis View: setup
Retime Analysis { Data Path-Slew SI }
Other End Arrival Time          0.002
- Setup                         0.041
+ Phase Shift                   4.400
- Uncertainty                   0.100
= Required Time                 4.261
- Arrival Time                  4.217
= Slack Time                    0.044
= Slack Time(original)          0.034
     Clock Fall Edge                      2.200
     + Source Insertion Delay            -0.598
     = Beginpoint Arrival Time            1.602
     Timing Path:
     +----------------------------------------------------------------------------------------------------------+ 
     |                     Instance                     |     Arc     |   Cell    | Retime | Arrival | Required | 
     |                                                  |             |           |  Delay |  Time   |   Time   | 
     |--------------------------------------------------+-------------+-----------+--------+---------+----------| 
     |                                                  | clk v       |           |        |   1.602 |    1.646 | 
     | uu_dtpath/uu_dec/g163                            |             | INVX2     |  0.002 |   1.604 |    1.648 | 
     | uu_dtpath/uu_dec/g163                            | A v -> Y ^  | INVX2     |  0.029 |   1.632 |    1.676 | 
     | uu_dtpath/uu_dec/uu_reg_file/CTS_ccl_a_buf_00274 |             | CLKBUFX4  |  0.000 |   1.632 |    1.676 | 
     | uu_dtpath/uu_dec/uu_reg_file/CTS_ccl_a_buf_00274 | A ^ -> Y ^  | CLKBUFX4  |  0.100 |   1.733 |    1.777 | 
     | uu_dtpath/uu_dec/uu_reg_file/CTS_cfo_buf_00284   |             | BUFX2     |  0.000 |   1.733 |    1.777 | 
     | uu_dtpath/uu_dec/uu_reg_file/CTS_cfo_buf_00284   | A ^ -> Y ^  | BUFX2     |  0.101 |   1.834 |    1.878 | 
     | uu_dtpath/uu_dec/uu_reg_file/CTS_ccl_a_buf_00256 |             | CLKBUFX4  |  0.000 |   1.834 |    1.878 | 
     | uu_dtpath/uu_dec/uu_reg_file/CTS_ccl_a_buf_00256 | A ^ -> Y ^  | CLKBUFX4  |  0.102 |   1.936 |    1.979 | 
     | uu_dtpath/uu_dec/uu_reg_file/CTS_ccl_a_buf_00219 |             | BUFX2     |  0.000 |   1.936 |    1.979 | 
     | uu_dtpath/uu_dec/uu_reg_file/CTS_ccl_a_buf_00219 | A ^ -> Y ^  | BUFX2     |  0.095 |   2.030 |    2.074 | 
     | uu_dtpath/uu_dec/uu_reg_file/CTS_csf_buf_00278   |             | CLKBUFX4  |  0.000 |   2.030 |    2.074 | 
     | uu_dtpath/uu_dec/uu_reg_file/CTS_csf_buf_00278   | A ^ -> Y ^  | CLKBUFX4  |  0.098 |   2.129 |    2.173 | 
     | uu_dtpath/uu_dec/uu_reg_file/CTS_ccl_a_buf_00168 |             | CLKBUFX4  |  0.000 |   2.129 |    2.173 | 
     | uu_dtpath/uu_dec/uu_reg_file/CTS_ccl_a_buf_00168 | A ^ -> Y ^  | CLKBUFX4  |  0.104 |   2.233 |    2.277 | 
     | uu_dtpath/uu_dec/uu_reg_file/reg_dt_reg[5][3]    |             | SDFFRHQX1 |  0.000 |   2.233 |    2.277 | 
     | uu_dtpath/uu_dec/uu_reg_file/reg_dt_reg[5][3]    | CK ^ -> Q v | SDFFRHQX1 |  0.253 |   2.486 |    2.530 | 
     | uu_dtpath/uu_dec/uu_reg_file/g4121               |             | AOI22X1   |  0.000 |   2.486 |    2.530 | 
     | uu_dtpath/uu_dec/uu_reg_file/g4121               | A0 v -> Y ^ | AOI22X1   |  0.114 |   2.600 |    2.644 | 
     | uu_dtpath/uu_dec/uu_reg_file/g3702               |             | AND2X1    |  0.000 |   2.600 |    2.644 | 
     | uu_dtpath/uu_dec/uu_reg_file/g3702               | B ^ -> Y ^  | AND2X1    |  0.167 |   2.767 |    2.811 | 
     | uu_dtpath/uu_dec/uu_reg_file/g3500               |             | NAND2X1   |  0.000 |   2.767 |    2.811 | 
     | uu_dtpath/uu_dec/uu_reg_file/g3500               | B ^ -> Y v  | NAND2X1   |  0.122 |   2.889 |    2.933 | 
     | uu_dtpath/uu_dec/uu_reg_file/g37251              |             | NAND4BX1  |  0.000 |   2.889 |    2.933 | 
     | uu_dtpath/uu_dec/uu_reg_file/g37251              | AN v -> Y v | NAND4BX1  |  0.283 |   3.173 |    3.217 | 
     | uu_dtpath/uu_dec/uu_reg_file/FE_OFC821_n_2922    |             | BUFX2     |  0.000 |   3.173 |    3.217 | 
     | uu_dtpath/uu_dec/uu_reg_file/FE_OFC821_n_2922    | A v -> Y v  | BUFX2     |  0.157 |   3.329 |    3.373 | 
     | uu_dtpath/uu_dec/uu_reg_file/FE_OFC421_n_2922    |             | BUFX2     |  0.000 |   3.329 |    3.373 | 
     | uu_dtpath/uu_dec/uu_reg_file/FE_OFC421_n_2922    | A v -> Y v  | BUFX2     |  0.095 |   3.424 |    3.468 | 
     | uu_dtpath/uu_dec/uu_reg_file/g37222              |             | NAND4BBX1 |  0.000 |   3.424 |    3.468 | 
     | uu_dtpath/uu_dec/uu_reg_file/g37222              | AN v -> Y v | NAND4BBX1 |  0.360 |   3.785 |    3.829 | 
     | uu_dtpath/uu_dec/FE_OFC855_rd2_w_3               |             | BUFX2     |  0.000 |   3.785 |    3.829 | 
     | uu_dtpath/uu_dec/FE_OFC855_rd2_w_3               | A v -> Y v  | BUFX2     |  0.256 |   4.041 |    4.085 | 
     | uu_dtpath/uu_dec/FE_OFC580_rd2_w_3               |             | BUFX2     |  0.000 |   4.041 |    4.085 | 
     | uu_dtpath/uu_dec/FE_OFC580_rd2_w_3               | A v -> Y v  | BUFX2     |  0.090 |   4.130 |    4.174 | 
     | uu_dtpath/uu_dec/g232                            |             | AND2X1    |  0.000 |   4.130 |    4.174 | 
     | uu_dtpath/uu_dec/g232                            | B v -> Y v  | AND2X1    |  0.087 |   4.217 |    4.261 | 
     | uu_dtpath/uu_dec/rd2_ff_reg[3]                   |             | DFFRHQX1  |  0.000 |   4.217 |    4.261 | 
     +----------------------------------------------------------------------------------------------------------+ 
     Clock Rise Edge                      0.000
     + Source Insertion Delay            -0.596
     = Beginpoint Arrival Time           -0.596
     Other End Path:
     +--------------------------------------------------------------------------------------------+ 
     |               Instance               |    Arc     |   Cell   | Retime | Arrival | Required | 
     |                                      |            |          |  Delay |  Time   |   Time   | 
     |--------------------------------------+------------+----------+--------+---------+----------| 
     |                                      | clk ^      |          |        |  -0.596 |   -0.640 | 
     | uu_dtpath/CTS_ccl_a_buf_00272        |            | CLKBUFX4 |  0.003 |  -0.593 |   -0.637 | 
     | uu_dtpath/CTS_ccl_a_buf_00272        | A ^ -> Y ^ | CLKBUFX4 |  0.091 |  -0.502 |   -0.546 | 
     | uu_dtpath/CTS_ccl_a_buf_00260        |            | CLKBUFX3 |  0.000 |  -0.502 |   -0.546 | 
     | uu_dtpath/CTS_ccl_a_buf_00260        | A ^ -> Y ^ | CLKBUFX3 |  0.100 |  -0.402 |   -0.445 | 
     | uu_dtpath/CTS_ccl_a_buf_00250        |            | CLKBUFX4 |  0.000 |  -0.402 |   -0.445 | 
     | uu_dtpath/CTS_ccl_a_buf_00250        | A ^ -> Y ^ | CLKBUFX4 |  0.106 |  -0.296 |   -0.339 | 
     | uu_dtpath/uu_dec/CTS_ccl_a_buf_00230 |            | CLKBUFX3 |  0.000 |  -0.296 |   -0.339 | 
     | uu_dtpath/uu_dec/CTS_ccl_a_buf_00230 | A ^ -> Y ^ | CLKBUFX3 |  0.093 |  -0.202 |   -0.246 | 
     | uu_dtpath/uu_dec/CTS_ccl_a_buf_00189 |            | CLKBUFX4 |  0.000 |  -0.202 |   -0.246 | 
     | uu_dtpath/uu_dec/CTS_ccl_a_buf_00189 | A ^ -> Y ^ | CLKBUFX4 |  0.101 |  -0.101 |   -0.145 | 
     | uu_dtpath/uu_dec/CTS_ccl_a_buf_00057 |            | CLKBUFX4 |  0.000 |  -0.101 |   -0.145 | 
     | uu_dtpath/uu_dec/CTS_ccl_a_buf_00057 | A ^ -> Y ^ | CLKBUFX4 |  0.103 |   0.002 |   -0.042 | 
     | uu_dtpath/uu_dec/rd2_ff_reg[3]       |            | DFFRHQX1 |  0.000 |   0.002 |   -0.042 | 
     +--------------------------------------------------------------------------------------------+ 
Path 2: VIOLATED Setup Check with Pin uu_dtpath/uu_fetch/pc_plus4_ff_reg[22]/CK 
Endpoint:   uu_dtpath/uu_fetch/pc_plus4_ff_reg[22]/D (^) checked with  leading 
edge of 'clk'
Beginpoint: uu_dtpath/uu_dec/o_aluSrc_reg/Q          (^) triggered by  leading 
edge of 'clk'
Path Groups: {clk}
Analysis View: setup
Retime Analysis { Data Path-Slew SI }
Other End Arrival Time         -0.021
- Setup                         0.161
+ Phase Shift                   4.400
- Uncertainty                   0.100
= Required Time                 4.118
- Arrival Time                  4.139
= Slack Time                   -0.021
= Slack Time(original)          0.040
     Clock Rise Edge                      0.000
     + Source Insertion Delay            -0.596
     = Beginpoint Arrival Time           -0.596
     Timing Path:
     +---------------------------------------------------------------------------------------------------------+ 
     |                    Instance                     |     Arc     |   Cell    | Retime | Arrival | Required | 
     |                                                 |             |           |  Delay |  Time   |   Time   | 
     |-------------------------------------------------+-------------+-----------+--------+---------+----------| 
     |                                                 | clk ^       |           |        |  -0.596 |   -0.617 | 
     | uu_dtpath/CTS_ccl_a_buf_00272                   |             | CLKBUFX4  |  0.003 |  -0.593 |   -0.614 | 
     | uu_dtpath/CTS_ccl_a_buf_00272                   | A ^ -> Y ^  | CLKBUFX4  |  0.091 |  -0.502 |   -0.522 | 
     | uu_dtpath/CTS_ccl_a_buf_00267                   |             | CLKBUFX3  |  0.000 |  -0.502 |   -0.522 | 
     | uu_dtpath/CTS_ccl_a_buf_00267                   | A ^ -> Y ^  | CLKBUFX3  |  0.101 |  -0.400 |   -0.421 | 
     | uu_dtpath/CTS_ccl_a_buf_00251                   |             | BUFX2     |  0.000 |  -0.400 |   -0.421 | 
     | uu_dtpath/CTS_ccl_a_buf_00251                   | A ^ -> Y ^  | BUFX2     |  0.095 |  -0.306 |   -0.326 | 
     | uu_dtpath/CTS_ccl_a_buf_00232                   |             | CLKBUFX3  |  0.000 |  -0.306 |   -0.326 | 
     | uu_dtpath/CTS_ccl_a_buf_00232                   | A ^ -> Y ^  | CLKBUFX3  |  0.079 |  -0.227 |   -0.248 | 
     | uu_dtpath/uu_dec/CTS_ccl_a_buf_00192            |             | CLKBUFX4  |  0.000 |  -0.227 |   -0.248 | 
     | uu_dtpath/uu_dec/CTS_ccl_a_buf_00192            | A ^ -> Y ^  | CLKBUFX4  |  0.105 |  -0.122 |   -0.143 | 
     | uu_dtpath/uu_dec/CTS_ccl_a_buf_00055            |             | CLKBUFX4  |  0.000 |  -0.122 |   -0.143 | 
     | uu_dtpath/uu_dec/CTS_ccl_a_buf_00055            | A ^ -> Y ^  | CLKBUFX4  |  0.111 |  -0.011 |   -0.032 | 
     | uu_dtpath/uu_dec/o_aluSrc_reg                   |             | DFFRHQX4  |  0.000 |  -0.011 |   -0.032 | 
     | uu_dtpath/uu_dec/o_aluSrc_reg                   | CK ^ -> Q ^ | DFFRHQX4  |  0.293 |   0.282 |    0.261 | 
     | uu_dtpath/uu_exec/FE_OFC71_aluSrc               |             | INVX3     |  0.000 |   0.282 |    0.261 | 
     | uu_dtpath/uu_exec/FE_OFC71_aluSrc               | A ^ -> Y v  | INVX3     |  0.078 |   0.360 |    0.339 | 
     | uu_dtpath/uu_exec/FE_OFC740_aluSrc              |             | CLKINVX20 |  0.000 |   0.360 |    0.339 | 
     | uu_dtpath/uu_exec/FE_OFC740_aluSrc              | A v -> Y ^  | CLKINVX20 |  0.086 |   0.445 |    0.425 | 
     | uu_dtpath/uu_exec/g767                          |             | NAND2X2   |  0.003 |   0.448 |    0.428 | 
     | uu_dtpath/uu_exec/g767                          | B ^ -> Y v  | NAND2X2   |  0.141 |   0.589 |    0.568 | 
     | uu_dtpath/uu_exec/g739                          |             | NAND2X2   |  0.000 |   0.589 |    0.568 | 
     | uu_dtpath/uu_exec/g739                          | A v -> Y ^  | NAND2X2   |  0.105 |   0.694 |    0.674 | 
     | uu_dtpath/uu_exec/uu_alu/FE_OFC349_alu_srcB_w_0 |             | INVX3     |  0.000 |   0.694 |    0.674 | 
     | uu_dtpath/uu_exec/uu_alu/FE_OFC349_alu_srcB_w_0 | A ^ -> Y v  | INVX3     |  0.060 |   0.754 |    0.733 | 
     | uu_dtpath/uu_exec/uu_alu/FE_OFC351_alu_srcB_w_0 |             | INVX6     |  0.000 |   0.754 |    0.733 | 
     | uu_dtpath/uu_exec/uu_alu/FE_OFC351_alu_srcB_w_0 | A v -> Y ^  | INVX6     |  0.058 |   0.812 |    0.792 | 
     | uu_dtpath/uu_exec/uu_alu/FE_OFC355_alu_srcB_w_0 |             | CLKBUFX20 |  0.000 |   0.812 |    0.792 | 
     | uu_dtpath/uu_exec/uu_alu/FE_OFC355_alu_srcB_w_0 | A ^ -> Y ^  | CLKBUFX20 |  0.142 |   0.955 |    0.934 | 
     | uu_dtpath/uu_exec/uu_alu/g2227                  |             | CLKINVX16 |  0.001 |   0.956 |    0.935 | 
     | uu_dtpath/uu_exec/uu_alu/g2227                  | A ^ -> Y v  | CLKINVX16 |  0.073 |   1.028 |    1.008 | 
     | uu_dtpath/uu_exec/uu_alu/sll_22_38_g2858        |             | AOI22X1   |  0.000 |   1.029 |    1.008 | 
     | uu_dtpath/uu_exec/uu_alu/sll_22_38_g2858        | A1 v -> Y ^ | AOI22X1   |  0.144 |   1.172 |    1.152 | 
     | uu_dtpath/uu_exec/uu_alu/sll_22_38_g2840        |             | MX2X1     |  0.000 |   1.172 |    1.152 | 
     | uu_dtpath/uu_exec/uu_alu/sll_22_38_g2840        | A ^ -> Y ^  | MX2X1     |  0.231 |   1.403 |    1.383 | 
     | uu_dtpath/uu_exec/uu_alu/sll_22_38_g2794        |             | MXI2X2    |  0.000 |   1.403 |    1.383 | 
     | uu_dtpath/uu_exec/uu_alu/sll_22_38_g2794        | A ^ -> Y v  | MXI2X2    |  0.223 |   1.627 |    1.606 | 
     | uu_dtpath/uu_exec/uu_alu/sll_22_38_g2731        |             | AOI221X1  |  0.000 |   1.627 |    1.606 | 
     | uu_dtpath/uu_exec/uu_alu/sll_22_38_g2731        | A1 v -> Y ^ | AOI221X1  |  0.214 |   1.840 |    1.820 | 
     | uu_dtpath/uu_exec/uu_alu/sll_22_38_g2719        |             | OAI2BB1X1 |  0.000 |   1.840 |    1.820 | 
     | uu_dtpath/uu_exec/uu_alu/sll_22_38_g2719        | B0 ^ -> Y v | OAI2BB1X1 |  0.243 |   2.084 |    2.063 | 
     | uu_dtpath/uu_exec/uu_alu/g4448                  |             | AOI221XL  |  0.000 |   2.084 |    2.063 | 
     | uu_dtpath/uu_exec/uu_alu/g4448                  | B0 v -> Y ^ | AOI221XL  |  0.264 |   2.347 |    2.327 | 
     | uu_dtpath/uu_exec/uu_alu/FE_OFC797_n_255        |             | CLKBUFX8  |  0.000 |   2.347 |    2.327 | 
     | uu_dtpath/uu_exec/uu_alu/FE_OFC797_n_255        | A ^ -> Y ^  | CLKBUFX8  |  0.193 |   2.541 |    2.520 | 
     | uu_dtpath/uu_exec/uu_alu/FE_OFC630_n_255        |             | BUFX2     |  0.000 |   2.541 |    2.520 | 
     | uu_dtpath/uu_exec/uu_alu/FE_OFC630_n_255        | A ^ -> Y ^  | BUFX2     |  0.089 |   2.629 |    2.609 | 
     | uu_dtpath/uu_exec/uu_alu/g4427                  |             | OAI2BB1X2 |  0.000 |   2.629 |    2.609 | 
     | uu_dtpath/uu_exec/uu_alu/g4427                  | B0 ^ -> Y v | OAI2BB1X2 |  0.085 |   2.714 |    2.693 | 
     | uu_dtpath/uu_exec/uu_alu/g4810                  |             | OR4X1     |  0.000 |   2.714 |    2.693 | 
     | uu_dtpath/uu_exec/uu_alu/g4810                  | C v -> Y v  | OR4X1     |  0.278 |   2.992 |    2.972 | 
     | uu_dtpath/uu_exec/uu_alu/FE_RC_2_0              |             | INVXL     |  0.000 |   2.992 |    2.972 | 
     | uu_dtpath/uu_exec/uu_alu/FE_RC_2_0              | A v -> Y ^  | INVXL     |  0.037 |   3.029 |    3.008 | 
     | uu_dtpath/uu_exec/uu_alu/FE_RC_1_0              |             | NAND2BX1  |  0.000 |   3.029 |    3.008 | 
     | uu_dtpath/uu_exec/uu_alu/FE_RC_1_0              | B ^ -> Y v  | NAND2BX1  |  0.112 |   3.141 |    3.121 | 
     | uu_dtpath/uu_exec/uu_alu/FE_RC_0_0              |             | NOR3X4    |  0.000 |   3.141 |    3.121 | 
     | uu_dtpath/uu_exec/uu_alu/FE_RC_0_0              | B v -> Y ^  | NOR3X4    |  0.140 |   3.281 |    3.260 | 
     | uu_dtpath/uu_exec/g789                          |             | XOR2X4    |  0.000 |   3.281 |    3.260 | 
     | uu_dtpath/uu_exec/g789                          | B ^ -> Y ^  | XOR2X4    |  0.228 |   3.509 |    3.489 | 
     | uu_dtpath/uu_exec/g458                          |             | OAI21X4   |  0.000 |   3.509 |    3.489 | 
     | uu_dtpath/uu_exec/g458                          | A1 ^ -> Y v | OAI21X4   |  0.100 |   3.609 |    3.588 | 
     | uu_dtpath/FE_OFC608_pc_src                      |             | CLKBUFX20 |  0.000 |   3.609 |    3.588 | 
     | uu_dtpath/FE_OFC608_pc_src                      | A v -> Y v  | CLKBUFX20 |  0.131 |   3.740 |    3.719 | 
     | uu_dtpath/FE_OFC617_pc_src                      |             | BUFX2     |  0.001 |   3.741 |    3.720 | 
     | uu_dtpath/FE_OFC617_pc_src                      | A v -> Y v  | BUFX2     |  0.198 |   3.939 |    3.919 | 
     | uu_dtpath/uu_fetch/g558                         |             | NOR2BX1   |  0.000 |   3.940 |    3.919 | 
     | uu_dtpath/uu_fetch/g558                         | B v -> Y ^  | NOR2BX1   |  0.199 |   4.139 |    4.118 | 
     | uu_dtpath/uu_fetch/pc_plus4_ff_reg[22]          |             | DFFRHQX1  |  0.000 |   4.139 |    4.118 | 
     +---------------------------------------------------------------------------------------------------------+ 
     Clock Rise Edge                      0.000
     + Source Insertion Delay            -0.596
     = Beginpoint Arrival Time           -0.596
     Other End Path:
     +----------------------------------------------------------------------------------------------+ 
     |                Instance                |    Arc     |   Cell   | Retime | Arrival | Required | 
     |                                        |            |          |  Delay |  Time   |   Time   | 
     |----------------------------------------+------------+----------+--------+---------+----------| 
     |                                        | clk ^      |          |        |  -0.596 |   -0.575 | 
     | uu_dtpath/CTS_ccl_a_buf_00272          |            | CLKBUFX4 |  0.003 |  -0.593 |   -0.572 | 
     | uu_dtpath/CTS_ccl_a_buf_00272          | A ^ -> Y ^ | CLKBUFX4 |  0.091 |  -0.502 |   -0.481 | 
     | uu_dtpath/CTS_ccl_a_buf_00267          |            | CLKBUFX3 |  0.000 |  -0.502 |   -0.481 | 
     | uu_dtpath/CTS_ccl_a_buf_00267          | A ^ -> Y ^ | CLKBUFX3 |  0.101 |  -0.400 |   -0.380 | 
     | uu_dtpath/CTS_ccl_a_buf_00248          |            | CLKBUFX3 |  0.000 |  -0.400 |   -0.380 | 
     | uu_dtpath/CTS_ccl_a_buf_00248          | A ^ -> Y ^ | CLKBUFX3 |  0.093 |  -0.307 |   -0.287 | 
     | uu_dtpath/CTS_ccl_a_buf_00226          |            | CLKBUFX3 |  0.000 |  -0.307 |   -0.287 | 
     | uu_dtpath/CTS_ccl_a_buf_00226          | A ^ -> Y ^ | CLKBUFX3 |  0.091 |  -0.216 |   -0.196 | 
     | uu_dtpath/CTS_ccl_a_buf_00177          |            | CLKBUFX3 |  0.000 |  -0.216 |   -0.196 | 
     | uu_dtpath/CTS_ccl_a_buf_00177          | A ^ -> Y ^ | CLKBUFX3 |  0.091 |  -0.125 |   -0.104 | 
     | uu_dtpath/CTS_ccl_a_buf_00033          |            | CLKBUFX4 |  0.000 |  -0.125 |   -0.104 | 
     | uu_dtpath/CTS_ccl_a_buf_00033          | A ^ -> Y ^ | CLKBUFX4 |  0.104 |  -0.021 |   -0.000 | 
     | uu_dtpath/uu_fetch/pc_plus4_ff_reg[22] |            | DFFRHQX1 |  0.000 |  -0.021 |   -0.000 | 
     +----------------------------------------------------------------------------------------------+ 
Path 3: MET Setup Check with Pin uu_dtpath/uu_dec/immExt_ff_reg[22]/CK 
Endpoint:   uu_dtpath/uu_dec/immExt_ff_reg[22]/D (^) checked with  leading edge 
of 'clk'
Beginpoint: uu_dtpath/uu_dec/o_aluSrc_reg/Q      (^) triggered by  leading edge 
of 'clk'
Path Groups: {clk}
Analysis View: setup
Retime Analysis { Data Path-Slew SI }
Other End Arrival Time         -0.012
- Setup                         0.188
+ Phase Shift                   4.400
- Uncertainty                   0.100
= Required Time                 4.100
- Arrival Time                  4.098
= Slack Time                    0.003
= Slack Time(original)          0.044
     Clock Rise Edge                      0.000
     + Source Insertion Delay            -0.596
     = Beginpoint Arrival Time           -0.596
     Timing Path:
     +---------------------------------------------------------------------------------------------------------+ 
     |                    Instance                     |     Arc     |   Cell    | Retime | Arrival | Required | 
     |                                                 |             |           |  Delay |  Time   |   Time   | 
     |-------------------------------------------------+-------------+-----------+--------+---------+----------| 
     |                                                 | clk ^       |           |        |  -0.596 |   -0.593 | 
     | uu_dtpath/CTS_ccl_a_buf_00272                   |             | CLKBUFX4  |  0.003 |  -0.593 |   -0.590 | 
     | uu_dtpath/CTS_ccl_a_buf_00272                   | A ^ -> Y ^  | CLKBUFX4  |  0.091 |  -0.502 |   -0.499 | 
     | uu_dtpath/CTS_ccl_a_buf_00267                   |             | CLKBUFX3  |  0.000 |  -0.502 |   -0.499 | 
     | uu_dtpath/CTS_ccl_a_buf_00267                   | A ^ -> Y ^  | CLKBUFX3  |  0.101 |  -0.400 |   -0.398 | 
     | uu_dtpath/CTS_ccl_a_buf_00251                   |             | BUFX2     |  0.000 |  -0.400 |   -0.398 | 
     | uu_dtpath/CTS_ccl_a_buf_00251                   | A ^ -> Y ^  | BUFX2     |  0.095 |  -0.306 |   -0.303 | 
     | uu_dtpath/CTS_ccl_a_buf_00232                   |             | CLKBUFX3  |  0.000 |  -0.306 |   -0.303 | 
     | uu_dtpath/CTS_ccl_a_buf_00232                   | A ^ -> Y ^  | CLKBUFX3  |  0.079 |  -0.227 |   -0.224 | 
     | uu_dtpath/uu_dec/CTS_ccl_a_buf_00192            |             | CLKBUFX4  |  0.000 |  -0.227 |   -0.224 | 
     | uu_dtpath/uu_dec/CTS_ccl_a_buf_00192            | A ^ -> Y ^  | CLKBUFX4  |  0.105 |  -0.122 |   -0.119 | 
     | uu_dtpath/uu_dec/CTS_ccl_a_buf_00055            |             | CLKBUFX4  |  0.000 |  -0.122 |   -0.119 | 
     | uu_dtpath/uu_dec/CTS_ccl_a_buf_00055            | A ^ -> Y ^  | CLKBUFX4  |  0.111 |  -0.011 |   -0.009 | 
     | uu_dtpath/uu_dec/o_aluSrc_reg                   |             | DFFRHQX4  |  0.000 |  -0.011 |   -0.009 | 
     | uu_dtpath/uu_dec/o_aluSrc_reg                   | CK ^ -> Q ^ | DFFRHQX4  |  0.293 |   0.282 |    0.284 | 
     | uu_dtpath/uu_exec/FE_OFC71_aluSrc               |             | INVX3     |  0.000 |   0.282 |    0.284 | 
     | uu_dtpath/uu_exec/FE_OFC71_aluSrc               | A ^ -> Y v  | INVX3     |  0.078 |   0.360 |    0.362 | 
     | uu_dtpath/uu_exec/FE_OFC740_aluSrc              |             | CLKINVX20 |  0.000 |   0.360 |    0.362 | 
     | uu_dtpath/uu_exec/FE_OFC740_aluSrc              | A v -> Y ^  | CLKINVX20 |  0.086 |   0.445 |    0.448 | 
     | uu_dtpath/uu_exec/g767                          |             | NAND2X2   |  0.003 |   0.448 |    0.451 | 
     | uu_dtpath/uu_exec/g767                          | B ^ -> Y v  | NAND2X2   |  0.141 |   0.589 |    0.591 | 
     | uu_dtpath/uu_exec/g739                          |             | NAND2X2   |  0.000 |   0.589 |    0.591 | 
     | uu_dtpath/uu_exec/g739                          | A v -> Y ^  | NAND2X2   |  0.105 |   0.694 |    0.697 | 
     | uu_dtpath/uu_exec/uu_alu/FE_OFC349_alu_srcB_w_0 |             | INVX3     |  0.000 |   0.694 |    0.697 | 
     | uu_dtpath/uu_exec/uu_alu/FE_OFC349_alu_srcB_w_0 | A ^ -> Y v  | INVX3     |  0.060 |   0.754 |    0.757 | 
     | uu_dtpath/uu_exec/uu_alu/FE_OFC351_alu_srcB_w_0 |             | INVX6     |  0.000 |   0.754 |    0.757 | 
     | uu_dtpath/uu_exec/uu_alu/FE_OFC351_alu_srcB_w_0 | A v -> Y ^  | INVX6     |  0.058 |   0.812 |    0.815 | 
     | uu_dtpath/uu_exec/uu_alu/FE_OFC355_alu_srcB_w_0 |             | CLKBUFX20 |  0.000 |   0.812 |    0.815 | 
     | uu_dtpath/uu_exec/uu_alu/FE_OFC355_alu_srcB_w_0 | A ^ -> Y ^  | CLKBUFX20 |  0.142 |   0.955 |    0.958 | 
     | uu_dtpath/uu_exec/uu_alu/g2227                  |             | CLKINVX16 |  0.001 |   0.956 |    0.958 | 
     | uu_dtpath/uu_exec/uu_alu/g2227                  | A ^ -> Y v  | CLKINVX16 |  0.073 |   1.028 |    1.031 | 
     | uu_dtpath/uu_exec/uu_alu/sll_22_38_g2858        |             | AOI22X1   |  0.000 |   1.029 |    1.031 | 
     | uu_dtpath/uu_exec/uu_alu/sll_22_38_g2858        | A1 v -> Y ^ | AOI22X1   |  0.144 |   1.172 |    1.175 | 
     | uu_dtpath/uu_exec/uu_alu/sll_22_38_g2840        |             | MX2X1     |  0.000 |   1.172 |    1.175 | 
     | uu_dtpath/uu_exec/uu_alu/sll_22_38_g2840        | A ^ -> Y ^  | MX2X1     |  0.231 |   1.403 |    1.406 | 
     | uu_dtpath/uu_exec/uu_alu/sll_22_38_g2794        |             | MXI2X2    |  0.000 |   1.403 |    1.406 | 
     | uu_dtpath/uu_exec/uu_alu/sll_22_38_g2794        | A ^ -> Y v  | MXI2X2    |  0.223 |   1.627 |    1.629 | 
     | uu_dtpath/uu_exec/uu_alu/sll_22_38_g2731        |             | AOI221X1  |  0.000 |   1.627 |    1.629 | 
     | uu_dtpath/uu_exec/uu_alu/sll_22_38_g2731        | A1 v -> Y ^ | AOI221X1  |  0.214 |   1.840 |    1.843 | 
     | uu_dtpath/uu_exec/uu_alu/sll_22_38_g2719        |             | OAI2BB1X1 |  0.000 |   1.840 |    1.843 | 
     | uu_dtpath/uu_exec/uu_alu/sll_22_38_g2719        | B0 ^ -> Y v | OAI2BB1X1 |  0.243 |   2.084 |    2.086 | 
     | uu_dtpath/uu_exec/uu_alu/g4448                  |             | AOI221XL  |  0.000 |   2.084 |    2.086 | 
     | uu_dtpath/uu_exec/uu_alu/g4448                  | B0 v -> Y ^ | AOI221XL  |  0.264 |   2.347 |    2.350 | 
     | uu_dtpath/uu_exec/uu_alu/FE_OFC797_n_255        |             | CLKBUFX8  |  0.000 |   2.347 |    2.350 | 
     | uu_dtpath/uu_exec/uu_alu/FE_OFC797_n_255        | A ^ -> Y ^  | CLKBUFX8  |  0.193 |   2.541 |    2.543 | 
     | uu_dtpath/uu_exec/uu_alu/FE_OFC630_n_255        |             | BUFX2     |  0.000 |   2.541 |    2.543 | 
     | uu_dtpath/uu_exec/uu_alu/FE_OFC630_n_255        | A ^ -> Y ^  | BUFX2     |  0.089 |   2.629 |    2.632 | 
     | uu_dtpath/uu_exec/uu_alu/g4427                  |             | OAI2BB1X2 |  0.000 |   2.629 |    2.632 | 
     | uu_dtpath/uu_exec/uu_alu/g4427                  | B0 ^ -> Y v | OAI2BB1X2 |  0.085 |   2.714 |    2.717 | 
     | uu_dtpath/uu_exec/uu_alu/g4810                  |             | OR4X1     |  0.000 |   2.714 |    2.717 | 
     | uu_dtpath/uu_exec/uu_alu/g4810                  | C v -> Y v  | OR4X1     |  0.278 |   2.992 |    2.995 | 
     | uu_dtpath/uu_exec/uu_alu/FE_RC_2_0              |             | INVXL     |  0.000 |   2.992 |    2.995 | 
     | uu_dtpath/uu_exec/uu_alu/FE_RC_2_0              | A v -> Y ^  | INVXL     |  0.037 |   3.029 |    3.032 | 
     | uu_dtpath/uu_exec/uu_alu/FE_RC_1_0              |             | NAND2BX1  |  0.000 |   3.029 |    3.032 | 
     | uu_dtpath/uu_exec/uu_alu/FE_RC_1_0              | B ^ -> Y v  | NAND2BX1  |  0.112 |   3.141 |    3.144 | 
     | uu_dtpath/uu_exec/uu_alu/FE_RC_0_0              |             | NOR3X4    |  0.000 |   3.141 |    3.144 | 
     | uu_dtpath/uu_exec/uu_alu/FE_RC_0_0              | B v -> Y ^  | NOR3X4    |  0.140 |   3.281 |    3.284 | 
     | uu_dtpath/uu_exec/g789                          |             | XOR2X4    |  0.000 |   3.281 |    3.284 | 
     | uu_dtpath/uu_exec/g789                          | B ^ -> Y ^  | XOR2X4    |  0.228 |   3.509 |    3.512 | 
     | uu_dtpath/uu_exec/g458                          |             | OAI21X4   |  0.000 |   3.509 |    3.512 | 
     | uu_dtpath/uu_exec/g458                          | A1 ^ -> Y v | OAI21X4   |  0.100 |   3.609 |    3.612 | 
     | uu_dtpath/FE_OFC608_pc_src                      |             | CLKBUFX20 |  0.000 |   3.609 |    3.612 | 
     | uu_dtpath/FE_OFC608_pc_src                      | A v -> Y v  | CLKBUFX20 |  0.131 |   3.740 |    3.743 | 
     | uu_dtpath/uu_dec/FE_OFC615_pc_src               |             | BUFX4     |  0.000 |   3.740 |    3.743 | 
     | uu_dtpath/uu_dec/FE_OFC615_pc_src               | A v -> Y v  | BUFX4     |  0.177 |   3.918 |    3.920 | 
     | uu_dtpath/uu_dec/g167                           |             | NOR2BX1   |  0.000 |   3.918 |    3.921 | 
     | uu_dtpath/uu_dec/g167                           | B v -> Y ^  | NOR2BX1   |  0.180 |   4.098 |    4.100 | 
     | uu_dtpath/uu_dec/immExt_ff_reg[22]              |             | DFFRHQX1  |  0.000 |   4.098 |    4.100 | 
     +---------------------------------------------------------------------------------------------------------+ 
     Clock Rise Edge                      0.000
     + Source Insertion Delay            -0.596
     = Beginpoint Arrival Time           -0.596
     Other End Path:
     +--------------------------------------------------------------------------------------------+ 
     |               Instance               |    Arc     |   Cell   | Retime | Arrival | Required | 
     |                                      |            |          |  Delay |  Time   |   Time   | 
     |--------------------------------------+------------+----------+--------+---------+----------| 
     |                                      | clk ^      |          |        |  -0.596 |   -0.599 | 
     | uu_dtpath/CTS_ccl_a_buf_00272        |            | CLKBUFX4 |  0.003 |  -0.593 |   -0.596 | 
     | uu_dtpath/CTS_ccl_a_buf_00272        | A ^ -> Y ^ | CLKBUFX4 |  0.091 |  -0.502 |   -0.504 | 
     | uu_dtpath/CTS_ccl_a_buf_00267        |            | CLKBUFX3 |  0.000 |  -0.502 |   -0.504 | 
     | uu_dtpath/CTS_ccl_a_buf_00267        | A ^ -> Y ^ | CLKBUFX3 |  0.101 |  -0.400 |   -0.403 | 
     | uu_dtpath/CTS_ccl_a_buf_00251        |            | BUFX2    |  0.000 |  -0.400 |   -0.403 | 
     | uu_dtpath/CTS_ccl_a_buf_00251        | A ^ -> Y ^ | BUFX2    |  0.095 |  -0.306 |   -0.308 | 
     | uu_dtpath/CTS_ccl_a_buf_00232        |            | CLKBUFX3 |  0.000 |  -0.306 |   -0.308 | 
     | uu_dtpath/CTS_ccl_a_buf_00232        | A ^ -> Y ^ | CLKBUFX3 |  0.079 |  -0.227 |   -0.230 | 
     | uu_dtpath/uu_dec/CTS_ccl_a_buf_00192 |            | CLKBUFX4 |  0.000 |  -0.227 |   -0.230 | 
     | uu_dtpath/uu_dec/CTS_ccl_a_buf_00192 | A ^ -> Y ^ | CLKBUFX4 |  0.105 |  -0.122 |   -0.125 | 
     | uu_dtpath/uu_dec/CTS_ccl_a_buf_00055 |            | CLKBUFX4 |  0.000 |  -0.122 |   -0.125 | 
     | uu_dtpath/uu_dec/CTS_ccl_a_buf_00055 | A ^ -> Y ^ | CLKBUFX4 |  0.111 |  -0.012 |   -0.014 | 
     | uu_dtpath/uu_dec/immExt_ff_reg[22]   |            | DFFRHQX1 |  0.000 |  -0.012 |   -0.014 | 
     +--------------------------------------------------------------------------------------------+ 
Path 4: MET Setup Check with Pin uu_dtpath/uu_dec/o_pc_plus4_reg[22]/CK 
Endpoint:   uu_dtpath/uu_dec/o_pc_plus4_reg[22]/D (^) checked with  leading 
edge of 'clk'
Beginpoint: uu_dtpath/uu_dec/o_aluSrc_reg/Q       (^) triggered by  leading 
edge of 'clk'
Path Groups: {clk}
Analysis View: setup
Retime Analysis { Data Path-Slew SI }
Other End Arrival Time         -0.020
- Setup                         0.159
+ Phase Shift                   4.400
- Uncertainty                   0.100
= Required Time                 4.122
- Arrival Time                  4.111
= Slack Time                    0.011
= Slack Time(original)          0.058
     Clock Rise Edge                      0.000
     + Source Insertion Delay            -0.596
     = Beginpoint Arrival Time           -0.596
     Timing Path:
     +---------------------------------------------------------------------------------------------------------+ 
     |                    Instance                     |     Arc     |   Cell    | Retime | Arrival | Required | 
     |                                                 |             |           |  Delay |  Time   |   Time   | 
     |-------------------------------------------------+-------------+-----------+--------+---------+----------| 
     |                                                 | clk ^       |           |        |  -0.596 |   -0.585 | 
     | uu_dtpath/CTS_ccl_a_buf_00272                   |             | CLKBUFX4  |  0.003 |  -0.593 |   -0.582 | 
     | uu_dtpath/CTS_ccl_a_buf_00272                   | A ^ -> Y ^  | CLKBUFX4  |  0.091 |  -0.502 |   -0.491 | 
     | uu_dtpath/CTS_ccl_a_buf_00267                   |             | CLKBUFX3  |  0.000 |  -0.502 |   -0.491 | 
     | uu_dtpath/CTS_ccl_a_buf_00267                   | A ^ -> Y ^  | CLKBUFX3  |  0.101 |  -0.400 |   -0.390 | 
     | uu_dtpath/CTS_ccl_a_buf_00251                   |             | BUFX2     |  0.000 |  -0.400 |   -0.390 | 
     | uu_dtpath/CTS_ccl_a_buf_00251                   | A ^ -> Y ^  | BUFX2     |  0.095 |  -0.306 |   -0.295 | 
     | uu_dtpath/CTS_ccl_a_buf_00232                   |             | CLKBUFX3  |  0.000 |  -0.306 |   -0.295 | 
     | uu_dtpath/CTS_ccl_a_buf_00232                   | A ^ -> Y ^  | CLKBUFX3  |  0.079 |  -0.227 |   -0.216 | 
     | uu_dtpath/uu_dec/CTS_ccl_a_buf_00192            |             | CLKBUFX4  |  0.000 |  -0.227 |   -0.216 | 
     | uu_dtpath/uu_dec/CTS_ccl_a_buf_00192            | A ^ -> Y ^  | CLKBUFX4  |  0.105 |  -0.122 |   -0.111 | 
     | uu_dtpath/uu_dec/CTS_ccl_a_buf_00055            |             | CLKBUFX4  |  0.000 |  -0.122 |   -0.111 | 
     | uu_dtpath/uu_dec/CTS_ccl_a_buf_00055            | A ^ -> Y ^  | CLKBUFX4  |  0.111 |  -0.011 |   -0.001 | 
     | uu_dtpath/uu_dec/o_aluSrc_reg                   |             | DFFRHQX4  |  0.000 |  -0.011 |   -0.001 | 
     | uu_dtpath/uu_dec/o_aluSrc_reg                   | CK ^ -> Q ^ | DFFRHQX4  |  0.293 |   0.282 |    0.292 | 
     | uu_dtpath/uu_exec/FE_OFC71_aluSrc               |             | INVX3     |  0.000 |   0.282 |    0.292 | 
     | uu_dtpath/uu_exec/FE_OFC71_aluSrc               | A ^ -> Y v  | INVX3     |  0.078 |   0.360 |    0.370 | 
     | uu_dtpath/uu_exec/FE_OFC740_aluSrc              |             | CLKINVX20 |  0.000 |   0.360 |    0.370 | 
     | uu_dtpath/uu_exec/FE_OFC740_aluSrc              | A v -> Y ^  | CLKINVX20 |  0.086 |   0.445 |    0.456 | 
     | uu_dtpath/uu_exec/g767                          |             | NAND2X2   |  0.003 |   0.448 |    0.459 | 
     | uu_dtpath/uu_exec/g767                          | B ^ -> Y v  | NAND2X2   |  0.141 |   0.589 |    0.599 | 
     | uu_dtpath/uu_exec/g739                          |             | NAND2X2   |  0.000 |   0.589 |    0.599 | 
     | uu_dtpath/uu_exec/g739                          | A v -> Y ^  | NAND2X2   |  0.105 |   0.694 |    0.705 | 
     | uu_dtpath/uu_exec/uu_alu/FE_OFC349_alu_srcB_w_0 |             | INVX3     |  0.000 |   0.694 |    0.705 | 
     | uu_dtpath/uu_exec/uu_alu/FE_OFC349_alu_srcB_w_0 | A ^ -> Y v  | INVX3     |  0.060 |   0.754 |    0.765 | 
     | uu_dtpath/uu_exec/uu_alu/FE_OFC351_alu_srcB_w_0 |             | INVX6     |  0.000 |   0.754 |    0.765 | 
     | uu_dtpath/uu_exec/uu_alu/FE_OFC351_alu_srcB_w_0 | A v -> Y ^  | INVX6     |  0.058 |   0.812 |    0.823 | 
     | uu_dtpath/uu_exec/uu_alu/FE_OFC355_alu_srcB_w_0 |             | CLKBUFX20 |  0.000 |   0.812 |    0.823 | 
     | uu_dtpath/uu_exec/uu_alu/FE_OFC355_alu_srcB_w_0 | A ^ -> Y ^  | CLKBUFX20 |  0.142 |   0.955 |    0.966 | 
     | uu_dtpath/uu_exec/uu_alu/g2227                  |             | CLKINVX16 |  0.001 |   0.956 |    0.966 | 
     | uu_dtpath/uu_exec/uu_alu/g2227                  | A ^ -> Y v  | CLKINVX16 |  0.073 |   1.028 |    1.039 | 
     | uu_dtpath/uu_exec/uu_alu/sll_22_38_g2858        |             | AOI22X1   |  0.000 |   1.029 |    1.039 | 
     | uu_dtpath/uu_exec/uu_alu/sll_22_38_g2858        | A1 v -> Y ^ | AOI22X1   |  0.144 |   1.172 |    1.183 | 
     | uu_dtpath/uu_exec/uu_alu/sll_22_38_g2840        |             | MX2X1     |  0.000 |   1.172 |    1.183 | 
     | uu_dtpath/uu_exec/uu_alu/sll_22_38_g2840        | A ^ -> Y ^  | MX2X1     |  0.231 |   1.403 |    1.414 | 
     | uu_dtpath/uu_exec/uu_alu/sll_22_38_g2794        |             | MXI2X2    |  0.000 |   1.403 |    1.414 | 
     | uu_dtpath/uu_exec/uu_alu/sll_22_38_g2794        | A ^ -> Y v  | MXI2X2    |  0.223 |   1.627 |    1.637 | 
     | uu_dtpath/uu_exec/uu_alu/sll_22_38_g2731        |             | AOI221X1  |  0.000 |   1.627 |    1.637 | 
     | uu_dtpath/uu_exec/uu_alu/sll_22_38_g2731        | A1 v -> Y ^ | AOI221X1  |  0.214 |   1.840 |    1.851 | 
     | uu_dtpath/uu_exec/uu_alu/sll_22_38_g2719        |             | OAI2BB1X1 |  0.000 |   1.840 |    1.851 | 
     | uu_dtpath/uu_exec/uu_alu/sll_22_38_g2719        | B0 ^ -> Y v | OAI2BB1X1 |  0.243 |   2.084 |    2.094 | 
     | uu_dtpath/uu_exec/uu_alu/g4448                  |             | AOI221XL  |  0.000 |   2.084 |    2.094 | 
     | uu_dtpath/uu_exec/uu_alu/g4448                  | B0 v -> Y ^ | AOI221XL  |  0.264 |   2.347 |    2.358 | 
     | uu_dtpath/uu_exec/uu_alu/FE_OFC797_n_255        |             | CLKBUFX8  |  0.000 |   2.347 |    2.358 | 
     | uu_dtpath/uu_exec/uu_alu/FE_OFC797_n_255        | A ^ -> Y ^  | CLKBUFX8  |  0.193 |   2.541 |    2.551 | 
     | uu_dtpath/uu_exec/uu_alu/FE_OFC630_n_255        |             | BUFX2     |  0.000 |   2.541 |    2.551 | 
     | uu_dtpath/uu_exec/uu_alu/FE_OFC630_n_255        | A ^ -> Y ^  | BUFX2     |  0.089 |   2.629 |    2.640 | 
     | uu_dtpath/uu_exec/uu_alu/g4427                  |             | OAI2BB1X2 |  0.000 |   2.629 |    2.640 | 
     | uu_dtpath/uu_exec/uu_alu/g4427                  | B0 ^ -> Y v | OAI2BB1X2 |  0.085 |   2.714 |    2.725 | 
     | uu_dtpath/uu_exec/uu_alu/g4810                  |             | OR4X1     |  0.000 |   2.714 |    2.725 | 
     | uu_dtpath/uu_exec/uu_alu/g4810                  | C v -> Y v  | OR4X1     |  0.278 |   2.992 |    3.003 | 
     | uu_dtpath/uu_exec/uu_alu/FE_RC_2_0              |             | INVXL     |  0.000 |   2.992 |    3.003 | 
     | uu_dtpath/uu_exec/uu_alu/FE_RC_2_0              | A v -> Y ^  | INVXL     |  0.037 |   3.029 |    3.040 | 
     | uu_dtpath/uu_exec/uu_alu/FE_RC_1_0              |             | NAND2BX1  |  0.000 |   3.029 |    3.040 | 
     | uu_dtpath/uu_exec/uu_alu/FE_RC_1_0              | B ^ -> Y v  | NAND2BX1  |  0.112 |   3.141 |    3.152 | 
     | uu_dtpath/uu_exec/uu_alu/FE_RC_0_0              |             | NOR3X4    |  0.000 |   3.141 |    3.152 | 
     | uu_dtpath/uu_exec/uu_alu/FE_RC_0_0              | B v -> Y ^  | NOR3X4    |  0.140 |   3.281 |    3.292 | 
     | uu_dtpath/uu_exec/g789                          |             | XOR2X4    |  0.000 |   3.281 |    3.292 | 
     | uu_dtpath/uu_exec/g789                          | B ^ -> Y ^  | XOR2X4    |  0.228 |   3.509 |    3.520 | 
     | uu_dtpath/uu_exec/g458                          |             | OAI21X4   |  0.000 |   3.509 |    3.520 | 
     | uu_dtpath/uu_exec/g458                          | A1 ^ -> Y v | OAI21X4   |  0.100 |   3.609 |    3.620 | 
     | uu_dtpath/FE_OFC608_pc_src                      |             | CLKBUFX20 |  0.000 |   3.609 |    3.620 | 
     | uu_dtpath/FE_OFC608_pc_src                      | A v -> Y v  | CLKBUFX20 |  0.131 |   3.740 |    3.751 | 
     | uu_dtpath/FE_OFC617_pc_src                      |             | BUFX2     |  0.001 |   3.741 |    3.752 | 
     | uu_dtpath/FE_OFC617_pc_src                      | A v -> Y v  | BUFX2     |  0.198 |   3.939 |    3.950 | 
     | uu_dtpath/uu_dec/g153                           |             | NOR2BX1   |  0.000 |   3.940 |    3.950 | 
     | uu_dtpath/uu_dec/g153                           | B v -> Y ^  | NOR2BX1   |  0.171 |   4.111 |    4.122 | 
     | uu_dtpath/uu_dec/o_pc_plus4_reg[22]             |             | DFFRHQX1  |  0.000 |   4.111 |    4.122 | 
     +---------------------------------------------------------------------------------------------------------+ 
     Clock Rise Edge                      0.000
     + Source Insertion Delay            -0.596
     = Beginpoint Arrival Time           -0.596
     Other End Path:
     +-------------------------------------------------------------------------------------------+ 
     |              Instance               |    Arc     |   Cell   | Retime | Arrival | Required | 
     |                                     |            |          |  Delay |  Time   |   Time   | 
     |-------------------------------------+------------+----------+--------+---------+----------| 
     |                                     | clk ^      |          |        |  -0.596 |   -0.607 | 
     | uu_dtpath/CTS_ccl_a_buf_00272       |            | CLKBUFX4 |  0.003 |  -0.593 |   -0.604 | 
     | uu_dtpath/CTS_ccl_a_buf_00272       | A ^ -> Y ^ | CLKBUFX4 |  0.091 |  -0.502 |   -0.512 | 
     | uu_dtpath/CTS_ccl_a_buf_00267       |            | CLKBUFX3 |  0.000 |  -0.502 |   -0.512 | 
     | uu_dtpath/CTS_ccl_a_buf_00267       | A ^ -> Y ^ | CLKBUFX3 |  0.101 |  -0.400 |   -0.411 | 
     | uu_dtpath/CTS_ccl_a_buf_00248       |            | CLKBUFX3 |  0.000 |  -0.400 |   -0.411 | 
     | uu_dtpath/CTS_ccl_a_buf_00248       | A ^ -> Y ^ | CLKBUFX3 |  0.093 |  -0.307 |   -0.318 | 
     | uu_dtpath/CTS_ccl_a_buf_00226       |            | CLKBUFX3 |  0.000 |  -0.307 |   -0.318 | 
     | uu_dtpath/CTS_ccl_a_buf_00226       | A ^ -> Y ^ | CLKBUFX3 |  0.091 |  -0.216 |   -0.227 | 
     | uu_dtpath/CTS_ccl_a_buf_00176       |            | CLKBUFX3 |  0.000 |  -0.216 |   -0.227 | 
     | uu_dtpath/CTS_ccl_a_buf_00176       | A ^ -> Y ^ | CLKBUFX3 |  0.090 |  -0.126 |   -0.136 | 
     | uu_dtpath/CTS_ccl_a_buf_00031       |            | CLKBUFX4 |  0.000 |  -0.126 |   -0.136 | 
     | uu_dtpath/CTS_ccl_a_buf_00031       | A ^ -> Y ^ | CLKBUFX4 |  0.106 |  -0.020 |   -0.030 | 
     | uu_dtpath/uu_dec/o_pc_plus4_reg[22] |            | DFFRHQX1 |  0.000 |  -0.020 |   -0.030 | 
     +-------------------------------------------------------------------------------------------+ 
Path 5: MET Setup Check with Pin uu_dtpath/uu_fetch/pc_plus4_ff_reg[23]/CK 
Endpoint:   uu_dtpath/uu_fetch/pc_plus4_ff_reg[23]/D (^) checked with  leading 
edge of 'clk'
Beginpoint: uu_dtpath/uu_dec/o_aluSrc_reg/Q          (^) triggered by  leading 
edge of 'clk'
Path Groups: {clk}
Analysis View: setup
Retime Analysis { Data Path-Slew SI }
Other End Arrival Time         -0.021
- Setup                         0.149
+ Phase Shift                   4.400
- Uncertainty                   0.100
= Required Time                 4.130
- Arrival Time                  4.107
= Slack Time                    0.023
= Slack Time(original)          0.069
     Clock Rise Edge                      0.000
     + Source Insertion Delay            -0.596
     = Beginpoint Arrival Time           -0.596
     Timing Path:
     +---------------------------------------------------------------------------------------------------------+ 
     |                    Instance                     |     Arc     |   Cell    | Retime | Arrival | Required | 
     |                                                 |             |           |  Delay |  Time   |   Time   | 
     |-------------------------------------------------+-------------+-----------+--------+---------+----------| 
     |                                                 | clk ^       |           |        |  -0.596 |   -0.573 | 
     | uu_dtpath/CTS_ccl_a_buf_00272                   |             | CLKBUFX4  |  0.003 |  -0.593 |   -0.570 | 
     | uu_dtpath/CTS_ccl_a_buf_00272                   | A ^ -> Y ^  | CLKBUFX4  |  0.091 |  -0.502 |   -0.479 | 
     | uu_dtpath/CTS_ccl_a_buf_00267                   |             | CLKBUFX3  |  0.000 |  -0.502 |   -0.479 | 
     | uu_dtpath/CTS_ccl_a_buf_00267                   | A ^ -> Y ^  | CLKBUFX3  |  0.101 |  -0.400 |   -0.377 | 
     | uu_dtpath/CTS_ccl_a_buf_00251                   |             | BUFX2     |  0.000 |  -0.400 |   -0.377 | 
     | uu_dtpath/CTS_ccl_a_buf_00251                   | A ^ -> Y ^  | BUFX2     |  0.095 |  -0.306 |   -0.283 | 
     | uu_dtpath/CTS_ccl_a_buf_00232                   |             | CLKBUFX3  |  0.000 |  -0.306 |   -0.283 | 
     | uu_dtpath/CTS_ccl_a_buf_00232                   | A ^ -> Y ^  | CLKBUFX3  |  0.079 |  -0.227 |   -0.204 | 
     | uu_dtpath/uu_dec/CTS_ccl_a_buf_00192            |             | CLKBUFX4  |  0.000 |  -0.227 |   -0.204 | 
     | uu_dtpath/uu_dec/CTS_ccl_a_buf_00192            | A ^ -> Y ^  | CLKBUFX4  |  0.105 |  -0.122 |   -0.099 | 
     | uu_dtpath/uu_dec/CTS_ccl_a_buf_00055            |             | CLKBUFX4  |  0.000 |  -0.122 |   -0.099 | 
     | uu_dtpath/uu_dec/CTS_ccl_a_buf_00055            | A ^ -> Y ^  | CLKBUFX4  |  0.111 |  -0.011 |    0.011 | 
     | uu_dtpath/uu_dec/o_aluSrc_reg                   |             | DFFRHQX4  |  0.000 |  -0.011 |    0.012 | 
     | uu_dtpath/uu_dec/o_aluSrc_reg                   | CK ^ -> Q ^ | DFFRHQX4  |  0.293 |   0.282 |    0.304 | 
     | uu_dtpath/uu_exec/FE_OFC71_aluSrc               |             | INVX3     |  0.000 |   0.282 |    0.304 | 
     | uu_dtpath/uu_exec/FE_OFC71_aluSrc               | A ^ -> Y v  | INVX3     |  0.078 |   0.360 |    0.382 | 
     | uu_dtpath/uu_exec/FE_OFC740_aluSrc              |             | CLKINVX20 |  0.000 |   0.360 |    0.382 | 
     | uu_dtpath/uu_exec/FE_OFC740_aluSrc              | A v -> Y ^  | CLKINVX20 |  0.086 |   0.445 |    0.468 | 
     | uu_dtpath/uu_exec/g767                          |             | NAND2X2   |  0.003 |   0.448 |    0.471 | 
     | uu_dtpath/uu_exec/g767                          | B ^ -> Y v  | NAND2X2   |  0.141 |   0.589 |    0.612 | 
     | uu_dtpath/uu_exec/g739                          |             | NAND2X2   |  0.000 |   0.589 |    0.612 | 
     | uu_dtpath/uu_exec/g739                          | A v -> Y ^  | NAND2X2   |  0.105 |   0.694 |    0.717 | 
     | uu_dtpath/uu_exec/uu_alu/FE_OFC349_alu_srcB_w_0 |             | INVX3     |  0.000 |   0.694 |    0.717 | 
     | uu_dtpath/uu_exec/uu_alu/FE_OFC349_alu_srcB_w_0 | A ^ -> Y v  | INVX3     |  0.060 |   0.754 |    0.777 | 
     | uu_dtpath/uu_exec/uu_alu/FE_OFC351_alu_srcB_w_0 |             | INVX6     |  0.000 |   0.754 |    0.777 | 
     | uu_dtpath/uu_exec/uu_alu/FE_OFC351_alu_srcB_w_0 | A v -> Y ^  | INVX6     |  0.058 |   0.812 |    0.835 | 
     | uu_dtpath/uu_exec/uu_alu/FE_OFC355_alu_srcB_w_0 |             | CLKBUFX20 |  0.000 |   0.812 |    0.835 | 
     | uu_dtpath/uu_exec/uu_alu/FE_OFC355_alu_srcB_w_0 | A ^ -> Y ^  | CLKBUFX20 |  0.142 |   0.955 |    0.978 | 
     | uu_dtpath/uu_exec/uu_alu/g2227                  |             | CLKINVX16 |  0.001 |   0.956 |    0.978 | 
     | uu_dtpath/uu_exec/uu_alu/g2227                  | A ^ -> Y v  | CLKINVX16 |  0.073 |   1.028 |    1.051 | 
     | uu_dtpath/uu_exec/uu_alu/sll_22_38_g2858        |             | AOI22X1   |  0.000 |   1.029 |    1.051 | 
     | uu_dtpath/uu_exec/uu_alu/sll_22_38_g2858        | A1 v -> Y ^ | AOI22X1   |  0.144 |   1.172 |    1.195 | 
     | uu_dtpath/uu_exec/uu_alu/sll_22_38_g2840        |             | MX2X1     |  0.000 |   1.172 |    1.195 | 
     | uu_dtpath/uu_exec/uu_alu/sll_22_38_g2840        | A ^ -> Y ^  | MX2X1     |  0.231 |   1.403 |    1.426 | 
     | uu_dtpath/uu_exec/uu_alu/sll_22_38_g2794        |             | MXI2X2    |  0.000 |   1.403 |    1.426 | 
     | uu_dtpath/uu_exec/uu_alu/sll_22_38_g2794        | A ^ -> Y v  | MXI2X2    |  0.223 |   1.627 |    1.650 | 
     | uu_dtpath/uu_exec/uu_alu/sll_22_38_g2731        |             | AOI221X1  |  0.000 |   1.627 |    1.650 | 
     | uu_dtpath/uu_exec/uu_alu/sll_22_38_g2731        | A1 v -> Y ^ | AOI221X1  |  0.214 |   1.840 |    1.863 | 
     | uu_dtpath/uu_exec/uu_alu/sll_22_38_g2719        |             | OAI2BB1X1 |  0.000 |   1.840 |    1.863 | 
     | uu_dtpath/uu_exec/uu_alu/sll_22_38_g2719        | B0 ^ -> Y v | OAI2BB1X1 |  0.243 |   2.084 |    2.106 | 
     | uu_dtpath/uu_exec/uu_alu/g4448                  |             | AOI221XL  |  0.000 |   2.084 |    2.106 | 
     | uu_dtpath/uu_exec/uu_alu/g4448                  | B0 v -> Y ^ | AOI221XL  |  0.264 |   2.347 |    2.370 | 
     | uu_dtpath/uu_exec/uu_alu/FE_OFC797_n_255        |             | CLKBUFX8  |  0.000 |   2.347 |    2.370 | 
     | uu_dtpath/uu_exec/uu_alu/FE_OFC797_n_255        | A ^ -> Y ^  | CLKBUFX8  |  0.193 |   2.541 |    2.564 | 
     | uu_dtpath/uu_exec/uu_alu/FE_OFC630_n_255        |             | BUFX2     |  0.000 |   2.541 |    2.564 | 
     | uu_dtpath/uu_exec/uu_alu/FE_OFC630_n_255        | A ^ -> Y ^  | BUFX2     |  0.089 |   2.629 |    2.652 | 
     | uu_dtpath/uu_exec/uu_alu/g4427                  |             | OAI2BB1X2 |  0.000 |   2.629 |    2.652 | 
     | uu_dtpath/uu_exec/uu_alu/g4427                  | B0 ^ -> Y v | OAI2BB1X2 |  0.085 |   2.714 |    2.737 | 
     | uu_dtpath/uu_exec/uu_alu/g4810                  |             | OR4X1     |  0.000 |   2.714 |    2.737 | 
     | uu_dtpath/uu_exec/uu_alu/g4810                  | C v -> Y v  | OR4X1     |  0.278 |   2.992 |    3.015 | 
     | uu_dtpath/uu_exec/uu_alu/FE_RC_2_0              |             | INVXL     |  0.000 |   2.992 |    3.015 | 
     | uu_dtpath/uu_exec/uu_alu/FE_RC_2_0              | A v -> Y ^  | INVXL     |  0.037 |   3.029 |    3.052 | 
     | uu_dtpath/uu_exec/uu_alu/FE_RC_1_0              |             | NAND2BX1  |  0.000 |   3.029 |    3.052 | 
     | uu_dtpath/uu_exec/uu_alu/FE_RC_1_0              | B ^ -> Y v  | NAND2BX1  |  0.112 |   3.141 |    3.164 | 
     | uu_dtpath/uu_exec/uu_alu/FE_RC_0_0              |             | NOR3X4    |  0.000 |   3.141 |    3.164 | 
     | uu_dtpath/uu_exec/uu_alu/FE_RC_0_0              | B v -> Y ^  | NOR3X4    |  0.140 |   3.281 |    3.304 | 
     | uu_dtpath/uu_exec/g789                          |             | XOR2X4    |  0.000 |   3.281 |    3.304 | 
     | uu_dtpath/uu_exec/g789                          | B ^ -> Y ^  | XOR2X4    |  0.228 |   3.509 |    3.532 | 
     | uu_dtpath/uu_exec/g458                          |             | OAI21X4   |  0.000 |   3.509 |    3.532 | 
     | uu_dtpath/uu_exec/g458                          | A1 ^ -> Y v | OAI21X4   |  0.100 |   3.609 |    3.632 | 
     | uu_dtpath/FE_OFC608_pc_src                      |             | CLKBUFX20 |  0.000 |   3.609 |    3.632 | 
     | uu_dtpath/FE_OFC608_pc_src                      | A v -> Y v  | CLKBUFX20 |  0.131 |   3.740 |    3.763 | 
     | uu_dtpath/FE_OFC617_pc_src                      |             | BUFX2     |  0.001 |   3.741 |    3.764 | 
     | uu_dtpath/FE_OFC617_pc_src                      | A v -> Y v  | BUFX2     |  0.198 |   3.939 |    3.962 | 
     | uu_dtpath/uu_fetch/g584                         |             | NOR2BX1   |  0.000 |   3.940 |    3.962 | 
     | uu_dtpath/uu_fetch/g584                         | B v -> Y ^  | NOR2BX1   |  0.168 |   4.107 |    4.130 | 
     | uu_dtpath/uu_fetch/pc_plus4_ff_reg[23]          |             | DFFRHQX1  |  0.000 |   4.107 |    4.130 | 
     +---------------------------------------------------------------------------------------------------------+ 
     Clock Rise Edge                      0.000
     + Source Insertion Delay            -0.596
     = Beginpoint Arrival Time           -0.596
     Other End Path:
     +----------------------------------------------------------------------------------------------+ 
     |                Instance                |    Arc     |   Cell   | Retime | Arrival | Required | 
     |                                        |            |          |  Delay |  Time   |   Time   | 
     |----------------------------------------+------------+----------+--------+---------+----------| 
     |                                        | clk ^      |          |        |  -0.596 |   -0.619 | 
     | uu_dtpath/CTS_ccl_a_buf_00272          |            | CLKBUFX4 |  0.003 |  -0.593 |   -0.616 | 
     | uu_dtpath/CTS_ccl_a_buf_00272          | A ^ -> Y ^ | CLKBUFX4 |  0.091 |  -0.502 |   -0.524 | 
     | uu_dtpath/CTS_ccl_a_buf_00267          |            | CLKBUFX3 |  0.000 |  -0.502 |   -0.524 | 
     | uu_dtpath/CTS_ccl_a_buf_00267          | A ^ -> Y ^ | CLKBUFX3 |  0.101 |  -0.400 |   -0.423 | 
     | uu_dtpath/CTS_ccl_a_buf_00248          |            | CLKBUFX3 |  0.000 |  -0.400 |   -0.423 | 
     | uu_dtpath/CTS_ccl_a_buf_00248          | A ^ -> Y ^ | CLKBUFX3 |  0.093 |  -0.307 |   -0.330 | 
     | uu_dtpath/CTS_ccl_a_buf_00226          |            | CLKBUFX3 |  0.000 |  -0.307 |   -0.330 | 
     | uu_dtpath/CTS_ccl_a_buf_00226          | A ^ -> Y ^ | CLKBUFX3 |  0.091 |  -0.216 |   -0.239 | 
     | uu_dtpath/CTS_ccl_a_buf_00177          |            | CLKBUFX3 |  0.000 |  -0.216 |   -0.239 | 
     | uu_dtpath/CTS_ccl_a_buf_00177          | A ^ -> Y ^ | CLKBUFX3 |  0.091 |  -0.125 |   -0.148 | 
     | uu_dtpath/CTS_ccl_a_buf_00033          |            | CLKBUFX4 |  0.000 |  -0.125 |   -0.148 | 
     | uu_dtpath/CTS_ccl_a_buf_00033          | A ^ -> Y ^ | CLKBUFX4 |  0.104 |  -0.021 |   -0.044 | 
     | uu_dtpath/uu_fetch/pc_plus4_ff_reg[23] |            | DFFRHQX1 |  0.000 |  -0.021 |   -0.044 | 
     +----------------------------------------------------------------------------------------------+ 
Path 6: MET Setup Check with Pin uu_dtpath/uu_dec/o_pc_plus4_reg[19]/CK 
Endpoint:   uu_dtpath/uu_dec/o_pc_plus4_reg[19]/D (^) checked with  leading 
edge of 'clk'
Beginpoint: uu_dtpath/uu_dec/o_aluSrc_reg/Q       (^) triggered by  leading 
edge of 'clk'
Path Groups: {clk}
Analysis View: setup
Retime Analysis { Data Path-Slew SI }
Other End Arrival Time         -0.023
- Setup                         0.149
+ Phase Shift                   4.400
- Uncertainty                   0.100
= Required Time                 4.127
- Arrival Time                  4.095
= Slack Time                    0.032
= Slack Time(original)          0.075
     Clock Rise Edge                      0.000
     + Source Insertion Delay            -0.596
     = Beginpoint Arrival Time           -0.596
     Timing Path:
     +---------------------------------------------------------------------------------------------------------+ 
     |                    Instance                     |     Arc     |   Cell    | Retime | Arrival | Required | 
     |                                                 |             |           |  Delay |  Time   |   Time   | 
     |-------------------------------------------------+-------------+-----------+--------+---------+----------| 
     |                                                 | clk ^       |           |        |  -0.596 |   -0.564 | 
     | uu_dtpath/CTS_ccl_a_buf_00272                   |             | CLKBUFX4  |  0.003 |  -0.593 |   -0.561 | 
     | uu_dtpath/CTS_ccl_a_buf_00272                   | A ^ -> Y ^  | CLKBUFX4  |  0.091 |  -0.502 |   -0.470 | 
     | uu_dtpath/CTS_ccl_a_buf_00267                   |             | CLKBUFX3  |  0.000 |  -0.502 |   -0.470 | 
     | uu_dtpath/CTS_ccl_a_buf_00267                   | A ^ -> Y ^  | CLKBUFX3  |  0.101 |  -0.400 |   -0.368 | 
     | uu_dtpath/CTS_ccl_a_buf_00251                   |             | BUFX2     |  0.000 |  -0.400 |   -0.368 | 
     | uu_dtpath/CTS_ccl_a_buf_00251                   | A ^ -> Y ^  | BUFX2     |  0.095 |  -0.306 |   -0.274 | 
     | uu_dtpath/CTS_ccl_a_buf_00232                   |             | CLKBUFX3  |  0.000 |  -0.306 |   -0.274 | 
     | uu_dtpath/CTS_ccl_a_buf_00232                   | A ^ -> Y ^  | CLKBUFX3  |  0.079 |  -0.227 |   -0.195 | 
     | uu_dtpath/uu_dec/CTS_ccl_a_buf_00192            |             | CLKBUFX4  |  0.000 |  -0.227 |   -0.195 | 
     | uu_dtpath/uu_dec/CTS_ccl_a_buf_00192            | A ^ -> Y ^  | CLKBUFX4  |  0.105 |  -0.122 |   -0.090 | 
     | uu_dtpath/uu_dec/CTS_ccl_a_buf_00055            |             | CLKBUFX4  |  0.000 |  -0.122 |   -0.090 | 
     | uu_dtpath/uu_dec/CTS_ccl_a_buf_00055            | A ^ -> Y ^  | CLKBUFX4  |  0.111 |  -0.011 |    0.020 | 
     | uu_dtpath/uu_dec/o_aluSrc_reg                   |             | DFFRHQX4  |  0.000 |  -0.011 |    0.021 | 
     | uu_dtpath/uu_dec/o_aluSrc_reg                   | CK ^ -> Q ^ | DFFRHQX4  |  0.293 |   0.282 |    0.313 | 
     | uu_dtpath/uu_exec/FE_OFC71_aluSrc               |             | INVX3     |  0.000 |   0.282 |    0.313 | 
     | uu_dtpath/uu_exec/FE_OFC71_aluSrc               | A ^ -> Y v  | INVX3     |  0.078 |   0.360 |    0.391 | 
     | uu_dtpath/uu_exec/FE_OFC740_aluSrc              |             | CLKINVX20 |  0.000 |   0.360 |    0.391 | 
     | uu_dtpath/uu_exec/FE_OFC740_aluSrc              | A v -> Y ^  | CLKINVX20 |  0.086 |   0.445 |    0.477 | 
     | uu_dtpath/uu_exec/g767                          |             | NAND2X2   |  0.003 |   0.448 |    0.480 | 
     | uu_dtpath/uu_exec/g767                          | B ^ -> Y v  | NAND2X2   |  0.141 |   0.589 |    0.621 | 
     | uu_dtpath/uu_exec/g739                          |             | NAND2X2   |  0.000 |   0.589 |    0.621 | 
     | uu_dtpath/uu_exec/g739                          | A v -> Y ^  | NAND2X2   |  0.105 |   0.694 |    0.726 | 
     | uu_dtpath/uu_exec/uu_alu/FE_OFC349_alu_srcB_w_0 |             | INVX3     |  0.000 |   0.694 |    0.726 | 
     | uu_dtpath/uu_exec/uu_alu/FE_OFC349_alu_srcB_w_0 | A ^ -> Y v  | INVX3     |  0.060 |   0.754 |    0.786 | 
     | uu_dtpath/uu_exec/uu_alu/FE_OFC351_alu_srcB_w_0 |             | INVX6     |  0.000 |   0.754 |    0.786 | 
     | uu_dtpath/uu_exec/uu_alu/FE_OFC351_alu_srcB_w_0 | A v -> Y ^  | INVX6     |  0.058 |   0.812 |    0.844 | 
     | uu_dtpath/uu_exec/uu_alu/FE_OFC355_alu_srcB_w_0 |             | CLKBUFX20 |  0.000 |   0.812 |    0.844 | 
     | uu_dtpath/uu_exec/uu_alu/FE_OFC355_alu_srcB_w_0 | A ^ -> Y ^  | CLKBUFX20 |  0.142 |   0.955 |    0.987 | 
     | uu_dtpath/uu_exec/uu_alu/g2227                  |             | CLKINVX16 |  0.001 |   0.956 |    0.987 | 
     | uu_dtpath/uu_exec/uu_alu/g2227                  | A ^ -> Y v  | CLKINVX16 |  0.073 |   1.028 |    1.060 | 
     | uu_dtpath/uu_exec/uu_alu/sll_22_38_g2858        |             | AOI22X1   |  0.000 |   1.029 |    1.060 | 
     | uu_dtpath/uu_exec/uu_alu/sll_22_38_g2858        | A1 v -> Y ^ | AOI22X1   |  0.144 |   1.172 |    1.204 | 
     | uu_dtpath/uu_exec/uu_alu/sll_22_38_g2840        |             | MX2X1     |  0.000 |   1.172 |    1.204 | 
     | uu_dtpath/uu_exec/uu_alu/sll_22_38_g2840        | A ^ -> Y ^  | MX2X1     |  0.231 |   1.403 |    1.435 | 
     | uu_dtpath/uu_exec/uu_alu/sll_22_38_g2794        |             | MXI2X2    |  0.000 |   1.403 |    1.435 | 
     | uu_dtpath/uu_exec/uu_alu/sll_22_38_g2794        | A ^ -> Y v  | MXI2X2    |  0.223 |   1.627 |    1.659 | 
     | uu_dtpath/uu_exec/uu_alu/sll_22_38_g2731        |             | AOI221X1  |  0.000 |   1.627 |    1.659 | 
     | uu_dtpath/uu_exec/uu_alu/sll_22_38_g2731        | A1 v -> Y ^ | AOI221X1  |  0.214 |   1.840 |    1.872 | 
     | uu_dtpath/uu_exec/uu_alu/sll_22_38_g2719        |             | OAI2BB1X1 |  0.000 |   1.840 |    1.872 | 
     | uu_dtpath/uu_exec/uu_alu/sll_22_38_g2719        | B0 ^ -> Y v | OAI2BB1X1 |  0.243 |   2.084 |    2.115 | 
     | uu_dtpath/uu_exec/uu_alu/g4448                  |             | AOI221XL  |  0.000 |   2.084 |    2.115 | 
     | uu_dtpath/uu_exec/uu_alu/g4448                  | B0 v -> Y ^ | AOI221XL  |  0.264 |   2.347 |    2.379 | 
     | uu_dtpath/uu_exec/uu_alu/FE_OFC797_n_255        |             | CLKBUFX8  |  0.000 |   2.347 |    2.379 | 
     | uu_dtpath/uu_exec/uu_alu/FE_OFC797_n_255        | A ^ -> Y ^  | CLKBUFX8  |  0.193 |   2.541 |    2.573 | 
     | uu_dtpath/uu_exec/uu_alu/FE_OFC630_n_255        |             | BUFX2     |  0.000 |   2.541 |    2.573 | 
     | uu_dtpath/uu_exec/uu_alu/FE_OFC630_n_255        | A ^ -> Y ^  | BUFX2     |  0.089 |   2.629 |    2.661 | 
     | uu_dtpath/uu_exec/uu_alu/g4427                  |             | OAI2BB1X2 |  0.000 |   2.629 |    2.661 | 
     | uu_dtpath/uu_exec/uu_alu/g4427                  | B0 ^ -> Y v | OAI2BB1X2 |  0.085 |   2.714 |    2.746 | 
     | uu_dtpath/uu_exec/uu_alu/g4810                  |             | OR4X1     |  0.000 |   2.714 |    2.746 | 
     | uu_dtpath/uu_exec/uu_alu/g4810                  | C v -> Y v  | OR4X1     |  0.278 |   2.992 |    3.024 | 
     | uu_dtpath/uu_exec/uu_alu/FE_RC_2_0              |             | INVXL     |  0.000 |   2.992 |    3.024 | 
     | uu_dtpath/uu_exec/uu_alu/FE_RC_2_0              | A v -> Y ^  | INVXL     |  0.037 |   3.029 |    3.061 | 
     | uu_dtpath/uu_exec/uu_alu/FE_RC_1_0              |             | NAND2BX1  |  0.000 |   3.029 |    3.061 | 
     | uu_dtpath/uu_exec/uu_alu/FE_RC_1_0              | B ^ -> Y v  | NAND2BX1  |  0.112 |   3.141 |    3.173 | 
     | uu_dtpath/uu_exec/uu_alu/FE_RC_0_0              |             | NOR3X4    |  0.000 |   3.141 |    3.173 | 
     | uu_dtpath/uu_exec/uu_alu/FE_RC_0_0              | B v -> Y ^  | NOR3X4    |  0.140 |   3.281 |    3.313 | 
     | uu_dtpath/uu_exec/g789                          |             | XOR2X4    |  0.000 |   3.281 |    3.313 | 
     | uu_dtpath/uu_exec/g789                          | B ^ -> Y ^  | XOR2X4    |  0.228 |   3.509 |    3.541 | 
     | uu_dtpath/uu_exec/g458                          |             | OAI21X4   |  0.000 |   3.509 |    3.541 | 
     | uu_dtpath/uu_exec/g458                          | A1 ^ -> Y v | OAI21X4   |  0.100 |   3.609 |    3.641 | 
     | uu_dtpath/FE_OFC608_pc_src                      |             | CLKBUFX20 |  0.000 |   3.609 |    3.641 | 
     | uu_dtpath/FE_OFC608_pc_src                      | A v -> Y v  | CLKBUFX20 |  0.131 |   3.740 |    3.772 | 
     | uu_dtpath/FE_OFC617_pc_src                      |             | BUFX2     |  0.001 |   3.741 |    3.773 | 
     | uu_dtpath/FE_OFC617_pc_src                      | A v -> Y v  | BUFX2     |  0.198 |   3.939 |    3.971 | 
     | uu_dtpath/uu_dec/g120                           |             | NOR2BX1   |  0.000 |   3.940 |    3.972 | 
     | uu_dtpath/uu_dec/g120                           | B v -> Y ^  | NOR2BX1   |  0.156 |   4.095 |    4.127 | 
     | uu_dtpath/uu_dec/o_pc_plus4_reg[19]             |             | DFFRHQX1  |  0.000 |   4.095 |    4.127 | 
     +---------------------------------------------------------------------------------------------------------+ 
     Clock Rise Edge                      0.000
     + Source Insertion Delay            -0.596
     = Beginpoint Arrival Time           -0.596
     Other End Path:
     +-------------------------------------------------------------------------------------------+ 
     |              Instance               |    Arc     |   Cell   | Retime | Arrival | Required | 
     |                                     |            |          |  Delay |  Time   |   Time   | 
     |-------------------------------------+------------+----------+--------+---------+----------| 
     |                                     | clk ^      |          |        |  -0.596 |   -0.628 | 
     | uu_dtpath/CTS_ccl_a_buf_00272       |            | CLKBUFX4 |  0.003 |  -0.593 |   -0.625 | 
     | uu_dtpath/CTS_ccl_a_buf_00272       | A ^ -> Y ^ | CLKBUFX4 |  0.091 |  -0.502 |   -0.533 | 
     | uu_dtpath/CTS_ccl_a_buf_00267       |            | CLKBUFX3 |  0.000 |  -0.502 |   -0.533 | 
     | uu_dtpath/CTS_ccl_a_buf_00267       | A ^ -> Y ^ | CLKBUFX3 |  0.101 |  -0.400 |   -0.432 | 
     | uu_dtpath/CTS_ccl_a_buf_00248       |            | CLKBUFX3 |  0.000 |  -0.400 |   -0.432 | 
     | uu_dtpath/CTS_ccl_a_buf_00248       | A ^ -> Y ^ | CLKBUFX3 |  0.093 |  -0.307 |   -0.339 | 
     | uu_dtpath/CTS_ccl_a_buf_00226       |            | CLKBUFX3 |  0.000 |  -0.307 |   -0.339 | 
     | uu_dtpath/CTS_ccl_a_buf_00226       | A ^ -> Y ^ | CLKBUFX3 |  0.091 |  -0.216 |   -0.248 | 
     | uu_dtpath/CTS_ccl_a_buf_00176       |            | CLKBUFX3 |  0.000 |  -0.216 |   -0.248 | 
     | uu_dtpath/CTS_ccl_a_buf_00176       | A ^ -> Y ^ | CLKBUFX3 |  0.090 |  -0.126 |   -0.158 | 
     | uu_dtpath/CTS_ccl_a_buf_00018       |            | CLKBUFX4 |  0.000 |  -0.126 |   -0.158 | 
     | uu_dtpath/CTS_ccl_a_buf_00018       | A ^ -> Y ^ | CLKBUFX4 |  0.102 |  -0.023 |   -0.055 | 
     | uu_dtpath/uu_dec/o_pc_plus4_reg[19] |            | DFFRHQX1 |  0.000 |  -0.023 |   -0.055 | 
     +-------------------------------------------------------------------------------------------+ 
Path 7: MET Setup Check with Pin uu_dtpath/uu_dec/o_pc_plus4_reg[21]/CK 
Endpoint:   uu_dtpath/uu_dec/o_pc_plus4_reg[21]/D (^) checked with  leading 
edge of 'clk'
Beginpoint: uu_dtpath/uu_dec/o_aluSrc_reg/Q       (^) triggered by  leading 
edge of 'clk'
Path Groups: {clk}
Analysis View: setup
Retime Analysis { Data Path-Slew SI }
Other End Arrival Time         -0.020
- Setup                         0.150
+ Phase Shift                   4.400
- Uncertainty                   0.100
= Required Time                 4.130
- Arrival Time                  4.094
= Slack Time                    0.036
= Slack Time(original)          0.076
     Clock Rise Edge                      0.000
     + Source Insertion Delay            -0.596
     = Beginpoint Arrival Time           -0.596
     Timing Path:
     +---------------------------------------------------------------------------------------------------------+ 
     |                    Instance                     |     Arc     |   Cell    | Retime | Arrival | Required | 
     |                                                 |             |           |  Delay |  Time   |   Time   | 
     |-------------------------------------------------+-------------+-----------+--------+---------+----------| 
     |                                                 | clk ^       |           |        |  -0.596 |   -0.560 | 
     | uu_dtpath/CTS_ccl_a_buf_00272                   |             | CLKBUFX4  |  0.003 |  -0.593 |   -0.557 | 
     | uu_dtpath/CTS_ccl_a_buf_00272                   | A ^ -> Y ^  | CLKBUFX4  |  0.091 |  -0.502 |   -0.466 | 
     | uu_dtpath/CTS_ccl_a_buf_00267                   |             | CLKBUFX3  |  0.000 |  -0.502 |   -0.466 | 
     | uu_dtpath/CTS_ccl_a_buf_00267                   | A ^ -> Y ^  | CLKBUFX3  |  0.101 |  -0.400 |   -0.364 | 
     | uu_dtpath/CTS_ccl_a_buf_00251                   |             | BUFX2     |  0.000 |  -0.400 |   -0.364 | 
     | uu_dtpath/CTS_ccl_a_buf_00251                   | A ^ -> Y ^  | BUFX2     |  0.095 |  -0.306 |   -0.270 | 
     | uu_dtpath/CTS_ccl_a_buf_00232                   |             | CLKBUFX3  |  0.000 |  -0.306 |   -0.270 | 
     | uu_dtpath/CTS_ccl_a_buf_00232                   | A ^ -> Y ^  | CLKBUFX3  |  0.079 |  -0.227 |   -0.191 | 
     | uu_dtpath/uu_dec/CTS_ccl_a_buf_00192            |             | CLKBUFX4  |  0.000 |  -0.227 |   -0.191 | 
     | uu_dtpath/uu_dec/CTS_ccl_a_buf_00192            | A ^ -> Y ^  | CLKBUFX4  |  0.105 |  -0.122 |   -0.086 | 
     | uu_dtpath/uu_dec/CTS_ccl_a_buf_00055            |             | CLKBUFX4  |  0.000 |  -0.122 |   -0.086 | 
     | uu_dtpath/uu_dec/CTS_ccl_a_buf_00055            | A ^ -> Y ^  | CLKBUFX4  |  0.111 |  -0.011 |    0.025 | 
     | uu_dtpath/uu_dec/o_aluSrc_reg                   |             | DFFRHQX4  |  0.000 |  -0.011 |    0.025 | 
     | uu_dtpath/uu_dec/o_aluSrc_reg                   | CK ^ -> Q ^ | DFFRHQX4  |  0.293 |   0.282 |    0.318 | 
     | uu_dtpath/uu_exec/FE_OFC71_aluSrc               |             | INVX3     |  0.000 |   0.282 |    0.318 | 
     | uu_dtpath/uu_exec/FE_OFC71_aluSrc               | A ^ -> Y v  | INVX3     |  0.078 |   0.360 |    0.396 | 
     | uu_dtpath/uu_exec/FE_OFC740_aluSrc              |             | CLKINVX20 |  0.000 |   0.360 |    0.396 | 
     | uu_dtpath/uu_exec/FE_OFC740_aluSrc              | A v -> Y ^  | CLKINVX20 |  0.086 |   0.445 |    0.481 | 
     | uu_dtpath/uu_exec/g767                          |             | NAND2X2   |  0.003 |   0.448 |    0.484 | 
     | uu_dtpath/uu_exec/g767                          | B ^ -> Y v  | NAND2X2   |  0.141 |   0.589 |    0.625 | 
     | uu_dtpath/uu_exec/g739                          |             | NAND2X2   |  0.000 |   0.589 |    0.625 | 
     | uu_dtpath/uu_exec/g739                          | A v -> Y ^  | NAND2X2   |  0.105 |   0.694 |    0.730 | 
     | uu_dtpath/uu_exec/uu_alu/FE_OFC349_alu_srcB_w_0 |             | INVX3     |  0.000 |   0.694 |    0.730 | 
     | uu_dtpath/uu_exec/uu_alu/FE_OFC349_alu_srcB_w_0 | A ^ -> Y v  | INVX3     |  0.060 |   0.754 |    0.790 | 
     | uu_dtpath/uu_exec/uu_alu/FE_OFC351_alu_srcB_w_0 |             | INVX6     |  0.000 |   0.754 |    0.790 | 
     | uu_dtpath/uu_exec/uu_alu/FE_OFC351_alu_srcB_w_0 | A v -> Y ^  | INVX6     |  0.058 |   0.812 |    0.848 | 
     | uu_dtpath/uu_exec/uu_alu/FE_OFC355_alu_srcB_w_0 |             | CLKBUFX20 |  0.000 |   0.812 |    0.848 | 
     | uu_dtpath/uu_exec/uu_alu/FE_OFC355_alu_srcB_w_0 | A ^ -> Y ^  | CLKBUFX20 |  0.142 |   0.955 |    0.991 | 
     | uu_dtpath/uu_exec/uu_alu/g2227                  |             | CLKINVX16 |  0.001 |   0.956 |    0.992 | 
     | uu_dtpath/uu_exec/uu_alu/g2227                  | A ^ -> Y v  | CLKINVX16 |  0.073 |   1.028 |    1.064 | 
     | uu_dtpath/uu_exec/uu_alu/sll_22_38_g2858        |             | AOI22X1   |  0.000 |   1.029 |    1.065 | 
     | uu_dtpath/uu_exec/uu_alu/sll_22_38_g2858        | A1 v -> Y ^ | AOI22X1   |  0.144 |   1.172 |    1.208 | 
     | uu_dtpath/uu_exec/uu_alu/sll_22_38_g2840        |             | MX2X1     |  0.000 |   1.172 |    1.208 | 
     | uu_dtpath/uu_exec/uu_alu/sll_22_38_g2840        | A ^ -> Y ^  | MX2X1     |  0.231 |   1.403 |    1.439 | 
     | uu_dtpath/uu_exec/uu_alu/sll_22_38_g2794        |             | MXI2X2    |  0.000 |   1.403 |    1.439 | 
     | uu_dtpath/uu_exec/uu_alu/sll_22_38_g2794        | A ^ -> Y v  | MXI2X2    |  0.223 |   1.627 |    1.663 | 
     | uu_dtpath/uu_exec/uu_alu/sll_22_38_g2731        |             | AOI221X1  |  0.000 |   1.627 |    1.663 | 
     | uu_dtpath/uu_exec/uu_alu/sll_22_38_g2731        | A1 v -> Y ^ | AOI221X1  |  0.214 |   1.840 |    1.876 | 
     | uu_dtpath/uu_exec/uu_alu/sll_22_38_g2719        |             | OAI2BB1X1 |  0.000 |   1.840 |    1.876 | 
     | uu_dtpath/uu_exec/uu_alu/sll_22_38_g2719        | B0 ^ -> Y v | OAI2BB1X1 |  0.243 |   2.084 |    2.120 | 
     | uu_dtpath/uu_exec/uu_alu/g4448                  |             | AOI221XL  |  0.000 |   2.084 |    2.120 | 
     | uu_dtpath/uu_exec/uu_alu/g4448                  | B0 v -> Y ^ | AOI221XL  |  0.264 |   2.347 |    2.383 | 
     | uu_dtpath/uu_exec/uu_alu/FE_OFC797_n_255        |             | CLKBUFX8  |  0.000 |   2.347 |    2.383 | 
     | uu_dtpath/uu_exec/uu_alu/FE_OFC797_n_255        | A ^ -> Y ^  | CLKBUFX8  |  0.193 |   2.541 |    2.577 | 
     | uu_dtpath/uu_exec/uu_alu/FE_OFC630_n_255        |             | BUFX2     |  0.000 |   2.541 |    2.577 | 
     | uu_dtpath/uu_exec/uu_alu/FE_OFC630_n_255        | A ^ -> Y ^  | BUFX2     |  0.089 |   2.629 |    2.665 | 
     | uu_dtpath/uu_exec/uu_alu/g4427                  |             | OAI2BB1X2 |  0.000 |   2.629 |    2.665 | 
     | uu_dtpath/uu_exec/uu_alu/g4427                  | B0 ^ -> Y v | OAI2BB1X2 |  0.085 |   2.714 |    2.750 | 
     | uu_dtpath/uu_exec/uu_alu/g4810                  |             | OR4X1     |  0.000 |   2.714 |    2.750 | 
     | uu_dtpath/uu_exec/uu_alu/g4810                  | C v -> Y v  | OR4X1     |  0.278 |   2.992 |    3.028 | 
     | uu_dtpath/uu_exec/uu_alu/FE_RC_2_0              |             | INVXL     |  0.000 |   2.992 |    3.028 | 
     | uu_dtpath/uu_exec/uu_alu/FE_RC_2_0              | A v -> Y ^  | INVXL     |  0.037 |   3.029 |    3.065 | 
     | uu_dtpath/uu_exec/uu_alu/FE_RC_1_0              |             | NAND2BX1  |  0.000 |   3.029 |    3.065 | 
     | uu_dtpath/uu_exec/uu_alu/FE_RC_1_0              | B ^ -> Y v  | NAND2BX1  |  0.112 |   3.141 |    3.177 | 
     | uu_dtpath/uu_exec/uu_alu/FE_RC_0_0              |             | NOR3X4    |  0.000 |   3.141 |    3.177 | 
     | uu_dtpath/uu_exec/uu_alu/FE_RC_0_0              | B v -> Y ^  | NOR3X4    |  0.140 |   3.281 |    3.317 | 
     | uu_dtpath/uu_exec/g789                          |             | XOR2X4    |  0.000 |   3.281 |    3.317 | 
     | uu_dtpath/uu_exec/g789                          | B ^ -> Y ^  | XOR2X4    |  0.228 |   3.509 |    3.545 | 
     | uu_dtpath/uu_exec/g458                          |             | OAI21X4   |  0.000 |   3.509 |    3.545 | 
     | uu_dtpath/uu_exec/g458                          | A1 ^ -> Y v | OAI21X4   |  0.100 |   3.609 |    3.645 | 
     | uu_dtpath/FE_OFC608_pc_src                      |             | CLKBUFX20 |  0.000 |   3.609 |    3.645 | 
     | uu_dtpath/FE_OFC608_pc_src                      | A v -> Y v  | CLKBUFX20 |  0.131 |   3.740 |    3.776 | 
     | uu_dtpath/FE_OFC617_pc_src                      |             | BUFX2     |  0.001 |   3.741 |    3.777 | 
     | uu_dtpath/FE_OFC617_pc_src                      | A v -> Y v  | BUFX2     |  0.198 |   3.939 |    3.975 | 
     | uu_dtpath/uu_dec/g121                           |             | NOR2BX1   |  0.000 |   3.940 |    3.976 | 
     | uu_dtpath/uu_dec/g121                           | B v -> Y ^  | NOR2BX1   |  0.154 |   4.094 |    4.130 | 
     | uu_dtpath/uu_dec/o_pc_plus4_reg[21]             |             | DFFRHQX1  |  0.000 |   4.094 |    4.130 | 
     +---------------------------------------------------------------------------------------------------------+ 
     Clock Rise Edge                      0.000
     + Source Insertion Delay            -0.596
     = Beginpoint Arrival Time           -0.596
     Other End Path:
     +-------------------------------------------------------------------------------------------+ 
     |              Instance               |    Arc     |   Cell   | Retime | Arrival | Required | 
     |                                     |            |          |  Delay |  Time   |   Time   | 
     |-------------------------------------+------------+----------+--------+---------+----------| 
     |                                     | clk ^      |          |        |  -0.596 |   -0.632 | 
     | uu_dtpath/CTS_ccl_a_buf_00272       |            | CLKBUFX4 |  0.003 |  -0.593 |   -0.629 | 
     | uu_dtpath/CTS_ccl_a_buf_00272       | A ^ -> Y ^ | CLKBUFX4 |  0.091 |  -0.502 |   -0.538 | 
     | uu_dtpath/CTS_ccl_a_buf_00267       |            | CLKBUFX3 |  0.000 |  -0.502 |   -0.538 | 
     | uu_dtpath/CTS_ccl_a_buf_00267       | A ^ -> Y ^ | CLKBUFX3 |  0.101 |  -0.400 |   -0.436 | 
     | uu_dtpath/CTS_ccl_a_buf_00248       |            | CLKBUFX3 |  0.000 |  -0.400 |   -0.436 | 
     | uu_dtpath/CTS_ccl_a_buf_00248       | A ^ -> Y ^ | CLKBUFX3 |  0.093 |  -0.307 |   -0.343 | 
     | uu_dtpath/CTS_ccl_a_buf_00226       |            | CLKBUFX3 |  0.000 |  -0.307 |   -0.343 | 
     | uu_dtpath/CTS_ccl_a_buf_00226       | A ^ -> Y ^ | CLKBUFX3 |  0.091 |  -0.216 |   -0.252 | 
     | uu_dtpath/CTS_ccl_a_buf_00176       |            | CLKBUFX3 |  0.000 |  -0.216 |   -0.252 | 
     | uu_dtpath/CTS_ccl_a_buf_00176       | A ^ -> Y ^ | CLKBUFX3 |  0.090 |  -0.126 |   -0.162 | 
     | uu_dtpath/CTS_ccl_a_buf_00031       |            | CLKBUFX4 |  0.000 |  -0.126 |   -0.162 | 
     | uu_dtpath/CTS_ccl_a_buf_00031       | A ^ -> Y ^ | CLKBUFX4 |  0.106 |  -0.020 |   -0.056 | 
     | uu_dtpath/uu_dec/o_pc_plus4_reg[21] |            | DFFRHQX1 |  0.000 |  -0.020 |   -0.056 | 
     +-------------------------------------------------------------------------------------------+ 
Path 8: MET Setup Check with Pin uu_dtpath/uu_dec/o_pc_plus4_reg[0]/CK 
Endpoint:   uu_dtpath/uu_dec/o_pc_plus4_reg[0]/D (^) checked with  leading edge 
of 'clk'
Beginpoint: uu_dtpath/uu_dec/o_aluSrc_reg/Q      (^) triggered by  leading edge 
of 'clk'
Path Groups: {clk}
Analysis View: setup
Retime Analysis { Data Path-Slew SI }
Other End Arrival Time          0.012
- Setup                         0.172
+ Phase Shift                   4.400
- Uncertainty                   0.100
= Required Time                 4.140
- Arrival Time                  4.105
= Slack Time                    0.035
= Slack Time(original)          0.077
     Clock Rise Edge                      0.000
     + Source Insertion Delay            -0.596
     = Beginpoint Arrival Time           -0.596
     Timing Path:
     +---------------------------------------------------------------------------------------------------------+ 
     |                    Instance                     |     Arc     |   Cell    | Retime | Arrival | Required | 
     |                                                 |             |           |  Delay |  Time   |   Time   | 
     |-------------------------------------------------+-------------+-----------+--------+---------+----------| 
     |                                                 | clk ^       |           |        |  -0.596 |   -0.561 | 
     | uu_dtpath/CTS_ccl_a_buf_00272                   |             | CLKBUFX4  |  0.003 |  -0.593 |   -0.558 | 
     | uu_dtpath/CTS_ccl_a_buf_00272                   | A ^ -> Y ^  | CLKBUFX4  |  0.091 |  -0.502 |   -0.467 | 
     | uu_dtpath/CTS_ccl_a_buf_00267                   |             | CLKBUFX3  |  0.000 |  -0.502 |   -0.467 | 
     | uu_dtpath/CTS_ccl_a_buf_00267                   | A ^ -> Y ^  | CLKBUFX3  |  0.101 |  -0.400 |   -0.365 | 
     | uu_dtpath/CTS_ccl_a_buf_00251                   |             | BUFX2     |  0.000 |  -0.400 |   -0.365 | 
     | uu_dtpath/CTS_ccl_a_buf_00251                   | A ^ -> Y ^  | BUFX2     |  0.095 |  -0.306 |   -0.271 | 
     | uu_dtpath/CTS_ccl_a_buf_00232                   |             | CLKBUFX3  |  0.000 |  -0.306 |   -0.271 | 
     | uu_dtpath/CTS_ccl_a_buf_00232                   | A ^ -> Y ^  | CLKBUFX3  |  0.079 |  -0.227 |   -0.192 | 
     | uu_dtpath/uu_dec/CTS_ccl_a_buf_00192            |             | CLKBUFX4  |  0.000 |  -0.227 |   -0.192 | 
     | uu_dtpath/uu_dec/CTS_ccl_a_buf_00192            | A ^ -> Y ^  | CLKBUFX4  |  0.105 |  -0.122 |   -0.087 | 
     | uu_dtpath/uu_dec/CTS_ccl_a_buf_00055            |             | CLKBUFX4  |  0.000 |  -0.122 |   -0.087 | 
     | uu_dtpath/uu_dec/CTS_ccl_a_buf_00055            | A ^ -> Y ^  | CLKBUFX4  |  0.111 |  -0.011 |    0.024 | 
     | uu_dtpath/uu_dec/o_aluSrc_reg                   |             | DFFRHQX4  |  0.000 |  -0.011 |    0.024 | 
     | uu_dtpath/uu_dec/o_aluSrc_reg                   | CK ^ -> Q ^ | DFFRHQX4  |  0.293 |   0.282 |    0.317 | 
     | uu_dtpath/uu_exec/FE_OFC71_aluSrc               |             | INVX3     |  0.000 |   0.282 |    0.317 | 
     | uu_dtpath/uu_exec/FE_OFC71_aluSrc               | A ^ -> Y v  | INVX3     |  0.078 |   0.360 |    0.395 | 
     | uu_dtpath/uu_exec/FE_OFC740_aluSrc              |             | CLKINVX20 |  0.000 |   0.360 |    0.395 | 
     | uu_dtpath/uu_exec/FE_OFC740_aluSrc              | A v -> Y ^  | CLKINVX20 |  0.086 |   0.445 |    0.480 | 
     | uu_dtpath/uu_exec/g767                          |             | NAND2X2   |  0.003 |   0.448 |    0.483 | 
     | uu_dtpath/uu_exec/g767                          | B ^ -> Y v  | NAND2X2   |  0.141 |   0.589 |    0.624 | 
     | uu_dtpath/uu_exec/g739                          |             | NAND2X2   |  0.000 |   0.589 |    0.624 | 
     | uu_dtpath/uu_exec/g739                          | A v -> Y ^  | NAND2X2   |  0.105 |   0.694 |    0.729 | 
     | uu_dtpath/uu_exec/uu_alu/FE_OFC349_alu_srcB_w_0 |             | INVX3     |  0.000 |   0.694 |    0.729 | 
     | uu_dtpath/uu_exec/uu_alu/FE_OFC349_alu_srcB_w_0 | A ^ -> Y v  | INVX3     |  0.060 |   0.754 |    0.789 | 
     | uu_dtpath/uu_exec/uu_alu/FE_OFC351_alu_srcB_w_0 |             | INVX6     |  0.000 |   0.754 |    0.789 | 
     | uu_dtpath/uu_exec/uu_alu/FE_OFC351_alu_srcB_w_0 | A v -> Y ^  | INVX6     |  0.058 |   0.812 |    0.847 | 
     | uu_dtpath/uu_exec/uu_alu/FE_OFC355_alu_srcB_w_0 |             | CLKBUFX20 |  0.000 |   0.812 |    0.847 | 
     | uu_dtpath/uu_exec/uu_alu/FE_OFC355_alu_srcB_w_0 | A ^ -> Y ^  | CLKBUFX20 |  0.142 |   0.955 |    0.990 | 
     | uu_dtpath/uu_exec/uu_alu/g2227                  |             | CLKINVX16 |  0.001 |   0.956 |    0.991 | 
     | uu_dtpath/uu_exec/uu_alu/g2227                  | A ^ -> Y v  | CLKINVX16 |  0.073 |   1.028 |    1.063 | 
     | uu_dtpath/uu_exec/uu_alu/sll_22_38_g2858        |             | AOI22X1   |  0.000 |   1.029 |    1.064 | 
     | uu_dtpath/uu_exec/uu_alu/sll_22_38_g2858        | A1 v -> Y ^ | AOI22X1   |  0.144 |   1.172 |    1.207 | 
     | uu_dtpath/uu_exec/uu_alu/sll_22_38_g2840        |             | MX2X1     |  0.000 |   1.172 |    1.207 | 
     | uu_dtpath/uu_exec/uu_alu/sll_22_38_g2840        | A ^ -> Y ^  | MX2X1     |  0.231 |   1.403 |    1.438 | 
     | uu_dtpath/uu_exec/uu_alu/sll_22_38_g2794        |             | MXI2X2    |  0.000 |   1.403 |    1.438 | 
     | uu_dtpath/uu_exec/uu_alu/sll_22_38_g2794        | A ^ -> Y v  | MXI2X2    |  0.223 |   1.627 |    1.662 | 
     | uu_dtpath/uu_exec/uu_alu/sll_22_38_g2731        |             | AOI221X1  |  0.000 |   1.627 |    1.662 | 
     | uu_dtpath/uu_exec/uu_alu/sll_22_38_g2731        | A1 v -> Y ^ | AOI221X1  |  0.214 |   1.840 |    1.875 | 
     | uu_dtpath/uu_exec/uu_alu/sll_22_38_g2719        |             | OAI2BB1X1 |  0.000 |   1.840 |    1.875 | 
     | uu_dtpath/uu_exec/uu_alu/sll_22_38_g2719        | B0 ^ -> Y v | OAI2BB1X1 |  0.243 |   2.084 |    2.119 | 
     | uu_dtpath/uu_exec/uu_alu/g4448                  |             | AOI221XL  |  0.000 |   2.084 |    2.119 | 
     | uu_dtpath/uu_exec/uu_alu/g4448                  | B0 v -> Y ^ | AOI221XL  |  0.264 |   2.347 |    2.382 | 
     | uu_dtpath/uu_exec/uu_alu/FE_OFC797_n_255        |             | CLKBUFX8  |  0.000 |   2.347 |    2.382 | 
     | uu_dtpath/uu_exec/uu_alu/FE_OFC797_n_255        | A ^ -> Y ^  | CLKBUFX8  |  0.193 |   2.541 |    2.576 | 
     | uu_dtpath/uu_exec/uu_alu/FE_OFC630_n_255        |             | BUFX2     |  0.000 |   2.541 |    2.576 | 
     | uu_dtpath/uu_exec/uu_alu/FE_OFC630_n_255        | A ^ -> Y ^  | BUFX2     |  0.089 |   2.629 |    2.664 | 
     | uu_dtpath/uu_exec/uu_alu/g4427                  |             | OAI2BB1X2 |  0.000 |   2.629 |    2.664 | 
     | uu_dtpath/uu_exec/uu_alu/g4427                  | B0 ^ -> Y v | OAI2BB1X2 |  0.085 |   2.714 |    2.749 | 
     | uu_dtpath/uu_exec/uu_alu/g4810                  |             | OR4X1     |  0.000 |   2.714 |    2.749 | 
     | uu_dtpath/uu_exec/uu_alu/g4810                  | C v -> Y v  | OR4X1     |  0.278 |   2.992 |    3.027 | 
     | uu_dtpath/uu_exec/uu_alu/FE_RC_2_0              |             | INVXL     |  0.000 |   2.992 |    3.027 | 
     | uu_dtpath/uu_exec/uu_alu/FE_RC_2_0              | A v -> Y ^  | INVXL     |  0.037 |   3.029 |    3.064 | 
     | uu_dtpath/uu_exec/uu_alu/FE_RC_1_0              |             | NAND2BX1  |  0.000 |   3.029 |    3.064 | 
     | uu_dtpath/uu_exec/uu_alu/FE_RC_1_0              | B ^ -> Y v  | NAND2BX1  |  0.112 |   3.141 |    3.176 | 
     | uu_dtpath/uu_exec/uu_alu/FE_RC_0_0              |             | NOR3X4    |  0.000 |   3.141 |    3.176 | 
     | uu_dtpath/uu_exec/uu_alu/FE_RC_0_0              | B v -> Y ^  | NOR3X4    |  0.140 |   3.281 |    3.316 | 
     | uu_dtpath/uu_exec/g789                          |             | XOR2X4    |  0.000 |   3.281 |    3.316 | 
     | uu_dtpath/uu_exec/g789                          | B ^ -> Y ^  | XOR2X4    |  0.228 |   3.509 |    3.544 | 
     | uu_dtpath/uu_exec/g458                          |             | OAI21X4   |  0.000 |   3.509 |    3.544 | 
     | uu_dtpath/uu_exec/g458                          | A1 ^ -> Y v | OAI21X4   |  0.100 |   3.609 |    3.644 | 
     | uu_dtpath/FE_OFC608_pc_src                      |             | CLKBUFX20 |  0.000 |   3.609 |    3.644 | 
     | uu_dtpath/FE_OFC608_pc_src                      | A v -> Y v  | CLKBUFX20 |  0.131 |   3.740 |    3.775 | 
     | uu_dtpath/FE_OFC618_pc_src                      |             | CLKBUFX6  |  0.001 |   3.741 |    3.776 | 
     | uu_dtpath/FE_OFC618_pc_src                      | A v -> Y v  | CLKBUFX6  |  0.186 |   3.927 |    3.962 | 
     | uu_dtpath/uu_dec/g191                           |             | NOR2BX1   |  0.001 |   3.928 |    3.963 | 
     | uu_dtpath/uu_dec/g191                           | B v -> Y ^  | NOR2BX1   |  0.177 |   4.105 |    4.140 | 
     | uu_dtpath/uu_dec/o_pc_plus4_reg[0]              |             | DFFRHQX1  |  0.000 |   4.105 |    4.140 | 
     +---------------------------------------------------------------------------------------------------------+ 
     Clock Rise Edge                      0.000
     + Source Insertion Delay            -0.596
     = Beginpoint Arrival Time           -0.596
     Other End Path:
     +------------------------------------------------------------------------------------------+ 
     |              Instance              |    Arc     |   Cell   | Retime | Arrival | Required | 
     |                                    |            |          |  Delay |  Time   |   Time   | 
     |------------------------------------+------------+----------+--------+---------+----------| 
     |                                    | clk ^      |          |        |  -0.596 |   -0.631 | 
     | uu_dtpath/CTS_ccl_a_buf_00272      |            | CLKBUFX4 |  0.003 |  -0.593 |   -0.628 | 
     | uu_dtpath/CTS_ccl_a_buf_00272      | A ^ -> Y ^ | CLKBUFX4 |  0.091 |  -0.502 |   -0.537 | 
     | uu_dtpath/CTS_ccl_a_buf_00260      |            | CLKBUFX3 |  0.000 |  -0.502 |   -0.537 | 
     | uu_dtpath/CTS_ccl_a_buf_00260      | A ^ -> Y ^ | CLKBUFX3 |  0.100 |  -0.402 |   -0.437 | 
     | uu_dtpath/CTS_ccl_a_buf_00249      |            | CLKBUFX3 |  0.000 |  -0.402 |   -0.437 | 
     | uu_dtpath/CTS_ccl_a_buf_00249      | A ^ -> Y ^ | CLKBUFX3 |  0.096 |  -0.306 |   -0.341 | 
     | uu_dtpath/CTS_ccl_a_buf_00228      |            | CLKBUFX2 |  0.000 |  -0.306 |   -0.341 | 
     | uu_dtpath/CTS_ccl_a_buf_00228      | A ^ -> Y ^ | CLKBUFX2 |  0.104 |  -0.201 |   -0.236 | 
     | uu_dtpath/CTS_ccl_a_buf_00178      |            | CLKBUFX4 |  0.000 |  -0.201 |   -0.236 | 
     | uu_dtpath/CTS_ccl_a_buf_00178      | A ^ -> Y ^ | CLKBUFX4 |  0.106 |  -0.095 |   -0.130 | 
     | uu_dtpath/CTS_ccl_a_buf_00036      |            | CLKBUFX4 |  0.000 |  -0.095 |   -0.130 | 
     | uu_dtpath/CTS_ccl_a_buf_00036      | A ^ -> Y ^ | CLKBUFX4 |  0.107 |   0.012 |   -0.023 | 
     | uu_dtpath/uu_dec/o_pc_plus4_reg[0] |            | DFFRHQX1 |  0.000 |   0.012 |   -0.023 | 
     +------------------------------------------------------------------------------------------+ 
Path 9: MET Setup Check with Pin uu_dtpath/uu_dec/rd1_ff_reg[18]/CK 
Endpoint:   uu_dtpath/uu_dec/rd1_ff_reg[18]/D                (v) checked with  
leading edge of 'clk'
Beginpoint: uu_dtpath/uu_dec/uu_reg_file/reg_dt_reg[2][18]/Q (v) triggered by 
trailing edge of 'clk'
Path Groups: {clk}
Analysis View: setup
Retime Analysis { Data Path-Slew SI }
Other End Arrival Time         -0.011
- Setup                         0.061
+ Phase Shift                   4.400
- Uncertainty                   0.100
= Required Time                 4.227
- Arrival Time                  4.047
= Slack Time                    0.180
= Slack Time(original)          0.079
     Clock Fall Edge                      2.200
     + Source Insertion Delay            -0.598
     = Beginpoint Arrival Time            1.602
     Timing Path:
     +----------------------------------------------------------------------------------------------------------+ 
     |                     Instance                     |     Arc     |   Cell    | Retime | Arrival | Required | 
     |                                                  |             |           |  Delay |  Time   |   Time   | 
     |--------------------------------------------------+-------------+-----------+--------+---------+----------| 
     |                                                  | clk v       |           |        |   1.602 |    1.783 | 
     | uu_dtpath/uu_dec/g163                            |             | INVX2     |  0.002 |   1.604 |    1.784 | 
     | uu_dtpath/uu_dec/g163                            | A v -> Y ^  | INVX2     |  0.029 |   1.632 |    1.813 | 
     | uu_dtpath/uu_dec/uu_reg_file/CTS_ccl_a_buf_00274 |             | CLKBUFX4  |  0.000 |   1.632 |    1.813 | 
     | uu_dtpath/uu_dec/uu_reg_file/CTS_ccl_a_buf_00274 | A ^ -> Y ^  | CLKBUFX4  |  0.100 |   1.733 |    1.913 | 
     | uu_dtpath/uu_dec/uu_reg_file/CTS_cfo_buf_00284   |             | BUFX2     |  0.000 |   1.733 |    1.913 | 
     | uu_dtpath/uu_dec/uu_reg_file/CTS_cfo_buf_00284   | A ^ -> Y ^  | BUFX2     |  0.101 |   1.834 |    2.014 | 
     | uu_dtpath/uu_dec/uu_reg_file/CTS_ccl_a_buf_00258 |             | BUFX2     |  0.000 |   1.834 |    2.014 | 
     | uu_dtpath/uu_dec/uu_reg_file/CTS_ccl_a_buf_00258 | A ^ -> Y ^  | BUFX2     |  0.101 |   1.935 |    2.116 | 
     | uu_dtpath/uu_dec/uu_reg_file/CTS_ccl_a_buf_00246 |             | CLKBUFX3  |  0.000 |   1.935 |    2.116 | 
     | uu_dtpath/uu_dec/uu_reg_file/CTS_ccl_a_buf_00246 | A ^ -> Y ^  | CLKBUFX3  |  0.090 |   2.026 |    2.206 | 
     | uu_dtpath/uu_dec/uu_reg_file/CTS_ccl_a_buf_00221 |             | CLKBUFX4  |  0.000 |   2.026 |    2.206 | 
     | uu_dtpath/uu_dec/uu_reg_file/CTS_ccl_a_buf_00221 | A ^ -> Y ^  | CLKBUFX4  |  0.099 |   2.125 |    2.305 | 
     | uu_dtpath/uu_dec/uu_reg_file/CTS_ccl_a_buf_00171 |             | CLKBUFX4  |  0.000 |   2.125 |    2.305 | 
     | uu_dtpath/uu_dec/uu_reg_file/CTS_ccl_a_buf_00171 | A ^ -> Y ^  | CLKBUFX4  |  0.109 |   2.234 |    2.414 | 
     | uu_dtpath/uu_dec/uu_reg_file/reg_dt_reg[2][18]   |             | SDFFRHQX1 |  0.000 |   2.234 |    2.415 | 
     | uu_dtpath/uu_dec/uu_reg_file/reg_dt_reg[2][18]   | CK ^ -> Q v | SDFFRHQX1 |  0.255 |   2.489 |    2.670 | 
     | uu_dtpath/uu_dec/uu_reg_file/g3850__7482         |             | AOI222X1  |  0.000 |   2.489 |    2.670 | 
     | uu_dtpath/uu_dec/uu_reg_file/g3850__7482         | A0 v -> Y ^ | AOI222X1  |  0.210 |   2.699 |    2.880 | 
     | uu_dtpath/uu_dec/uu_reg_file/g3498__5107         |             | NAND2X1   |  0.000 |   2.699 |    2.880 | 
     | uu_dtpath/uu_dec/uu_reg_file/g3498__5107         | A ^ -> Y v  | NAND2X1   |  0.206 |   2.905 |    3.086 | 
     | uu_dtpath/uu_dec/uu_reg_file/g37152              |             | NAND4BX1  |  0.000 |   2.905 |    3.086 | 
     | uu_dtpath/uu_dec/uu_reg_file/g37152              | AN v -> Y v | NAND4BX1  |  0.272 |   3.177 |    3.358 | 
     | uu_dtpath/uu_dec/uu_reg_file/FE_OFC803_n_2823    |             | CLKBUFX2  |  0.000 |   3.177 |    3.358 | 
     | uu_dtpath/uu_dec/uu_reg_file/FE_OFC803_n_2823    | A v -> Y v  | CLKBUFX2  |  0.172 |   3.350 |    3.530 | 
     | uu_dtpath/uu_dec/uu_reg_file/FE_OFC143_n_2823    |             | BUFX2     |  0.000 |   3.350 |    3.530 | 
     | uu_dtpath/uu_dec/uu_reg_file/FE_OFC143_n_2823    | A v -> Y v  | BUFX2     |  0.108 |   3.457 |    3.637 | 
     | uu_dtpath/uu_dec/uu_reg_file/g37120              |             | NAND4BBX1 |  0.000 |   3.457 |    3.637 | 
     | uu_dtpath/uu_dec/uu_reg_file/g37120              | AN v -> Y v | NAND4BBX1 |  0.257 |   3.714 |    3.895 | 
     | uu_dtpath/uu_dec/FE_OFC849_rd1_w_18              |             | CLKBUFX4  |  0.000 |   3.714 |    3.895 | 
     | uu_dtpath/uu_dec/FE_OFC849_rd1_w_18              | A v -> Y v  | CLKBUFX4  |  0.175 |   3.890 |    4.070 | 
     | uu_dtpath/uu_dec/FE_OFC664_rd1_w_18              |             | BUFX2     |  0.000 |   3.890 |    4.070 | 
     | uu_dtpath/uu_dec/FE_OFC664_rd1_w_18              | A v -> Y v  | BUFX2     |  0.087 |   3.977 |    4.157 | 
     | uu_dtpath/uu_dec/g212                            |             | AND2X1    |  0.000 |   3.977 |    4.157 | 
     | uu_dtpath/uu_dec/g212                            | B v -> Y v  | AND2X1    |  0.070 |   4.047 |    4.227 | 
     | uu_dtpath/uu_dec/rd1_ff_reg[18]                  |             | DFFRX2    |  0.000 |   4.047 |    4.227 | 
     +----------------------------------------------------------------------------------------------------------+ 
     Clock Rise Edge                      0.000
     + Source Insertion Delay            -0.596
     = Beginpoint Arrival Time           -0.596
     Other End Path:
     +--------------------------------------------------------------------------------------------+ 
     |               Instance               |    Arc     |   Cell   | Retime | Arrival | Required | 
     |                                      |            |          |  Delay |  Time   |   Time   | 
     |--------------------------------------+------------+----------+--------+---------+----------| 
     |                                      | clk ^      |          |        |  -0.596 |   -0.776 | 
     | uu_dtpath/CTS_ccl_a_buf_00272        |            | CLKBUFX4 |  0.003 |  -0.593 |   -0.773 | 
     | uu_dtpath/CTS_ccl_a_buf_00272        | A ^ -> Y ^ | CLKBUFX4 |  0.091 |  -0.502 |   -0.682 | 
     | uu_dtpath/CTS_ccl_a_buf_00260        |            | CLKBUFX3 |  0.000 |  -0.502 |   -0.682 | 
     | uu_dtpath/CTS_ccl_a_buf_00260        | A ^ -> Y ^ | CLKBUFX3 |  0.100 |  -0.402 |   -0.582 | 
     | uu_dtpath/CTS_ccl_a_buf_00250        |            | CLKBUFX4 |  0.000 |  -0.402 |   -0.582 | 
     | uu_dtpath/CTS_ccl_a_buf_00250        | A ^ -> Y ^ | CLKBUFX4 |  0.106 |  -0.296 |   -0.476 | 
     | uu_dtpath/uu_dec/CTS_ccl_a_buf_00230 |            | CLKBUFX3 |  0.000 |  -0.296 |   -0.476 | 
     | uu_dtpath/uu_dec/CTS_ccl_a_buf_00230 | A ^ -> Y ^ | CLKBUFX3 |  0.093 |  -0.202 |   -0.383 | 
     | uu_dtpath/uu_dec/CTS_ccl_a_buf_00190 |            | CLKBUFX3 |  0.000 |  -0.202 |   -0.383 | 
     | uu_dtpath/uu_dec/CTS_ccl_a_buf_00190 | A ^ -> Y ^ | CLKBUFX3 |  0.088 |  -0.114 |   -0.294 | 
     | uu_dtpath/uu_dec/CTS_ccl_a_buf_00062 |            | CLKBUFX4 |  0.000 |  -0.114 |   -0.294 | 
     | uu_dtpath/uu_dec/CTS_ccl_a_buf_00062 | A ^ -> Y ^ | CLKBUFX4 |  0.102 |  -0.011 |   -0.192 | 
     | uu_dtpath/uu_dec/rd1_ff_reg[18]      |            | DFFRX2   |  0.000 |  -0.011 |   -0.192 | 
     +--------------------------------------------------------------------------------------------+ 
Path 10: MET Setup Check with Pin uu_dtpath/uu_dec/immExt_ff_reg[6]/CK 
Endpoint:   uu_dtpath/uu_dec/immExt_ff_reg[6]/D (^) checked with  leading edge 
of 'clk'
Beginpoint: uu_dtpath/uu_dec/o_aluSrc_reg/Q     (^) triggered by  leading edge 
of 'clk'
Path Groups: {clk}
Analysis View: setup
Retime Analysis { Data Path-Slew SI }
Other End Arrival Time         -0.012
- Setup                         0.168
+ Phase Shift                   4.400
- Uncertainty                   0.100
= Required Time                 4.120
- Arrival Time                  4.083
= Slack Time                    0.037
= Slack Time(original)          0.080
     Clock Rise Edge                      0.000
     + Source Insertion Delay            -0.596
     = Beginpoint Arrival Time           -0.596
     Timing Path:
     +---------------------------------------------------------------------------------------------------------+ 
     |                    Instance                     |     Arc     |   Cell    | Retime | Arrival | Required | 
     |                                                 |             |           |  Delay |  Time   |   Time   | 
     |-------------------------------------------------+-------------+-----------+--------+---------+----------| 
     |                                                 | clk ^       |           |        |  -0.596 |   -0.559 | 
     | uu_dtpath/CTS_ccl_a_buf_00272                   |             | CLKBUFX4  |  0.003 |  -0.593 |   -0.556 | 
     | uu_dtpath/CTS_ccl_a_buf_00272                   | A ^ -> Y ^  | CLKBUFX4  |  0.091 |  -0.502 |   -0.465 | 
     | uu_dtpath/CTS_ccl_a_buf_00267                   |             | CLKBUFX3  |  0.000 |  -0.502 |   -0.465 | 
     | uu_dtpath/CTS_ccl_a_buf_00267                   | A ^ -> Y ^  | CLKBUFX3  |  0.101 |  -0.400 |   -0.363 | 
     | uu_dtpath/CTS_ccl_a_buf_00251                   |             | BUFX2     |  0.000 |  -0.400 |   -0.363 | 
     | uu_dtpath/CTS_ccl_a_buf_00251                   | A ^ -> Y ^  | BUFX2     |  0.095 |  -0.306 |   -0.268 | 
     | uu_dtpath/CTS_ccl_a_buf_00232                   |             | CLKBUFX3  |  0.000 |  -0.306 |   -0.268 | 
     | uu_dtpath/CTS_ccl_a_buf_00232                   | A ^ -> Y ^  | CLKBUFX3  |  0.079 |  -0.227 |   -0.190 | 
     | uu_dtpath/uu_dec/CTS_ccl_a_buf_00192            |             | CLKBUFX4  |  0.000 |  -0.227 |   -0.190 | 
     | uu_dtpath/uu_dec/CTS_ccl_a_buf_00192            | A ^ -> Y ^  | CLKBUFX4  |  0.105 |  -0.122 |   -0.085 | 
     | uu_dtpath/uu_dec/CTS_ccl_a_buf_00055            |             | CLKBUFX4  |  0.000 |  -0.122 |   -0.085 | 
     | uu_dtpath/uu_dec/CTS_ccl_a_buf_00055            | A ^ -> Y ^  | CLKBUFX4  |  0.111 |  -0.011 |    0.026 | 
     | uu_dtpath/uu_dec/o_aluSrc_reg                   |             | DFFRHQX4  |  0.000 |  -0.011 |    0.026 | 
     | uu_dtpath/uu_dec/o_aluSrc_reg                   | CK ^ -> Q ^ | DFFRHQX4  |  0.293 |   0.282 |    0.319 | 
     | uu_dtpath/uu_exec/FE_OFC71_aluSrc               |             | INVX3     |  0.000 |   0.282 |    0.319 | 
     | uu_dtpath/uu_exec/FE_OFC71_aluSrc               | A ^ -> Y v  | INVX3     |  0.078 |   0.360 |    0.397 | 
     | uu_dtpath/uu_exec/FE_OFC740_aluSrc              |             | CLKINVX20 |  0.000 |   0.360 |    0.397 | 
     | uu_dtpath/uu_exec/FE_OFC740_aluSrc              | A v -> Y ^  | CLKINVX20 |  0.086 |   0.445 |    0.482 | 
     | uu_dtpath/uu_exec/g767                          |             | NAND2X2   |  0.003 |   0.448 |    0.485 | 
     | uu_dtpath/uu_exec/g767                          | B ^ -> Y v  | NAND2X2   |  0.141 |   0.589 |    0.626 | 
     | uu_dtpath/uu_exec/g739                          |             | NAND2X2   |  0.000 |   0.589 |    0.626 | 
     | uu_dtpath/uu_exec/g739                          | A v -> Y ^  | NAND2X2   |  0.105 |   0.694 |    0.731 | 
     | uu_dtpath/uu_exec/uu_alu/FE_OFC349_alu_srcB_w_0 |             | INVX3     |  0.000 |   0.694 |    0.731 | 
     | uu_dtpath/uu_exec/uu_alu/FE_OFC349_alu_srcB_w_0 | A ^ -> Y v  | INVX3     |  0.060 |   0.754 |    0.791 | 
     | uu_dtpath/uu_exec/uu_alu/FE_OFC351_alu_srcB_w_0 |             | INVX6     |  0.000 |   0.754 |    0.791 | 
     | uu_dtpath/uu_exec/uu_alu/FE_OFC351_alu_srcB_w_0 | A v -> Y ^  | INVX6     |  0.058 |   0.812 |    0.850 | 
     | uu_dtpath/uu_exec/uu_alu/FE_OFC355_alu_srcB_w_0 |             | CLKBUFX20 |  0.000 |   0.812 |    0.850 | 
     | uu_dtpath/uu_exec/uu_alu/FE_OFC355_alu_srcB_w_0 | A ^ -> Y ^  | CLKBUFX20 |  0.142 |   0.955 |    0.992 | 
     | uu_dtpath/uu_exec/uu_alu/g2227                  |             | CLKINVX16 |  0.001 |   0.956 |    0.993 | 
     | uu_dtpath/uu_exec/uu_alu/g2227                  | A ^ -> Y v  | CLKINVX16 |  0.073 |   1.028 |    1.065 | 
     | uu_dtpath/uu_exec/uu_alu/sll_22_38_g2858        |             | AOI22X1   |  0.000 |   1.029 |    1.066 | 
     | uu_dtpath/uu_exec/uu_alu/sll_22_38_g2858        | A1 v -> Y ^ | AOI22X1   |  0.144 |   1.172 |    1.209 | 
     | uu_dtpath/uu_exec/uu_alu/sll_22_38_g2840        |             | MX2X1     |  0.000 |   1.172 |    1.209 | 
     | uu_dtpath/uu_exec/uu_alu/sll_22_38_g2840        | A ^ -> Y ^  | MX2X1     |  0.231 |   1.403 |    1.440 | 
     | uu_dtpath/uu_exec/uu_alu/sll_22_38_g2794        |             | MXI2X2    |  0.000 |   1.403 |    1.440 | 
     | uu_dtpath/uu_exec/uu_alu/sll_22_38_g2794        | A ^ -> Y v  | MXI2X2    |  0.223 |   1.627 |    1.664 | 
     | uu_dtpath/uu_exec/uu_alu/sll_22_38_g2731        |             | AOI221X1  |  0.000 |   1.627 |    1.664 | 
     | uu_dtpath/uu_exec/uu_alu/sll_22_38_g2731        | A1 v -> Y ^ | AOI221X1  |  0.214 |   1.840 |    1.878 | 
     | uu_dtpath/uu_exec/uu_alu/sll_22_38_g2719        |             | OAI2BB1X1 |  0.000 |   1.840 |    1.878 | 
     | uu_dtpath/uu_exec/uu_alu/sll_22_38_g2719        | B0 ^ -> Y v | OAI2BB1X1 |  0.243 |   2.084 |    2.121 | 
     | uu_dtpath/uu_exec/uu_alu/g4448                  |             | AOI221XL  |  0.000 |   2.084 |    2.121 | 
     | uu_dtpath/uu_exec/uu_alu/g4448                  | B0 v -> Y ^ | AOI221XL  |  0.264 |   2.347 |    2.385 | 
     | uu_dtpath/uu_exec/uu_alu/FE_OFC797_n_255        |             | CLKBUFX8  |  0.000 |   2.347 |    2.385 | 
     | uu_dtpath/uu_exec/uu_alu/FE_OFC797_n_255        | A ^ -> Y ^  | CLKBUFX8  |  0.193 |   2.541 |    2.578 | 
     | uu_dtpath/uu_exec/uu_alu/FE_OFC630_n_255        |             | BUFX2     |  0.000 |   2.541 |    2.578 | 
     | uu_dtpath/uu_exec/uu_alu/FE_OFC630_n_255        | A ^ -> Y ^  | BUFX2     |  0.089 |   2.629 |    2.666 | 
     | uu_dtpath/uu_exec/uu_alu/g4427                  |             | OAI2BB1X2 |  0.000 |   2.629 |    2.666 | 
     | uu_dtpath/uu_exec/uu_alu/g4427                  | B0 ^ -> Y v | OAI2BB1X2 |  0.085 |   2.714 |    2.751 | 
     | uu_dtpath/uu_exec/uu_alu/g4810                  |             | OR4X1     |  0.000 |   2.714 |    2.751 | 
     | uu_dtpath/uu_exec/uu_alu/g4810                  | C v -> Y v  | OR4X1     |  0.278 |   2.992 |    3.030 | 
     | uu_dtpath/uu_exec/uu_alu/FE_RC_2_0              |             | INVXL     |  0.000 |   2.992 |    3.030 | 
     | uu_dtpath/uu_exec/uu_alu/FE_RC_2_0              | A v -> Y ^  | INVXL     |  0.037 |   3.029 |    3.066 | 
     | uu_dtpath/uu_exec/uu_alu/FE_RC_1_0              |             | NAND2BX1  |  0.000 |   3.029 |    3.066 | 
     | uu_dtpath/uu_exec/uu_alu/FE_RC_1_0              | B ^ -> Y v  | NAND2BX1  |  0.112 |   3.141 |    3.178 | 
     | uu_dtpath/uu_exec/uu_alu/FE_RC_0_0              |             | NOR3X4    |  0.000 |   3.141 |    3.178 | 
     | uu_dtpath/uu_exec/uu_alu/FE_RC_0_0              | B v -> Y ^  | NOR3X4    |  0.140 |   3.281 |    3.318 | 
     | uu_dtpath/uu_exec/g789                          |             | XOR2X4    |  0.000 |   3.281 |    3.318 | 
     | uu_dtpath/uu_exec/g789                          | B ^ -> Y ^  | XOR2X4    |  0.228 |   3.509 |    3.546 | 
     | uu_dtpath/uu_exec/g458                          |             | OAI21X4   |  0.000 |   3.509 |    3.546 | 
     | uu_dtpath/uu_exec/g458                          | A1 ^ -> Y v | OAI21X4   |  0.100 |   3.609 |    3.646 | 
     | uu_dtpath/FE_OFC608_pc_src                      |             | CLKBUFX20 |  0.000 |   3.609 |    3.646 | 
     | uu_dtpath/FE_OFC608_pc_src                      | A v -> Y v  | CLKBUFX20 |  0.131 |   3.740 |    3.777 | 
     | uu_dtpath/uu_dec/FE_OFC615_pc_src               |             | BUFX4     |  0.000 |   3.740 |    3.777 | 
     | uu_dtpath/uu_dec/FE_OFC615_pc_src               | A v -> Y v  | BUFX4     |  0.177 |   3.918 |    3.955 | 
     | uu_dtpath/uu_dec/g257                           |             | NOR2BX1   |  0.000 |   3.918 |    3.955 | 
     | uu_dtpath/uu_dec/g257                           | B v -> Y ^  | NOR2BX1   |  0.165 |   4.083 |    4.120 | 
     | uu_dtpath/uu_dec/immExt_ff_reg[6]               |             | DFFRHQX2  |  0.000 |   4.083 |    4.120 | 
     +---------------------------------------------------------------------------------------------------------+ 
     Clock Rise Edge                      0.000
     + Source Insertion Delay            -0.596
     = Beginpoint Arrival Time           -0.596
     Other End Path:
     +--------------------------------------------------------------------------------------------+ 
     |               Instance               |    Arc     |   Cell   | Retime | Arrival | Required | 
     |                                      |            |          |  Delay |  Time   |   Time   | 
     |--------------------------------------+------------+----------+--------+---------+----------| 
     |                                      | clk ^      |          |        |  -0.596 |   -0.633 | 
     | uu_dtpath/CTS_ccl_a_buf_00272        |            | CLKBUFX4 |  0.003 |  -0.593 |   -0.630 | 
     | uu_dtpath/CTS_ccl_a_buf_00272        | A ^ -> Y ^ | CLKBUFX4 |  0.091 |  -0.502 |   -0.539 | 
     | uu_dtpath/CTS_ccl_a_buf_00267        |            | CLKBUFX3 |  0.000 |  -0.502 |   -0.539 | 
     | uu_dtpath/CTS_ccl_a_buf_00267        | A ^ -> Y ^ | CLKBUFX3 |  0.101 |  -0.400 |   -0.437 | 
     | uu_dtpath/CTS_ccl_a_buf_00251        |            | BUFX2    |  0.000 |  -0.400 |   -0.437 | 
     | uu_dtpath/CTS_ccl_a_buf_00251        | A ^ -> Y ^ | BUFX2    |  0.095 |  -0.306 |   -0.343 | 
     | uu_dtpath/CTS_ccl_a_buf_00232        |            | CLKBUFX3 |  0.000 |  -0.306 |   -0.343 | 
     | uu_dtpath/CTS_ccl_a_buf_00232        | A ^ -> Y ^ | CLKBUFX3 |  0.079 |  -0.227 |   -0.264 | 
     | uu_dtpath/uu_dec/CTS_ccl_a_buf_00192 |            | CLKBUFX4 |  0.000 |  -0.227 |   -0.264 | 
     | uu_dtpath/uu_dec/CTS_ccl_a_buf_00192 | A ^ -> Y ^ | CLKBUFX4 |  0.105 |  -0.122 |   -0.159 | 
     | uu_dtpath/uu_dec/CTS_ccl_a_buf_00064 |            | CLKBUFX4 |  0.000 |  -0.122 |   -0.159 | 
     | uu_dtpath/uu_dec/CTS_ccl_a_buf_00064 | A ^ -> Y ^ | CLKBUFX4 |  0.111 |  -0.012 |   -0.049 | 
     | uu_dtpath/uu_dec/immExt_ff_reg[6]    |            | DFFRHQX2 |  0.000 |  -0.012 |   -0.049 | 
     +--------------------------------------------------------------------------------------------+ 
Path 11: MET Setup Check with Pin uu_dtpath/uu_dec/o_pc_plus4_reg[16]/CK 
Endpoint:   uu_dtpath/uu_dec/o_pc_plus4_reg[16]/D (^) checked with  leading 
edge of 'clk'
Beginpoint: uu_dtpath/uu_dec/o_aluSrc_reg/Q       (^) triggered by  leading 
edge of 'clk'
Path Groups: {clk}
Analysis View: setup
Retime Analysis { Data Path-Slew SI }
Other End Arrival Time         -0.020
- Setup                         0.147
+ Phase Shift                   4.400
- Uncertainty                   0.100
= Required Time                 4.133
- Arrival Time                  4.095
= Slack Time                    0.038
= Slack Time(original)          0.083
     Clock Rise Edge                      0.000
     + Source Insertion Delay            -0.596
     = Beginpoint Arrival Time           -0.596
     Timing Path:
     +---------------------------------------------------------------------------------------------------------+ 
     |                    Instance                     |     Arc     |   Cell    | Retime | Arrival | Required | 
     |                                                 |             |           |  Delay |  Time   |   Time   | 
     |-------------------------------------------------+-------------+-----------+--------+---------+----------| 
     |                                                 | clk ^       |           |        |  -0.596 |   -0.558 | 
     | uu_dtpath/CTS_ccl_a_buf_00272                   |             | CLKBUFX4  |  0.003 |  -0.593 |   -0.555 | 
     | uu_dtpath/CTS_ccl_a_buf_00272                   | A ^ -> Y ^  | CLKBUFX4  |  0.091 |  -0.502 |   -0.464 | 
     | uu_dtpath/CTS_ccl_a_buf_00267                   |             | CLKBUFX3  |  0.000 |  -0.502 |   -0.464 | 
     | uu_dtpath/CTS_ccl_a_buf_00267                   | A ^ -> Y ^  | CLKBUFX3  |  0.101 |  -0.400 |   -0.362 | 
     | uu_dtpath/CTS_ccl_a_buf_00251                   |             | BUFX2     |  0.000 |  -0.400 |   -0.362 | 
     | uu_dtpath/CTS_ccl_a_buf_00251                   | A ^ -> Y ^  | BUFX2     |  0.095 |  -0.306 |   -0.267 | 
     | uu_dtpath/CTS_ccl_a_buf_00232                   |             | CLKBUFX3  |  0.000 |  -0.306 |   -0.267 | 
     | uu_dtpath/CTS_ccl_a_buf_00232                   | A ^ -> Y ^  | CLKBUFX3  |  0.079 |  -0.227 |   -0.189 | 
     | uu_dtpath/uu_dec/CTS_ccl_a_buf_00192            |             | CLKBUFX4  |  0.000 |  -0.227 |   -0.189 | 
     | uu_dtpath/uu_dec/CTS_ccl_a_buf_00192            | A ^ -> Y ^  | CLKBUFX4  |  0.105 |  -0.122 |   -0.084 | 
     | uu_dtpath/uu_dec/CTS_ccl_a_buf_00055            |             | CLKBUFX4  |  0.000 |  -0.122 |   -0.084 | 
     | uu_dtpath/uu_dec/CTS_ccl_a_buf_00055            | A ^ -> Y ^  | CLKBUFX4  |  0.111 |  -0.011 |    0.027 | 
     | uu_dtpath/uu_dec/o_aluSrc_reg                   |             | DFFRHQX4  |  0.000 |  -0.011 |    0.027 | 
     | uu_dtpath/uu_dec/o_aluSrc_reg                   | CK ^ -> Q ^ | DFFRHQX4  |  0.293 |   0.282 |    0.320 | 
     | uu_dtpath/uu_exec/FE_OFC71_aluSrc               |             | INVX3     |  0.000 |   0.282 |    0.320 | 
     | uu_dtpath/uu_exec/FE_OFC71_aluSrc               | A ^ -> Y v  | INVX3     |  0.078 |   0.360 |    0.398 | 
     | uu_dtpath/uu_exec/FE_OFC740_aluSrc              |             | CLKINVX20 |  0.000 |   0.360 |    0.398 | 
     | uu_dtpath/uu_exec/FE_OFC740_aluSrc              | A v -> Y ^  | CLKINVX20 |  0.086 |   0.445 |    0.483 | 
     | uu_dtpath/uu_exec/g767                          |             | NAND2X2   |  0.003 |   0.448 |    0.486 | 
     | uu_dtpath/uu_exec/g767                          | B ^ -> Y v  | NAND2X2   |  0.141 |   0.589 |    0.627 | 
     | uu_dtpath/uu_exec/g739                          |             | NAND2X2   |  0.000 |   0.589 |    0.627 | 
     | uu_dtpath/uu_exec/g739                          | A v -> Y ^  | NAND2X2   |  0.105 |   0.694 |    0.732 | 
     | uu_dtpath/uu_exec/uu_alu/FE_OFC349_alu_srcB_w_0 |             | INVX3     |  0.000 |   0.694 |    0.732 | 
     | uu_dtpath/uu_exec/uu_alu/FE_OFC349_alu_srcB_w_0 | A ^ -> Y v  | INVX3     |  0.060 |   0.754 |    0.792 | 
     | uu_dtpath/uu_exec/uu_alu/FE_OFC351_alu_srcB_w_0 |             | INVX6     |  0.000 |   0.754 |    0.792 | 
     | uu_dtpath/uu_exec/uu_alu/FE_OFC351_alu_srcB_w_0 | A v -> Y ^  | INVX6     |  0.058 |   0.812 |    0.851 | 
     | uu_dtpath/uu_exec/uu_alu/FE_OFC355_alu_srcB_w_0 |             | CLKBUFX20 |  0.000 |   0.812 |    0.851 | 
     | uu_dtpath/uu_exec/uu_alu/FE_OFC355_alu_srcB_w_0 | A ^ -> Y ^  | CLKBUFX20 |  0.142 |   0.955 |    0.993 | 
     | uu_dtpath/uu_exec/uu_alu/g2227                  |             | CLKINVX16 |  0.001 |   0.956 |    0.994 | 
     | uu_dtpath/uu_exec/uu_alu/g2227                  | A ^ -> Y v  | CLKINVX16 |  0.073 |   1.028 |    1.066 | 
     | uu_dtpath/uu_exec/uu_alu/sll_22_38_g2858        |             | AOI22X1   |  0.000 |   1.029 |    1.067 | 
     | uu_dtpath/uu_exec/uu_alu/sll_22_38_g2858        | A1 v -> Y ^ | AOI22X1   |  0.144 |   1.172 |    1.210 | 
     | uu_dtpath/uu_exec/uu_alu/sll_22_38_g2840        |             | MX2X1     |  0.000 |   1.172 |    1.210 | 
     | uu_dtpath/uu_exec/uu_alu/sll_22_38_g2840        | A ^ -> Y ^  | MX2X1     |  0.231 |   1.403 |    1.441 | 
     | uu_dtpath/uu_exec/uu_alu/sll_22_38_g2794        |             | MXI2X2    |  0.000 |   1.403 |    1.441 | 
     | uu_dtpath/uu_exec/uu_alu/sll_22_38_g2794        | A ^ -> Y v  | MXI2X2    |  0.223 |   1.627 |    1.665 | 
     | uu_dtpath/uu_exec/uu_alu/sll_22_38_g2731        |             | AOI221X1  |  0.000 |   1.627 |    1.665 | 
     | uu_dtpath/uu_exec/uu_alu/sll_22_38_g2731        | A1 v -> Y ^ | AOI221X1  |  0.214 |   1.840 |    1.879 | 
     | uu_dtpath/uu_exec/uu_alu/sll_22_38_g2719        |             | OAI2BB1X1 |  0.000 |   1.840 |    1.879 | 
     | uu_dtpath/uu_exec/uu_alu/sll_22_38_g2719        | B0 ^ -> Y v | OAI2BB1X1 |  0.243 |   2.084 |    2.122 | 
     | uu_dtpath/uu_exec/uu_alu/g4448                  |             | AOI221XL  |  0.000 |   2.084 |    2.122 | 
     | uu_dtpath/uu_exec/uu_alu/g4448                  | B0 v -> Y ^ | AOI221XL  |  0.264 |   2.347 |    2.386 | 
     | uu_dtpath/uu_exec/uu_alu/FE_OFC797_n_255        |             | CLKBUFX8  |  0.000 |   2.347 |    2.386 | 
     | uu_dtpath/uu_exec/uu_alu/FE_OFC797_n_255        | A ^ -> Y ^  | CLKBUFX8  |  0.193 |   2.541 |    2.579 | 
     | uu_dtpath/uu_exec/uu_alu/FE_OFC630_n_255        |             | BUFX2     |  0.000 |   2.541 |    2.579 | 
     | uu_dtpath/uu_exec/uu_alu/FE_OFC630_n_255        | A ^ -> Y ^  | BUFX2     |  0.089 |   2.629 |    2.667 | 
     | uu_dtpath/uu_exec/uu_alu/g4427                  |             | OAI2BB1X2 |  0.000 |   2.629 |    2.667 | 
     | uu_dtpath/uu_exec/uu_alu/g4427                  | B0 ^ -> Y v | OAI2BB1X2 |  0.085 |   2.714 |    2.752 | 
     | uu_dtpath/uu_exec/uu_alu/g4810                  |             | OR4X1     |  0.000 |   2.714 |    2.752 | 
     | uu_dtpath/uu_exec/uu_alu/g4810                  | C v -> Y v  | OR4X1     |  0.278 |   2.992 |    3.031 | 
     | uu_dtpath/uu_exec/uu_alu/FE_RC_2_0              |             | INVXL     |  0.000 |   2.992 |    3.031 | 
     | uu_dtpath/uu_exec/uu_alu/FE_RC_2_0              | A v -> Y ^  | INVXL     |  0.037 |   3.029 |    3.067 | 
     | uu_dtpath/uu_exec/uu_alu/FE_RC_1_0              |             | NAND2BX1  |  0.000 |   3.029 |    3.067 | 
     | uu_dtpath/uu_exec/uu_alu/FE_RC_1_0              | B ^ -> Y v  | NAND2BX1  |  0.112 |   3.141 |    3.179 | 
     | uu_dtpath/uu_exec/uu_alu/FE_RC_0_0              |             | NOR3X4    |  0.000 |   3.141 |    3.179 | 
     | uu_dtpath/uu_exec/uu_alu/FE_RC_0_0              | B v -> Y ^  | NOR3X4    |  0.140 |   3.281 |    3.319 | 
     | uu_dtpath/uu_exec/g789                          |             | XOR2X4    |  0.000 |   3.281 |    3.319 | 
     | uu_dtpath/uu_exec/g789                          | B ^ -> Y ^  | XOR2X4    |  0.228 |   3.509 |    3.547 | 
     | uu_dtpath/uu_exec/g458                          |             | OAI21X4   |  0.000 |   3.509 |    3.547 | 
     | uu_dtpath/uu_exec/g458                          | A1 ^ -> Y v | OAI21X4   |  0.100 |   3.609 |    3.647 | 
     | uu_dtpath/FE_OFC608_pc_src                      |             | CLKBUFX20 |  0.000 |   3.609 |    3.647 | 
     | uu_dtpath/FE_OFC608_pc_src                      | A v -> Y v  | CLKBUFX20 |  0.131 |   3.740 |    3.778 | 
     | uu_dtpath/FE_OFC617_pc_src                      |             | BUFX2     |  0.001 |   3.741 |    3.779 | 
     | uu_dtpath/FE_OFC617_pc_src                      | A v -> Y v  | BUFX2     |  0.198 |   3.939 |    3.977 | 
     | uu_dtpath/uu_dec/g116                           |             | NOR2BX1   |  0.000 |   3.940 |    3.978 | 
     | uu_dtpath/uu_dec/g116                           | B v -> Y ^  | NOR2BX1   |  0.155 |   4.095 |    4.133 | 
     | uu_dtpath/uu_dec/o_pc_plus4_reg[16]             |             | DFFRHQX1  |  0.000 |   4.095 |    4.133 | 
     +---------------------------------------------------------------------------------------------------------+ 
     Clock Rise Edge                      0.000
     + Source Insertion Delay            -0.596
     = Beginpoint Arrival Time           -0.596
     Other End Path:
     +-------------------------------------------------------------------------------------------+ 
     |              Instance               |    Arc     |   Cell   | Retime | Arrival | Required | 
     |                                     |            |          |  Delay |  Time   |   Time   | 
     |-------------------------------------+------------+----------+--------+---------+----------| 
     |                                     | clk ^      |          |        |  -0.596 |   -0.634 | 
     | uu_dtpath/CTS_ccl_a_buf_00272       |            | CLKBUFX4 |  0.003 |  -0.593 |   -0.631 | 
     | uu_dtpath/CTS_ccl_a_buf_00272       | A ^ -> Y ^ | CLKBUFX4 |  0.091 |  -0.502 |   -0.540 | 
     | uu_dtpath/CTS_ccl_a_buf_00267       |            | CLKBUFX3 |  0.000 |  -0.502 |   -0.540 | 
     | uu_dtpath/CTS_ccl_a_buf_00267       | A ^ -> Y ^ | CLKBUFX3 |  0.101 |  -0.400 |   -0.438 | 
     | uu_dtpath/CTS_ccl_a_buf_00248       |            | CLKBUFX3 |  0.000 |  -0.400 |   -0.438 | 
     | uu_dtpath/CTS_ccl_a_buf_00248       | A ^ -> Y ^ | CLKBUFX3 |  0.093 |  -0.307 |   -0.345 | 
     | uu_dtpath/CTS_ccl_a_buf_00226       |            | CLKBUFX3 |  0.000 |  -0.307 |   -0.345 | 
     | uu_dtpath/CTS_ccl_a_buf_00226       | A ^ -> Y ^ | CLKBUFX3 |  0.091 |  -0.216 |   -0.254 | 
     | uu_dtpath/CTS_ccl_a_buf_00176       |            | CLKBUFX3 |  0.000 |  -0.216 |   -0.254 | 
     | uu_dtpath/CTS_ccl_a_buf_00176       | A ^ -> Y ^ | CLKBUFX3 |  0.090 |  -0.126 |   -0.164 | 
     | uu_dtpath/CTS_ccl_a_buf_00031       |            | CLKBUFX4 |  0.000 |  -0.126 |   -0.164 | 
     | uu_dtpath/CTS_ccl_a_buf_00031       | A ^ -> Y ^ | CLKBUFX4 |  0.106 |  -0.020 |   -0.058 | 
     | uu_dtpath/uu_dec/o_pc_plus4_reg[16] |            | DFFRHQX1 |  0.000 |  -0.020 |   -0.058 | 
     +-------------------------------------------------------------------------------------------+ 
Path 12: MET Setup Check with Pin uu_dtpath/uu_dec/immExt_ff_reg[12]/CK 
Endpoint:   uu_dtpath/uu_dec/immExt_ff_reg[12]/D (^) checked with  leading edge 
of 'clk'
Beginpoint: uu_dtpath/uu_dec/o_aluSrc_reg/Q      (^) triggered by  leading edge 
of 'clk'
Path Groups: {clk}
Analysis View: setup
Retime Analysis { Data Path-Slew SI }
Other End Arrival Time         -0.012
- Setup                         0.168
+ Phase Shift                   4.400
- Uncertainty                   0.100
= Required Time                 4.121
- Arrival Time                  4.082
= Slack Time                    0.039
= Slack Time(original)          0.084
     Clock Rise Edge                      0.000
     + Source Insertion Delay            -0.596
     = Beginpoint Arrival Time           -0.596
     Timing Path:
     +---------------------------------------------------------------------------------------------------------+ 
     |                    Instance                     |     Arc     |   Cell    | Retime | Arrival | Required | 
     |                                                 |             |           |  Delay |  Time   |   Time   | 
     |-------------------------------------------------+-------------+-----------+--------+---------+----------| 
     |                                                 | clk ^       |           |        |  -0.596 |   -0.557 | 
     | uu_dtpath/CTS_ccl_a_buf_00272                   |             | CLKBUFX4  |  0.003 |  -0.593 |   -0.554 | 
     | uu_dtpath/CTS_ccl_a_buf_00272                   | A ^ -> Y ^  | CLKBUFX4  |  0.091 |  -0.502 |   -0.463 | 
     | uu_dtpath/CTS_ccl_a_buf_00267                   |             | CLKBUFX3  |  0.000 |  -0.502 |   -0.463 | 
     | uu_dtpath/CTS_ccl_a_buf_00267                   | A ^ -> Y ^  | CLKBUFX3  |  0.101 |  -0.400 |   -0.362 | 
     | uu_dtpath/CTS_ccl_a_buf_00251                   |             | BUFX2     |  0.000 |  -0.400 |   -0.362 | 
     | uu_dtpath/CTS_ccl_a_buf_00251                   | A ^ -> Y ^  | BUFX2     |  0.095 |  -0.306 |   -0.267 | 
     | uu_dtpath/CTS_ccl_a_buf_00232                   |             | CLKBUFX3  |  0.000 |  -0.306 |   -0.267 | 
     | uu_dtpath/CTS_ccl_a_buf_00232                   | A ^ -> Y ^  | CLKBUFX3  |  0.079 |  -0.227 |   -0.188 | 
     | uu_dtpath/uu_dec/CTS_ccl_a_buf_00192            |             | CLKBUFX4  |  0.000 |  -0.227 |   -0.188 | 
     | uu_dtpath/uu_dec/CTS_ccl_a_buf_00192            | A ^ -> Y ^  | CLKBUFX4  |  0.105 |  -0.122 |   -0.083 | 
     | uu_dtpath/uu_dec/CTS_ccl_a_buf_00055            |             | CLKBUFX4  |  0.000 |  -0.122 |   -0.083 | 
     | uu_dtpath/uu_dec/CTS_ccl_a_buf_00055            | A ^ -> Y ^  | CLKBUFX4  |  0.111 |  -0.011 |    0.027 | 
     | uu_dtpath/uu_dec/o_aluSrc_reg                   |             | DFFRHQX4  |  0.000 |  -0.011 |    0.027 | 
     | uu_dtpath/uu_dec/o_aluSrc_reg                   | CK ^ -> Q ^ | DFFRHQX4  |  0.293 |   0.282 |    0.320 | 
     | uu_dtpath/uu_exec/FE_OFC71_aluSrc               |             | INVX3     |  0.000 |   0.282 |    0.320 | 
     | uu_dtpath/uu_exec/FE_OFC71_aluSrc               | A ^ -> Y v  | INVX3     |  0.078 |   0.360 |    0.398 | 
     | uu_dtpath/uu_exec/FE_OFC740_aluSrc              |             | CLKINVX20 |  0.000 |   0.360 |    0.398 | 
     | uu_dtpath/uu_exec/FE_OFC740_aluSrc              | A v -> Y ^  | CLKINVX20 |  0.086 |   0.445 |    0.484 | 
     | uu_dtpath/uu_exec/g767                          |             | NAND2X2   |  0.003 |   0.448 |    0.487 | 
     | uu_dtpath/uu_exec/g767                          | B ^ -> Y v  | NAND2X2   |  0.141 |   0.589 |    0.627 | 
     | uu_dtpath/uu_exec/g739                          |             | NAND2X2   |  0.000 |   0.589 |    0.627 | 
     | uu_dtpath/uu_exec/g739                          | A v -> Y ^  | NAND2X2   |  0.105 |   0.694 |    0.733 | 
     | uu_dtpath/uu_exec/uu_alu/FE_OFC349_alu_srcB_w_0 |             | INVX3     |  0.000 |   0.694 |    0.733 | 
     | uu_dtpath/uu_exec/uu_alu/FE_OFC349_alu_srcB_w_0 | A ^ -> Y v  | INVX3     |  0.060 |   0.754 |    0.793 | 
     | uu_dtpath/uu_exec/uu_alu/FE_OFC351_alu_srcB_w_0 |             | INVX6     |  0.000 |   0.754 |    0.793 | 
     | uu_dtpath/uu_exec/uu_alu/FE_OFC351_alu_srcB_w_0 | A v -> Y ^  | INVX6     |  0.058 |   0.812 |    0.851 | 
     | uu_dtpath/uu_exec/uu_alu/FE_OFC355_alu_srcB_w_0 |             | CLKBUFX20 |  0.000 |   0.812 |    0.851 | 
     | uu_dtpath/uu_exec/uu_alu/FE_OFC355_alu_srcB_w_0 | A ^ -> Y ^  | CLKBUFX20 |  0.142 |   0.955 |    0.994 | 
     | uu_dtpath/uu_exec/uu_alu/g2227                  |             | CLKINVX16 |  0.001 |   0.956 |    0.994 | 
     | uu_dtpath/uu_exec/uu_alu/g2227                  | A ^ -> Y v  | CLKINVX16 |  0.073 |   1.028 |    1.067 | 
     | uu_dtpath/uu_exec/uu_alu/sll_22_38_g2858        |             | AOI22X1   |  0.000 |   1.029 |    1.067 | 
     | uu_dtpath/uu_exec/uu_alu/sll_22_38_g2858        | A1 v -> Y ^ | AOI22X1   |  0.144 |   1.172 |    1.211 | 
     | uu_dtpath/uu_exec/uu_alu/sll_22_38_g2840        |             | MX2X1     |  0.000 |   1.172 |    1.211 | 
     | uu_dtpath/uu_exec/uu_alu/sll_22_38_g2840        | A ^ -> Y ^  | MX2X1     |  0.231 |   1.403 |    1.442 | 
     | uu_dtpath/uu_exec/uu_alu/sll_22_38_g2794        |             | MXI2X2    |  0.000 |   1.403 |    1.442 | 
     | uu_dtpath/uu_exec/uu_alu/sll_22_38_g2794        | A ^ -> Y v  | MXI2X2    |  0.223 |   1.627 |    1.665 | 
     | uu_dtpath/uu_exec/uu_alu/sll_22_38_g2731        |             | AOI221X1  |  0.000 |   1.627 |    1.665 | 
     | uu_dtpath/uu_exec/uu_alu/sll_22_38_g2731        | A1 v -> Y ^ | AOI221X1  |  0.214 |   1.840 |    1.879 | 
     | uu_dtpath/uu_exec/uu_alu/sll_22_38_g2719        |             | OAI2BB1X1 |  0.000 |   1.840 |    1.879 | 
     | uu_dtpath/uu_exec/uu_alu/sll_22_38_g2719        | B0 ^ -> Y v | OAI2BB1X1 |  0.243 |   2.084 |    2.122 | 
     | uu_dtpath/uu_exec/uu_alu/g4448                  |             | AOI221XL  |  0.000 |   2.084 |    2.122 | 
     | uu_dtpath/uu_exec/uu_alu/g4448                  | B0 v -> Y ^ | AOI221XL  |  0.264 |   2.347 |    2.386 | 
     | uu_dtpath/uu_exec/uu_alu/FE_OFC797_n_255        |             | CLKBUFX8  |  0.000 |   2.347 |    2.386 | 
     | uu_dtpath/uu_exec/uu_alu/FE_OFC797_n_255        | A ^ -> Y ^  | CLKBUFX8  |  0.193 |   2.541 |    2.579 | 
     | uu_dtpath/uu_exec/uu_alu/FE_OFC630_n_255        |             | BUFX2     |  0.000 |   2.541 |    2.579 | 
     | uu_dtpath/uu_exec/uu_alu/FE_OFC630_n_255        | A ^ -> Y ^  | BUFX2     |  0.089 |   2.629 |    2.668 | 
     | uu_dtpath/uu_exec/uu_alu/g4427                  |             | OAI2BB1X2 |  0.000 |   2.629 |    2.668 | 
     | uu_dtpath/uu_exec/uu_alu/g4427                  | B0 ^ -> Y v | OAI2BB1X2 |  0.085 |   2.714 |    2.753 | 
     | uu_dtpath/uu_exec/uu_alu/g4810                  |             | OR4X1     |  0.000 |   2.714 |    2.753 | 
     | uu_dtpath/uu_exec/uu_alu/g4810                  | C v -> Y v  | OR4X1     |  0.278 |   2.992 |    3.031 | 
     | uu_dtpath/uu_exec/uu_alu/FE_RC_2_0              |             | INVXL     |  0.000 |   2.992 |    3.031 | 
     | uu_dtpath/uu_exec/uu_alu/FE_RC_2_0              | A v -> Y ^  | INVXL     |  0.037 |   3.029 |    3.068 | 
     | uu_dtpath/uu_exec/uu_alu/FE_RC_1_0              |             | NAND2BX1  |  0.000 |   3.029 |    3.068 | 
     | uu_dtpath/uu_exec/uu_alu/FE_RC_1_0              | B ^ -> Y v  | NAND2BX1  |  0.112 |   3.141 |    3.180 | 
     | uu_dtpath/uu_exec/uu_alu/FE_RC_0_0              |             | NOR3X4    |  0.000 |   3.141 |    3.180 | 
     | uu_dtpath/uu_exec/uu_alu/FE_RC_0_0              | B v -> Y ^  | NOR3X4    |  0.140 |   3.281 |    3.320 | 
     | uu_dtpath/uu_exec/g789                          |             | XOR2X4    |  0.000 |   3.281 |    3.320 | 
     | uu_dtpath/uu_exec/g789                          | B ^ -> Y ^  | XOR2X4    |  0.228 |   3.509 |    3.548 | 
     | uu_dtpath/uu_exec/g458                          |             | OAI21X4   |  0.000 |   3.509 |    3.548 | 
     | uu_dtpath/uu_exec/g458                          | A1 ^ -> Y v | OAI21X4   |  0.100 |   3.609 |    3.648 | 
     | uu_dtpath/FE_OFC608_pc_src                      |             | CLKBUFX20 |  0.000 |   3.609 |    3.648 | 
     | uu_dtpath/FE_OFC608_pc_src                      | A v -> Y v  | CLKBUFX20 |  0.131 |   3.740 |    3.779 | 
     | uu_dtpath/uu_dec/FE_OFC615_pc_src               |             | BUFX4     |  0.000 |   3.740 |    3.779 | 
     | uu_dtpath/uu_dec/FE_OFC615_pc_src               | A v -> Y v  | BUFX4     |  0.177 |   3.918 |    3.956 | 
     | uu_dtpath/uu_dec/g263                           |             | NOR2BX1   |  0.000 |   3.918 |    3.957 | 
     | uu_dtpath/uu_dec/g263                           | B v -> Y ^  | NOR2BX1   |  0.164 |   4.082 |    4.121 | 
     | uu_dtpath/uu_dec/immExt_ff_reg[12]              |             | DFFRHQX1  |  0.000 |   4.082 |    4.121 | 
     +---------------------------------------------------------------------------------------------------------+ 
     Clock Rise Edge                      0.000
     + Source Insertion Delay            -0.596
     = Beginpoint Arrival Time           -0.596
     Other End Path:
     +--------------------------------------------------------------------------------------------+ 
     |               Instance               |    Arc     |   Cell   | Retime | Arrival | Required | 
     |                                      |            |          |  Delay |  Time   |   Time   | 
     |--------------------------------------+------------+----------+--------+---------+----------| 
     |                                      | clk ^      |          |        |  -0.596 |   -0.635 | 
     | uu_dtpath/CTS_ccl_a_buf_00272        |            | CLKBUFX4 |  0.003 |  -0.593 |   -0.632 | 
     | uu_dtpath/CTS_ccl_a_buf_00272        | A ^ -> Y ^ | CLKBUFX4 |  0.091 |  -0.502 |   -0.540 | 
     | uu_dtpath/CTS_ccl_a_buf_00267        |            | CLKBUFX3 |  0.000 |  -0.502 |   -0.540 | 
     | uu_dtpath/CTS_ccl_a_buf_00267        | A ^ -> Y ^ | CLKBUFX3 |  0.101 |  -0.400 |   -0.439 | 
     | uu_dtpath/CTS_ccl_a_buf_00251        |            | BUFX2    |  0.000 |  -0.400 |   -0.439 | 
     | uu_dtpath/CTS_ccl_a_buf_00251        | A ^ -> Y ^ | BUFX2    |  0.095 |  -0.306 |   -0.344 | 
     | uu_dtpath/CTS_ccl_a_buf_00232        |            | CLKBUFX3 |  0.000 |  -0.306 |   -0.344 | 
     | uu_dtpath/CTS_ccl_a_buf_00232        | A ^ -> Y ^ | CLKBUFX3 |  0.079 |  -0.227 |   -0.266 | 
     | uu_dtpath/uu_dec/CTS_ccl_a_buf_00192 |            | CLKBUFX4 |  0.000 |  -0.227 |   -0.266 | 
     | uu_dtpath/uu_dec/CTS_ccl_a_buf_00192 | A ^ -> Y ^ | CLKBUFX4 |  0.105 |  -0.122 |   -0.161 | 
     | uu_dtpath/uu_dec/CTS_ccl_a_buf_00064 |            | CLKBUFX4 |  0.000 |  -0.122 |   -0.161 | 
     | uu_dtpath/uu_dec/CTS_ccl_a_buf_00064 | A ^ -> Y ^ | CLKBUFX4 |  0.111 |  -0.012 |   -0.050 | 
     | uu_dtpath/uu_dec/immExt_ff_reg[12]   |            | DFFRHQX1 |  0.000 |  -0.012 |   -0.050 | 
     +--------------------------------------------------------------------------------------------+ 
Path 13: MET Setup Check with Pin uu_dtpath/uu_dec/rd1_ff_reg[28]/CK 
Endpoint:   uu_dtpath/uu_dec/rd1_ff_reg[28]/D                (v) checked with  
leading edge of 'clk'
Beginpoint: uu_dtpath/uu_dec/uu_reg_file/reg_dt_reg[1][28]/Q (v) triggered by 
trailing edge of 'clk'
Path Groups: {clk}
Analysis View: setup
Retime Analysis { Data Path-Slew SI }
Other End Arrival Time         -0.012
- Setup                         0.045
+ Phase Shift                   4.400
- Uncertainty                   0.100
= Required Time                 4.244
- Arrival Time                  4.024
= Slack Time                    0.219
= Slack Time(original)          0.085
     Clock Fall Edge                      2.200
     + Source Insertion Delay            -0.598
     = Beginpoint Arrival Time            1.602
     Timing Path:
     +----------------------------------------------------------------------------------------------------------+ 
     |                     Instance                     |     Arc     |   Cell    | Retime | Arrival | Required | 
     |                                                  |             |           |  Delay |  Time   |   Time   | 
     |--------------------------------------------------+-------------+-----------+--------+---------+----------| 
     |                                                  | clk v       |           |        |   1.602 |    1.822 | 
     | uu_dtpath/uu_dec/g163                            |             | INVX2     |  0.002 |   1.604 |    1.823 | 
     | uu_dtpath/uu_dec/g163                            | A v -> Y ^  | INVX2     |  0.029 |   1.632 |    1.852 | 
     | uu_dtpath/uu_dec/uu_reg_file/CTS_ccl_a_buf_00273 |             | CLKBUFX3  |  0.000 |   1.632 |    1.852 | 
     | uu_dtpath/uu_dec/uu_reg_file/CTS_ccl_a_buf_00273 | A ^ -> Y ^  | CLKBUFX3  |  0.088 |   1.720 |    1.940 | 
     | uu_dtpath/uu_dec/uu_reg_file/CTS_ccl_a_buf_00270 |             | CLKBUFX4  |  0.000 |   1.720 |    1.940 | 
     | uu_dtpath/uu_dec/uu_reg_file/CTS_ccl_a_buf_00270 | A ^ -> Y ^  | CLKBUFX4  |  0.104 |   1.824 |    2.044 | 
     | uu_dtpath/uu_dec/uu_reg_file/CTS_ccl_a_buf_00257 |             | CLKBUFX4  |  0.000 |   1.824 |    2.044 | 
     | uu_dtpath/uu_dec/uu_reg_file/CTS_ccl_a_buf_00257 | A ^ -> Y ^  | CLKBUFX4  |  0.106 |   1.930 |    2.150 | 
     | uu_dtpath/uu_dec/uu_reg_file/CTS_ccl_a_buf_00244 |             | BUFX2     |  0.000 |   1.930 |    2.150 | 
     | uu_dtpath/uu_dec/uu_reg_file/CTS_ccl_a_buf_00244 | A ^ -> Y ^  | BUFX2     |  0.102 |   2.032 |    2.252 | 
     | uu_dtpath/uu_dec/uu_reg_file/CTS_ccl_a_buf_00222 |             | CLKBUFX3  |  0.000 |   2.032 |    2.252 | 
     | uu_dtpath/uu_dec/uu_reg_file/CTS_ccl_a_buf_00222 | A ^ -> Y ^  | CLKBUFX3  |  0.094 |   2.126 |    2.345 | 
     | uu_dtpath/uu_dec/uu_reg_file/CTS_ccl_a_buf_00159 |             | CLKBUFX4  |  0.000 |   2.126 |    2.345 | 
     | uu_dtpath/uu_dec/uu_reg_file/CTS_ccl_a_buf_00159 | A ^ -> Y ^  | CLKBUFX4  |  0.104 |   2.230 |    2.449 | 
     | uu_dtpath/uu_dec/uu_reg_file/reg_dt_reg[1][28]   |             | SDFFRHQX1 |  0.000 |   2.230 |    2.450 | 
     | uu_dtpath/uu_dec/uu_reg_file/reg_dt_reg[1][28]   | CK ^ -> Q v | SDFFRHQX1 |  0.271 |   2.501 |    2.721 | 
     | uu_dtpath/uu_dec/uu_reg_file/g3851__4733         |             | AOI222X1  |  0.000 |   2.501 |    2.721 | 
     | uu_dtpath/uu_dec/uu_reg_file/g3851__4733         | B0 v -> Y ^ | AOI222X1  |  0.236 |   2.737 |    2.957 | 
     | uu_dtpath/uu_dec/uu_reg_file/g3497__2398         |             | NAND2X2   |  0.000 |   2.737 |    2.957 | 
     | uu_dtpath/uu_dec/uu_reg_file/g3497__2398         | A ^ -> Y v  | NAND2X2   |  0.207 |   2.944 |    3.163 | 
     | uu_dtpath/uu_dec/uu_reg_file/g37154              |             | NAND4BX1  |  0.000 |   2.944 |    3.163 | 
     | uu_dtpath/uu_dec/uu_reg_file/g37154              | AN v -> Y v | NAND4BX1  |  0.284 |   3.228 |    3.447 | 
     | uu_dtpath/uu_dec/uu_reg_file/FE_OFC453_n_2825    |             | CLKBUFX2  |  0.000 |   3.228 |    3.447 | 
     | uu_dtpath/uu_dec/uu_reg_file/FE_OFC453_n_2825    | A v -> Y v  | CLKBUFX2  |  0.168 |   3.396 |    3.615 | 
     | uu_dtpath/uu_dec/uu_reg_file/g37113              |             | NAND4BBX1 |  0.000 |   3.396 |    3.615 | 
     | uu_dtpath/uu_dec/uu_reg_file/g37113              | AN v -> Y v | NAND4BBX1 |  0.242 |   3.637 |    3.857 | 
     | uu_dtpath/uu_dec/FE_OFC773_rd1_w_28              |             | CLKBUFX2  |  0.000 |   3.637 |    3.857 | 
     | uu_dtpath/uu_dec/FE_OFC773_rd1_w_28              | A v -> Y v  | CLKBUFX2  |  0.168 |   3.806 |    4.025 | 
     | uu_dtpath/uu_dec/FE_OFC539_rd1_w_28              |             | BUFX2     |  0.000 |   3.806 |    4.025 | 
     | uu_dtpath/uu_dec/FE_OFC539_rd1_w_28              | A v -> Y v  | BUFX2     |  0.113 |   3.918 |    4.138 | 
     | uu_dtpath/uu_dec/g222                            |             | AND2X1    |  0.000 |   3.918 |    4.138 | 
     | uu_dtpath/uu_dec/g222                            | B v -> Y v  | AND2X1    |  0.106 |   4.024 |    4.244 | 
     | uu_dtpath/uu_dec/rd1_ff_reg[28]                  |             | DFFRHQX1  |  0.000 |   4.024 |    4.244 | 
     +----------------------------------------------------------------------------------------------------------+ 
     Clock Rise Edge                      0.000
     + Source Insertion Delay            -0.596
     = Beginpoint Arrival Time           -0.596
     Other End Path:
     +--------------------------------------------------------------------------------------------+ 
     |               Instance               |    Arc     |   Cell   | Retime | Arrival | Required | 
     |                                      |            |          |  Delay |  Time   |   Time   | 
     |--------------------------------------+------------+----------+--------+---------+----------| 
     |                                      | clk ^      |          |        |  -0.596 |   -0.815 | 
     | uu_dtpath/CTS_ccl_a_buf_00272        |            | CLKBUFX4 |  0.003 |  -0.593 |   -0.812 | 
     | uu_dtpath/CTS_ccl_a_buf_00272        | A ^ -> Y ^ | CLKBUFX4 |  0.091 |  -0.502 |   -0.721 | 
     | uu_dtpath/CTS_ccl_a_buf_00267        |            | CLKBUFX3 |  0.000 |  -0.502 |   -0.721 | 
     | uu_dtpath/CTS_ccl_a_buf_00267        | A ^ -> Y ^ | CLKBUFX3 |  0.101 |  -0.400 |   -0.620 | 
     | uu_dtpath/CTS_ccl_a_buf_00251        |            | BUFX2    |  0.000 |  -0.400 |   -0.620 | 
     | uu_dtpath/CTS_ccl_a_buf_00251        | A ^ -> Y ^ | BUFX2    |  0.095 |  -0.306 |   -0.525 | 
     | uu_dtpath/CTS_ccl_a_buf_00232        |            | CLKBUFX3 |  0.000 |  -0.306 |   -0.525 | 
     | uu_dtpath/CTS_ccl_a_buf_00232        | A ^ -> Y ^ | CLKBUFX3 |  0.079 |  -0.227 |   -0.446 | 
     | uu_dtpath/uu_dec/CTS_ccl_a_buf_00192 |            | CLKBUFX4 |  0.000 |  -0.227 |   -0.446 | 
     | uu_dtpath/uu_dec/CTS_ccl_a_buf_00192 | A ^ -> Y ^ | CLKBUFX4 |  0.105 |  -0.122 |   -0.342 | 
     | uu_dtpath/uu_dec/CTS_ccl_a_buf_00055 |            | CLKBUFX4 |  0.000 |  -0.122 |   -0.342 | 
     | uu_dtpath/uu_dec/CTS_ccl_a_buf_00055 | A ^ -> Y ^ | CLKBUFX4 |  0.111 |  -0.012 |   -0.231 | 
     | uu_dtpath/uu_dec/rd1_ff_reg[28]      |            | DFFRHQX1 |  0.000 |  -0.012 |   -0.231 | 
     +--------------------------------------------------------------------------------------------+ 
Path 14: MET Setup Check with Pin uu_dtpath/uu_dec/rd1_ff_reg[7]/CK 
Endpoint:   uu_dtpath/uu_dec/rd1_ff_reg[7]/D                (v) checked with  
leading edge of 'clk'
Beginpoint: uu_dtpath/uu_dec/uu_reg_file/reg_dt_reg[2][7]/Q (v) triggered by 
trailing edge of 'clk'
Path Groups: {clk}
Analysis View: setup
Retime Analysis { Data Path-Slew SI }
Other End Arrival Time         -0.012
- Setup                         0.054
+ Phase Shift                   4.400
- Uncertainty                   0.100
= Required Time                 4.234
- Arrival Time                  3.999
= Slack Time                    0.235
= Slack Time(original)          0.086
     Clock Fall Edge                      2.200
     + Source Insertion Delay            -0.598
     = Beginpoint Arrival Time            1.602
     Timing Path:
     +----------------------------------------------------------------------------------------------------------+ 
     |                     Instance                     |     Arc     |   Cell    | Retime | Arrival | Required | 
     |                                                  |             |           |  Delay |  Time   |   Time   | 
     |--------------------------------------------------+-------------+-----------+--------+---------+----------| 
     |                                                  | clk v       |           |        |   1.602 |    1.837 | 
     | uu_dtpath/uu_dec/g163                            |             | INVX2     |  0.002 |   1.604 |    1.839 | 
     | uu_dtpath/uu_dec/g163                            | A v -> Y ^  | INVX2     |  0.029 |   1.632 |    1.867 | 
     | uu_dtpath/uu_dec/uu_reg_file/CTS_ccl_a_buf_00274 |             | CLKBUFX4  |  0.000 |   1.632 |    1.867 | 
     | uu_dtpath/uu_dec/uu_reg_file/CTS_ccl_a_buf_00274 | A ^ -> Y ^  | CLKBUFX4  |  0.100 |   1.733 |    1.968 | 
     | uu_dtpath/uu_dec/uu_reg_file/CTS_cfo_buf_00284   |             | BUFX2     |  0.000 |   1.733 |    1.968 | 
     | uu_dtpath/uu_dec/uu_reg_file/CTS_cfo_buf_00284   | A ^ -> Y ^  | BUFX2     |  0.101 |   1.834 |    2.069 | 
     | uu_dtpath/uu_dec/uu_reg_file/CTS_ccl_a_buf_00256 |             | CLKBUFX4  |  0.000 |   1.834 |    2.069 | 
     | uu_dtpath/uu_dec/uu_reg_file/CTS_ccl_a_buf_00256 | A ^ -> Y ^  | CLKBUFX4  |  0.102 |   1.936 |    2.171 | 
     | uu_dtpath/uu_dec/uu_reg_file/CTS_ccl_a_buf_00219 |             | BUFX2     |  0.000 |   1.936 |    2.171 | 
     | uu_dtpath/uu_dec/uu_reg_file/CTS_ccl_a_buf_00219 | A ^ -> Y ^  | BUFX2     |  0.095 |   2.030 |    2.266 | 
     | uu_dtpath/uu_dec/uu_reg_file/CTS_csf_buf_00278   |             | CLKBUFX4  |  0.000 |   2.030 |    2.266 | 
     | uu_dtpath/uu_dec/uu_reg_file/CTS_csf_buf_00278   | A ^ -> Y ^  | CLKBUFX4  |  0.098 |   2.129 |    2.364 | 
     | uu_dtpath/uu_dec/uu_reg_file/CTS_ccl_a_buf_00165 |             | CLKBUFX4  |  0.000 |   2.129 |    2.364 | 
     | uu_dtpath/uu_dec/uu_reg_file/CTS_ccl_a_buf_00165 | A ^ -> Y ^  | CLKBUFX4  |  0.114 |   2.242 |    2.478 | 
     | uu_dtpath/uu_dec/uu_reg_file/reg_dt_reg[2][7]    |             | SDFFRHQX1 |  0.000 |   2.243 |    2.478 | 
     | uu_dtpath/uu_dec/uu_reg_file/reg_dt_reg[2][7]    | CK ^ -> Q v | SDFFRHQX1 |  0.267 |   2.509 |    2.744 | 
     | uu_dtpath/uu_dec/uu_reg_file/g3844__5122         |             | AOI222X1  |  0.000 |   2.509 |    2.744 | 
     | uu_dtpath/uu_dec/uu_reg_file/g3844__5122         | A0 v -> Y ^ | AOI222X1  |  0.212 |   2.721 |    2.956 | 
     | uu_dtpath/uu_dec/uu_reg_file/g3492__2346         |             | NAND2X1   |  0.000 |   2.721 |    2.956 | 
     | uu_dtpath/uu_dec/uu_reg_file/g3492__2346         | A ^ -> Y v  | NAND2X1   |  0.209 |   2.930 |    3.165 | 
     | uu_dtpath/uu_dec/uu_reg_file/g37147              |             | NAND4BX1  |  0.000 |   2.930 |    3.165 | 
     | uu_dtpath/uu_dec/uu_reg_file/g37147              | AN v -> Y v | NAND4BX1  |  0.302 |   3.232 |    3.467 | 
     | uu_dtpath/uu_dec/uu_reg_file/FE_OFC225_n_2818    |             | BUFX2     |  0.000 |   3.232 |    3.467 | 
     | uu_dtpath/uu_dec/uu_reg_file/FE_OFC225_n_2818    | A v -> Y v  | BUFX2     |  0.201 |   3.433 |    3.668 | 
     | uu_dtpath/uu_dec/uu_reg_file/g37119              |             | NAND4BBXL |  0.000 |   3.433 |    3.668 | 
     | uu_dtpath/uu_dec/uu_reg_file/g37119              | AN v -> Y v | NAND4BBXL |  0.266 |   3.698 |    3.934 | 
     | uu_dtpath/uu_dec/FE_OFC603_rd1_w_7               |             | BUFX2     |  0.000 |   3.698 |    3.934 | 
     | uu_dtpath/uu_dec/FE_OFC603_rd1_w_7               | A v -> Y v  | BUFX2     |  0.203 |   3.902 |    4.137 | 
     | uu_dtpath/uu_dec/g171                            |             | AND2X1    |  0.000 |   3.902 |    4.137 | 
     | uu_dtpath/uu_dec/g171                            | B v -> Y v  | AND2X1    |  0.097 |   3.999 |    4.234 | 
     | uu_dtpath/uu_dec/rd1_ff_reg[7]                   |             | DFFRX2    |  0.000 |   3.999 |    4.234 | 
     +----------------------------------------------------------------------------------------------------------+ 
     Clock Rise Edge                      0.000
     + Source Insertion Delay            -0.596
     = Beginpoint Arrival Time           -0.596
     Other End Path:
     +--------------------------------------------------------------------------------------------+ 
     |               Instance               |    Arc     |   Cell   | Retime | Arrival | Required | 
     |                                      |            |          |  Delay |  Time   |   Time   | 
     |--------------------------------------+------------+----------+--------+---------+----------| 
     |                                      | clk ^      |          |        |  -0.596 |   -0.831 | 
     | uu_dtpath/CTS_ccl_a_buf_00272        |            | CLKBUFX4 |  0.003 |  -0.593 |   -0.828 | 
     | uu_dtpath/CTS_ccl_a_buf_00272        | A ^ -> Y ^ | CLKBUFX4 |  0.091 |  -0.502 |   -0.737 | 
     | uu_dtpath/CTS_ccl_a_buf_00260        |            | CLKBUFX3 |  0.000 |  -0.502 |   -0.737 | 
     | uu_dtpath/CTS_ccl_a_buf_00260        | A ^ -> Y ^ | CLKBUFX3 |  0.100 |  -0.402 |   -0.637 | 
     | uu_dtpath/CTS_ccl_a_buf_00249        |            | CLKBUFX3 |  0.000 |  -0.402 |   -0.637 | 
     | uu_dtpath/CTS_ccl_a_buf_00249        | A ^ -> Y ^ | CLKBUFX3 |  0.096 |  -0.306 |   -0.541 | 
     | uu_dtpath/CTS_ccl_a_buf_00229        |            | CLKBUFX3 |  0.000 |  -0.306 |   -0.541 | 
     | uu_dtpath/CTS_ccl_a_buf_00229        | A ^ -> Y ^ | CLKBUFX3 |  0.090 |  -0.215 |   -0.450 | 
     | uu_dtpath/CTS_ccl_a_buf_00188        |            | CLKBUFX4 |  0.000 |  -0.215 |   -0.450 | 
     | uu_dtpath/CTS_ccl_a_buf_00188        | A ^ -> Y ^ | CLKBUFX4 |  0.104 |  -0.111 |   -0.346 | 
     | uu_dtpath/uu_dec/CTS_ccl_a_buf_00056 |            | CLKBUFX3 |  0.000 |  -0.111 |   -0.346 | 
     | uu_dtpath/uu_dec/CTS_ccl_a_buf_00056 | A ^ -> Y ^ | CLKBUFX3 |  0.099 |  -0.012 |   -0.247 | 
     | uu_dtpath/uu_dec/rd1_ff_reg[7]       |            | DFFRX2   |  0.000 |  -0.012 |   -0.247 | 
     +--------------------------------------------------------------------------------------------+ 
Path 15: MET Setup Check with Pin uu_dtpath/uu_dec/rd1_ff_reg[0]/CK 
Endpoint:   uu_dtpath/uu_dec/rd1_ff_reg[0]/D (^) checked with  leading edge of 
'clk'
Beginpoint: uu_dtpath/uu_dec/o_aluSrc_reg/Q  (^) triggered by  leading edge of 
'clk'
Path Groups: {clk}
Analysis View: setup
Retime Analysis { Data Path-Slew SI }
Other End Arrival Time          0.001
- Setup                         0.141
+ Phase Shift                   4.400
- Uncertainty                   0.100
= Required Time                 4.160
- Arrival Time                  4.116
= Slack Time                    0.044
= Slack Time(original)          0.086
     Clock Rise Edge                      0.000
     + Source Insertion Delay            -0.596
     = Beginpoint Arrival Time           -0.596
     Timing Path:
     +---------------------------------------------------------------------------------------------------------+ 
     |                    Instance                     |     Arc     |   Cell    | Retime | Arrival | Required | 
     |                                                 |             |           |  Delay |  Time   |   Time   | 
     |-------------------------------------------------+-------------+-----------+--------+---------+----------| 
     |                                                 | clk ^       |           |        |  -0.596 |   -0.552 | 
     | uu_dtpath/CTS_ccl_a_buf_00272                   |             | CLKBUFX4  |  0.003 |  -0.593 |   -0.549 | 
     | uu_dtpath/CTS_ccl_a_buf_00272                   | A ^ -> Y ^  | CLKBUFX4  |  0.091 |  -0.502 |   -0.457 | 
     | uu_dtpath/CTS_ccl_a_buf_00267                   |             | CLKBUFX3  |  0.000 |  -0.502 |   -0.457 | 
     | uu_dtpath/CTS_ccl_a_buf_00267                   | A ^ -> Y ^  | CLKBUFX3  |  0.101 |  -0.400 |   -0.356 | 
     | uu_dtpath/CTS_ccl_a_buf_00251                   |             | BUFX2     |  0.000 |  -0.400 |   -0.356 | 
     | uu_dtpath/CTS_ccl_a_buf_00251                   | A ^ -> Y ^  | BUFX2     |  0.095 |  -0.306 |   -0.261 | 
     | uu_dtpath/CTS_ccl_a_buf_00232                   |             | CLKBUFX3  |  0.000 |  -0.306 |   -0.261 | 
     | uu_dtpath/CTS_ccl_a_buf_00232                   | A ^ -> Y ^  | CLKBUFX3  |  0.079 |  -0.227 |   -0.182 | 
     | uu_dtpath/uu_dec/CTS_ccl_a_buf_00192            |             | CLKBUFX4  |  0.000 |  -0.227 |   -0.182 | 
     | uu_dtpath/uu_dec/CTS_ccl_a_buf_00192            | A ^ -> Y ^  | CLKBUFX4  |  0.105 |  -0.122 |   -0.078 | 
     | uu_dtpath/uu_dec/CTS_ccl_a_buf_00055            |             | CLKBUFX4  |  0.000 |  -0.122 |   -0.078 | 
     | uu_dtpath/uu_dec/CTS_ccl_a_buf_00055            | A ^ -> Y ^  | CLKBUFX4  |  0.111 |  -0.011 |    0.033 | 
     | uu_dtpath/uu_dec/o_aluSrc_reg                   |             | DFFRHQX4  |  0.000 |  -0.011 |    0.033 | 
     | uu_dtpath/uu_dec/o_aluSrc_reg                   | CK ^ -> Q ^ | DFFRHQX4  |  0.293 |   0.282 |    0.326 | 
     | uu_dtpath/uu_exec/FE_OFC71_aluSrc               |             | INVX3     |  0.000 |   0.282 |    0.326 | 
     | uu_dtpath/uu_exec/FE_OFC71_aluSrc               | A ^ -> Y v  | INVX3     |  0.078 |   0.360 |    0.404 | 
     | uu_dtpath/uu_exec/FE_OFC740_aluSrc              |             | CLKINVX20 |  0.000 |   0.360 |    0.404 | 
     | uu_dtpath/uu_exec/FE_OFC740_aluSrc              | A v -> Y ^  | CLKINVX20 |  0.086 |   0.445 |    0.490 | 
     | uu_dtpath/uu_exec/g767                          |             | NAND2X2   |  0.003 |   0.448 |    0.493 | 
     | uu_dtpath/uu_exec/g767                          | B ^ -> Y v  | NAND2X2   |  0.141 |   0.589 |    0.633 | 
     | uu_dtpath/uu_exec/g739                          |             | NAND2X2   |  0.000 |   0.589 |    0.633 | 
     | uu_dtpath/uu_exec/g739                          | A v -> Y ^  | NAND2X2   |  0.105 |   0.694 |    0.739 | 
     | uu_dtpath/uu_exec/uu_alu/FE_OFC349_alu_srcB_w_0 |             | INVX3     |  0.000 |   0.694 |    0.739 | 
     | uu_dtpath/uu_exec/uu_alu/FE_OFC349_alu_srcB_w_0 | A ^ -> Y v  | INVX3     |  0.060 |   0.754 |    0.798 | 
     | uu_dtpath/uu_exec/uu_alu/FE_OFC351_alu_srcB_w_0 |             | INVX6     |  0.000 |   0.754 |    0.798 | 
     | uu_dtpath/uu_exec/uu_alu/FE_OFC351_alu_srcB_w_0 | A v -> Y ^  | INVX6     |  0.058 |   0.812 |    0.857 | 
     | uu_dtpath/uu_exec/uu_alu/FE_OFC355_alu_srcB_w_0 |             | CLKBUFX20 |  0.000 |   0.812 |    0.857 | 
     | uu_dtpath/uu_exec/uu_alu/FE_OFC355_alu_srcB_w_0 | A ^ -> Y ^  | CLKBUFX20 |  0.142 |   0.955 |    0.999 | 
     | uu_dtpath/uu_exec/uu_alu/g2227                  |             | CLKINVX16 |  0.001 |   0.956 |    1.000 | 
     | uu_dtpath/uu_exec/uu_alu/g2227                  | A ^ -> Y v  | CLKINVX16 |  0.073 |   1.028 |    1.073 | 
     | uu_dtpath/uu_exec/uu_alu/sll_22_38_g2858        |             | AOI22X1   |  0.000 |   1.029 |    1.073 | 
     | uu_dtpath/uu_exec/uu_alu/sll_22_38_g2858        | A1 v -> Y ^ | AOI22X1   |  0.144 |   1.172 |    1.217 | 
     | uu_dtpath/uu_exec/uu_alu/sll_22_38_g2840        |             | MX2X1     |  0.000 |   1.172 |    1.217 | 
     | uu_dtpath/uu_exec/uu_alu/sll_22_38_g2840        | A ^ -> Y ^  | MX2X1     |  0.231 |   1.403 |    1.448 | 
     | uu_dtpath/uu_exec/uu_alu/sll_22_38_g2794        |             | MXI2X2    |  0.000 |   1.403 |    1.448 | 
     | uu_dtpath/uu_exec/uu_alu/sll_22_38_g2794        | A ^ -> Y v  | MXI2X2    |  0.223 |   1.627 |    1.671 | 
     | uu_dtpath/uu_exec/uu_alu/sll_22_38_g2731        |             | AOI221X1  |  0.000 |   1.627 |    1.671 | 
     | uu_dtpath/uu_exec/uu_alu/sll_22_38_g2731        | A1 v -> Y ^ | AOI221X1  |  0.214 |   1.840 |    1.885 | 
     | uu_dtpath/uu_exec/uu_alu/sll_22_38_g2719        |             | OAI2BB1X1 |  0.000 |   1.840 |    1.885 | 
     | uu_dtpath/uu_exec/uu_alu/sll_22_38_g2719        | B0 ^ -> Y v | OAI2BB1X1 |  0.243 |   2.084 |    2.128 | 
     | uu_dtpath/uu_exec/uu_alu/g4448                  |             | AOI221XL  |  0.000 |   2.084 |    2.128 | 
     | uu_dtpath/uu_exec/uu_alu/g4448                  | B0 v -> Y ^ | AOI221XL  |  0.264 |   2.347 |    2.392 | 
     | uu_dtpath/uu_exec/uu_alu/FE_OFC797_n_255        |             | CLKBUFX8  |  0.000 |   2.347 |    2.392 | 
     | uu_dtpath/uu_exec/uu_alu/FE_OFC797_n_255        | A ^ -> Y ^  | CLKBUFX8  |  0.193 |   2.541 |    2.585 | 
     | uu_dtpath/uu_exec/uu_alu/FE_OFC630_n_255        |             | BUFX2     |  0.000 |   2.541 |    2.585 | 
     | uu_dtpath/uu_exec/uu_alu/FE_OFC630_n_255        | A ^ -> Y ^  | BUFX2     |  0.089 |   2.629 |    2.674 | 
     | uu_dtpath/uu_exec/uu_alu/g4427                  |             | OAI2BB1X2 |  0.000 |   2.629 |    2.674 | 
     | uu_dtpath/uu_exec/uu_alu/g4427                  | B0 ^ -> Y v | OAI2BB1X2 |  0.085 |   2.714 |    2.759 | 
     | uu_dtpath/uu_exec/uu_alu/g4810                  |             | OR4X1     |  0.000 |   2.714 |    2.759 | 
     | uu_dtpath/uu_exec/uu_alu/g4810                  | C v -> Y v  | OR4X1     |  0.278 |   2.992 |    3.037 | 
     | uu_dtpath/uu_exec/uu_alu/FE_RC_2_0              |             | INVXL     |  0.000 |   2.992 |    3.037 | 
     | uu_dtpath/uu_exec/uu_alu/FE_RC_2_0              | A v -> Y ^  | INVXL     |  0.037 |   3.029 |    3.074 | 
     | uu_dtpath/uu_exec/uu_alu/FE_RC_1_0              |             | NAND2BX1  |  0.000 |   3.029 |    3.074 | 
     | uu_dtpath/uu_exec/uu_alu/FE_RC_1_0              | B ^ -> Y v  | NAND2BX1  |  0.112 |   3.141 |    3.186 | 
     | uu_dtpath/uu_exec/uu_alu/FE_RC_0_0              |             | NOR3X4    |  0.000 |   3.141 |    3.186 | 
     | uu_dtpath/uu_exec/uu_alu/FE_RC_0_0              | B v -> Y ^  | NOR3X4    |  0.140 |   3.281 |    3.326 | 
     | uu_dtpath/uu_exec/g789                          |             | XOR2X4    |  0.000 |   3.281 |    3.326 | 
     | uu_dtpath/uu_exec/g789                          | B ^ -> Y ^  | XOR2X4    |  0.228 |   3.509 |    3.554 | 
     | uu_dtpath/uu_exec/g458                          |             | OAI21X4   |  0.000 |   3.509 |    3.554 | 
     | uu_dtpath/uu_exec/g458                          | A1 ^ -> Y v | OAI21X4   |  0.100 |   3.609 |    3.653 | 
     | uu_dtpath/FE_OFC608_pc_src                      |             | CLKBUFX20 |  0.000 |   3.609 |    3.653 | 
     | uu_dtpath/FE_OFC608_pc_src                      | A v -> Y v  | CLKBUFX20 |  0.131 |   3.740 |    3.784 | 
     | uu_dtpath/uu_dec/FE_OCPC873_FE_OFN40_pc_src     |             | CLKBUFX6  |  0.002 |   3.742 |    3.786 | 
     | uu_dtpath/uu_dec/FE_OCPC873_FE_OFN40_pc_src     | A v -> Y v  | CLKBUFX6  |  0.110 |   3.851 |    3.896 | 
     | uu_dtpath/uu_dec/FE_OFC616_pc_src               |             | CLKINVX8  |  0.000 |   3.851 |    3.896 | 
     | uu_dtpath/uu_dec/FE_OFC616_pc_src               | A v -> Y ^  | CLKINVX8  |  0.083 |   3.934 |    3.978 | 
     | uu_dtpath/uu_dec/g194                           |             | AND2X1    |  0.002 |   3.936 |    3.980 | 
     | uu_dtpath/uu_dec/g194                           | A ^ -> Y ^  | AND2X1    |  0.180 |   4.116 |    4.160 | 
     | uu_dtpath/uu_dec/rd1_ff_reg[0]                  |             | DFFRX2    |  0.000 |   4.116 |    4.160 | 
     +---------------------------------------------------------------------------------------------------------+ 
     Clock Rise Edge                      0.000
     + Source Insertion Delay            -0.596
     = Beginpoint Arrival Time           -0.596
     Other End Path:
     +--------------------------------------------------------------------------------------+ 
     |            Instance            |    Arc     |   Cell   | Retime | Arrival | Required | 
     |                                |            |          |  Delay |  Time   |   Time   | 
     |--------------------------------+------------+----------+--------+---------+----------| 
     |                                | clk ^      |          |        |  -0.596 |   -0.640 | 
     | uu_dtpath/CTS_ccl_a_buf_00272  |            | CLKBUFX4 |  0.003 |  -0.593 |   -0.637 | 
     | uu_dtpath/CTS_ccl_a_buf_00272  | A ^ -> Y ^ | CLKBUFX4 |  0.091 |  -0.502 |   -0.546 | 
     | uu_dtpath/CTS_ccl_a_buf_00260  |            | CLKBUFX3 |  0.000 |  -0.502 |   -0.546 | 
     | uu_dtpath/CTS_ccl_a_buf_00260  | A ^ -> Y ^ | CLKBUFX3 |  0.100 |  -0.402 |   -0.446 | 
     | uu_dtpath/CTS_ccl_a_buf_00249  |            | CLKBUFX3 |  0.000 |  -0.402 |   -0.446 | 
     | uu_dtpath/CTS_ccl_a_buf_00249  | A ^ -> Y ^ | CLKBUFX3 |  0.096 |  -0.306 |   -0.350 | 
     | uu_dtpath/CTS_ccl_a_buf_00229  |            | CLKBUFX3 |  0.000 |  -0.306 |   -0.350 | 
     | uu_dtpath/CTS_ccl_a_buf_00229  | A ^ -> Y ^ | CLKBUFX3 |  0.090 |  -0.215 |   -0.259 | 
     | uu_dtpath/CTS_ccl_a_buf_00188  |            | CLKBUFX4 |  0.000 |  -0.215 |   -0.259 | 
     | uu_dtpath/CTS_ccl_a_buf_00188  | A ^ -> Y ^ | CLKBUFX4 |  0.104 |  -0.111 |   -0.155 | 
     | uu_dtpath/CTS_ccl_a_buf_00050  |            | CLKBUFX4 |  0.000 |  -0.111 |   -0.155 | 
     | uu_dtpath/CTS_ccl_a_buf_00050  | A ^ -> Y ^ | CLKBUFX4 |  0.112 |   0.001 |   -0.043 | 
     | uu_dtpath/uu_dec/rd1_ff_reg[0] |            | DFFRX2   |  0.000 |   0.001 |   -0.043 | 
     +--------------------------------------------------------------------------------------+ 
Path 16: MET Setup Check with Pin uu_dtpath/uu_dec/o_jump_reg/CK 
Endpoint:   uu_dtpath/uu_dec/o_jump_reg/D   (^) checked with  leading edge of 
'clk'
Beginpoint: uu_dtpath/uu_dec/o_aluSrc_reg/Q (^) triggered by  leading edge of 
'clk'
Path Groups: {clk}
Analysis View: setup
Retime Analysis { Data Path-Slew SI }
Other End Arrival Time         -0.021
- Setup                         0.169
+ Phase Shift                   4.400
- Uncertainty                   0.100
= Required Time                 4.110
- Arrival Time                  4.063
= Slack Time                    0.047
= Slack Time(original)          0.089
     Clock Rise Edge                      0.000
     + Source Insertion Delay            -0.596
     = Beginpoint Arrival Time           -0.596
     Timing Path:
     +---------------------------------------------------------------------------------------------------------+ 
     |                    Instance                     |     Arc     |   Cell    | Retime | Arrival | Required | 
     |                                                 |             |           |  Delay |  Time   |   Time   | 
     |-------------------------------------------------+-------------+-----------+--------+---------+----------| 
     |                                                 | clk ^       |           |        |  -0.596 |   -0.549 | 
     | uu_dtpath/CTS_ccl_a_buf_00272                   |             | CLKBUFX4  |  0.003 |  -0.593 |   -0.546 | 
     | uu_dtpath/CTS_ccl_a_buf_00272                   | A ^ -> Y ^  | CLKBUFX4  |  0.091 |  -0.502 |   -0.455 | 
     | uu_dtpath/CTS_ccl_a_buf_00267                   |             | CLKBUFX3  |  0.000 |  -0.502 |   -0.455 | 
     | uu_dtpath/CTS_ccl_a_buf_00267                   | A ^ -> Y ^  | CLKBUFX3  |  0.101 |  -0.400 |   -0.353 | 
     | uu_dtpath/CTS_ccl_a_buf_00251                   |             | BUFX2     |  0.000 |  -0.400 |   -0.353 | 
     | uu_dtpath/CTS_ccl_a_buf_00251                   | A ^ -> Y ^  | BUFX2     |  0.095 |  -0.306 |   -0.259 | 
     | uu_dtpath/CTS_ccl_a_buf_00232                   |             | CLKBUFX3  |  0.000 |  -0.306 |   -0.259 | 
     | uu_dtpath/CTS_ccl_a_buf_00232                   | A ^ -> Y ^  | CLKBUFX3  |  0.079 |  -0.227 |   -0.180 | 
     | uu_dtpath/uu_dec/CTS_ccl_a_buf_00192            |             | CLKBUFX4  |  0.000 |  -0.227 |   -0.180 | 
     | uu_dtpath/uu_dec/CTS_ccl_a_buf_00192            | A ^ -> Y ^  | CLKBUFX4  |  0.105 |  -0.122 |   -0.075 | 
     | uu_dtpath/uu_dec/CTS_ccl_a_buf_00055            |             | CLKBUFX4  |  0.000 |  -0.122 |   -0.075 | 
     | uu_dtpath/uu_dec/CTS_ccl_a_buf_00055            | A ^ -> Y ^  | CLKBUFX4  |  0.111 |  -0.011 |    0.036 | 
     | uu_dtpath/uu_dec/o_aluSrc_reg                   |             | DFFRHQX4  |  0.000 |  -0.011 |    0.036 | 
     | uu_dtpath/uu_dec/o_aluSrc_reg                   | CK ^ -> Q ^ | DFFRHQX4  |  0.293 |   0.282 |    0.328 | 
     | uu_dtpath/uu_exec/FE_OFC71_aluSrc               |             | INVX3     |  0.000 |   0.282 |    0.328 | 
     | uu_dtpath/uu_exec/FE_OFC71_aluSrc               | A ^ -> Y v  | INVX3     |  0.078 |   0.360 |    0.406 | 
     | uu_dtpath/uu_exec/FE_OFC740_aluSrc              |             | CLKINVX20 |  0.000 |   0.360 |    0.407 | 
     | uu_dtpath/uu_exec/FE_OFC740_aluSrc              | A v -> Y ^  | CLKINVX20 |  0.086 |   0.445 |    0.492 | 
     | uu_dtpath/uu_exec/g767                          |             | NAND2X2   |  0.003 |   0.448 |    0.495 | 
     | uu_dtpath/uu_exec/g767                          | B ^ -> Y v  | NAND2X2   |  0.141 |   0.589 |    0.636 | 
     | uu_dtpath/uu_exec/g739                          |             | NAND2X2   |  0.000 |   0.589 |    0.636 | 
     | uu_dtpath/uu_exec/g739                          | A v -> Y ^  | NAND2X2   |  0.105 |   0.694 |    0.741 | 
     | uu_dtpath/uu_exec/uu_alu/FE_OFC349_alu_srcB_w_0 |             | INVX3     |  0.000 |   0.694 |    0.741 | 
     | uu_dtpath/uu_exec/uu_alu/FE_OFC349_alu_srcB_w_0 | A ^ -> Y v  | INVX3     |  0.060 |   0.754 |    0.801 | 
     | uu_dtpath/uu_exec/uu_alu/FE_OFC351_alu_srcB_w_0 |             | INVX6     |  0.000 |   0.754 |    0.801 | 
     | uu_dtpath/uu_exec/uu_alu/FE_OFC351_alu_srcB_w_0 | A v -> Y ^  | INVX6     |  0.058 |   0.812 |    0.859 | 
     | uu_dtpath/uu_exec/uu_alu/FE_OFC355_alu_srcB_w_0 |             | CLKBUFX20 |  0.000 |   0.812 |    0.859 | 
     | uu_dtpath/uu_exec/uu_alu/FE_OFC355_alu_srcB_w_0 | A ^ -> Y ^  | CLKBUFX20 |  0.142 |   0.955 |    1.002 | 
     | uu_dtpath/uu_exec/uu_alu/g2227                  |             | CLKINVX16 |  0.001 |   0.956 |    1.003 | 
     | uu_dtpath/uu_exec/uu_alu/g2227                  | A ^ -> Y v  | CLKINVX16 |  0.073 |   1.028 |    1.075 | 
     | uu_dtpath/uu_exec/uu_alu/sll_22_38_g2858        |             | AOI22X1   |  0.000 |   1.029 |    1.075 | 
     | uu_dtpath/uu_exec/uu_alu/sll_22_38_g2858        | A1 v -> Y ^ | AOI22X1   |  0.144 |   1.172 |    1.219 | 
     | uu_dtpath/uu_exec/uu_alu/sll_22_38_g2840        |             | MX2X1     |  0.000 |   1.172 |    1.219 | 
     | uu_dtpath/uu_exec/uu_alu/sll_22_38_g2840        | A ^ -> Y ^  | MX2X1     |  0.231 |   1.403 |    1.450 | 
     | uu_dtpath/uu_exec/uu_alu/sll_22_38_g2794        |             | MXI2X2    |  0.000 |   1.403 |    1.450 | 
     | uu_dtpath/uu_exec/uu_alu/sll_22_38_g2794        | A ^ -> Y v  | MXI2X2    |  0.223 |   1.627 |    1.674 | 
     | uu_dtpath/uu_exec/uu_alu/sll_22_38_g2731        |             | AOI221X1  |  0.000 |   1.627 |    1.674 | 
     | uu_dtpath/uu_exec/uu_alu/sll_22_38_g2731        | A1 v -> Y ^ | AOI221X1  |  0.214 |   1.840 |    1.887 | 
     | uu_dtpath/uu_exec/uu_alu/sll_22_38_g2719        |             | OAI2BB1X1 |  0.000 |   1.840 |    1.887 | 
     | uu_dtpath/uu_exec/uu_alu/sll_22_38_g2719        | B0 ^ -> Y v | OAI2BB1X1 |  0.243 |   2.084 |    2.131 | 
     | uu_dtpath/uu_exec/uu_alu/g4448                  |             | AOI221XL  |  0.000 |   2.084 |    2.131 | 
     | uu_dtpath/uu_exec/uu_alu/g4448                  | B0 v -> Y ^ | AOI221XL  |  0.264 |   2.347 |    2.394 | 
     | uu_dtpath/uu_exec/uu_alu/FE_OFC797_n_255        |             | CLKBUFX8  |  0.000 |   2.347 |    2.394 | 
     | uu_dtpath/uu_exec/uu_alu/FE_OFC797_n_255        | A ^ -> Y ^  | CLKBUFX8  |  0.193 |   2.541 |    2.588 | 
     | uu_dtpath/uu_exec/uu_alu/FE_OFC630_n_255        |             | BUFX2     |  0.000 |   2.541 |    2.588 | 
     | uu_dtpath/uu_exec/uu_alu/FE_OFC630_n_255        | A ^ -> Y ^  | BUFX2     |  0.089 |   2.629 |    2.676 | 
     | uu_dtpath/uu_exec/uu_alu/g4427                  |             | OAI2BB1X2 |  0.000 |   2.629 |    2.676 | 
     | uu_dtpath/uu_exec/uu_alu/g4427                  | B0 ^ -> Y v | OAI2BB1X2 |  0.085 |   2.714 |    2.761 | 
     | uu_dtpath/uu_exec/uu_alu/g4810                  |             | OR4X1     |  0.000 |   2.714 |    2.761 | 
     | uu_dtpath/uu_exec/uu_alu/g4810                  | C v -> Y v  | OR4X1     |  0.278 |   2.992 |    3.039 | 
     | uu_dtpath/uu_exec/uu_alu/FE_RC_2_0              |             | INVXL     |  0.000 |   2.992 |    3.039 | 
     | uu_dtpath/uu_exec/uu_alu/FE_RC_2_0              | A v -> Y ^  | INVXL     |  0.037 |   3.029 |    3.076 | 
     | uu_dtpath/uu_exec/uu_alu/FE_RC_1_0              |             | NAND2BX1  |  0.000 |   3.029 |    3.076 | 
     | uu_dtpath/uu_exec/uu_alu/FE_RC_1_0              | B ^ -> Y v  | NAND2BX1  |  0.112 |   3.141 |    3.188 | 
     | uu_dtpath/uu_exec/uu_alu/FE_RC_0_0              |             | NOR3X4    |  0.000 |   3.141 |    3.188 | 
     | uu_dtpath/uu_exec/uu_alu/FE_RC_0_0              | B v -> Y ^  | NOR3X4    |  0.140 |   3.281 |    3.328 | 
     | uu_dtpath/uu_exec/g789                          |             | XOR2X4    |  0.000 |   3.281 |    3.328 | 
     | uu_dtpath/uu_exec/g789                          | B ^ -> Y ^  | XOR2X4    |  0.228 |   3.509 |    3.556 | 
     | uu_dtpath/uu_exec/g458                          |             | OAI21X4   |  0.000 |   3.509 |    3.556 | 
     | uu_dtpath/uu_exec/g458                          | A1 ^ -> Y v | OAI21X4   |  0.100 |   3.609 |    3.656 | 
     | uu_dtpath/FE_OFC608_pc_src                      |             | CLKBUFX20 |  0.000 |   3.609 |    3.656 | 
     | uu_dtpath/FE_OFC608_pc_src                      | A v -> Y v  | CLKBUFX20 |  0.131 |   3.740 |    3.787 | 
     | uu_dtpath/FE_OFC619_pc_src                      |             | BUFX12    |  0.001 |   3.741 |    3.788 | 
     | uu_dtpath/FE_OFC619_pc_src                      | A v -> Y v  | BUFX12    |  0.170 |   3.912 |    3.958 | 
     | uu_dtpath/uu_dec/g164                           |             | NOR2BX1   |  0.002 |   3.913 |    3.960 | 
     | uu_dtpath/uu_dec/g164                           | B v -> Y ^  | NOR2BX1   |  0.150 |   4.063 |    4.110 | 
     | uu_dtpath/uu_dec/o_jump_reg                     |             | DFFRHQX1  |  0.000 |   4.063 |    4.110 | 
     +---------------------------------------------------------------------------------------------------------+ 
     Clock Rise Edge                      0.000
     + Source Insertion Delay            -0.596
     = Beginpoint Arrival Time           -0.596
     Other End Path:
     +-------------------------------------------------------------------------------------+ 
     |           Instance            |    Arc     |   Cell   | Retime | Arrival | Required | 
     |                               |            |          |  Delay |  Time   |   Time   | 
     |-------------------------------+------------+----------+--------+---------+----------| 
     |                               | clk ^      |          |        |  -0.596 |   -0.643 | 
     | uu_dtpath/CTS_ccl_a_buf_00272 |            | CLKBUFX4 |  0.003 |  -0.593 |   -0.640 | 
     | uu_dtpath/CTS_ccl_a_buf_00272 | A ^ -> Y ^ | CLKBUFX4 |  0.091 |  -0.502 |   -0.549 | 
     | uu_dtpath/CTS_ccl_a_buf_00267 |            | CLKBUFX3 |  0.000 |  -0.502 |   -0.549 | 
     | uu_dtpath/CTS_ccl_a_buf_00267 | A ^ -> Y ^ | CLKBUFX3 |  0.101 |  -0.400 |   -0.447 | 
     | uu_dtpath/CTS_ccl_a_buf_00251 |            | BUFX2    |  0.000 |  -0.400 |   -0.447 | 
     | uu_dtpath/CTS_ccl_a_buf_00251 | A ^ -> Y ^ | BUFX2    |  0.095 |  -0.306 |   -0.353 | 
     | uu_dtpath/CTS_ccl_a_buf_00232 |            | CLKBUFX3 |  0.000 |  -0.306 |   -0.353 | 
     | uu_dtpath/CTS_ccl_a_buf_00232 | A ^ -> Y ^ | CLKBUFX3 |  0.079 |  -0.227 |   -0.274 | 
     | uu_dtpath/CTS_ccl_a_buf_00185 |            | CLKBUFX4 |  0.000 |  -0.227 |   -0.274 | 
     | uu_dtpath/CTS_ccl_a_buf_00185 | A ^ -> Y ^ | CLKBUFX4 |  0.102 |  -0.125 |   -0.172 | 
     | uu_dtpath/CTS_ccl_a_buf_00048 |            | CLKBUFX4 |  0.000 |  -0.125 |   -0.172 | 
     | uu_dtpath/CTS_ccl_a_buf_00048 | A ^ -> Y ^ | CLKBUFX4 |  0.104 |  -0.021 |   -0.068 | 
     | uu_dtpath/uu_dec/o_jump_reg   |            | DFFRHQX1 |  0.000 |  -0.021 |   -0.068 | 
     +-------------------------------------------------------------------------------------+ 
Path 17: MET Setup Check with Pin uu_dtpath/uu_dec/rd2_ff_reg[5]/CK 
Endpoint:   uu_dtpath/uu_dec/rd2_ff_reg[5]/D                (v) checked with  
leading edge of 'clk'
Beginpoint: uu_dtpath/uu_dec/uu_reg_file/reg_dt_reg[5][5]/Q (v) triggered by 
trailing edge of 'clk'
Path Groups: {clk}
Analysis View: setup
Retime Analysis { Data Path-Slew SI }
Other End Arrival Time          0.002
- Setup                         0.041
+ Phase Shift                   4.400
- Uncertainty                   0.100
= Required Time                 4.261
- Arrival Time                  4.087
= Slack Time                    0.174
= Slack Time(original)          0.089
     Clock Fall Edge                      2.200
     + Source Insertion Delay            -0.598
     = Beginpoint Arrival Time            1.602
     Timing Path:
     +----------------------------------------------------------------------------------------------------------+ 
     |                     Instance                     |     Arc     |   Cell    | Retime | Arrival | Required | 
     |                                                  |             |           |  Delay |  Time   |   Time   | 
     |--------------------------------------------------+-------------+-----------+--------+---------+----------| 
     |                                                  | clk v       |           |        |   1.602 |    1.776 | 
     | uu_dtpath/uu_dec/g163                            |             | INVX2     |  0.002 |   1.604 |    1.778 | 
     | uu_dtpath/uu_dec/g163                            | A v -> Y ^  | INVX2     |  0.029 |   1.632 |    1.806 | 
     | uu_dtpath/uu_dec/uu_reg_file/CTS_ccl_a_buf_00274 |             | CLKBUFX4  |  0.000 |   1.632 |    1.806 | 
     | uu_dtpath/uu_dec/uu_reg_file/CTS_ccl_a_buf_00274 | A ^ -> Y ^  | CLKBUFX4  |  0.100 |   1.733 |    1.907 | 
     | uu_dtpath/uu_dec/uu_reg_file/CTS_cfo_buf_00284   |             | BUFX2     |  0.000 |   1.733 |    1.907 | 
     | uu_dtpath/uu_dec/uu_reg_file/CTS_cfo_buf_00284   | A ^ -> Y ^  | BUFX2     |  0.101 |   1.834 |    2.008 | 
     | uu_dtpath/uu_dec/uu_reg_file/CTS_ccl_a_buf_00256 |             | CLKBUFX4  |  0.000 |   1.834 |    2.008 | 
     | uu_dtpath/uu_dec/uu_reg_file/CTS_ccl_a_buf_00256 | A ^ -> Y ^  | CLKBUFX4  |  0.102 |   1.936 |    2.110 | 
     | uu_dtpath/uu_dec/uu_reg_file/CTS_ccl_a_buf_00219 |             | BUFX2     |  0.000 |   1.936 |    2.110 | 
     | uu_dtpath/uu_dec/uu_reg_file/CTS_ccl_a_buf_00219 | A ^ -> Y ^  | BUFX2     |  0.095 |   2.030 |    2.204 | 
     | uu_dtpath/uu_dec/uu_reg_file/CTS_csf_buf_00278   |             | CLKBUFX4  |  0.000 |   2.030 |    2.204 | 
     | uu_dtpath/uu_dec/uu_reg_file/CTS_csf_buf_00278   | A ^ -> Y ^  | CLKBUFX4  |  0.098 |   2.129 |    2.303 | 
     | uu_dtpath/uu_dec/uu_reg_file/CTS_ccl_a_buf_00168 |             | CLKBUFX4  |  0.000 |   2.129 |    2.303 | 
     | uu_dtpath/uu_dec/uu_reg_file/CTS_ccl_a_buf_00168 | A ^ -> Y ^  | CLKBUFX4  |  0.104 |   2.233 |    2.407 | 
     | uu_dtpath/uu_dec/uu_reg_file/reg_dt_reg[5][5]    |             | SDFFRHQX1 |  0.000 |   2.233 |    2.407 | 
     | uu_dtpath/uu_dec/uu_reg_file/reg_dt_reg[5][5]    | CK ^ -> Q v | SDFFRHQX1 |  0.247 |   2.480 |    2.654 | 
     | uu_dtpath/uu_dec/uu_reg_file/g3987               |             | AOI22X1   |  0.000 |   2.480 |    2.654 | 
     | uu_dtpath/uu_dec/uu_reg_file/g3987               | A0 v -> Y ^ | AOI22X1   |  0.112 |   2.592 |    2.766 | 
     | uu_dtpath/uu_dec/uu_reg_file/g3673               |             | AND2X1    |  0.000 |   2.592 |    2.766 | 
     | uu_dtpath/uu_dec/uu_reg_file/g3673               | B ^ -> Y ^  | AND2X1    |  0.166 |   2.758 |    2.932 | 
     | uu_dtpath/uu_dec/uu_reg_file/g3496               |             | NAND2X1   |  0.000 |   2.758 |    2.932 | 
     | uu_dtpath/uu_dec/uu_reg_file/g3496               | B ^ -> Y v  | NAND2X1   |  0.109 |   2.868 |    3.042 | 
     | uu_dtpath/uu_dec/uu_reg_file/g37247              |             | NAND4BX1  |  0.000 |   2.868 |    3.042 | 
     | uu_dtpath/uu_dec/uu_reg_file/g37247              | AN v -> Y v | NAND4BX1  |  0.283 |   3.150 |    3.324 | 
     | uu_dtpath/uu_dec/uu_reg_file/FE_OFC820_n_2918    |             | CLKBUFX2  |  0.000 |   3.150 |    3.324 | 
     | uu_dtpath/uu_dec/uu_reg_file/FE_OFC820_n_2918    | A v -> Y v  | CLKBUFX2  |  0.166 |   3.316 |    3.490 | 
     | uu_dtpath/uu_dec/uu_reg_file/FE_OFC184_n_2918    |             | BUFX2     |  0.000 |   3.316 |    3.490 | 
     | uu_dtpath/uu_dec/uu_reg_file/FE_OFC184_n_2918    | A v -> Y v  | BUFX2     |  0.098 |   3.414 |    3.588 | 
     | uu_dtpath/uu_dec/uu_reg_file/g37218              |             | NAND4BBXL |  0.000 |   3.414 |    3.588 | 
     | uu_dtpath/uu_dec/uu_reg_file/g37218              | AN v -> Y v | NAND4BBXL |  0.268 |   3.682 |    3.856 | 
     | uu_dtpath/uu_dec/FE_OFC839_rd2_w_5               |             | CLKBUFX2  |  0.000 |   3.682 |    3.856 | 
     | uu_dtpath/uu_dec/FE_OFC839_rd2_w_5               | A v -> Y v  | CLKBUFX2  |  0.200 |   3.882 |    4.056 | 
     | uu_dtpath/uu_dec/FE_OFC601_rd2_w_5               |             | BUFX2     |  0.000 |   3.882 |    4.056 | 
     | uu_dtpath/uu_dec/FE_OFC601_rd2_w_5               | A v -> Y v  | BUFX2     |  0.115 |   3.997 |    4.171 | 
     | uu_dtpath/uu_dec/g229                            |             | AND2X1    |  0.000 |   3.997 |    4.171 | 
     | uu_dtpath/uu_dec/g229                            | B v -> Y v  | AND2X1    |  0.091 |   4.087 |    4.261 | 
     | uu_dtpath/uu_dec/rd2_ff_reg[5]                   |             | DFFRHQX1  |  0.000 |   4.087 |    4.261 | 
     +----------------------------------------------------------------------------------------------------------+ 
     Clock Rise Edge                      0.000
     + Source Insertion Delay            -0.596
     = Beginpoint Arrival Time           -0.596
     Other End Path:
     +--------------------------------------------------------------------------------------------+ 
     |               Instance               |    Arc     |   Cell   | Retime | Arrival | Required | 
     |                                      |            |          |  Delay |  Time   |   Time   | 
     |--------------------------------------+------------+----------+--------+---------+----------| 
     |                                      | clk ^      |          |        |  -0.596 |   -0.770 | 
     | uu_dtpath/CTS_ccl_a_buf_00272        |            | CLKBUFX4 |  0.003 |  -0.593 |   -0.767 | 
     | uu_dtpath/CTS_ccl_a_buf_00272        | A ^ -> Y ^ | CLKBUFX4 |  0.091 |  -0.502 |   -0.676 | 
     | uu_dtpath/CTS_ccl_a_buf_00260        |            | CLKBUFX3 |  0.000 |  -0.502 |   -0.676 | 
     | uu_dtpath/CTS_ccl_a_buf_00260        | A ^ -> Y ^ | CLKBUFX3 |  0.100 |  -0.402 |   -0.576 | 
     | uu_dtpath/CTS_ccl_a_buf_00250        |            | CLKBUFX4 |  0.000 |  -0.402 |   -0.576 | 
     | uu_dtpath/CTS_ccl_a_buf_00250        | A ^ -> Y ^ | CLKBUFX4 |  0.106 |  -0.296 |   -0.470 | 
     | uu_dtpath/uu_dec/CTS_ccl_a_buf_00230 |            | CLKBUFX3 |  0.000 |  -0.296 |   -0.470 | 
     | uu_dtpath/uu_dec/CTS_ccl_a_buf_00230 | A ^ -> Y ^ | CLKBUFX3 |  0.093 |  -0.202 |   -0.376 | 
     | uu_dtpath/uu_dec/CTS_ccl_a_buf_00189 |            | CLKBUFX4 |  0.000 |  -0.202 |   -0.376 | 
     | uu_dtpath/uu_dec/CTS_ccl_a_buf_00189 | A ^ -> Y ^ | CLKBUFX4 |  0.101 |  -0.101 |   -0.275 | 
     | uu_dtpath/uu_dec/CTS_ccl_a_buf_00057 |            | CLKBUFX4 |  0.000 |  -0.101 |   -0.275 | 
     | uu_dtpath/uu_dec/CTS_ccl_a_buf_00057 | A ^ -> Y ^ | CLKBUFX4 |  0.103 |   0.002 |   -0.172 | 
     | uu_dtpath/uu_dec/rd2_ff_reg[5]       |            | DFFRHQX1 |  0.000 |   0.002 |   -0.172 | 
     +--------------------------------------------------------------------------------------------+ 
Path 18: MET Setup Check with Pin uu_dtpath/uu_dec/o_pc_plus4_reg[15]/CK 
Endpoint:   uu_dtpath/uu_dec/o_pc_plus4_reg[15]/D (^) checked with  leading 
edge of 'clk'
Beginpoint: uu_dtpath/uu_dec/o_aluSrc_reg/Q       (^) triggered by  leading 
edge of 'clk'
Path Groups: {clk}
Analysis View: setup
Retime Analysis { Data Path-Slew SI }
Other End Arrival Time         -0.020
- Setup                         0.146
+ Phase Shift                   4.400
- Uncertainty                   0.100
= Required Time                 4.135
- Arrival Time                  4.088
= Slack Time                    0.047
= Slack Time(original)          0.089
     Clock Rise Edge                      0.000
     + Source Insertion Delay            -0.596
     = Beginpoint Arrival Time           -0.596
     Timing Path:
     +---------------------------------------------------------------------------------------------------------+ 
     |                    Instance                     |     Arc     |   Cell    | Retime | Arrival | Required | 
     |                                                 |             |           |  Delay |  Time   |   Time   | 
     |-------------------------------------------------+-------------+-----------+--------+---------+----------| 
     |                                                 | clk ^       |           |        |  -0.596 |   -0.549 | 
     | uu_dtpath/CTS_ccl_a_buf_00272                   |             | CLKBUFX4  |  0.003 |  -0.593 |   -0.546 | 
     | uu_dtpath/CTS_ccl_a_buf_00272                   | A ^ -> Y ^  | CLKBUFX4  |  0.091 |  -0.502 |   -0.455 | 
     | uu_dtpath/CTS_ccl_a_buf_00267                   |             | CLKBUFX3  |  0.000 |  -0.502 |   -0.455 | 
     | uu_dtpath/CTS_ccl_a_buf_00267                   | A ^ -> Y ^  | CLKBUFX3  |  0.101 |  -0.400 |   -0.353 | 
     | uu_dtpath/CTS_ccl_a_buf_00251                   |             | BUFX2     |  0.000 |  -0.400 |   -0.353 | 
     | uu_dtpath/CTS_ccl_a_buf_00251                   | A ^ -> Y ^  | BUFX2     |  0.095 |  -0.306 |   -0.258 | 
     | uu_dtpath/CTS_ccl_a_buf_00232                   |             | CLKBUFX3  |  0.000 |  -0.306 |   -0.258 | 
     | uu_dtpath/CTS_ccl_a_buf_00232                   | A ^ -> Y ^  | CLKBUFX3  |  0.079 |  -0.227 |   -0.180 | 
     | uu_dtpath/uu_dec/CTS_ccl_a_buf_00192            |             | CLKBUFX4  |  0.000 |  -0.227 |   -0.180 | 
     | uu_dtpath/uu_dec/CTS_ccl_a_buf_00192            | A ^ -> Y ^  | CLKBUFX4  |  0.105 |  -0.122 |   -0.075 | 
     | uu_dtpath/uu_dec/CTS_ccl_a_buf_00055            |             | CLKBUFX4  |  0.000 |  -0.122 |   -0.075 | 
     | uu_dtpath/uu_dec/CTS_ccl_a_buf_00055            | A ^ -> Y ^  | CLKBUFX4  |  0.111 |  -0.011 |    0.036 | 
     | uu_dtpath/uu_dec/o_aluSrc_reg                   |             | DFFRHQX4  |  0.000 |  -0.011 |    0.036 | 
     | uu_dtpath/uu_dec/o_aluSrc_reg                   | CK ^ -> Q ^ | DFFRHQX4  |  0.293 |   0.282 |    0.329 | 
     | uu_dtpath/uu_exec/FE_OFC71_aluSrc               |             | INVX3     |  0.000 |   0.282 |    0.329 | 
     | uu_dtpath/uu_exec/FE_OFC71_aluSrc               | A ^ -> Y v  | INVX3     |  0.078 |   0.360 |    0.407 | 
     | uu_dtpath/uu_exec/FE_OFC740_aluSrc              |             | CLKINVX20 |  0.000 |   0.360 |    0.407 | 
     | uu_dtpath/uu_exec/FE_OFC740_aluSrc              | A v -> Y ^  | CLKINVX20 |  0.086 |   0.445 |    0.492 | 
     | uu_dtpath/uu_exec/g767                          |             | NAND2X2   |  0.003 |   0.448 |    0.495 | 
     | uu_dtpath/uu_exec/g767                          | B ^ -> Y v  | NAND2X2   |  0.141 |   0.589 |    0.636 | 
     | uu_dtpath/uu_exec/g739                          |             | NAND2X2   |  0.000 |   0.589 |    0.636 | 
     | uu_dtpath/uu_exec/g739                          | A v -> Y ^  | NAND2X2   |  0.105 |   0.694 |    0.741 | 
     | uu_dtpath/uu_exec/uu_alu/FE_OFC349_alu_srcB_w_0 |             | INVX3     |  0.000 |   0.694 |    0.741 | 
     | uu_dtpath/uu_exec/uu_alu/FE_OFC349_alu_srcB_w_0 | A ^ -> Y v  | INVX3     |  0.060 |   0.754 |    0.801 | 
     | uu_dtpath/uu_exec/uu_alu/FE_OFC351_alu_srcB_w_0 |             | INVX6     |  0.000 |   0.754 |    0.801 | 
     | uu_dtpath/uu_exec/uu_alu/FE_OFC351_alu_srcB_w_0 | A v -> Y ^  | INVX6     |  0.058 |   0.812 |    0.860 | 
     | uu_dtpath/uu_exec/uu_alu/FE_OFC355_alu_srcB_w_0 |             | CLKBUFX20 |  0.000 |   0.812 |    0.860 | 
     | uu_dtpath/uu_exec/uu_alu/FE_OFC355_alu_srcB_w_0 | A ^ -> Y ^  | CLKBUFX20 |  0.142 |   0.955 |    1.002 | 
     | uu_dtpath/uu_exec/uu_alu/g2227                  |             | CLKINVX16 |  0.001 |   0.956 |    1.003 | 
     | uu_dtpath/uu_exec/uu_alu/g2227                  | A ^ -> Y v  | CLKINVX16 |  0.073 |   1.028 |    1.075 | 
     | uu_dtpath/uu_exec/uu_alu/sll_22_38_g2858        |             | AOI22X1   |  0.000 |   1.029 |    1.076 | 
     | uu_dtpath/uu_exec/uu_alu/sll_22_38_g2858        | A1 v -> Y ^ | AOI22X1   |  0.144 |   1.172 |    1.219 | 
     | uu_dtpath/uu_exec/uu_alu/sll_22_38_g2840        |             | MX2X1     |  0.000 |   1.172 |    1.219 | 
     | uu_dtpath/uu_exec/uu_alu/sll_22_38_g2840        | A ^ -> Y ^  | MX2X1     |  0.231 |   1.403 |    1.450 | 
     | uu_dtpath/uu_exec/uu_alu/sll_22_38_g2794        |             | MXI2X2    |  0.000 |   1.403 |    1.450 | 
     | uu_dtpath/uu_exec/uu_alu/sll_22_38_g2794        | A ^ -> Y v  | MXI2X2    |  0.223 |   1.627 |    1.674 | 
     | uu_dtpath/uu_exec/uu_alu/sll_22_38_g2731        |             | AOI221X1  |  0.000 |   1.627 |    1.674 | 
     | uu_dtpath/uu_exec/uu_alu/sll_22_38_g2731        | A1 v -> Y ^ | AOI221X1  |  0.214 |   1.840 |    1.888 | 
     | uu_dtpath/uu_exec/uu_alu/sll_22_38_g2719        |             | OAI2BB1X1 |  0.000 |   1.840 |    1.888 | 
     | uu_dtpath/uu_exec/uu_alu/sll_22_38_g2719        | B0 ^ -> Y v | OAI2BB1X1 |  0.243 |   2.084 |    2.131 | 
     | uu_dtpath/uu_exec/uu_alu/g4448                  |             | AOI221XL  |  0.000 |   2.084 |    2.131 | 
     | uu_dtpath/uu_exec/uu_alu/g4448                  | B0 v -> Y ^ | AOI221XL  |  0.264 |   2.347 |    2.395 | 
     | uu_dtpath/uu_exec/uu_alu/FE_OFC797_n_255        |             | CLKBUFX8  |  0.000 |   2.347 |    2.395 | 
     | uu_dtpath/uu_exec/uu_alu/FE_OFC797_n_255        | A ^ -> Y ^  | CLKBUFX8  |  0.193 |   2.541 |    2.588 | 
     | uu_dtpath/uu_exec/uu_alu/FE_OFC630_n_255        |             | BUFX2     |  0.000 |   2.541 |    2.588 | 
     | uu_dtpath/uu_exec/uu_alu/FE_OFC630_n_255        | A ^ -> Y ^  | BUFX2     |  0.089 |   2.629 |    2.676 | 
     | uu_dtpath/uu_exec/uu_alu/g4427                  |             | OAI2BB1X2 |  0.000 |   2.629 |    2.676 | 
     | uu_dtpath/uu_exec/uu_alu/g4427                  | B0 ^ -> Y v | OAI2BB1X2 |  0.085 |   2.714 |    2.761 | 
     | uu_dtpath/uu_exec/uu_alu/g4810                  |             | OR4X1     |  0.000 |   2.714 |    2.761 | 
     | uu_dtpath/uu_exec/uu_alu/g4810                  | C v -> Y v  | OR4X1     |  0.278 |   2.992 |    3.040 | 
     | uu_dtpath/uu_exec/uu_alu/FE_RC_2_0              |             | INVXL     |  0.000 |   2.992 |    3.040 | 
     | uu_dtpath/uu_exec/uu_alu/FE_RC_2_0              | A v -> Y ^  | INVXL     |  0.037 |   3.029 |    3.076 | 
     | uu_dtpath/uu_exec/uu_alu/FE_RC_1_0              |             | NAND2BX1  |  0.000 |   3.029 |    3.076 | 
     | uu_dtpath/uu_exec/uu_alu/FE_RC_1_0              | B ^ -> Y v  | NAND2BX1  |  0.112 |   3.141 |    3.188 | 
     | uu_dtpath/uu_exec/uu_alu/FE_RC_0_0              |             | NOR3X4    |  0.000 |   3.141 |    3.188 | 
     | uu_dtpath/uu_exec/uu_alu/FE_RC_0_0              | B v -> Y ^  | NOR3X4    |  0.140 |   3.281 |    3.328 | 
     | uu_dtpath/uu_exec/g789                          |             | XOR2X4    |  0.000 |   3.281 |    3.328 | 
     | uu_dtpath/uu_exec/g789                          | B ^ -> Y ^  | XOR2X4    |  0.228 |   3.509 |    3.556 | 
     | uu_dtpath/uu_exec/g458                          |             | OAI21X4   |  0.000 |   3.509 |    3.556 | 
     | uu_dtpath/uu_exec/g458                          | A1 ^ -> Y v | OAI21X4   |  0.100 |   3.609 |    3.656 | 
     | uu_dtpath/FE_OFC608_pc_src                      |             | CLKBUFX20 |  0.000 |   3.609 |    3.656 | 
     | uu_dtpath/FE_OFC608_pc_src                      | A v -> Y v  | CLKBUFX20 |  0.131 |   3.740 |    3.787 | 
     | uu_dtpath/FE_OFC617_pc_src                      |             | BUFX2     |  0.001 |   3.741 |    3.788 | 
     | uu_dtpath/FE_OFC617_pc_src                      | A v -> Y v  | BUFX2     |  0.198 |   3.939 |    3.986 | 
     | uu_dtpath/uu_dec/g115                           |             | NOR2BX1   |  0.000 |   3.940 |    3.987 | 
     | uu_dtpath/uu_dec/g115                           | B v -> Y ^  | NOR2BX1   |  0.148 |   4.088 |    4.135 | 
     | uu_dtpath/uu_dec/o_pc_plus4_reg[15]             |             | DFFRHQX1  |  0.000 |   4.088 |    4.135 | 
     +---------------------------------------------------------------------------------------------------------+ 
     Clock Rise Edge                      0.000
     + Source Insertion Delay            -0.596
     = Beginpoint Arrival Time           -0.596
     Other End Path:
     +-------------------------------------------------------------------------------------------+ 
     |              Instance               |    Arc     |   Cell   | Retime | Arrival | Required | 
     |                                     |            |          |  Delay |  Time   |   Time   | 
     |-------------------------------------+------------+----------+--------+---------+----------| 
     |                                     | clk ^      |          |        |  -0.596 |   -0.643 | 
     | uu_dtpath/CTS_ccl_a_buf_00272       |            | CLKBUFX4 |  0.003 |  -0.593 |   -0.640 | 
     | uu_dtpath/CTS_ccl_a_buf_00272       | A ^ -> Y ^ | CLKBUFX4 |  0.091 |  -0.502 |   -0.549 | 
     | uu_dtpath/CTS_ccl_a_buf_00267       |            | CLKBUFX3 |  0.000 |  -0.502 |   -0.549 | 
     | uu_dtpath/CTS_ccl_a_buf_00267       | A ^ -> Y ^ | CLKBUFX3 |  0.101 |  -0.400 |   -0.447 | 
     | uu_dtpath/CTS_ccl_a_buf_00248       |            | CLKBUFX3 |  0.000 |  -0.400 |   -0.447 | 
     | uu_dtpath/CTS_ccl_a_buf_00248       | A ^ -> Y ^ | CLKBUFX3 |  0.093 |  -0.307 |   -0.354 | 
     | uu_dtpath/CTS_ccl_a_buf_00226       |            | CLKBUFX3 |  0.000 |  -0.307 |   -0.354 | 
     | uu_dtpath/CTS_ccl_a_buf_00226       | A ^ -> Y ^ | CLKBUFX3 |  0.091 |  -0.216 |   -0.263 | 
     | uu_dtpath/CTS_ccl_a_buf_00176       |            | CLKBUFX3 |  0.000 |  -0.216 |   -0.263 | 
     | uu_dtpath/CTS_ccl_a_buf_00176       | A ^ -> Y ^ | CLKBUFX3 |  0.090 |  -0.126 |   -0.173 | 
     | uu_dtpath/CTS_ccl_a_buf_00031       |            | CLKBUFX4 |  0.000 |  -0.126 |   -0.173 | 
     | uu_dtpath/CTS_ccl_a_buf_00031       | A ^ -> Y ^ | CLKBUFX4 |  0.106 |  -0.020 |   -0.067 | 
     | uu_dtpath/uu_dec/o_pc_plus4_reg[15] |            | DFFRHQX1 |  0.000 |  -0.020 |   -0.067 | 
     +-------------------------------------------------------------------------------------------+ 
Path 19: MET Setup Check with Pin uu_dtpath/uu_dec/o_pc_plus4_reg[18]/CK 
Endpoint:   uu_dtpath/uu_dec/o_pc_plus4_reg[18]/D (^) checked with  leading 
edge of 'clk'
Beginpoint: uu_dtpath/uu_dec/o_aluSrc_reg/Q       (^) triggered by  leading 
edge of 'clk'
Path Groups: {clk}
Analysis View: setup
Retime Analysis { Data Path-Slew SI }
Other End Arrival Time         -0.021
- Setup                         0.145
+ Phase Shift                   4.400
- Uncertainty                   0.100
= Required Time                 4.134
- Arrival Time                  4.086
= Slack Time                    0.047
= Slack Time(original)          0.089
     Clock Rise Edge                      0.000
     + Source Insertion Delay            -0.596
     = Beginpoint Arrival Time           -0.596
     Timing Path:
     +---------------------------------------------------------------------------------------------------------+ 
     |                    Instance                     |     Arc     |   Cell    | Retime | Arrival | Required | 
     |                                                 |             |           |  Delay |  Time   |   Time   | 
     |-------------------------------------------------+-------------+-----------+--------+---------+----------| 
     |                                                 | clk ^       |           |        |  -0.596 |   -0.549 | 
     | uu_dtpath/CTS_ccl_a_buf_00272                   |             | CLKBUFX4  |  0.003 |  -0.593 |   -0.545 | 
     | uu_dtpath/CTS_ccl_a_buf_00272                   | A ^ -> Y ^  | CLKBUFX4  |  0.091 |  -0.502 |   -0.454 | 
     | uu_dtpath/CTS_ccl_a_buf_00267                   |             | CLKBUFX3  |  0.000 |  -0.502 |   -0.454 | 
     | uu_dtpath/CTS_ccl_a_buf_00267                   | A ^ -> Y ^  | CLKBUFX3  |  0.101 |  -0.400 |   -0.353 | 
     | uu_dtpath/CTS_ccl_a_buf_00251                   |             | BUFX2     |  0.000 |  -0.400 |   -0.353 | 
     | uu_dtpath/CTS_ccl_a_buf_00251                   | A ^ -> Y ^  | BUFX2     |  0.095 |  -0.306 |   -0.258 | 
     | uu_dtpath/CTS_ccl_a_buf_00232                   |             | CLKBUFX3  |  0.000 |  -0.306 |   -0.258 | 
     | uu_dtpath/CTS_ccl_a_buf_00232                   | A ^ -> Y ^  | CLKBUFX3  |  0.079 |  -0.227 |   -0.179 | 
     | uu_dtpath/uu_dec/CTS_ccl_a_buf_00192            |             | CLKBUFX4  |  0.000 |  -0.227 |   -0.179 | 
     | uu_dtpath/uu_dec/CTS_ccl_a_buf_00192            | A ^ -> Y ^  | CLKBUFX4  |  0.105 |  -0.122 |   -0.075 | 
     | uu_dtpath/uu_dec/CTS_ccl_a_buf_00055            |             | CLKBUFX4  |  0.000 |  -0.122 |   -0.074 | 
     | uu_dtpath/uu_dec/CTS_ccl_a_buf_00055            | A ^ -> Y ^  | CLKBUFX4  |  0.111 |  -0.011 |    0.036 | 
     | uu_dtpath/uu_dec/o_aluSrc_reg                   |             | DFFRHQX4  |  0.000 |  -0.011 |    0.036 | 
     | uu_dtpath/uu_dec/o_aluSrc_reg                   | CK ^ -> Q ^ | DFFRHQX4  |  0.293 |   0.282 |    0.329 | 
     | uu_dtpath/uu_exec/FE_OFC71_aluSrc               |             | INVX3     |  0.000 |   0.282 |    0.329 | 
     | uu_dtpath/uu_exec/FE_OFC71_aluSrc               | A ^ -> Y v  | INVX3     |  0.078 |   0.360 |    0.407 | 
     | uu_dtpath/uu_exec/FE_OFC740_aluSrc              |             | CLKINVX20 |  0.000 |   0.360 |    0.407 | 
     | uu_dtpath/uu_exec/FE_OFC740_aluSrc              | A v -> Y ^  | CLKINVX20 |  0.086 |   0.445 |    0.493 | 
     | uu_dtpath/uu_exec/g767                          |             | NAND2X2   |  0.003 |   0.448 |    0.496 | 
     | uu_dtpath/uu_exec/g767                          | B ^ -> Y v  | NAND2X2   |  0.141 |   0.589 |    0.636 | 
     | uu_dtpath/uu_exec/g739                          |             | NAND2X2   |  0.000 |   0.589 |    0.636 | 
     | uu_dtpath/uu_exec/g739                          | A v -> Y ^  | NAND2X2   |  0.105 |   0.694 |    0.742 | 
     | uu_dtpath/uu_exec/uu_alu/FE_OFC349_alu_srcB_w_0 |             | INVX3     |  0.000 |   0.694 |    0.742 | 
     | uu_dtpath/uu_exec/uu_alu/FE_OFC349_alu_srcB_w_0 | A ^ -> Y v  | INVX3     |  0.060 |   0.754 |    0.801 | 
     | uu_dtpath/uu_exec/uu_alu/FE_OFC351_alu_srcB_w_0 |             | INVX6     |  0.000 |   0.754 |    0.801 | 
     | uu_dtpath/uu_exec/uu_alu/FE_OFC351_alu_srcB_w_0 | A v -> Y ^  | INVX6     |  0.058 |   0.812 |    0.860 | 
     | uu_dtpath/uu_exec/uu_alu/FE_OFC355_alu_srcB_w_0 |             | CLKBUFX20 |  0.000 |   0.812 |    0.860 | 
     | uu_dtpath/uu_exec/uu_alu/FE_OFC355_alu_srcB_w_0 | A ^ -> Y ^  | CLKBUFX20 |  0.142 |   0.955 |    1.002 | 
     | uu_dtpath/uu_exec/uu_alu/g2227                  |             | CLKINVX16 |  0.001 |   0.956 |    1.003 | 
     | uu_dtpath/uu_exec/uu_alu/g2227                  | A ^ -> Y v  | CLKINVX16 |  0.073 |   1.028 |    1.076 | 
     | uu_dtpath/uu_exec/uu_alu/sll_22_38_g2858        |             | AOI22X1   |  0.000 |   1.029 |    1.076 | 
     | uu_dtpath/uu_exec/uu_alu/sll_22_38_g2858        | A1 v -> Y ^ | AOI22X1   |  0.144 |   1.172 |    1.220 | 
     | uu_dtpath/uu_exec/uu_alu/sll_22_38_g2840        |             | MX2X1     |  0.000 |   1.172 |    1.220 | 
     | uu_dtpath/uu_exec/uu_alu/sll_22_38_g2840        | A ^ -> Y ^  | MX2X1     |  0.231 |   1.403 |    1.451 | 
     | uu_dtpath/uu_exec/uu_alu/sll_22_38_g2794        |             | MXI2X2    |  0.000 |   1.403 |    1.451 | 
     | uu_dtpath/uu_exec/uu_alu/sll_22_38_g2794        | A ^ -> Y v  | MXI2X2    |  0.223 |   1.627 |    1.674 | 
     | uu_dtpath/uu_exec/uu_alu/sll_22_38_g2731        |             | AOI221X1  |  0.000 |   1.627 |    1.674 | 
     | uu_dtpath/uu_exec/uu_alu/sll_22_38_g2731        | A1 v -> Y ^ | AOI221X1  |  0.214 |   1.840 |    1.888 | 
     | uu_dtpath/uu_exec/uu_alu/sll_22_38_g2719        |             | OAI2BB1X1 |  0.000 |   1.840 |    1.888 | 
     | uu_dtpath/uu_exec/uu_alu/sll_22_38_g2719        | B0 ^ -> Y v | OAI2BB1X1 |  0.243 |   2.084 |    2.131 | 
     | uu_dtpath/uu_exec/uu_alu/g4448                  |             | AOI221XL  |  0.000 |   2.084 |    2.131 | 
     | uu_dtpath/uu_exec/uu_alu/g4448                  | B0 v -> Y ^ | AOI221XL  |  0.264 |   2.347 |    2.395 | 
     | uu_dtpath/uu_exec/uu_alu/FE_OFC797_n_255        |             | CLKBUFX8  |  0.000 |   2.347 |    2.395 | 
     | uu_dtpath/uu_exec/uu_alu/FE_OFC797_n_255        | A ^ -> Y ^  | CLKBUFX8  |  0.193 |   2.541 |    2.588 | 
     | uu_dtpath/uu_exec/uu_alu/FE_OFC630_n_255        |             | BUFX2     |  0.000 |   2.541 |    2.588 | 
     | uu_dtpath/uu_exec/uu_alu/FE_OFC630_n_255        | A ^ -> Y ^  | BUFX2     |  0.089 |   2.629 |    2.677 | 
     | uu_dtpath/uu_exec/uu_alu/g4427                  |             | OAI2BB1X2 |  0.000 |   2.629 |    2.677 | 
     | uu_dtpath/uu_exec/uu_alu/g4427                  | B0 ^ -> Y v | OAI2BB1X2 |  0.085 |   2.714 |    2.762 | 
     | uu_dtpath/uu_exec/uu_alu/g4810                  |             | OR4X1     |  0.000 |   2.714 |    2.762 | 
     | uu_dtpath/uu_exec/uu_alu/g4810                  | C v -> Y v  | OR4X1     |  0.278 |   2.992 |    3.040 | 
     | uu_dtpath/uu_exec/uu_alu/FE_RC_2_0              |             | INVXL     |  0.000 |   2.992 |    3.040 | 
     | uu_dtpath/uu_exec/uu_alu/FE_RC_2_0              | A v -> Y ^  | INVXL     |  0.037 |   3.029 |    3.077 | 
     | uu_dtpath/uu_exec/uu_alu/FE_RC_1_0              |             | NAND2BX1  |  0.000 |   3.029 |    3.077 | 
     | uu_dtpath/uu_exec/uu_alu/FE_RC_1_0              | B ^ -> Y v  | NAND2BX1  |  0.112 |   3.141 |    3.189 | 
     | uu_dtpath/uu_exec/uu_alu/FE_RC_0_0              |             | NOR3X4    |  0.000 |   3.141 |    3.189 | 
     | uu_dtpath/uu_exec/uu_alu/FE_RC_0_0              | B v -> Y ^  | NOR3X4    |  0.140 |   3.281 |    3.329 | 
     | uu_dtpath/uu_exec/g789                          |             | XOR2X4    |  0.000 |   3.281 |    3.329 | 
     | uu_dtpath/uu_exec/g789                          | B ^ -> Y ^  | XOR2X4    |  0.228 |   3.509 |    3.557 | 
     | uu_dtpath/uu_exec/g458                          |             | OAI21X4   |  0.000 |   3.509 |    3.557 | 
     | uu_dtpath/uu_exec/g458                          | A1 ^ -> Y v | OAI21X4   |  0.100 |   3.609 |    3.656 | 
     | uu_dtpath/FE_OFC608_pc_src                      |             | CLKBUFX20 |  0.000 |   3.609 |    3.657 | 
     | uu_dtpath/FE_OFC608_pc_src                      | A v -> Y v  | CLKBUFX20 |  0.131 |   3.740 |    3.788 | 
     | uu_dtpath/FE_OFC617_pc_src                      |             | BUFX2     |  0.001 |   3.741 |    3.789 | 
     | uu_dtpath/FE_OFC617_pc_src                      | A v -> Y v  | BUFX2     |  0.198 |   3.939 |    3.987 | 
     | uu_dtpath/uu_dec/g118                           |             | NOR2BX1   |  0.000 |   3.940 |    3.987 | 
     | uu_dtpath/uu_dec/g118                           | B v -> Y ^  | NOR2BX1   |  0.147 |   4.086 |    4.134 | 
     | uu_dtpath/uu_dec/o_pc_plus4_reg[18]             |             | DFFRHQX1  |  0.000 |   4.086 |    4.134 | 
     +---------------------------------------------------------------------------------------------------------+ 
     Clock Rise Edge                      0.000
     + Source Insertion Delay            -0.596
     = Beginpoint Arrival Time           -0.596
     Other End Path:
     +-------------------------------------------------------------------------------------------+ 
     |              Instance               |    Arc     |   Cell   | Retime | Arrival | Required | 
     |                                     |            |          |  Delay |  Time   |   Time   | 
     |-------------------------------------+------------+----------+--------+---------+----------| 
     |                                     | clk ^      |          |        |  -0.596 |   -0.644 | 
     | uu_dtpath/CTS_ccl_a_buf_00272       |            | CLKBUFX4 |  0.003 |  -0.593 |   -0.640 | 
     | uu_dtpath/CTS_ccl_a_buf_00272       | A ^ -> Y ^ | CLKBUFX4 |  0.091 |  -0.502 |   -0.549 | 
     | uu_dtpath/CTS_ccl_a_buf_00267       |            | CLKBUFX3 |  0.000 |  -0.502 |   -0.549 | 
     | uu_dtpath/CTS_ccl_a_buf_00267       | A ^ -> Y ^ | CLKBUFX3 |  0.101 |  -0.400 |   -0.448 | 
     | uu_dtpath/CTS_ccl_a_buf_00248       |            | CLKBUFX3 |  0.000 |  -0.400 |   -0.448 | 
     | uu_dtpath/CTS_ccl_a_buf_00248       | A ^ -> Y ^ | CLKBUFX3 |  0.093 |  -0.307 |   -0.355 | 
     | uu_dtpath/CTS_ccl_a_buf_00226       |            | CLKBUFX3 |  0.000 |  -0.307 |   -0.355 | 
     | uu_dtpath/CTS_ccl_a_buf_00226       | A ^ -> Y ^ | CLKBUFX3 |  0.091 |  -0.216 |   -0.264 | 
     | uu_dtpath/CTS_ccl_a_buf_00177       |            | CLKBUFX3 |  0.000 |  -0.216 |   -0.264 | 
     | uu_dtpath/CTS_ccl_a_buf_00177       | A ^ -> Y ^ | CLKBUFX3 |  0.091 |  -0.125 |   -0.172 | 
     | uu_dtpath/CTS_ccl_a_buf_00033       |            | CLKBUFX4 |  0.000 |  -0.125 |   -0.172 | 
     | uu_dtpath/CTS_ccl_a_buf_00033       | A ^ -> Y ^ | CLKBUFX4 |  0.104 |  -0.021 |   -0.068 | 
     | uu_dtpath/uu_dec/o_pc_plus4_reg[18] |            | DFFRHQX1 |  0.000 |  -0.021 |   -0.068 | 
     +-------------------------------------------------------------------------------------------+ 
Path 20: MET Setup Check with Pin uu_dtpath/uu_fetch/pc_plus4_ff_reg[20]/CK 
Endpoint:   uu_dtpath/uu_fetch/pc_plus4_ff_reg[20]/D (^) checked with  leading 
edge of 'clk'
Beginpoint: uu_dtpath/uu_dec/o_aluSrc_reg/Q          (^) triggered by  leading 
edge of 'clk'
Path Groups: {clk}
Analysis View: setup
Retime Analysis { Data Path-Slew SI }
Other End Arrival Time         -0.021
- Setup                         0.145
+ Phase Shift                   4.400
- Uncertainty                   0.100
= Required Time                 4.135
- Arrival Time                  4.085
= Slack Time                    0.049
= Slack Time(original)          0.091
     Clock Rise Edge                      0.000
     + Source Insertion Delay            -0.596
     = Beginpoint Arrival Time           -0.596
     Timing Path:
     +---------------------------------------------------------------------------------------------------------+ 
     |                    Instance                     |     Arc     |   Cell    | Retime | Arrival | Required | 
     |                                                 |             |           |  Delay |  Time   |   Time   | 
     |-------------------------------------------------+-------------+-----------+--------+---------+----------| 
     |                                                 | clk ^       |           |        |  -0.596 |   -0.547 | 
     | uu_dtpath/CTS_ccl_a_buf_00272                   |             | CLKBUFX4  |  0.003 |  -0.593 |   -0.544 | 
     | uu_dtpath/CTS_ccl_a_buf_00272                   | A ^ -> Y ^  | CLKBUFX4  |  0.091 |  -0.502 |   -0.452 | 
     | uu_dtpath/CTS_ccl_a_buf_00267                   |             | CLKBUFX3  |  0.000 |  -0.502 |   -0.452 | 
     | uu_dtpath/CTS_ccl_a_buf_00267                   | A ^ -> Y ^  | CLKBUFX3  |  0.101 |  -0.400 |   -0.351 | 
     | uu_dtpath/CTS_ccl_a_buf_00251                   |             | BUFX2     |  0.000 |  -0.400 |   -0.351 | 
     | uu_dtpath/CTS_ccl_a_buf_00251                   | A ^ -> Y ^  | BUFX2     |  0.095 |  -0.306 |   -0.256 | 
     | uu_dtpath/CTS_ccl_a_buf_00232                   |             | CLKBUFX3  |  0.000 |  -0.306 |   -0.256 | 
     | uu_dtpath/CTS_ccl_a_buf_00232                   | A ^ -> Y ^  | CLKBUFX3  |  0.079 |  -0.227 |   -0.178 | 
     | uu_dtpath/uu_dec/CTS_ccl_a_buf_00192            |             | CLKBUFX4  |  0.000 |  -0.227 |   -0.178 | 
     | uu_dtpath/uu_dec/CTS_ccl_a_buf_00192            | A ^ -> Y ^  | CLKBUFX4  |  0.105 |  -0.122 |   -0.073 | 
     | uu_dtpath/uu_dec/CTS_ccl_a_buf_00055            |             | CLKBUFX4  |  0.000 |  -0.122 |   -0.073 | 
     | uu_dtpath/uu_dec/CTS_ccl_a_buf_00055            | A ^ -> Y ^  | CLKBUFX4  |  0.111 |  -0.011 |    0.038 | 
     | uu_dtpath/uu_dec/o_aluSrc_reg                   |             | DFFRHQX4  |  0.000 |  -0.011 |    0.038 | 
     | uu_dtpath/uu_dec/o_aluSrc_reg                   | CK ^ -> Q ^ | DFFRHQX4  |  0.293 |   0.282 |    0.331 | 
     | uu_dtpath/uu_exec/FE_OFC71_aluSrc               |             | INVX3     |  0.000 |   0.282 |    0.331 | 
     | uu_dtpath/uu_exec/FE_OFC71_aluSrc               | A ^ -> Y v  | INVX3     |  0.078 |   0.360 |    0.409 | 
     | uu_dtpath/uu_exec/FE_OFC740_aluSrc              |             | CLKINVX20 |  0.000 |   0.360 |    0.409 | 
     | uu_dtpath/uu_exec/FE_OFC740_aluSrc              | A v -> Y ^  | CLKINVX20 |  0.086 |   0.445 |    0.495 | 
     | uu_dtpath/uu_exec/g767                          |             | NAND2X2   |  0.003 |   0.448 |    0.498 | 
     | uu_dtpath/uu_exec/g767                          | B ^ -> Y v  | NAND2X2   |  0.141 |   0.589 |    0.638 | 
     | uu_dtpath/uu_exec/g739                          |             | NAND2X2   |  0.000 |   0.589 |    0.638 | 
     | uu_dtpath/uu_exec/g739                          | A v -> Y ^  | NAND2X2   |  0.105 |   0.694 |    0.744 | 
     | uu_dtpath/uu_exec/uu_alu/FE_OFC349_alu_srcB_w_0 |             | INVX3     |  0.000 |   0.694 |    0.744 | 
     | uu_dtpath/uu_exec/uu_alu/FE_OFC349_alu_srcB_w_0 | A ^ -> Y v  | INVX3     |  0.060 |   0.754 |    0.803 | 
     | uu_dtpath/uu_exec/uu_alu/FE_OFC351_alu_srcB_w_0 |             | INVX6     |  0.000 |   0.754 |    0.803 | 
     | uu_dtpath/uu_exec/uu_alu/FE_OFC351_alu_srcB_w_0 | A v -> Y ^  | INVX6     |  0.058 |   0.812 |    0.862 | 
     | uu_dtpath/uu_exec/uu_alu/FE_OFC355_alu_srcB_w_0 |             | CLKBUFX20 |  0.000 |   0.812 |    0.862 | 
     | uu_dtpath/uu_exec/uu_alu/FE_OFC355_alu_srcB_w_0 | A ^ -> Y ^  | CLKBUFX20 |  0.142 |   0.955 |    1.004 | 
     | uu_dtpath/uu_exec/uu_alu/g2227                  |             | CLKINVX16 |  0.001 |   0.956 |    1.005 | 
     | uu_dtpath/uu_exec/uu_alu/g2227                  | A ^ -> Y v  | CLKINVX16 |  0.073 |   1.028 |    1.078 | 
     | uu_dtpath/uu_exec/uu_alu/sll_22_38_g2858        |             | AOI22X1   |  0.000 |   1.029 |    1.078 | 
     | uu_dtpath/uu_exec/uu_alu/sll_22_38_g2858        | A1 v -> Y ^ | AOI22X1   |  0.144 |   1.172 |    1.222 | 
     | uu_dtpath/uu_exec/uu_alu/sll_22_38_g2840        |             | MX2X1     |  0.000 |   1.172 |    1.222 | 
     | uu_dtpath/uu_exec/uu_alu/sll_22_38_g2840        | A ^ -> Y ^  | MX2X1     |  0.231 |   1.403 |    1.453 | 
     | uu_dtpath/uu_exec/uu_alu/sll_22_38_g2794        |             | MXI2X2    |  0.000 |   1.403 |    1.453 | 
     | uu_dtpath/uu_exec/uu_alu/sll_22_38_g2794        | A ^ -> Y v  | MXI2X2    |  0.223 |   1.627 |    1.676 | 
     | uu_dtpath/uu_exec/uu_alu/sll_22_38_g2731        |             | AOI221X1  |  0.000 |   1.627 |    1.676 | 
     | uu_dtpath/uu_exec/uu_alu/sll_22_38_g2731        | A1 v -> Y ^ | AOI221X1  |  0.214 |   1.840 |    1.890 | 
     | uu_dtpath/uu_exec/uu_alu/sll_22_38_g2719        |             | OAI2BB1X1 |  0.000 |   1.840 |    1.890 | 
     | uu_dtpath/uu_exec/uu_alu/sll_22_38_g2719        | B0 ^ -> Y v | OAI2BB1X1 |  0.243 |   2.084 |    2.133 | 
     | uu_dtpath/uu_exec/uu_alu/g4448                  |             | AOI221XL  |  0.000 |   2.084 |    2.133 | 
     | uu_dtpath/uu_exec/uu_alu/g4448                  | B0 v -> Y ^ | AOI221XL  |  0.264 |   2.347 |    2.397 | 
     | uu_dtpath/uu_exec/uu_alu/FE_OFC797_n_255        |             | CLKBUFX8  |  0.000 |   2.347 |    2.397 | 
     | uu_dtpath/uu_exec/uu_alu/FE_OFC797_n_255        | A ^ -> Y ^  | CLKBUFX8  |  0.193 |   2.541 |    2.590 | 
     | uu_dtpath/uu_exec/uu_alu/FE_OFC630_n_255        |             | BUFX2     |  0.000 |   2.541 |    2.590 | 
     | uu_dtpath/uu_exec/uu_alu/FE_OFC630_n_255        | A ^ -> Y ^  | BUFX2     |  0.089 |   2.629 |    2.679 | 
     | uu_dtpath/uu_exec/uu_alu/g4427                  |             | OAI2BB1X2 |  0.000 |   2.629 |    2.679 | 
     | uu_dtpath/uu_exec/uu_alu/g4427                  | B0 ^ -> Y v | OAI2BB1X2 |  0.085 |   2.714 |    2.763 | 
     | uu_dtpath/uu_exec/uu_alu/g4810                  |             | OR4X1     |  0.000 |   2.714 |    2.763 | 
     | uu_dtpath/uu_exec/uu_alu/g4810                  | C v -> Y v  | OR4X1     |  0.278 |   2.992 |    3.042 | 
     | uu_dtpath/uu_exec/uu_alu/FE_RC_2_0              |             | INVXL     |  0.000 |   2.992 |    3.042 | 
     | uu_dtpath/uu_exec/uu_alu/FE_RC_2_0              | A v -> Y ^  | INVXL     |  0.037 |   3.029 |    3.078 | 
     | uu_dtpath/uu_exec/uu_alu/FE_RC_1_0              |             | NAND2BX1  |  0.000 |   3.029 |    3.078 | 
     | uu_dtpath/uu_exec/uu_alu/FE_RC_1_0              | B ^ -> Y v  | NAND2BX1  |  0.112 |   3.141 |    3.191 | 
     | uu_dtpath/uu_exec/uu_alu/FE_RC_0_0              |             | NOR3X4    |  0.000 |   3.141 |    3.191 | 
     | uu_dtpath/uu_exec/uu_alu/FE_RC_0_0              | B v -> Y ^  | NOR3X4    |  0.140 |   3.281 |    3.330 | 
     | uu_dtpath/uu_exec/g789                          |             | XOR2X4    |  0.000 |   3.281 |    3.330 | 
     | uu_dtpath/uu_exec/g789                          | B ^ -> Y ^  | XOR2X4    |  0.228 |   3.509 |    3.559 | 
     | uu_dtpath/uu_exec/g458                          |             | OAI21X4   |  0.000 |   3.509 |    3.559 | 
     | uu_dtpath/uu_exec/g458                          | A1 ^ -> Y v | OAI21X4   |  0.100 |   3.609 |    3.658 | 
     | uu_dtpath/FE_OFC608_pc_src                      |             | CLKBUFX20 |  0.000 |   3.609 |    3.658 | 
     | uu_dtpath/FE_OFC608_pc_src                      | A v -> Y v  | CLKBUFX20 |  0.131 |   3.740 |    3.789 | 
     | uu_dtpath/FE_OFC617_pc_src                      |             | BUFX2     |  0.001 |   3.741 |    3.790 | 
     | uu_dtpath/FE_OFC617_pc_src                      | A v -> Y v  | BUFX2     |  0.198 |   3.939 |    3.989 | 
     | uu_dtpath/uu_fetch/g557                         |             | NOR2BX1   |  0.000 |   3.940 |    3.989 | 
     | uu_dtpath/uu_fetch/g557                         | B v -> Y ^  | NOR2BX1   |  0.146 |   4.085 |    4.135 | 
     | uu_dtpath/uu_fetch/pc_plus4_ff_reg[20]          |             | DFFRHQX1  |  0.000 |   4.085 |    4.135 | 
     +---------------------------------------------------------------------------------------------------------+ 
     Clock Rise Edge                      0.000
     + Source Insertion Delay            -0.596
     = Beginpoint Arrival Time           -0.596
     Other End Path:
     +----------------------------------------------------------------------------------------------+ 
     |                Instance                |    Arc     |   Cell   | Retime | Arrival | Required | 
     |                                        |            |          |  Delay |  Time   |   Time   | 
     |----------------------------------------+------------+----------+--------+---------+----------| 
     |                                        | clk ^      |          |        |  -0.596 |   -0.645 | 
     | uu_dtpath/CTS_ccl_a_buf_00272          |            | CLKBUFX4 |  0.003 |  -0.593 |   -0.642 | 
     | uu_dtpath/CTS_ccl_a_buf_00272          | A ^ -> Y ^ | CLKBUFX4 |  0.091 |  -0.502 |   -0.551 | 
     | uu_dtpath/CTS_ccl_a_buf_00267          |            | CLKBUFX3 |  0.000 |  -0.502 |   -0.551 | 
     | uu_dtpath/CTS_ccl_a_buf_00267          | A ^ -> Y ^ | CLKBUFX3 |  0.101 |  -0.400 |   -0.450 | 
     | uu_dtpath/CTS_ccl_a_buf_00248          |            | CLKBUFX3 |  0.000 |  -0.400 |   -0.450 | 
     | uu_dtpath/CTS_ccl_a_buf_00248          | A ^ -> Y ^ | CLKBUFX3 |  0.093 |  -0.307 |   -0.357 | 
     | uu_dtpath/CTS_ccl_a_buf_00226          |            | CLKBUFX3 |  0.000 |  -0.307 |   -0.357 | 
     | uu_dtpath/CTS_ccl_a_buf_00226          | A ^ -> Y ^ | CLKBUFX3 |  0.091 |  -0.216 |   -0.266 | 
     | uu_dtpath/CTS_ccl_a_buf_00177          |            | CLKBUFX3 |  0.000 |  -0.216 |   -0.266 | 
     | uu_dtpath/CTS_ccl_a_buf_00177          | A ^ -> Y ^ | CLKBUFX3 |  0.091 |  -0.125 |   -0.174 | 
     | uu_dtpath/CTS_ccl_a_buf_00033          |            | CLKBUFX4 |  0.000 |  -0.125 |   -0.174 | 
     | uu_dtpath/CTS_ccl_a_buf_00033          | A ^ -> Y ^ | CLKBUFX4 |  0.104 |  -0.021 |   -0.070 | 
     | uu_dtpath/uu_fetch/pc_plus4_ff_reg[20] |            | DFFRHQX1 |  0.000 |  -0.021 |   -0.070 | 
     +----------------------------------------------------------------------------------------------+ 
Path 21: MET Setup Check with Pin uu_dtpath/uu_dec/rd1_ff_reg[1]/CK 
Endpoint:   uu_dtpath/uu_dec/rd1_ff_reg[1]/D (^) checked with  leading edge of 
'clk'
Beginpoint: uu_dtpath/uu_dec/o_aluSrc_reg/Q  (^) triggered by  leading edge of 
'clk'
Path Groups: {clk}
Analysis View: setup
Retime Analysis { Data Path-Slew SI }
Other End Arrival Time          0.001
- Setup                         0.131
+ Phase Shift                   4.400
- Uncertainty                   0.100
= Required Time                 4.170
- Arrival Time                  4.119
= Slack Time                    0.051
= Slack Time(original)          0.092
     Clock Rise Edge                      0.000
     + Source Insertion Delay            -0.596
     = Beginpoint Arrival Time           -0.596
     Timing Path:
     +---------------------------------------------------------------------------------------------------------+ 
     |                    Instance                     |     Arc     |   Cell    | Retime | Arrival | Required | 
     |                                                 |             |           |  Delay |  Time   |   Time   | 
     |-------------------------------------------------+-------------+-----------+--------+---------+----------| 
     |                                                 | clk ^       |           |        |  -0.596 |   -0.545 | 
     | uu_dtpath/CTS_ccl_a_buf_00272                   |             | CLKBUFX4  |  0.003 |  -0.593 |   -0.542 | 
     | uu_dtpath/CTS_ccl_a_buf_00272                   | A ^ -> Y ^  | CLKBUFX4  |  0.091 |  -0.502 |   -0.451 | 
     | uu_dtpath/CTS_ccl_a_buf_00267                   |             | CLKBUFX3  |  0.000 |  -0.502 |   -0.451 | 
     | uu_dtpath/CTS_ccl_a_buf_00267                   | A ^ -> Y ^  | CLKBUFX3  |  0.101 |  -0.400 |   -0.349 | 
     | uu_dtpath/CTS_ccl_a_buf_00251                   |             | BUFX2     |  0.000 |  -0.400 |   -0.349 | 
     | uu_dtpath/CTS_ccl_a_buf_00251                   | A ^ -> Y ^  | BUFX2     |  0.095 |  -0.306 |   -0.255 | 
     | uu_dtpath/CTS_ccl_a_buf_00232                   |             | CLKBUFX3  |  0.000 |  -0.306 |   -0.255 | 
     | uu_dtpath/CTS_ccl_a_buf_00232                   | A ^ -> Y ^  | CLKBUFX3  |  0.079 |  -0.227 |   -0.176 | 
     | uu_dtpath/uu_dec/CTS_ccl_a_buf_00192            |             | CLKBUFX4  |  0.000 |  -0.227 |   -0.176 | 
     | uu_dtpath/uu_dec/CTS_ccl_a_buf_00192            | A ^ -> Y ^  | CLKBUFX4  |  0.105 |  -0.122 |   -0.071 | 
     | uu_dtpath/uu_dec/CTS_ccl_a_buf_00055            |             | CLKBUFX4  |  0.000 |  -0.122 |   -0.071 | 
     | uu_dtpath/uu_dec/CTS_ccl_a_buf_00055            | A ^ -> Y ^  | CLKBUFX4  |  0.111 |  -0.011 |    0.039 | 
     | uu_dtpath/uu_dec/o_aluSrc_reg                   |             | DFFRHQX4  |  0.000 |  -0.011 |    0.040 | 
     | uu_dtpath/uu_dec/o_aluSrc_reg                   | CK ^ -> Q ^ | DFFRHQX4  |  0.293 |   0.282 |    0.332 | 
     | uu_dtpath/uu_exec/FE_OFC71_aluSrc               |             | INVX3     |  0.000 |   0.282 |    0.332 | 
     | uu_dtpath/uu_exec/FE_OFC71_aluSrc               | A ^ -> Y v  | INVX3     |  0.078 |   0.360 |    0.410 | 
     | uu_dtpath/uu_exec/FE_OFC740_aluSrc              |             | CLKINVX20 |  0.000 |   0.360 |    0.410 | 
     | uu_dtpath/uu_exec/FE_OFC740_aluSrc              | A v -> Y ^  | CLKINVX20 |  0.086 |   0.445 |    0.496 | 
     | uu_dtpath/uu_exec/g767                          |             | NAND2X2   |  0.003 |   0.448 |    0.499 | 
     | uu_dtpath/uu_exec/g767                          | B ^ -> Y v  | NAND2X2   |  0.141 |   0.589 |    0.640 | 
     | uu_dtpath/uu_exec/g739                          |             | NAND2X2   |  0.000 |   0.589 |    0.640 | 
     | uu_dtpath/uu_exec/g739                          | A v -> Y ^  | NAND2X2   |  0.105 |   0.694 |    0.745 | 
     | uu_dtpath/uu_exec/uu_alu/FE_OFC349_alu_srcB_w_0 |             | INVX3     |  0.000 |   0.694 |    0.745 | 
     | uu_dtpath/uu_exec/uu_alu/FE_OFC349_alu_srcB_w_0 | A ^ -> Y v  | INVX3     |  0.060 |   0.754 |    0.805 | 
     | uu_dtpath/uu_exec/uu_alu/FE_OFC351_alu_srcB_w_0 |             | INVX6     |  0.000 |   0.754 |    0.805 | 
     | uu_dtpath/uu_exec/uu_alu/FE_OFC351_alu_srcB_w_0 | A v -> Y ^  | INVX6     |  0.058 |   0.812 |    0.863 | 
     | uu_dtpath/uu_exec/uu_alu/FE_OFC355_alu_srcB_w_0 |             | CLKBUFX20 |  0.000 |   0.812 |    0.863 | 
     | uu_dtpath/uu_exec/uu_alu/FE_OFC355_alu_srcB_w_0 | A ^ -> Y ^  | CLKBUFX20 |  0.142 |   0.955 |    1.006 | 
     | uu_dtpath/uu_exec/uu_alu/g2227                  |             | CLKINVX16 |  0.001 |   0.956 |    1.006 | 
     | uu_dtpath/uu_exec/uu_alu/g2227                  | A ^ -> Y v  | CLKINVX16 |  0.073 |   1.028 |    1.079 | 
     | uu_dtpath/uu_exec/uu_alu/sll_22_38_g2858        |             | AOI22X1   |  0.000 |   1.029 |    1.079 | 
     | uu_dtpath/uu_exec/uu_alu/sll_22_38_g2858        | A1 v -> Y ^ | AOI22X1   |  0.144 |   1.172 |    1.223 | 
     | uu_dtpath/uu_exec/uu_alu/sll_22_38_g2840        |             | MX2X1     |  0.000 |   1.172 |    1.223 | 
     | uu_dtpath/uu_exec/uu_alu/sll_22_38_g2840        | A ^ -> Y ^  | MX2X1     |  0.231 |   1.403 |    1.454 | 
     | uu_dtpath/uu_exec/uu_alu/sll_22_38_g2794        |             | MXI2X2    |  0.000 |   1.403 |    1.454 | 
     | uu_dtpath/uu_exec/uu_alu/sll_22_38_g2794        | A ^ -> Y v  | MXI2X2    |  0.223 |   1.627 |    1.678 | 
     | uu_dtpath/uu_exec/uu_alu/sll_22_38_g2731        |             | AOI221X1  |  0.000 |   1.627 |    1.678 | 
     | uu_dtpath/uu_exec/uu_alu/sll_22_38_g2731        | A1 v -> Y ^ | AOI221X1  |  0.214 |   1.840 |    1.891 | 
     | uu_dtpath/uu_exec/uu_alu/sll_22_38_g2719        |             | OAI2BB1X1 |  0.000 |   1.840 |    1.891 | 
     | uu_dtpath/uu_exec/uu_alu/sll_22_38_g2719        | B0 ^ -> Y v | OAI2BB1X1 |  0.243 |   2.084 |    2.134 | 
     | uu_dtpath/uu_exec/uu_alu/g4448                  |             | AOI221XL  |  0.000 |   2.084 |    2.134 | 
     | uu_dtpath/uu_exec/uu_alu/g4448                  | B0 v -> Y ^ | AOI221XL  |  0.264 |   2.347 |    2.398 | 
     | uu_dtpath/uu_exec/uu_alu/FE_OFC797_n_255        |             | CLKBUFX8  |  0.000 |   2.347 |    2.398 | 
     | uu_dtpath/uu_exec/uu_alu/FE_OFC797_n_255        | A ^ -> Y ^  | CLKBUFX8  |  0.193 |   2.541 |    2.592 | 
     | uu_dtpath/uu_exec/uu_alu/FE_OFC630_n_255        |             | BUFX2     |  0.000 |   2.541 |    2.592 | 
     | uu_dtpath/uu_exec/uu_alu/FE_OFC630_n_255        | A ^ -> Y ^  | BUFX2     |  0.089 |   2.629 |    2.680 | 
     | uu_dtpath/uu_exec/uu_alu/g4427                  |             | OAI2BB1X2 |  0.000 |   2.629 |    2.680 | 
     | uu_dtpath/uu_exec/uu_alu/g4427                  | B0 ^ -> Y v | OAI2BB1X2 |  0.085 |   2.714 |    2.765 | 
     | uu_dtpath/uu_exec/uu_alu/g4810                  |             | OR4X1     |  0.000 |   2.714 |    2.765 | 
     | uu_dtpath/uu_exec/uu_alu/g4810                  | C v -> Y v  | OR4X1     |  0.278 |   2.992 |    3.043 | 
     | uu_dtpath/uu_exec/uu_alu/FE_RC_2_0              |             | INVXL     |  0.000 |   2.992 |    3.043 | 
     | uu_dtpath/uu_exec/uu_alu/FE_RC_2_0              | A v -> Y ^  | INVXL     |  0.037 |   3.029 |    3.080 | 
     | uu_dtpath/uu_exec/uu_alu/FE_RC_1_0              |             | NAND2BX1  |  0.000 |   3.029 |    3.080 | 
     | uu_dtpath/uu_exec/uu_alu/FE_RC_1_0              | B ^ -> Y v  | NAND2BX1  |  0.112 |   3.141 |    3.192 | 
     | uu_dtpath/uu_exec/uu_alu/FE_RC_0_0              |             | NOR3X4    |  0.000 |   3.141 |    3.192 | 
     | uu_dtpath/uu_exec/uu_alu/FE_RC_0_0              | B v -> Y ^  | NOR3X4    |  0.140 |   3.281 |    3.332 | 
     | uu_dtpath/uu_exec/g789                          |             | XOR2X4    |  0.000 |   3.281 |    3.332 | 
     | uu_dtpath/uu_exec/g789                          | B ^ -> Y ^  | XOR2X4    |  0.228 |   3.509 |    3.560 | 
     | uu_dtpath/uu_exec/g458                          |             | OAI21X4   |  0.000 |   3.509 |    3.560 | 
     | uu_dtpath/uu_exec/g458                          | A1 ^ -> Y v | OAI21X4   |  0.100 |   3.609 |    3.660 | 
     | uu_dtpath/FE_OFC608_pc_src                      |             | CLKBUFX20 |  0.000 |   3.609 |    3.660 | 
     | uu_dtpath/FE_OFC608_pc_src                      | A v -> Y v  | CLKBUFX20 |  0.131 |   3.740 |    3.791 | 
     | uu_dtpath/uu_dec/FE_OCPC873_FE_OFN40_pc_src     |             | CLKBUFX6  |  0.002 |   3.742 |    3.792 | 
     | uu_dtpath/uu_dec/FE_OCPC873_FE_OFN40_pc_src     | A v -> Y v  | CLKBUFX6  |  0.110 |   3.851 |    3.902 | 
     | uu_dtpath/uu_dec/FE_OFC616_pc_src               |             | CLKINVX8  |  0.000 |   3.851 |    3.902 | 
     | uu_dtpath/uu_dec/FE_OFC616_pc_src               | A v -> Y ^  | CLKINVX8  |  0.083 |   3.934 |    3.985 | 
     | uu_dtpath/uu_dec/g195                           |             | AND2X1    |  0.002 |   3.936 |    3.987 | 
     | uu_dtpath/uu_dec/g195                           | A ^ -> Y ^  | AND2X1    |  0.183 |   4.119 |    4.170 | 
     | uu_dtpath/uu_dec/rd1_ff_reg[1]                  |             | DFFRHQX1  |  0.000 |   4.119 |    4.170 | 
     +---------------------------------------------------------------------------------------------------------+ 
     Clock Rise Edge                      0.000
     + Source Insertion Delay            -0.596
     = Beginpoint Arrival Time           -0.596
     Other End Path:
     +--------------------------------------------------------------------------------------+ 
     |            Instance            |    Arc     |   Cell   | Retime | Arrival | Required | 
     |                                |            |          |  Delay |  Time   |   Time   | 
     |--------------------------------+------------+----------+--------+---------+----------| 
     |                                | clk ^      |          |        |  -0.596 |   -0.647 | 
     | uu_dtpath/CTS_ccl_a_buf_00272  |            | CLKBUFX4 |  0.003 |  -0.593 |   -0.644 | 
     | uu_dtpath/CTS_ccl_a_buf_00272  | A ^ -> Y ^ | CLKBUFX4 |  0.091 |  -0.502 |   -0.552 | 
     | uu_dtpath/CTS_ccl_a_buf_00260  |            | CLKBUFX3 |  0.000 |  -0.502 |   -0.552 | 
     | uu_dtpath/CTS_ccl_a_buf_00260  | A ^ -> Y ^ | CLKBUFX3 |  0.100 |  -0.402 |   -0.452 | 
     | uu_dtpath/CTS_ccl_a_buf_00249  |            | CLKBUFX3 |  0.000 |  -0.402 |   -0.452 | 
     | uu_dtpath/CTS_ccl_a_buf_00249  | A ^ -> Y ^ | CLKBUFX3 |  0.096 |  -0.306 |   -0.356 | 
     | uu_dtpath/CTS_ccl_a_buf_00229  |            | CLKBUFX3 |  0.000 |  -0.306 |   -0.356 | 
     | uu_dtpath/CTS_ccl_a_buf_00229  | A ^ -> Y ^ | CLKBUFX3 |  0.090 |  -0.215 |   -0.266 | 
     | uu_dtpath/CTS_ccl_a_buf_00188  |            | CLKBUFX4 |  0.000 |  -0.215 |   -0.266 | 
     | uu_dtpath/CTS_ccl_a_buf_00188  | A ^ -> Y ^ | CLKBUFX4 |  0.104 |  -0.111 |   -0.162 | 
     | uu_dtpath/CTS_ccl_a_buf_00050  |            | CLKBUFX4 |  0.000 |  -0.111 |   -0.162 | 
     | uu_dtpath/CTS_ccl_a_buf_00050  | A ^ -> Y ^ | CLKBUFX4 |  0.112 |   0.001 |   -0.050 | 
     | uu_dtpath/uu_dec/rd1_ff_reg[1] |            | DFFRHQX1 |  0.000 |   0.001 |   -0.050 | 
     +--------------------------------------------------------------------------------------+ 
Path 22: MET Setup Check with Pin uu_dtpath/uu_dec/o_pc_plus4_reg[20]/CK 
Endpoint:   uu_dtpath/uu_dec/o_pc_plus4_reg[20]/D (^) checked with  leading 
edge of 'clk'
Beginpoint: uu_dtpath/uu_dec/o_aluSrc_reg/Q       (^) triggered by  leading 
edge of 'clk'
Path Groups: {clk}
Analysis View: setup
Retime Analysis { Data Path-Slew SI }
Other End Arrival Time         -0.021
- Setup                         0.143
+ Phase Shift                   4.400
- Uncertainty                   0.100
= Required Time                 4.136
- Arrival Time                  4.084
= Slack Time                    0.052
= Slack Time(original)          0.092
     Clock Rise Edge                      0.000
     + Source Insertion Delay            -0.596
     = Beginpoint Arrival Time           -0.596
     Timing Path:
     +---------------------------------------------------------------------------------------------------------+ 
     |                    Instance                     |     Arc     |   Cell    | Retime | Arrival | Required | 
     |                                                 |             |           |  Delay |  Time   |   Time   | 
     |-------------------------------------------------+-------------+-----------+--------+---------+----------| 
     |                                                 | clk ^       |           |        |  -0.596 |   -0.544 | 
     | uu_dtpath/CTS_ccl_a_buf_00272                   |             | CLKBUFX4  |  0.003 |  -0.593 |   -0.541 | 
     | uu_dtpath/CTS_ccl_a_buf_00272                   | A ^ -> Y ^  | CLKBUFX4  |  0.091 |  -0.502 |   -0.450 | 
     | uu_dtpath/CTS_ccl_a_buf_00267                   |             | CLKBUFX3  |  0.000 |  -0.502 |   -0.450 | 
     | uu_dtpath/CTS_ccl_a_buf_00267                   | A ^ -> Y ^  | CLKBUFX3  |  0.101 |  -0.400 |   -0.348 | 
     | uu_dtpath/CTS_ccl_a_buf_00251                   |             | BUFX2     |  0.000 |  -0.400 |   -0.348 | 
     | uu_dtpath/CTS_ccl_a_buf_00251                   | A ^ -> Y ^  | BUFX2     |  0.095 |  -0.306 |   -0.254 | 
     | uu_dtpath/CTS_ccl_a_buf_00232                   |             | CLKBUFX3  |  0.000 |  -0.306 |   -0.254 | 
     | uu_dtpath/CTS_ccl_a_buf_00232                   | A ^ -> Y ^  | CLKBUFX3  |  0.079 |  -0.227 |   -0.175 | 
     | uu_dtpath/uu_dec/CTS_ccl_a_buf_00192            |             | CLKBUFX4  |  0.000 |  -0.227 |   -0.175 | 
     | uu_dtpath/uu_dec/CTS_ccl_a_buf_00192            | A ^ -> Y ^  | CLKBUFX4  |  0.105 |  -0.122 |   -0.070 | 
     | uu_dtpath/uu_dec/CTS_ccl_a_buf_00055            |             | CLKBUFX4  |  0.000 |  -0.122 |   -0.070 | 
     | uu_dtpath/uu_dec/CTS_ccl_a_buf_00055            | A ^ -> Y ^  | CLKBUFX4  |  0.111 |  -0.011 |    0.041 | 
     | uu_dtpath/uu_dec/o_aluSrc_reg                   |             | DFFRHQX4  |  0.000 |  -0.011 |    0.041 | 
     | uu_dtpath/uu_dec/o_aluSrc_reg                   | CK ^ -> Q ^ | DFFRHQX4  |  0.293 |   0.282 |    0.334 | 
     | uu_dtpath/uu_exec/FE_OFC71_aluSrc               |             | INVX3     |  0.000 |   0.282 |    0.334 | 
     | uu_dtpath/uu_exec/FE_OFC71_aluSrc               | A ^ -> Y v  | INVX3     |  0.078 |   0.360 |    0.412 | 
     | uu_dtpath/uu_exec/FE_OFC740_aluSrc              |             | CLKINVX20 |  0.000 |   0.360 |    0.412 | 
     | uu_dtpath/uu_exec/FE_OFC740_aluSrc              | A v -> Y ^  | CLKINVX20 |  0.086 |   0.445 |    0.497 | 
     | uu_dtpath/uu_exec/g767                          |             | NAND2X2   |  0.003 |   0.448 |    0.500 | 
     | uu_dtpath/uu_exec/g767                          | B ^ -> Y v  | NAND2X2   |  0.141 |   0.589 |    0.641 | 
     | uu_dtpath/uu_exec/g739                          |             | NAND2X2   |  0.000 |   0.589 |    0.641 | 
     | uu_dtpath/uu_exec/g739                          | A v -> Y ^  | NAND2X2   |  0.105 |   0.694 |    0.746 | 
     | uu_dtpath/uu_exec/uu_alu/FE_OFC349_alu_srcB_w_0 |             | INVX3     |  0.000 |   0.694 |    0.746 | 
     | uu_dtpath/uu_exec/uu_alu/FE_OFC349_alu_srcB_w_0 | A ^ -> Y v  | INVX3     |  0.060 |   0.754 |    0.806 | 
     | uu_dtpath/uu_exec/uu_alu/FE_OFC351_alu_srcB_w_0 |             | INVX6     |  0.000 |   0.754 |    0.806 | 
     | uu_dtpath/uu_exec/uu_alu/FE_OFC351_alu_srcB_w_0 | A v -> Y ^  | INVX6     |  0.058 |   0.812 |    0.864 | 
     | uu_dtpath/uu_exec/uu_alu/FE_OFC355_alu_srcB_w_0 |             | CLKBUFX20 |  0.000 |   0.812 |    0.864 | 
     | uu_dtpath/uu_exec/uu_alu/FE_OFC355_alu_srcB_w_0 | A ^ -> Y ^  | CLKBUFX20 |  0.142 |   0.955 |    1.007 | 
     | uu_dtpath/uu_exec/uu_alu/g2227                  |             | CLKINVX16 |  0.001 |   0.956 |    1.008 | 
     | uu_dtpath/uu_exec/uu_alu/g2227                  | A ^ -> Y v  | CLKINVX16 |  0.073 |   1.028 |    1.080 | 
     | uu_dtpath/uu_exec/uu_alu/sll_22_38_g2858        |             | AOI22X1   |  0.000 |   1.029 |    1.081 | 
     | uu_dtpath/uu_exec/uu_alu/sll_22_38_g2858        | A1 v -> Y ^ | AOI22X1   |  0.144 |   1.172 |    1.224 | 
     | uu_dtpath/uu_exec/uu_alu/sll_22_38_g2840        |             | MX2X1     |  0.000 |   1.172 |    1.224 | 
     | uu_dtpath/uu_exec/uu_alu/sll_22_38_g2840        | A ^ -> Y ^  | MX2X1     |  0.231 |   1.403 |    1.455 | 
     | uu_dtpath/uu_exec/uu_alu/sll_22_38_g2794        |             | MXI2X2    |  0.000 |   1.403 |    1.455 | 
     | uu_dtpath/uu_exec/uu_alu/sll_22_38_g2794        | A ^ -> Y v  | MXI2X2    |  0.223 |   1.627 |    1.679 | 
     | uu_dtpath/uu_exec/uu_alu/sll_22_38_g2731        |             | AOI221X1  |  0.000 |   1.627 |    1.679 | 
     | uu_dtpath/uu_exec/uu_alu/sll_22_38_g2731        | A1 v -> Y ^ | AOI221X1  |  0.214 |   1.840 |    1.892 | 
     | uu_dtpath/uu_exec/uu_alu/sll_22_38_g2719        |             | OAI2BB1X1 |  0.000 |   1.840 |    1.892 | 
     | uu_dtpath/uu_exec/uu_alu/sll_22_38_g2719        | B0 ^ -> Y v | OAI2BB1X1 |  0.243 |   2.084 |    2.136 | 
     | uu_dtpath/uu_exec/uu_alu/g4448                  |             | AOI221XL  |  0.000 |   2.084 |    2.136 | 
     | uu_dtpath/uu_exec/uu_alu/g4448                  | B0 v -> Y ^ | AOI221XL  |  0.264 |   2.347 |    2.399 | 
     | uu_dtpath/uu_exec/uu_alu/FE_OFC797_n_255        |             | CLKBUFX8  |  0.000 |   2.347 |    2.399 | 
     | uu_dtpath/uu_exec/uu_alu/FE_OFC797_n_255        | A ^ -> Y ^  | CLKBUFX8  |  0.193 |   2.541 |    2.593 | 
     | uu_dtpath/uu_exec/uu_alu/FE_OFC630_n_255        |             | BUFX2     |  0.000 |   2.541 |    2.593 | 
     | uu_dtpath/uu_exec/uu_alu/FE_OFC630_n_255        | A ^ -> Y ^  | BUFX2     |  0.089 |   2.629 |    2.681 | 
     | uu_dtpath/uu_exec/uu_alu/g4427                  |             | OAI2BB1X2 |  0.000 |   2.629 |    2.681 | 
     | uu_dtpath/uu_exec/uu_alu/g4427                  | B0 ^ -> Y v | OAI2BB1X2 |  0.085 |   2.714 |    2.766 | 
     | uu_dtpath/uu_exec/uu_alu/g4810                  |             | OR4X1     |  0.000 |   2.714 |    2.766 | 
     | uu_dtpath/uu_exec/uu_alu/g4810                  | C v -> Y v  | OR4X1     |  0.278 |   2.992 |    3.044 | 
     | uu_dtpath/uu_exec/uu_alu/FE_RC_2_0              |             | INVXL     |  0.000 |   2.992 |    3.044 | 
     | uu_dtpath/uu_exec/uu_alu/FE_RC_2_0              | A v -> Y ^  | INVXL     |  0.037 |   3.029 |    3.081 | 
     | uu_dtpath/uu_exec/uu_alu/FE_RC_1_0              |             | NAND2BX1  |  0.000 |   3.029 |    3.081 | 
     | uu_dtpath/uu_exec/uu_alu/FE_RC_1_0              | B ^ -> Y v  | NAND2BX1  |  0.112 |   3.141 |    3.193 | 
     | uu_dtpath/uu_exec/uu_alu/FE_RC_0_0              |             | NOR3X4    |  0.000 |   3.141 |    3.193 | 
     | uu_dtpath/uu_exec/uu_alu/FE_RC_0_0              | B v -> Y ^  | NOR3X4    |  0.140 |   3.281 |    3.333 | 
     | uu_dtpath/uu_exec/g789                          |             | XOR2X4    |  0.000 |   3.281 |    3.333 | 
     | uu_dtpath/uu_exec/g789                          | B ^ -> Y ^  | XOR2X4    |  0.228 |   3.509 |    3.561 | 
     | uu_dtpath/uu_exec/g458                          |             | OAI21X4   |  0.000 |   3.509 |    3.561 | 
     | uu_dtpath/uu_exec/g458                          | A1 ^ -> Y v | OAI21X4   |  0.100 |   3.609 |    3.661 | 
     | uu_dtpath/FE_OFC608_pc_src                      |             | CLKBUFX20 |  0.000 |   3.609 |    3.661 | 
     | uu_dtpath/FE_OFC608_pc_src                      | A v -> Y v  | CLKBUFX20 |  0.131 |   3.740 |    3.792 | 
     | uu_dtpath/FE_OFC617_pc_src                      |             | BUFX2     |  0.001 |   3.741 |    3.793 | 
     | uu_dtpath/FE_OFC617_pc_src                      | A v -> Y v  | BUFX2     |  0.198 |   3.939 |    3.991 | 
     | uu_dtpath/uu_dec/g157                           |             | NOR2BX1   |  0.000 |   3.940 |    3.992 | 
     | uu_dtpath/uu_dec/g157                           | B v -> Y ^  | NOR2BX1   |  0.144 |   4.084 |    4.136 | 
     | uu_dtpath/uu_dec/o_pc_plus4_reg[20]             |             | DFFRHQX1  |  0.000 |   4.084 |    4.136 | 
     +---------------------------------------------------------------------------------------------------------+ 
     Clock Rise Edge                      0.000
     + Source Insertion Delay            -0.596
     = Beginpoint Arrival Time           -0.596
     Other End Path:
     +-------------------------------------------------------------------------------------------+ 
     |              Instance               |    Arc     |   Cell   | Retime | Arrival | Required | 
     |                                     |            |          |  Delay |  Time   |   Time   | 
     |-------------------------------------+------------+----------+--------+---------+----------| 
     |                                     | clk ^      |          |        |  -0.596 |   -0.648 | 
     | uu_dtpath/CTS_ccl_a_buf_00272       |            | CLKBUFX4 |  0.003 |  -0.593 |   -0.645 | 
     | uu_dtpath/CTS_ccl_a_buf_00272       | A ^ -> Y ^ | CLKBUFX4 |  0.091 |  -0.502 |   -0.554 | 
     | uu_dtpath/CTS_ccl_a_buf_00267       |            | CLKBUFX3 |  0.000 |  -0.502 |   -0.554 | 
     | uu_dtpath/CTS_ccl_a_buf_00267       | A ^ -> Y ^ | CLKBUFX3 |  0.101 |  -0.400 |   -0.452 | 
     | uu_dtpath/CTS_ccl_a_buf_00248       |            | CLKBUFX3 |  0.000 |  -0.400 |   -0.452 | 
     | uu_dtpath/CTS_ccl_a_buf_00248       | A ^ -> Y ^ | CLKBUFX3 |  0.093 |  -0.307 |   -0.359 | 
     | uu_dtpath/CTS_ccl_a_buf_00226       |            | CLKBUFX3 |  0.000 |  -0.307 |   -0.359 | 
     | uu_dtpath/CTS_ccl_a_buf_00226       | A ^ -> Y ^ | CLKBUFX3 |  0.091 |  -0.216 |   -0.268 | 
     | uu_dtpath/CTS_ccl_a_buf_00177       |            | CLKBUFX3 |  0.000 |  -0.216 |   -0.268 | 
     | uu_dtpath/CTS_ccl_a_buf_00177       | A ^ -> Y ^ | CLKBUFX3 |  0.091 |  -0.125 |   -0.177 | 
     | uu_dtpath/CTS_ccl_a_buf_00033       |            | CLKBUFX4 |  0.000 |  -0.125 |   -0.177 | 
     | uu_dtpath/CTS_ccl_a_buf_00033       | A ^ -> Y ^ | CLKBUFX4 |  0.104 |  -0.021 |   -0.073 | 
     | uu_dtpath/uu_dec/o_pc_plus4_reg[20] |            | DFFRHQX1 |  0.000 |  -0.021 |   -0.073 | 
     +-------------------------------------------------------------------------------------------+ 
Path 23: MET Setup Check with Pin uu_dtpath/uu_dec/o_pc_plus4_reg[17]/CK 
Endpoint:   uu_dtpath/uu_dec/o_pc_plus4_reg[17]/D (^) checked with  leading 
edge of 'clk'
Beginpoint: uu_dtpath/uu_dec/o_aluSrc_reg/Q       (^) triggered by  leading 
edge of 'clk'
Path Groups: {clk}
Analysis View: setup
Retime Analysis { Data Path-Slew SI }
Other End Arrival Time         -0.020
- Setup                         0.140
+ Phase Shift                   4.400
- Uncertainty                   0.100
= Required Time                 4.141
- Arrival Time                  4.085
= Slack Time                    0.055
= Slack Time(original)          0.098
     Clock Rise Edge                      0.000
     + Source Insertion Delay            -0.596
     = Beginpoint Arrival Time           -0.596
     Timing Path:
     +---------------------------------------------------------------------------------------------------------+ 
     |                    Instance                     |     Arc     |   Cell    | Retime | Arrival | Required | 
     |                                                 |             |           |  Delay |  Time   |   Time   | 
     |-------------------------------------------------+-------------+-----------+--------+---------+----------| 
     |                                                 | clk ^       |           |        |  -0.596 |   -0.541 | 
     | uu_dtpath/CTS_ccl_a_buf_00272                   |             | CLKBUFX4  |  0.003 |  -0.593 |   -0.537 | 
     | uu_dtpath/CTS_ccl_a_buf_00272                   | A ^ -> Y ^  | CLKBUFX4  |  0.091 |  -0.502 |   -0.446 | 
     | uu_dtpath/CTS_ccl_a_buf_00267                   |             | CLKBUFX3  |  0.000 |  -0.502 |   -0.446 | 
     | uu_dtpath/CTS_ccl_a_buf_00267                   | A ^ -> Y ^  | CLKBUFX3  |  0.101 |  -0.400 |   -0.345 | 
     | uu_dtpath/CTS_ccl_a_buf_00251                   |             | BUFX2     |  0.000 |  -0.400 |   -0.345 | 
     | uu_dtpath/CTS_ccl_a_buf_00251                   | A ^ -> Y ^  | BUFX2     |  0.095 |  -0.306 |   -0.250 | 
     | uu_dtpath/CTS_ccl_a_buf_00232                   |             | CLKBUFX3  |  0.000 |  -0.306 |   -0.250 | 
     | uu_dtpath/CTS_ccl_a_buf_00232                   | A ^ -> Y ^  | CLKBUFX3  |  0.079 |  -0.227 |   -0.171 | 
     | uu_dtpath/uu_dec/CTS_ccl_a_buf_00192            |             | CLKBUFX4  |  0.000 |  -0.227 |   -0.171 | 
     | uu_dtpath/uu_dec/CTS_ccl_a_buf_00192            | A ^ -> Y ^  | CLKBUFX4  |  0.105 |  -0.122 |   -0.067 | 
     | uu_dtpath/uu_dec/CTS_ccl_a_buf_00055            |             | CLKBUFX4  |  0.000 |  -0.122 |   -0.066 | 
     | uu_dtpath/uu_dec/CTS_ccl_a_buf_00055            | A ^ -> Y ^  | CLKBUFX4  |  0.111 |  -0.011 |    0.044 | 
     | uu_dtpath/uu_dec/o_aluSrc_reg                   |             | DFFRHQX4  |  0.000 |  -0.011 |    0.044 | 
     | uu_dtpath/uu_dec/o_aluSrc_reg                   | CK ^ -> Q ^ | DFFRHQX4  |  0.293 |   0.282 |    0.337 | 
     | uu_dtpath/uu_exec/FE_OFC71_aluSrc               |             | INVX3     |  0.000 |   0.282 |    0.337 | 
     | uu_dtpath/uu_exec/FE_OFC71_aluSrc               | A ^ -> Y v  | INVX3     |  0.078 |   0.360 |    0.415 | 
     | uu_dtpath/uu_exec/FE_OFC740_aluSrc              |             | CLKINVX20 |  0.000 |   0.360 |    0.415 | 
     | uu_dtpath/uu_exec/FE_OFC740_aluSrc              | A v -> Y ^  | CLKINVX20 |  0.086 |   0.445 |    0.501 | 
     | uu_dtpath/uu_exec/g767                          |             | NAND2X2   |  0.003 |   0.448 |    0.504 | 
     | uu_dtpath/uu_exec/g767                          | B ^ -> Y v  | NAND2X2   |  0.141 |   0.589 |    0.644 | 
     | uu_dtpath/uu_exec/g739                          |             | NAND2X2   |  0.000 |   0.589 |    0.644 | 
     | uu_dtpath/uu_exec/g739                          | A v -> Y ^  | NAND2X2   |  0.105 |   0.694 |    0.750 | 
     | uu_dtpath/uu_exec/uu_alu/FE_OFC349_alu_srcB_w_0 |             | INVX3     |  0.000 |   0.694 |    0.750 | 
     | uu_dtpath/uu_exec/uu_alu/FE_OFC349_alu_srcB_w_0 | A ^ -> Y v  | INVX3     |  0.060 |   0.754 |    0.809 | 
     | uu_dtpath/uu_exec/uu_alu/FE_OFC351_alu_srcB_w_0 |             | INVX6     |  0.000 |   0.754 |    0.809 | 
     | uu_dtpath/uu_exec/uu_alu/FE_OFC351_alu_srcB_w_0 | A v -> Y ^  | INVX6     |  0.058 |   0.812 |    0.868 | 
     | uu_dtpath/uu_exec/uu_alu/FE_OFC355_alu_srcB_w_0 |             | CLKBUFX20 |  0.000 |   0.812 |    0.868 | 
     | uu_dtpath/uu_exec/uu_alu/FE_OFC355_alu_srcB_w_0 | A ^ -> Y ^  | CLKBUFX20 |  0.142 |   0.955 |    1.010 | 
     | uu_dtpath/uu_exec/uu_alu/g2227                  |             | CLKINVX16 |  0.001 |   0.956 |    1.011 | 
     | uu_dtpath/uu_exec/uu_alu/g2227                  | A ^ -> Y v  | CLKINVX16 |  0.073 |   1.028 |    1.084 | 
     | uu_dtpath/uu_exec/uu_alu/sll_22_38_g2858        |             | AOI22X1   |  0.000 |   1.029 |    1.084 | 
     | uu_dtpath/uu_exec/uu_alu/sll_22_38_g2858        | A1 v -> Y ^ | AOI22X1   |  0.144 |   1.172 |    1.228 | 
     | uu_dtpath/uu_exec/uu_alu/sll_22_38_g2840        |             | MX2X1     |  0.000 |   1.172 |    1.228 | 
     | uu_dtpath/uu_exec/uu_alu/sll_22_38_g2840        | A ^ -> Y ^  | MX2X1     |  0.231 |   1.403 |    1.459 | 
     | uu_dtpath/uu_exec/uu_alu/sll_22_38_g2794        |             | MXI2X2    |  0.000 |   1.403 |    1.459 | 
     | uu_dtpath/uu_exec/uu_alu/sll_22_38_g2794        | A ^ -> Y v  | MXI2X2    |  0.223 |   1.627 |    1.682 | 
     | uu_dtpath/uu_exec/uu_alu/sll_22_38_g2731        |             | AOI221X1  |  0.000 |   1.627 |    1.682 | 
     | uu_dtpath/uu_exec/uu_alu/sll_22_38_g2731        | A1 v -> Y ^ | AOI221X1  |  0.214 |   1.840 |    1.896 | 
     | uu_dtpath/uu_exec/uu_alu/sll_22_38_g2719        |             | OAI2BB1X1 |  0.000 |   1.840 |    1.896 | 
     | uu_dtpath/uu_exec/uu_alu/sll_22_38_g2719        | B0 ^ -> Y v | OAI2BB1X1 |  0.243 |   2.084 |    2.139 | 
     | uu_dtpath/uu_exec/uu_alu/g4448                  |             | AOI221XL  |  0.000 |   2.084 |    2.139 | 
     | uu_dtpath/uu_exec/uu_alu/g4448                  | B0 v -> Y ^ | AOI221XL  |  0.264 |   2.347 |    2.403 | 
     | uu_dtpath/uu_exec/uu_alu/FE_OFC797_n_255        |             | CLKBUFX8  |  0.000 |   2.347 |    2.403 | 
     | uu_dtpath/uu_exec/uu_alu/FE_OFC797_n_255        | A ^ -> Y ^  | CLKBUFX8  |  0.193 |   2.541 |    2.596 | 
     | uu_dtpath/uu_exec/uu_alu/FE_OFC630_n_255        |             | BUFX2     |  0.000 |   2.541 |    2.596 | 
     | uu_dtpath/uu_exec/uu_alu/FE_OFC630_n_255        | A ^ -> Y ^  | BUFX2     |  0.089 |   2.629 |    2.685 | 
     | uu_dtpath/uu_exec/uu_alu/g4427                  |             | OAI2BB1X2 |  0.000 |   2.629 |    2.685 | 
     | uu_dtpath/uu_exec/uu_alu/g4427                  | B0 ^ -> Y v | OAI2BB1X2 |  0.085 |   2.714 |    2.770 | 
     | uu_dtpath/uu_exec/uu_alu/g4810                  |             | OR4X1     |  0.000 |   2.714 |    2.770 | 
     | uu_dtpath/uu_exec/uu_alu/g4810                  | C v -> Y v  | OR4X1     |  0.278 |   2.992 |    3.048 | 
     | uu_dtpath/uu_exec/uu_alu/FE_RC_2_0              |             | INVXL     |  0.000 |   2.992 |    3.048 | 
     | uu_dtpath/uu_exec/uu_alu/FE_RC_2_0              | A v -> Y ^  | INVXL     |  0.037 |   3.029 |    3.085 | 
     | uu_dtpath/uu_exec/uu_alu/FE_RC_1_0              |             | NAND2BX1  |  0.000 |   3.029 |    3.085 | 
     | uu_dtpath/uu_exec/uu_alu/FE_RC_1_0              | B ^ -> Y v  | NAND2BX1  |  0.112 |   3.141 |    3.197 | 
     | uu_dtpath/uu_exec/uu_alu/FE_RC_0_0              |             | NOR3X4    |  0.000 |   3.141 |    3.197 | 
     | uu_dtpath/uu_exec/uu_alu/FE_RC_0_0              | B v -> Y ^  | NOR3X4    |  0.140 |   3.281 |    3.337 | 
     | uu_dtpath/uu_exec/g789                          |             | XOR2X4    |  0.000 |   3.281 |    3.337 | 
     | uu_dtpath/uu_exec/g789                          | B ^ -> Y ^  | XOR2X4    |  0.228 |   3.509 |    3.565 | 
     | uu_dtpath/uu_exec/g458                          |             | OAI21X4   |  0.000 |   3.509 |    3.565 | 
     | uu_dtpath/uu_exec/g458                          | A1 ^ -> Y v | OAI21X4   |  0.100 |   3.609 |    3.664 | 
     | uu_dtpath/FE_OFC608_pc_src                      |             | CLKBUFX20 |  0.000 |   3.609 |    3.665 | 
     | uu_dtpath/FE_OFC608_pc_src                      | A v -> Y v  | CLKBUFX20 |  0.131 |   3.740 |    3.796 | 
     | uu_dtpath/FE_OFC617_pc_src                      |             | BUFX2     |  0.001 |   3.741 |    3.797 | 
     | uu_dtpath/FE_OFC617_pc_src                      | A v -> Y v  | BUFX2     |  0.198 |   3.939 |    3.995 | 
     | uu_dtpath/uu_dec/g117                           |             | NOR2BX1   |  0.000 |   3.940 |    3.995 | 
     | uu_dtpath/uu_dec/g117                           | B v -> Y ^  | NOR2BX1   |  0.145 |   4.085 |    4.141 | 
     | uu_dtpath/uu_dec/o_pc_plus4_reg[17]             |             | DFFRHQX1  |  0.000 |   4.085 |    4.141 | 
     +---------------------------------------------------------------------------------------------------------+ 
     Clock Rise Edge                      0.000
     + Source Insertion Delay            -0.596
     = Beginpoint Arrival Time           -0.596
     Other End Path:
     +-------------------------------------------------------------------------------------------+ 
     |              Instance               |    Arc     |   Cell   | Retime | Arrival | Required | 
     |                                     |            |          |  Delay |  Time   |   Time   | 
     |-------------------------------------+------------+----------+--------+---------+----------| 
     |                                     | clk ^      |          |        |  -0.596 |   -0.652 | 
     | uu_dtpath/CTS_ccl_a_buf_00272       |            | CLKBUFX4 |  0.003 |  -0.593 |   -0.648 | 
     | uu_dtpath/CTS_ccl_a_buf_00272       | A ^ -> Y ^ | CLKBUFX4 |  0.091 |  -0.502 |   -0.557 | 
     | uu_dtpath/CTS_ccl_a_buf_00267       |            | CLKBUFX3 |  0.000 |  -0.502 |   -0.557 | 
     | uu_dtpath/CTS_ccl_a_buf_00267       | A ^ -> Y ^ | CLKBUFX3 |  0.101 |  -0.400 |   -0.456 | 
     | uu_dtpath/CTS_ccl_a_buf_00248       |            | CLKBUFX3 |  0.000 |  -0.400 |   -0.456 | 
     | uu_dtpath/CTS_ccl_a_buf_00248       | A ^ -> Y ^ | CLKBUFX3 |  0.093 |  -0.307 |   -0.363 | 
     | uu_dtpath/CTS_ccl_a_buf_00226       |            | CLKBUFX3 |  0.000 |  -0.307 |   -0.363 | 
     | uu_dtpath/CTS_ccl_a_buf_00226       | A ^ -> Y ^ | CLKBUFX3 |  0.091 |  -0.216 |   -0.272 | 
     | uu_dtpath/CTS_ccl_a_buf_00176       |            | CLKBUFX3 |  0.000 |  -0.216 |   -0.272 | 
     | uu_dtpath/CTS_ccl_a_buf_00176       | A ^ -> Y ^ | CLKBUFX3 |  0.090 |  -0.126 |   -0.181 | 
     | uu_dtpath/CTS_ccl_a_buf_00031       |            | CLKBUFX4 |  0.000 |  -0.126 |   -0.181 | 
     | uu_dtpath/CTS_ccl_a_buf_00031       | A ^ -> Y ^ | CLKBUFX4 |  0.106 |  -0.020 |   -0.075 | 
     | uu_dtpath/uu_dec/o_pc_plus4_reg[17] |            | DFFRHQX1 |  0.000 |  -0.020 |   -0.075 | 
     +-------------------------------------------------------------------------------------------+ 
Path 24: MET Setup Check with Pin uu_dtpath/uu_dec/o_pc_plus4_reg[2]/CK 
Endpoint:   uu_dtpath/uu_dec/o_pc_plus4_reg[2]/D (^) checked with  leading edge 
of 'clk'
Beginpoint: uu_dtpath/uu_dec/o_aluSrc_reg/Q      (^) triggered by  leading edge 
of 'clk'
Path Groups: {clk}
Analysis View: setup
Retime Analysis { Data Path-Slew SI }
Other End Arrival Time          0.020
- Setup                         0.166
+ Phase Shift                   4.400
- Uncertainty                   0.100
= Required Time                 4.154
- Arrival Time                  4.096
= Slack Time                    0.058
= Slack Time(original)          0.100
     Clock Rise Edge                      0.000
     + Source Insertion Delay            -0.596
     = Beginpoint Arrival Time           -0.596
     Timing Path:
     +---------------------------------------------------------------------------------------------------------+ 
     |                    Instance                     |     Arc     |   Cell    | Retime | Arrival | Required | 
     |                                                 |             |           |  Delay |  Time   |   Time   | 
     |-------------------------------------------------+-------------+-----------+--------+---------+----------| 
     |                                                 | clk ^       |           |        |  -0.596 |   -0.538 | 
     | uu_dtpath/CTS_ccl_a_buf_00272                   |             | CLKBUFX4  |  0.003 |  -0.593 |   -0.535 | 
     | uu_dtpath/CTS_ccl_a_buf_00272                   | A ^ -> Y ^  | CLKBUFX4  |  0.091 |  -0.502 |   -0.444 | 
     | uu_dtpath/CTS_ccl_a_buf_00267                   |             | CLKBUFX3  |  0.000 |  -0.502 |   -0.444 | 
     | uu_dtpath/CTS_ccl_a_buf_00267                   | A ^ -> Y ^  | CLKBUFX3  |  0.101 |  -0.400 |   -0.342 | 
     | uu_dtpath/CTS_ccl_a_buf_00251                   |             | BUFX2     |  0.000 |  -0.400 |   -0.342 | 
     | uu_dtpath/CTS_ccl_a_buf_00251                   | A ^ -> Y ^  | BUFX2     |  0.095 |  -0.306 |   -0.247 | 
     | uu_dtpath/CTS_ccl_a_buf_00232                   |             | CLKBUFX3  |  0.000 |  -0.306 |   -0.247 | 
     | uu_dtpath/CTS_ccl_a_buf_00232                   | A ^ -> Y ^  | CLKBUFX3  |  0.079 |  -0.227 |   -0.169 | 
     | uu_dtpath/uu_dec/CTS_ccl_a_buf_00192            |             | CLKBUFX4  |  0.000 |  -0.227 |   -0.169 | 
     | uu_dtpath/uu_dec/CTS_ccl_a_buf_00192            | A ^ -> Y ^  | CLKBUFX4  |  0.105 |  -0.122 |   -0.064 | 
     | uu_dtpath/uu_dec/CTS_ccl_a_buf_00055            |             | CLKBUFX4  |  0.000 |  -0.122 |   -0.064 | 
     | uu_dtpath/uu_dec/CTS_ccl_a_buf_00055            | A ^ -> Y ^  | CLKBUFX4  |  0.111 |  -0.011 |    0.047 | 
     | uu_dtpath/uu_dec/o_aluSrc_reg                   |             | DFFRHQX4  |  0.000 |  -0.011 |    0.047 | 
     | uu_dtpath/uu_dec/o_aluSrc_reg                   | CK ^ -> Q ^ | DFFRHQX4  |  0.293 |   0.282 |    0.340 | 
     | uu_dtpath/uu_exec/FE_OFC71_aluSrc               |             | INVX3     |  0.000 |   0.282 |    0.340 | 
     | uu_dtpath/uu_exec/FE_OFC71_aluSrc               | A ^ -> Y v  | INVX3     |  0.078 |   0.360 |    0.418 | 
     | uu_dtpath/uu_exec/FE_OFC740_aluSrc              |             | CLKINVX20 |  0.000 |   0.360 |    0.418 | 
     | uu_dtpath/uu_exec/FE_OFC740_aluSrc              | A v -> Y ^  | CLKINVX20 |  0.086 |   0.445 |    0.503 | 
     | uu_dtpath/uu_exec/g767                          |             | NAND2X2   |  0.003 |   0.448 |    0.506 | 
     | uu_dtpath/uu_exec/g767                          | B ^ -> Y v  | NAND2X2   |  0.141 |   0.589 |    0.647 | 
     | uu_dtpath/uu_exec/g739                          |             | NAND2X2   |  0.000 |   0.589 |    0.647 | 
     | uu_dtpath/uu_exec/g739                          | A v -> Y ^  | NAND2X2   |  0.105 |   0.694 |    0.752 | 
     | uu_dtpath/uu_exec/uu_alu/FE_OFC349_alu_srcB_w_0 |             | INVX3     |  0.000 |   0.694 |    0.752 | 
     | uu_dtpath/uu_exec/uu_alu/FE_OFC349_alu_srcB_w_0 | A ^ -> Y v  | INVX3     |  0.060 |   0.754 |    0.812 | 
     | uu_dtpath/uu_exec/uu_alu/FE_OFC351_alu_srcB_w_0 |             | INVX6     |  0.000 |   0.754 |    0.812 | 
     | uu_dtpath/uu_exec/uu_alu/FE_OFC351_alu_srcB_w_0 | A v -> Y ^  | INVX6     |  0.058 |   0.812 |    0.871 | 
     | uu_dtpath/uu_exec/uu_alu/FE_OFC355_alu_srcB_w_0 |             | CLKBUFX20 |  0.000 |   0.812 |    0.871 | 
     | uu_dtpath/uu_exec/uu_alu/FE_OFC355_alu_srcB_w_0 | A ^ -> Y ^  | CLKBUFX20 |  0.142 |   0.955 |    1.013 | 
     | uu_dtpath/uu_exec/uu_alu/g2227                  |             | CLKINVX16 |  0.001 |   0.956 |    1.014 | 
     | uu_dtpath/uu_exec/uu_alu/g2227                  | A ^ -> Y v  | CLKINVX16 |  0.073 |   1.028 |    1.086 | 
     | uu_dtpath/uu_exec/uu_alu/sll_22_38_g2858        |             | AOI22X1   |  0.000 |   1.029 |    1.087 | 
     | uu_dtpath/uu_exec/uu_alu/sll_22_38_g2858        | A1 v -> Y ^ | AOI22X1   |  0.144 |   1.172 |    1.230 | 
     | uu_dtpath/uu_exec/uu_alu/sll_22_38_g2840        |             | MX2X1     |  0.000 |   1.172 |    1.230 | 
     | uu_dtpath/uu_exec/uu_alu/sll_22_38_g2840        | A ^ -> Y ^  | MX2X1     |  0.231 |   1.403 |    1.461 | 
     | uu_dtpath/uu_exec/uu_alu/sll_22_38_g2794        |             | MXI2X2    |  0.000 |   1.403 |    1.461 | 
     | uu_dtpath/uu_exec/uu_alu/sll_22_38_g2794        | A ^ -> Y v  | MXI2X2    |  0.223 |   1.627 |    1.685 | 
     | uu_dtpath/uu_exec/uu_alu/sll_22_38_g2731        |             | AOI221X1  |  0.000 |   1.627 |    1.685 | 
     | uu_dtpath/uu_exec/uu_alu/sll_22_38_g2731        | A1 v -> Y ^ | AOI221X1  |  0.214 |   1.840 |    1.899 | 
     | uu_dtpath/uu_exec/uu_alu/sll_22_38_g2719        |             | OAI2BB1X1 |  0.000 |   1.840 |    1.899 | 
     | uu_dtpath/uu_exec/uu_alu/sll_22_38_g2719        | B0 ^ -> Y v | OAI2BB1X1 |  0.243 |   2.084 |    2.142 | 
     | uu_dtpath/uu_exec/uu_alu/g4448                  |             | AOI221XL  |  0.000 |   2.084 |    2.142 | 
     | uu_dtpath/uu_exec/uu_alu/g4448                  | B0 v -> Y ^ | AOI221XL  |  0.264 |   2.347 |    2.406 | 
     | uu_dtpath/uu_exec/uu_alu/FE_OFC797_n_255        |             | CLKBUFX8  |  0.000 |   2.347 |    2.406 | 
     | uu_dtpath/uu_exec/uu_alu/FE_OFC797_n_255        | A ^ -> Y ^  | CLKBUFX8  |  0.193 |   2.541 |    2.599 | 
     | uu_dtpath/uu_exec/uu_alu/FE_OFC630_n_255        |             | BUFX2     |  0.000 |   2.541 |    2.599 | 
     | uu_dtpath/uu_exec/uu_alu/FE_OFC630_n_255        | A ^ -> Y ^  | BUFX2     |  0.089 |   2.629 |    2.687 | 
     | uu_dtpath/uu_exec/uu_alu/g4427                  |             | OAI2BB1X2 |  0.000 |   2.629 |    2.687 | 
     | uu_dtpath/uu_exec/uu_alu/g4427                  | B0 ^ -> Y v | OAI2BB1X2 |  0.085 |   2.714 |    2.772 | 
     | uu_dtpath/uu_exec/uu_alu/g4810                  |             | OR4X1     |  0.000 |   2.714 |    2.772 | 
     | uu_dtpath/uu_exec/uu_alu/g4810                  | C v -> Y v  | OR4X1     |  0.278 |   2.992 |    3.051 | 
     | uu_dtpath/uu_exec/uu_alu/FE_RC_2_0              |             | INVXL     |  0.000 |   2.992 |    3.051 | 
     | uu_dtpath/uu_exec/uu_alu/FE_RC_2_0              | A v -> Y ^  | INVXL     |  0.037 |   3.029 |    3.087 | 
     | uu_dtpath/uu_exec/uu_alu/FE_RC_1_0              |             | NAND2BX1  |  0.000 |   3.029 |    3.087 | 
     | uu_dtpath/uu_exec/uu_alu/FE_RC_1_0              | B ^ -> Y v  | NAND2BX1  |  0.112 |   3.141 |    3.199 | 
     | uu_dtpath/uu_exec/uu_alu/FE_RC_0_0              |             | NOR3X4    |  0.000 |   3.141 |    3.199 | 
     | uu_dtpath/uu_exec/uu_alu/FE_RC_0_0              | B v -> Y ^  | NOR3X4    |  0.140 |   3.281 |    3.339 | 
     | uu_dtpath/uu_exec/g789                          |             | XOR2X4    |  0.000 |   3.281 |    3.339 | 
     | uu_dtpath/uu_exec/g789                          | B ^ -> Y ^  | XOR2X4    |  0.228 |   3.509 |    3.567 | 
     | uu_dtpath/uu_exec/g458                          |             | OAI21X4   |  0.000 |   3.509 |    3.567 | 
     | uu_dtpath/uu_exec/g458                          | A1 ^ -> Y v | OAI21X4   |  0.100 |   3.609 |    3.667 | 
     | uu_dtpath/FE_OFC608_pc_src                      |             | CLKBUFX20 |  0.000 |   3.609 |    3.667 | 
     | uu_dtpath/FE_OFC608_pc_src                      | A v -> Y v  | CLKBUFX20 |  0.131 |   3.740 |    3.798 | 
     | uu_dtpath/FE_OFC618_pc_src                      |             | CLKBUFX6  |  0.001 |   3.741 |    3.799 | 
     | uu_dtpath/FE_OFC618_pc_src                      | A v -> Y v  | CLKBUFX6  |  0.186 |   3.927 |    3.985 | 
     | uu_dtpath/uu_dec/g104                           |             | NOR2BX1   |  0.001 |   3.928 |    3.986 | 
     | uu_dtpath/uu_dec/g104                           | B v -> Y ^  | NOR2BX1   |  0.168 |   4.096 |    4.154 | 
     | uu_dtpath/uu_dec/o_pc_plus4_reg[2]              |             | DFFRHQX1  |  0.000 |   4.096 |    4.154 | 
     +---------------------------------------------------------------------------------------------------------+ 
     Clock Rise Edge                      0.000
     + Source Insertion Delay            -0.596
     = Beginpoint Arrival Time           -0.596
     Other End Path:
     +------------------------------------------------------------------------------------------+ 
     |              Instance              |    Arc     |   Cell   | Retime | Arrival | Required | 
     |                                    |            |          |  Delay |  Time   |   Time   | 
     |------------------------------------+------------+----------+--------+---------+----------| 
     |                                    | clk ^      |          |        |  -0.596 |   -0.654 | 
     | uu_dtpath/CTS_ccl_a_buf_00272      |            | CLKBUFX4 |  0.003 |  -0.593 |   -0.651 | 
     | uu_dtpath/CTS_ccl_a_buf_00272      | A ^ -> Y ^ | CLKBUFX4 |  0.091 |  -0.502 |   -0.560 | 
     | uu_dtpath/CTS_ccl_a_buf_00260      |            | CLKBUFX3 |  0.000 |  -0.502 |   -0.560 | 
     | uu_dtpath/CTS_ccl_a_buf_00260      | A ^ -> Y ^ | CLKBUFX3 |  0.100 |  -0.402 |   -0.460 | 
     | uu_dtpath/CTS_ccl_a_buf_00250      |            | CLKBUFX4 |  0.000 |  -0.402 |   -0.460 | 
     | uu_dtpath/CTS_ccl_a_buf_00250      | A ^ -> Y ^ | CLKBUFX4 |  0.106 |  -0.296 |   -0.354 | 
     | uu_dtpath/CTS_ccl_a_buf_00231      |            | BUFX2    |  0.000 |  -0.296 |   -0.354 | 
     | uu_dtpath/CTS_ccl_a_buf_00231      | A ^ -> Y ^ | BUFX2    |  0.101 |  -0.195 |   -0.253 | 
     | uu_dtpath/CTS_ccl_a_buf_00184      |            | CLKBUFX4 |  0.000 |  -0.195 |   -0.253 | 
     | uu_dtpath/CTS_ccl_a_buf_00184      | A ^ -> Y ^ | CLKBUFX4 |  0.106 |  -0.088 |   -0.146 | 
     | uu_dtpath/CTS_ccl_a_buf_00021      |            | CLKBUFX4 |  0.000 |  -0.088 |   -0.146 | 
     | uu_dtpath/CTS_ccl_a_buf_00021      | A ^ -> Y ^ | CLKBUFX4 |  0.108 |   0.020 |   -0.038 | 
     | uu_dtpath/uu_dec/o_pc_plus4_reg[2] |            | DFFRHQX1 |  0.000 |   0.020 |   -0.038 | 
     +------------------------------------------------------------------------------------------+ 
Path 25: MET Setup Check with Pin uu_dtpath/uu_dec/rd2_ff_reg[29]/CK 
Endpoint:   uu_dtpath/uu_dec/rd2_ff_reg[29]/D                (v) checked with  
leading edge of 'clk'
Beginpoint: uu_dtpath/uu_dec/uu_reg_file/reg_dt_reg[2][29]/Q (v) triggered by 
trailing edge of 'clk'
Path Groups: {clk}
Analysis View: setup
Retime Analysis { Data Path-Slew SI }
Other End Arrival Time         -0.011
- Setup                         0.038
+ Phase Shift                   4.400
- Uncertainty                   0.100
= Required Time                 4.251
- Arrival Time                  4.130
= Slack Time                    0.120
= Slack Time(original)          0.100
     Clock Fall Edge                      2.200
     + Source Insertion Delay            -0.598
     = Beginpoint Arrival Time            1.602
     Timing Path:
     +----------------------------------------------------------------------------------------------------------+ 
     |                     Instance                     |     Arc     |   Cell    | Retime | Arrival | Required | 
     |                                                  |             |           |  Delay |  Time   |   Time   | 
     |--------------------------------------------------+-------------+-----------+--------+---------+----------| 
     |                                                  | clk v       |           |        |   1.602 |    1.722 | 
     | uu_dtpath/uu_dec/g163                            |             | INVX2     |  0.002 |   1.604 |    1.724 | 
     | uu_dtpath/uu_dec/g163                            | A v -> Y ^  | INVX2     |  0.029 |   1.632 |    1.753 | 
     | uu_dtpath/uu_dec/uu_reg_file/CTS_ccl_a_buf_00273 |             | CLKBUFX3  |  0.000 |   1.632 |    1.753 | 
     | uu_dtpath/uu_dec/uu_reg_file/CTS_ccl_a_buf_00273 | A ^ -> Y ^  | CLKBUFX3  |  0.088 |   1.720 |    1.841 | 
     | uu_dtpath/uu_dec/uu_reg_file/CTS_ccl_a_buf_00270 |             | CLKBUFX4  |  0.000 |   1.720 |    1.841 | 
     | uu_dtpath/uu_dec/uu_reg_file/CTS_ccl_a_buf_00270 | A ^ -> Y ^  | CLKBUFX4  |  0.104 |   1.824 |    1.945 | 
     | uu_dtpath/uu_dec/uu_reg_file/CTS_ccl_a_buf_00257 |             | CLKBUFX4  |  0.000 |   1.824 |    1.945 | 
     | uu_dtpath/uu_dec/uu_reg_file/CTS_ccl_a_buf_00257 | A ^ -> Y ^  | CLKBUFX4  |  0.106 |   1.930 |    2.051 | 
     | uu_dtpath/uu_dec/uu_reg_file/CTS_ccl_a_buf_00244 |             | BUFX2     |  0.000 |   1.930 |    2.051 | 
     | uu_dtpath/uu_dec/uu_reg_file/CTS_ccl_a_buf_00244 | A ^ -> Y ^  | BUFX2     |  0.102 |   2.032 |    2.152 | 
     | uu_dtpath/uu_dec/uu_reg_file/CTS_ccl_a_buf_00222 |             | CLKBUFX3  |  0.000 |   2.032 |    2.152 | 
     | uu_dtpath/uu_dec/uu_reg_file/CTS_ccl_a_buf_00222 | A ^ -> Y ^  | CLKBUFX3  |  0.094 |   2.126 |    2.246 | 
     | uu_dtpath/uu_dec/uu_reg_file/CTS_ccl_a_buf_00172 |             | CLKBUFX4  |  0.000 |   2.126 |    2.246 | 
     | uu_dtpath/uu_dec/uu_reg_file/CTS_ccl_a_buf_00172 | A ^ -> Y ^  | CLKBUFX4  |  0.104 |   2.230 |    2.350 | 
     | uu_dtpath/uu_dec/uu_reg_file/reg_dt_reg[2][29]   |             | SDFFRHQX1 |  0.000 |   2.230 |    2.350 | 
     | uu_dtpath/uu_dec/uu_reg_file/reg_dt_reg[2][29]   | CK ^ -> Q v | SDFFRHQX1 |  0.256 |   2.486 |    2.606 | 
     | uu_dtpath/uu_dec/uu_reg_file/g3866               |             | AOI222X1  |  0.000 |   2.486 |    2.606 | 
     | uu_dtpath/uu_dec/uu_reg_file/g3866               | A0 v -> Y ^ | AOI222X1  |  0.243 |   2.729 |    2.849 | 
     | uu_dtpath/uu_dec/uu_reg_file/g3513               |             | NAND2X2   |  0.000 |   2.729 |    2.849 | 
     | uu_dtpath/uu_dec/uu_reg_file/g3513               | A ^ -> Y v  | NAND2X2   |  0.213 |   2.942 |    3.062 | 
     | uu_dtpath/uu_dec/uu_reg_file/g37265              |             | NAND4BX1  |  0.000 |   2.942 |    3.062 | 
     | uu_dtpath/uu_dec/uu_reg_file/g37265              | AN v -> Y v | NAND4BX1  |  0.293 |   3.235 |    3.355 | 
     | uu_dtpath/uu_dec/uu_reg_file/FE_OFC393_n_2936    |             | BUFX2     |  0.000 |   3.235 |    3.355 | 
     | uu_dtpath/uu_dec/uu_reg_file/FE_OFC393_n_2936    | A v -> Y v  | BUFX2     |  0.233 |   3.468 |    3.588 | 
     | uu_dtpath/uu_dec/uu_reg_file/g37229              |             | NAND4BBXL |  0.000 |   3.468 |    3.588 | 
     | uu_dtpath/uu_dec/uu_reg_file/g37229              | AN v -> Y v | NAND4BBXL |  0.276 |   3.744 |    3.864 | 
     | uu_dtpath/uu_dec/FE_OFC771_rd2_w_29              |             | CLKBUFX2  |  0.000 |   3.744 |    3.864 | 
     | uu_dtpath/uu_dec/FE_OFC771_rd2_w_29              | A v -> Y v  | CLKBUFX2  |  0.190 |   3.934 |    4.054 | 
     | uu_dtpath/uu_dec/FE_OFC583_rd2_w_29              |             | BUFX2     |  0.000 |   3.934 |    4.054 | 
     | uu_dtpath/uu_dec/FE_OFC583_rd2_w_29              | A v -> Y v  | BUFX2     |  0.104 |   4.038 |    4.158 | 
     | uu_dtpath/uu_dec/g177                            |             | AND2X1    |  0.000 |   4.038 |    4.158 | 
     | uu_dtpath/uu_dec/g177                            | B v -> Y v  | AND2X1    |  0.092 |   4.130 |    4.250 | 
     | uu_dtpath/uu_dec/rd2_ff_reg[29]                  |             | DFFRHQX1  |  0.000 |   4.130 |    4.251 | 
     +----------------------------------------------------------------------------------------------------------+ 
     Clock Rise Edge                      0.000
     + Source Insertion Delay            -0.596
     = Beginpoint Arrival Time           -0.596
     Other End Path:
     +--------------------------------------------------------------------------------------------+ 
     |               Instance               |    Arc     |   Cell   | Retime | Arrival | Required | 
     |                                      |            |          |  Delay |  Time   |   Time   | 
     |--------------------------------------+------------+----------+--------+---------+----------| 
     |                                      | clk ^      |          |        |  -0.596 |   -0.716 | 
     | uu_dtpath/CTS_ccl_a_buf_00272        |            | CLKBUFX4 |  0.003 |  -0.593 |   -0.713 | 
     | uu_dtpath/CTS_ccl_a_buf_00272        | A ^ -> Y ^ | CLKBUFX4 |  0.091 |  -0.502 |   -0.622 | 
     | uu_dtpath/CTS_ccl_a_buf_00260        |            | CLKBUFX3 |  0.000 |  -0.502 |   -0.622 | 
     | uu_dtpath/CTS_ccl_a_buf_00260        | A ^ -> Y ^ | CLKBUFX3 |  0.100 |  -0.402 |   -0.522 | 
     | uu_dtpath/CTS_ccl_a_buf_00250        |            | CLKBUFX4 |  0.000 |  -0.402 |   -0.522 | 
     | uu_dtpath/CTS_ccl_a_buf_00250        | A ^ -> Y ^ | CLKBUFX4 |  0.106 |  -0.296 |   -0.416 | 
     | uu_dtpath/uu_dec/CTS_ccl_a_buf_00230 |            | CLKBUFX3 |  0.000 |  -0.296 |   -0.416 | 
     | uu_dtpath/uu_dec/CTS_ccl_a_buf_00230 | A ^ -> Y ^ | CLKBUFX3 |  0.093 |  -0.202 |   -0.322 | 
     | uu_dtpath/uu_dec/CTS_ccl_a_buf_00190 |            | CLKBUFX3 |  0.000 |  -0.202 |   -0.322 | 
     | uu_dtpath/uu_dec/CTS_ccl_a_buf_00190 | A ^ -> Y ^ | CLKBUFX3 |  0.088 |  -0.114 |   -0.234 | 
     | uu_dtpath/uu_dec/CTS_ccl_a_buf_00061 |            | CLKBUFX4 |  0.000 |  -0.114 |   -0.234 | 
     | uu_dtpath/uu_dec/CTS_ccl_a_buf_00061 | A ^ -> Y ^ | CLKBUFX4 |  0.102 |  -0.011 |   -0.132 | 
     | uu_dtpath/uu_dec/rd2_ff_reg[29]      |            | DFFRHQX1 |  0.000 |  -0.011 |   -0.132 | 
     +--------------------------------------------------------------------------------------------+ 
Path 26: MET Setup Check with Pin uu_dtpath/uu_dec/rd2_ff_reg[31]/CK 
Endpoint:   uu_dtpath/uu_dec/rd2_ff_reg[31]/D                (v) checked with  
leading edge of 'clk'
Beginpoint: uu_dtpath/uu_dec/uu_reg_file/reg_dt_reg[5][31]/Q (v) triggered by 
trailing edge of 'clk'
Path Groups: {clk}
Analysis View: setup
Retime Analysis { Data Path-Slew SI }
Other End Arrival Time         -0.010
- Setup                         0.048
+ Phase Shift                   4.400
- Uncertainty                   0.100
= Required Time                 4.242
- Arrival Time                  4.149
= Slack Time                    0.093
= Slack Time(original)          0.100
     Clock Fall Edge                      2.200
     + Source Insertion Delay            -0.598
     = Beginpoint Arrival Time            1.602
     Timing Path:
     +----------------------------------------------------------------------------------------------------------+ 
     |                     Instance                     |     Arc     |   Cell    | Retime | Arrival | Required | 
     |                                                  |             |           |  Delay |  Time   |   Time   | 
     |--------------------------------------------------+-------------+-----------+--------+---------+----------| 
     |                                                  | clk v       |           |        |   1.602 |    1.695 | 
     | uu_dtpath/uu_dec/g163                            |             | INVX2     |  0.002 |   1.604 |    1.697 | 
     | uu_dtpath/uu_dec/g163                            | A v -> Y ^  | INVX2     |  0.029 |   1.632 |    1.725 | 
     | uu_dtpath/uu_dec/uu_reg_file/CTS_ccl_a_buf_00273 |             | CLKBUFX3  |  0.000 |   1.632 |    1.725 | 
     | uu_dtpath/uu_dec/uu_reg_file/CTS_ccl_a_buf_00273 | A ^ -> Y ^  | CLKBUFX3  |  0.088 |   1.720 |    1.813 | 
     | uu_dtpath/uu_dec/uu_reg_file/CTS_ccl_a_buf_00270 |             | CLKBUFX4  |  0.000 |   1.720 |    1.813 | 
     | uu_dtpath/uu_dec/uu_reg_file/CTS_ccl_a_buf_00270 | A ^ -> Y ^  | CLKBUFX4  |  0.104 |   1.824 |    1.917 | 
     | uu_dtpath/uu_dec/uu_reg_file/CTS_ccl_a_buf_00257 |             | CLKBUFX4  |  0.000 |   1.824 |    1.917 | 
     | uu_dtpath/uu_dec/uu_reg_file/CTS_ccl_a_buf_00257 | A ^ -> Y ^  | CLKBUFX4  |  0.106 |   1.930 |    2.023 | 
     | uu_dtpath/uu_dec/uu_reg_file/CTS_ccl_a_buf_00244 |             | BUFX2     |  0.000 |   1.930 |    2.023 | 
     | uu_dtpath/uu_dec/uu_reg_file/CTS_ccl_a_buf_00244 | A ^ -> Y ^  | BUFX2     |  0.102 |   2.032 |    2.125 | 
     | uu_dtpath/uu_dec/uu_reg_file/CTS_ccl_a_buf_00222 |             | CLKBUFX3  |  0.000 |   2.032 |    2.125 | 
     | uu_dtpath/uu_dec/uu_reg_file/CTS_ccl_a_buf_00222 | A ^ -> Y ^  | CLKBUFX3  |  0.094 |   2.126 |    2.219 | 
     | uu_dtpath/uu_dec/uu_reg_file/CTS_ccl_a_buf_00157 |             | CLKBUFX4  |  0.000 |   2.126 |    2.219 | 
     | uu_dtpath/uu_dec/uu_reg_file/CTS_ccl_a_buf_00157 | A ^ -> Y ^  | CLKBUFX4  |  0.103 |   2.229 |    2.322 | 
     | uu_dtpath/uu_dec/uu_reg_file/reg_dt_reg[5][31]   |             | SDFFRHQX1 |  0.000 |   2.229 |    2.322 | 
     | uu_dtpath/uu_dec/uu_reg_file/reg_dt_reg[5][31]   | CK ^ -> Q v | SDFFRHQX1 |  0.258 |   2.486 |    2.579 | 
     | uu_dtpath/uu_dec/uu_reg_file/g3902               |             | AOI22X1   |  0.000 |   2.486 |    2.579 | 
     | uu_dtpath/uu_dec/uu_reg_file/g3902               | A0 v -> Y ^ | AOI22X1   |  0.113 |   2.600 |    2.692 | 
     | uu_dtpath/uu_dec/uu_reg_file/g3827               |             | AND2X1    |  0.000 |   2.600 |    2.692 | 
     | uu_dtpath/uu_dec/uu_reg_file/g3827               | B ^ -> Y ^  | AND2X1    |  0.165 |   2.764 |    2.857 | 
     | uu_dtpath/uu_dec/uu_reg_file/g3519               |             | NAND2X1   |  0.000 |   2.764 |    2.857 | 
     | uu_dtpath/uu_dec/uu_reg_file/g3519               | B ^ -> Y v  | NAND2X1   |  0.148 |   2.913 |    3.006 | 
     | uu_dtpath/uu_dec/uu_reg_file/g37240              |             | NAND4BX1  |  0.000 |   2.913 |    3.006 | 
     | uu_dtpath/uu_dec/uu_reg_file/g37240              | AN v -> Y v | NAND4BX1  |  0.290 |   3.203 |    3.296 | 
     | uu_dtpath/uu_dec/uu_reg_file/FE_OFC811_n_2911    |             | CLKBUFX4  |  0.000 |   3.203 |    3.296 | 
     | uu_dtpath/uu_dec/uu_reg_file/FE_OFC811_n_2911    | A v -> Y v  | CLKBUFX4  |  0.181 |   3.384 |    3.477 | 
     | uu_dtpath/uu_dec/uu_reg_file/FE_OFC179_n_2911    |             | BUFX2     |  0.000 |   3.384 |    3.477 | 
     | uu_dtpath/uu_dec/uu_reg_file/FE_OFC179_n_2911    | A v -> Y v  | BUFX2     |  0.097 |   3.481 |    3.574 | 
     | uu_dtpath/uu_dec/uu_reg_file/g37223              |             | NAND4BBXL |  0.000 |   3.481 |    3.574 | 
     | uu_dtpath/uu_dec/uu_reg_file/g37223              | AN v -> Y v | NAND4BBXL |  0.261 |   3.742 |    3.835 | 
     | uu_dtpath/uu_dec/FE_OFC851_rd2_w_31              |             | CLKBUFX2  |  0.000 |   3.742 |    3.835 | 
     | uu_dtpath/uu_dec/FE_OFC851_rd2_w_31              | A v -> Y v  | CLKBUFX2  |  0.191 |   3.933 |    4.026 | 
     | uu_dtpath/uu_dec/FE_OFC383_rd2_w_31              |             | BUFX2     |  0.000 |   3.933 |    4.026 | 
     | uu_dtpath/uu_dec/FE_OFC383_rd2_w_31              | A v -> Y v  | BUFX2     |  0.119 |   4.052 |    4.145 | 
     | uu_dtpath/uu_dec/g172                            |             | AND2X1    |  0.000 |   4.052 |    4.145 | 
     | uu_dtpath/uu_dec/g172                            | B v -> Y v  | AND2X1    |  0.098 |   4.149 |    4.242 | 
     | uu_dtpath/uu_dec/rd2_ff_reg[31]                  |             | DFFRHQX1  |  0.000 |   4.149 |    4.242 | 
     +----------------------------------------------------------------------------------------------------------+ 
     Clock Rise Edge                      0.000
     + Source Insertion Delay            -0.596
     = Beginpoint Arrival Time           -0.596
     Other End Path:
     +--------------------------------------------------------------------------------------------+ 
     |               Instance               |    Arc     |   Cell   | Retime | Arrival | Required | 
     |                                      |            |          |  Delay |  Time   |   Time   | 
     |--------------------------------------+------------+----------+--------+---------+----------| 
     |                                      | clk ^      |          |        |  -0.596 |   -0.689 | 
     | uu_dtpath/CTS_ccl_a_buf_00272        |            | CLKBUFX4 |  0.003 |  -0.593 |   -0.686 | 
     | uu_dtpath/CTS_ccl_a_buf_00272        | A ^ -> Y ^ | CLKBUFX4 |  0.091 |  -0.502 |   -0.595 | 
     | uu_dtpath/CTS_ccl_a_buf_00267        |            | CLKBUFX3 |  0.000 |  -0.502 |   -0.595 | 
     | uu_dtpath/CTS_ccl_a_buf_00267        | A ^ -> Y ^ | CLKBUFX3 |  0.101 |  -0.400 |   -0.493 | 
     | uu_dtpath/CTS_ccl_a_buf_00251        |            | BUFX2    |  0.000 |  -0.400 |   -0.493 | 
     | uu_dtpath/CTS_ccl_a_buf_00251        | A ^ -> Y ^ | BUFX2    |  0.095 |  -0.306 |   -0.399 | 
     | uu_dtpath/CTS_ccl_a_buf_00232        |            | CLKBUFX3 |  0.000 |  -0.306 |   -0.399 | 
     | uu_dtpath/CTS_ccl_a_buf_00232        | A ^ -> Y ^ | CLKBUFX3 |  0.079 |  -0.227 |   -0.320 | 
     | uu_dtpath/uu_dec/CTS_ccl_a_buf_00192 |            | CLKBUFX4 |  0.000 |  -0.227 |   -0.320 | 
     | uu_dtpath/uu_dec/CTS_ccl_a_buf_00192 | A ^ -> Y ^ | CLKBUFX4 |  0.105 |  -0.122 |   -0.215 | 
     | uu_dtpath/uu_dec/CTS_ccl_a_buf_00053 |            | CLKBUFX4 |  0.000 |  -0.122 |   -0.215 | 
     | uu_dtpath/uu_dec/CTS_ccl_a_buf_00053 | A ^ -> Y ^ | CLKBUFX4 |  0.112 |  -0.010 |   -0.103 | 
     | uu_dtpath/uu_dec/rd2_ff_reg[31]      |            | DFFRHQX1 |  0.000 |  -0.010 |   -0.103 | 
     +--------------------------------------------------------------------------------------------+ 
Path 27: MET Setup Check with Pin uu_dtpath/uu_fetch/pc_plus4_ff_reg[19]/CK 
Endpoint:   uu_dtpath/uu_fetch/pc_plus4_ff_reg[19]/D (^) checked with  leading 
edge of 'clk'
Beginpoint: uu_dtpath/uu_dec/o_aluSrc_reg/Q          (^) triggered by  leading 
edge of 'clk'
Path Groups: {clk}
Analysis View: setup
Retime Analysis { Data Path-Slew SI }
Other End Arrival Time         -0.021
- Setup                         0.139
+ Phase Shift                   4.400
- Uncertainty                   0.100
= Required Time                 4.140
- Arrival Time                  4.082
= Slack Time                    0.058
= Slack Time(original)          0.100
     Clock Rise Edge                      0.000
     + Source Insertion Delay            -0.596
     = Beginpoint Arrival Time           -0.596
     Timing Path:
     +---------------------------------------------------------------------------------------------------------+ 
     |                    Instance                     |     Arc     |   Cell    | Retime | Arrival | Required | 
     |                                                 |             |           |  Delay |  Time   |   Time   | 
     |-------------------------------------------------+-------------+-----------+--------+---------+----------| 
     |                                                 | clk ^       |           |        |  -0.596 |   -0.538 | 
     | uu_dtpath/CTS_ccl_a_buf_00272                   |             | CLKBUFX4  |  0.003 |  -0.593 |   -0.535 | 
     | uu_dtpath/CTS_ccl_a_buf_00272                   | A ^ -> Y ^  | CLKBUFX4  |  0.091 |  -0.502 |   -0.444 | 
     | uu_dtpath/CTS_ccl_a_buf_00267                   |             | CLKBUFX3  |  0.000 |  -0.502 |   -0.444 | 
     | uu_dtpath/CTS_ccl_a_buf_00267                   | A ^ -> Y ^  | CLKBUFX3  |  0.101 |  -0.400 |   -0.342 | 
     | uu_dtpath/CTS_ccl_a_buf_00251                   |             | BUFX2     |  0.000 |  -0.400 |   -0.342 | 
     | uu_dtpath/CTS_ccl_a_buf_00251                   | A ^ -> Y ^  | BUFX2     |  0.095 |  -0.306 |   -0.248 | 
     | uu_dtpath/CTS_ccl_a_buf_00232                   |             | CLKBUFX3  |  0.000 |  -0.306 |   -0.248 | 
     | uu_dtpath/CTS_ccl_a_buf_00232                   | A ^ -> Y ^  | CLKBUFX3  |  0.079 |  -0.227 |   -0.169 | 
     | uu_dtpath/uu_dec/CTS_ccl_a_buf_00192            |             | CLKBUFX4  |  0.000 |  -0.227 |   -0.169 | 
     | uu_dtpath/uu_dec/CTS_ccl_a_buf_00192            | A ^ -> Y ^  | CLKBUFX4  |  0.105 |  -0.122 |   -0.064 | 
     | uu_dtpath/uu_dec/CTS_ccl_a_buf_00055            |             | CLKBUFX4  |  0.000 |  -0.122 |   -0.064 | 
     | uu_dtpath/uu_dec/CTS_ccl_a_buf_00055            | A ^ -> Y ^  | CLKBUFX4  |  0.111 |  -0.011 |    0.047 | 
     | uu_dtpath/uu_dec/o_aluSrc_reg                   |             | DFFRHQX4  |  0.000 |  -0.011 |    0.047 | 
     | uu_dtpath/uu_dec/o_aluSrc_reg                   | CK ^ -> Q ^ | DFFRHQX4  |  0.293 |   0.282 |    0.339 | 
     | uu_dtpath/uu_exec/FE_OFC71_aluSrc               |             | INVX3     |  0.000 |   0.282 |    0.339 | 
     | uu_dtpath/uu_exec/FE_OFC71_aluSrc               | A ^ -> Y v  | INVX3     |  0.078 |   0.360 |    0.417 | 
     | uu_dtpath/uu_exec/FE_OFC740_aluSrc              |             | CLKINVX20 |  0.000 |   0.360 |    0.418 | 
     | uu_dtpath/uu_exec/FE_OFC740_aluSrc              | A v -> Y ^  | CLKINVX20 |  0.086 |   0.445 |    0.503 | 
     | uu_dtpath/uu_exec/g767                          |             | NAND2X2   |  0.003 |   0.448 |    0.506 | 
     | uu_dtpath/uu_exec/g767                          | B ^ -> Y v  | NAND2X2   |  0.141 |   0.589 |    0.647 | 
     | uu_dtpath/uu_exec/g739                          |             | NAND2X2   |  0.000 |   0.589 |    0.647 | 
     | uu_dtpath/uu_exec/g739                          | A v -> Y ^  | NAND2X2   |  0.105 |   0.694 |    0.752 | 
     | uu_dtpath/uu_exec/uu_alu/FE_OFC349_alu_srcB_w_0 |             | INVX3     |  0.000 |   0.694 |    0.752 | 
     | uu_dtpath/uu_exec/uu_alu/FE_OFC349_alu_srcB_w_0 | A ^ -> Y v  | INVX3     |  0.060 |   0.754 |    0.812 | 
     | uu_dtpath/uu_exec/uu_alu/FE_OFC351_alu_srcB_w_0 |             | INVX6     |  0.000 |   0.754 |    0.812 | 
     | uu_dtpath/uu_exec/uu_alu/FE_OFC351_alu_srcB_w_0 | A v -> Y ^  | INVX6     |  0.058 |   0.812 |    0.870 | 
     | uu_dtpath/uu_exec/uu_alu/FE_OFC355_alu_srcB_w_0 |             | CLKBUFX20 |  0.000 |   0.812 |    0.870 | 
     | uu_dtpath/uu_exec/uu_alu/FE_OFC355_alu_srcB_w_0 | A ^ -> Y ^  | CLKBUFX20 |  0.142 |   0.955 |    1.013 | 
     | uu_dtpath/uu_exec/uu_alu/g2227                  |             | CLKINVX16 |  0.001 |   0.956 |    1.014 | 
     | uu_dtpath/uu_exec/uu_alu/g2227                  | A ^ -> Y v  | CLKINVX16 |  0.073 |   1.028 |    1.086 | 
     | uu_dtpath/uu_exec/uu_alu/sll_22_38_g2858        |             | AOI22X1   |  0.000 |   1.029 |    1.086 | 
     | uu_dtpath/uu_exec/uu_alu/sll_22_38_g2858        | A1 v -> Y ^ | AOI22X1   |  0.144 |   1.172 |    1.230 | 
     | uu_dtpath/uu_exec/uu_alu/sll_22_38_g2840        |             | MX2X1     |  0.000 |   1.172 |    1.230 | 
     | uu_dtpath/uu_exec/uu_alu/sll_22_38_g2840        | A ^ -> Y ^  | MX2X1     |  0.231 |   1.403 |    1.461 | 
     | uu_dtpath/uu_exec/uu_alu/sll_22_38_g2794        |             | MXI2X2    |  0.000 |   1.403 |    1.461 | 
     | uu_dtpath/uu_exec/uu_alu/sll_22_38_g2794        | A ^ -> Y v  | MXI2X2    |  0.223 |   1.627 |    1.685 | 
     | uu_dtpath/uu_exec/uu_alu/sll_22_38_g2731        |             | AOI221X1  |  0.000 |   1.627 |    1.685 | 
     | uu_dtpath/uu_exec/uu_alu/sll_22_38_g2731        | A1 v -> Y ^ | AOI221X1  |  0.214 |   1.840 |    1.898 | 
     | uu_dtpath/uu_exec/uu_alu/sll_22_38_g2719        |             | OAI2BB1X1 |  0.000 |   1.840 |    1.898 | 
     | uu_dtpath/uu_exec/uu_alu/sll_22_38_g2719        | B0 ^ -> Y v | OAI2BB1X1 |  0.243 |   2.084 |    2.142 | 
     | uu_dtpath/uu_exec/uu_alu/g4448                  |             | AOI221XL  |  0.000 |   2.084 |    2.142 | 
     | uu_dtpath/uu_exec/uu_alu/g4448                  | B0 v -> Y ^ | AOI221XL  |  0.264 |   2.347 |    2.405 | 
     | uu_dtpath/uu_exec/uu_alu/FE_OFC797_n_255        |             | CLKBUFX8  |  0.000 |   2.347 |    2.405 | 
     | uu_dtpath/uu_exec/uu_alu/FE_OFC797_n_255        | A ^ -> Y ^  | CLKBUFX8  |  0.193 |   2.541 |    2.599 | 
     | uu_dtpath/uu_exec/uu_alu/FE_OFC630_n_255        |             | BUFX2     |  0.000 |   2.541 |    2.599 | 
     | uu_dtpath/uu_exec/uu_alu/FE_OFC630_n_255        | A ^ -> Y ^  | BUFX2     |  0.089 |   2.629 |    2.687 | 
     | uu_dtpath/uu_exec/uu_alu/g4427                  |             | OAI2BB1X2 |  0.000 |   2.629 |    2.687 | 
     | uu_dtpath/uu_exec/uu_alu/g4427                  | B0 ^ -> Y v | OAI2BB1X2 |  0.085 |   2.714 |    2.772 | 
     | uu_dtpath/uu_exec/uu_alu/g4810                  |             | OR4X1     |  0.000 |   2.714 |    2.772 | 
     | uu_dtpath/uu_exec/uu_alu/g4810                  | C v -> Y v  | OR4X1     |  0.278 |   2.992 |    3.050 | 
     | uu_dtpath/uu_exec/uu_alu/FE_RC_2_0              |             | INVXL     |  0.000 |   2.992 |    3.050 | 
     | uu_dtpath/uu_exec/uu_alu/FE_RC_2_0              | A v -> Y ^  | INVXL     |  0.037 |   3.029 |    3.087 | 
     | uu_dtpath/uu_exec/uu_alu/FE_RC_1_0              |             | NAND2BX1  |  0.000 |   3.029 |    3.087 | 
     | uu_dtpath/uu_exec/uu_alu/FE_RC_1_0              | B ^ -> Y v  | NAND2BX1  |  0.112 |   3.141 |    3.199 | 
     | uu_dtpath/uu_exec/uu_alu/FE_RC_0_0              |             | NOR3X4    |  0.000 |   3.141 |    3.199 | 
     | uu_dtpath/uu_exec/uu_alu/FE_RC_0_0              | B v -> Y ^  | NOR3X4    |  0.140 |   3.281 |    3.339 | 
     | uu_dtpath/uu_exec/g789                          |             | XOR2X4    |  0.000 |   3.281 |    3.339 | 
     | uu_dtpath/uu_exec/g789                          | B ^ -> Y ^  | XOR2X4    |  0.228 |   3.509 |    3.567 | 
     | uu_dtpath/uu_exec/g458                          |             | OAI21X4   |  0.000 |   3.509 |    3.567 | 
     | uu_dtpath/uu_exec/g458                          | A1 ^ -> Y v | OAI21X4   |  0.100 |   3.609 |    3.667 | 
     | uu_dtpath/FE_OFC608_pc_src                      |             | CLKBUFX20 |  0.000 |   3.609 |    3.667 | 
     | uu_dtpath/FE_OFC608_pc_src                      | A v -> Y v  | CLKBUFX20 |  0.131 |   3.740 |    3.798 | 
     | uu_dtpath/FE_OFC617_pc_src                      |             | BUFX2     |  0.001 |   3.741 |    3.799 | 
     | uu_dtpath/FE_OFC617_pc_src                      | A v -> Y v  | BUFX2     |  0.198 |   3.939 |    3.997 | 
     | uu_dtpath/uu_fetch/g586                         |             | NOR2BX1   |  0.000 |   3.940 |    3.998 | 
     | uu_dtpath/uu_fetch/g586                         | B v -> Y ^  | NOR2BX1   |  0.142 |   4.082 |    4.140 | 
     | uu_dtpath/uu_fetch/pc_plus4_ff_reg[19]          |             | DFFRHQX1  |  0.000 |   4.082 |    4.140 | 
     +---------------------------------------------------------------------------------------------------------+ 
     Clock Rise Edge                      0.000
     + Source Insertion Delay            -0.596
     = Beginpoint Arrival Time           -0.596
     Other End Path:
     +----------------------------------------------------------------------------------------------+ 
     |                Instance                |    Arc     |   Cell   | Retime | Arrival | Required | 
     |                                        |            |          |  Delay |  Time   |   Time   | 
     |----------------------------------------+------------+----------+--------+---------+----------| 
     |                                        | clk ^      |          |        |  -0.596 |   -0.654 | 
     | uu_dtpath/CTS_ccl_a_buf_00272          |            | CLKBUFX4 |  0.003 |  -0.593 |   -0.651 | 
     | uu_dtpath/CTS_ccl_a_buf_00272          | A ^ -> Y ^ | CLKBUFX4 |  0.091 |  -0.502 |   -0.560 | 
     | uu_dtpath/CTS_ccl_a_buf_00267          |            | CLKBUFX3 |  0.000 |  -0.502 |   -0.560 | 
     | uu_dtpath/CTS_ccl_a_buf_00267          | A ^ -> Y ^ | CLKBUFX3 |  0.101 |  -0.400 |   -0.458 | 
     | uu_dtpath/CTS_ccl_a_buf_00248          |            | CLKBUFX3 |  0.000 |  -0.400 |   -0.458 | 
     | uu_dtpath/CTS_ccl_a_buf_00248          | A ^ -> Y ^ | CLKBUFX3 |  0.093 |  -0.307 |   -0.365 | 
     | uu_dtpath/CTS_ccl_a_buf_00226          |            | CLKBUFX3 |  0.000 |  -0.307 |   -0.365 | 
     | uu_dtpath/CTS_ccl_a_buf_00226          | A ^ -> Y ^ | CLKBUFX3 |  0.091 |  -0.216 |   -0.274 | 
     | uu_dtpath/CTS_ccl_a_buf_00177          |            | CLKBUFX3 |  0.000 |  -0.216 |   -0.274 | 
     | uu_dtpath/CTS_ccl_a_buf_00177          | A ^ -> Y ^ | CLKBUFX3 |  0.091 |  -0.125 |   -0.183 | 
     | uu_dtpath/CTS_ccl_a_buf_00033          |            | CLKBUFX4 |  0.000 |  -0.125 |   -0.183 | 
     | uu_dtpath/CTS_ccl_a_buf_00033          | A ^ -> Y ^ | CLKBUFX4 |  0.104 |  -0.021 |   -0.079 | 
     | uu_dtpath/uu_fetch/pc_plus4_ff_reg[19] |            | DFFRHQX1 |  0.000 |  -0.021 |   -0.079 | 
     +----------------------------------------------------------------------------------------------+ 
Path 28: MET Setup Check with Pin uu_dtpath/uu_dec/rd2_ff_reg[2]/CK 
Endpoint:   uu_dtpath/uu_dec/rd2_ff_reg[2]/D                (v) checked with  
leading edge of 'clk'
Beginpoint: uu_dtpath/uu_dec/uu_reg_file/reg_dt_reg[2][2]/Q (v) triggered by 
trailing edge of 'clk'
Path Groups: {clk}
Analysis View: setup
Retime Analysis { Data Path-Slew SI }
Other End Arrival Time          0.002
- Setup                         0.040
+ Phase Shift                   4.400
- Uncertainty                   0.100
= Required Time                 4.262
- Arrival Time                  4.030
= Slack Time                    0.232
= Slack Time(original)          0.101
     Clock Fall Edge                      2.200
     + Source Insertion Delay            -0.598
     = Beginpoint Arrival Time            1.602
     Timing Path:
     +----------------------------------------------------------------------------------------------------------+ 
     |                     Instance                     |     Arc     |   Cell    | Retime | Arrival | Required | 
     |                                                  |             |           |  Delay |  Time   |   Time   | 
     |--------------------------------------------------+-------------+-----------+--------+---------+----------| 
     |                                                  | clk v       |           |        |   1.602 |    1.834 | 
     | uu_dtpath/uu_dec/g163                            |             | INVX2     |  0.002 |   1.604 |    1.836 | 
     | uu_dtpath/uu_dec/g163                            | A v -> Y ^  | INVX2     |  0.029 |   1.632 |    1.865 | 
     | uu_dtpath/uu_dec/uu_reg_file/CTS_ccl_a_buf_00274 |             | CLKBUFX4  |  0.000 |   1.632 |    1.865 | 
     | uu_dtpath/uu_dec/uu_reg_file/CTS_ccl_a_buf_00274 | A ^ -> Y ^  | CLKBUFX4  |  0.100 |   1.733 |    1.965 | 
     | uu_dtpath/uu_dec/uu_reg_file/CTS_cfo_buf_00284   |             | BUFX2     |  0.000 |   1.733 |    1.965 | 
     | uu_dtpath/uu_dec/uu_reg_file/CTS_cfo_buf_00284   | A ^ -> Y ^  | BUFX2     |  0.101 |   1.834 |    2.066 | 
     | uu_dtpath/uu_dec/uu_reg_file/CTS_ccl_a_buf_00256 |             | CLKBUFX4  |  0.000 |   1.834 |    2.066 | 
     | uu_dtpath/uu_dec/uu_reg_file/CTS_ccl_a_buf_00256 | A ^ -> Y ^  | CLKBUFX4  |  0.102 |   1.936 |    2.168 | 
     | uu_dtpath/uu_dec/uu_reg_file/CTS_ccl_a_buf_00219 |             | BUFX2     |  0.000 |   1.936 |    2.168 | 
     | uu_dtpath/uu_dec/uu_reg_file/CTS_ccl_a_buf_00219 | A ^ -> Y ^  | BUFX2     |  0.095 |   2.030 |    2.263 | 
     | uu_dtpath/uu_dec/uu_reg_file/CTS_csf_buf_00278   |             | CLKBUFX4  |  0.000 |   2.030 |    2.263 | 
     | uu_dtpath/uu_dec/uu_reg_file/CTS_csf_buf_00278   | A ^ -> Y ^  | CLKBUFX4  |  0.098 |   2.129 |    2.361 | 
     | uu_dtpath/uu_dec/uu_reg_file/CTS_ccl_a_buf_00165 |             | CLKBUFX4  |  0.000 |   2.129 |    2.361 | 
     | uu_dtpath/uu_dec/uu_reg_file/CTS_ccl_a_buf_00165 | A ^ -> Y ^  | CLKBUFX4  |  0.114 |   2.242 |    2.475 | 
     | uu_dtpath/uu_dec/uu_reg_file/reg_dt_reg[2][2]    |             | SDFFRHQX1 |  0.000 |   2.243 |    2.475 | 
     | uu_dtpath/uu_dec/uu_reg_file/reg_dt_reg[2][2]    | CK ^ -> Q v | SDFFRHQX1 |  0.258 |   2.501 |    2.733 | 
     | uu_dtpath/uu_dec/uu_reg_file/g3855               |             | AOI222X1  |  0.000 |   2.501 |    2.733 | 
     | uu_dtpath/uu_dec/uu_reg_file/g3855               | A0 v -> Y ^ | AOI222X1  |  0.227 |   2.727 |    2.960 | 
     | uu_dtpath/uu_dec/uu_reg_file/g3502               |             | NAND2X2   |  0.000 |   2.727 |    2.960 | 
     | uu_dtpath/uu_dec/uu_reg_file/g3502               | A ^ -> Y v  | NAND2X2   |  0.192 |   2.919 |    3.151 | 
     | uu_dtpath/uu_dec/uu_reg_file/g37254              |             | NAND4BX1  |  0.000 |   2.919 |    3.151 | 
     | uu_dtpath/uu_dec/uu_reg_file/g37254              | AN v -> Y v | NAND4BX1  |  0.255 |   3.174 |    3.407 | 
     | uu_dtpath/uu_dec/uu_reg_file/FE_OFC395_n_2925    |             | BUFX2     |  0.000 |   3.174 |    3.407 | 
     | uu_dtpath/uu_dec/uu_reg_file/FE_OFC395_n_2925    | A v -> Y v  | BUFX2     |  0.197 |   3.371 |    3.604 | 
     | uu_dtpath/uu_dec/uu_reg_file/g37208              |             | NAND4BBXL |  0.000 |   3.371 |    3.604 | 
     | uu_dtpath/uu_dec/uu_reg_file/g37208              | AN v -> Y v | NAND4BBXL |  0.277 |   3.648 |    3.881 | 
     | uu_dtpath/uu_dec/FE_OFC768_rd2_w_2               |             | CLKBUFX2  |  0.000 |   3.648 |    3.881 | 
     | uu_dtpath/uu_dec/FE_OFC768_rd2_w_2               | A v -> Y v  | CLKBUFX2  |  0.192 |   3.841 |    4.073 | 
     | uu_dtpath/uu_dec/FE_OFC550_rd2_w_2               |             | BUFX2     |  0.000 |   3.841 |    4.073 | 
     | uu_dtpath/uu_dec/FE_OFC550_rd2_w_2               | A v -> Y v  | BUFX2     |  0.101 |   3.942 |    4.174 | 
     | uu_dtpath/uu_dec/g228                            |             | AND2X1    |  0.000 |   3.942 |    4.174 | 
     | uu_dtpath/uu_dec/g228                            | B v -> Y v  | AND2X1    |  0.088 |   4.030 |    4.262 | 
     | uu_dtpath/uu_dec/rd2_ff_reg[2]                   |             | DFFRHQX1  |  0.000 |   4.030 |    4.262 | 
     +----------------------------------------------------------------------------------------------------------+ 
     Clock Rise Edge                      0.000
     + Source Insertion Delay            -0.596
     = Beginpoint Arrival Time           -0.596
     Other End Path:
     +--------------------------------------------------------------------------------------------+ 
     |               Instance               |    Arc     |   Cell   | Retime | Arrival | Required | 
     |                                      |            |          |  Delay |  Time   |   Time   | 
     |--------------------------------------+------------+----------+--------+---------+----------| 
     |                                      | clk ^      |          |        |  -0.596 |   -0.828 | 
     | uu_dtpath/CTS_ccl_a_buf_00272        |            | CLKBUFX4 |  0.003 |  -0.593 |   -0.825 | 
     | uu_dtpath/CTS_ccl_a_buf_00272        | A ^ -> Y ^ | CLKBUFX4 |  0.091 |  -0.502 |   -0.734 | 
     | uu_dtpath/CTS_ccl_a_buf_00260        |            | CLKBUFX3 |  0.000 |  -0.502 |   -0.734 | 
     | uu_dtpath/CTS_ccl_a_buf_00260        | A ^ -> Y ^ | CLKBUFX3 |  0.100 |  -0.402 |   -0.634 | 
     | uu_dtpath/CTS_ccl_a_buf_00250        |            | CLKBUFX4 |  0.000 |  -0.402 |   -0.634 | 
     | uu_dtpath/CTS_ccl_a_buf_00250        | A ^ -> Y ^ | CLKBUFX4 |  0.106 |  -0.296 |   -0.528 | 
     | uu_dtpath/uu_dec/CTS_ccl_a_buf_00230 |            | CLKBUFX3 |  0.000 |  -0.296 |   -0.528 | 
     | uu_dtpath/uu_dec/CTS_ccl_a_buf_00230 | A ^ -> Y ^ | CLKBUFX3 |  0.093 |  -0.202 |   -0.434 | 
     | uu_dtpath/uu_dec/CTS_ccl_a_buf_00189 |            | CLKBUFX4 |  0.000 |  -0.202 |   -0.434 | 
     | uu_dtpath/uu_dec/CTS_ccl_a_buf_00189 | A ^ -> Y ^ | CLKBUFX4 |  0.101 |  -0.101 |   -0.333 | 
     | uu_dtpath/uu_dec/CTS_ccl_a_buf_00057 |            | CLKBUFX4 |  0.000 |  -0.101 |   -0.333 | 
     | uu_dtpath/uu_dec/CTS_ccl_a_buf_00057 | A ^ -> Y ^ | CLKBUFX4 |  0.103 |   0.002 |   -0.230 | 
     | uu_dtpath/uu_dec/rd2_ff_reg[2]       |            | DFFRHQX1 |  0.000 |   0.002 |   -0.230 | 
     +--------------------------------------------------------------------------------------------+ 
Path 29: MET Setup Check with Pin uu_dtpath/uu_dec/o_pc_plus4_reg[23]/CK 
Endpoint:   uu_dtpath/uu_dec/o_pc_plus4_reg[23]/D (^) checked with  leading 
edge of 'clk'
Beginpoint: uu_dtpath/uu_dec/o_aluSrc_reg/Q       (^) triggered by  leading 
edge of 'clk'
Path Groups: {clk}
Analysis View: setup
Retime Analysis { Data Path-Slew SI }
Other End Arrival Time         -0.021
- Setup                         0.133
+ Phase Shift                   4.400
- Uncertainty                   0.100
= Required Time                 4.146
- Arrival Time                  4.086
= Slack Time                    0.060
= Slack Time(original)          0.102
     Clock Rise Edge                      0.000
     + Source Insertion Delay            -0.596
     = Beginpoint Arrival Time           -0.596
     Timing Path:
     +---------------------------------------------------------------------------------------------------------+ 
     |                    Instance                     |     Arc     |   Cell    | Retime | Arrival | Required | 
     |                                                 |             |           |  Delay |  Time   |   Time   | 
     |-------------------------------------------------+-------------+-----------+--------+---------+----------| 
     |                                                 | clk ^       |           |        |  -0.596 |   -0.536 | 
     | uu_dtpath/CTS_ccl_a_buf_00272                   |             | CLKBUFX4  |  0.003 |  -0.593 |   -0.533 | 
     | uu_dtpath/CTS_ccl_a_buf_00272                   | A ^ -> Y ^  | CLKBUFX4  |  0.091 |  -0.502 |   -0.441 | 
     | uu_dtpath/CTS_ccl_a_buf_00267                   |             | CLKBUFX3  |  0.000 |  -0.502 |   -0.441 | 
     | uu_dtpath/CTS_ccl_a_buf_00267                   | A ^ -> Y ^  | CLKBUFX3  |  0.101 |  -0.400 |   -0.340 | 
     | uu_dtpath/CTS_ccl_a_buf_00251                   |             | BUFX2     |  0.000 |  -0.400 |   -0.340 | 
     | uu_dtpath/CTS_ccl_a_buf_00251                   | A ^ -> Y ^  | BUFX2     |  0.095 |  -0.306 |   -0.245 | 
     | uu_dtpath/CTS_ccl_a_buf_00232                   |             | CLKBUFX3  |  0.000 |  -0.306 |   -0.245 | 
     | uu_dtpath/CTS_ccl_a_buf_00232                   | A ^ -> Y ^  | CLKBUFX3  |  0.079 |  -0.227 |   -0.167 | 
     | uu_dtpath/uu_dec/CTS_ccl_a_buf_00192            |             | CLKBUFX4  |  0.000 |  -0.227 |   -0.167 | 
     | uu_dtpath/uu_dec/CTS_ccl_a_buf_00192            | A ^ -> Y ^  | CLKBUFX4  |  0.105 |  -0.122 |   -0.062 | 
     | uu_dtpath/uu_dec/CTS_ccl_a_buf_00055            |             | CLKBUFX4  |  0.000 |  -0.122 |   -0.062 | 
     | uu_dtpath/uu_dec/CTS_ccl_a_buf_00055            | A ^ -> Y ^  | CLKBUFX4  |  0.111 |  -0.011 |    0.049 | 
     | uu_dtpath/uu_dec/o_aluSrc_reg                   |             | DFFRHQX4  |  0.000 |  -0.011 |    0.049 | 
     | uu_dtpath/uu_dec/o_aluSrc_reg                   | CK ^ -> Q ^ | DFFRHQX4  |  0.293 |   0.282 |    0.342 | 
     | uu_dtpath/uu_exec/FE_OFC71_aluSrc               |             | INVX3     |  0.000 |   0.282 |    0.342 | 
     | uu_dtpath/uu_exec/FE_OFC71_aluSrc               | A ^ -> Y v  | INVX3     |  0.078 |   0.360 |    0.420 | 
     | uu_dtpath/uu_exec/FE_OFC740_aluSrc              |             | CLKINVX20 |  0.000 |   0.360 |    0.420 | 
     | uu_dtpath/uu_exec/FE_OFC740_aluSrc              | A v -> Y ^  | CLKINVX20 |  0.086 |   0.445 |    0.505 | 
     | uu_dtpath/uu_exec/g767                          |             | NAND2X2   |  0.003 |   0.448 |    0.509 | 
     | uu_dtpath/uu_exec/g767                          | B ^ -> Y v  | NAND2X2   |  0.141 |   0.589 |    0.649 | 
     | uu_dtpath/uu_exec/g739                          |             | NAND2X2   |  0.000 |   0.589 |    0.649 | 
     | uu_dtpath/uu_exec/g739                          | A v -> Y ^  | NAND2X2   |  0.105 |   0.694 |    0.754 | 
     | uu_dtpath/uu_exec/uu_alu/FE_OFC349_alu_srcB_w_0 |             | INVX3     |  0.000 |   0.694 |    0.754 | 
     | uu_dtpath/uu_exec/uu_alu/FE_OFC349_alu_srcB_w_0 | A ^ -> Y v  | INVX3     |  0.060 |   0.754 |    0.814 | 
     | uu_dtpath/uu_exec/uu_alu/FE_OFC351_alu_srcB_w_0 |             | INVX6     |  0.000 |   0.754 |    0.814 | 
     | uu_dtpath/uu_exec/uu_alu/FE_OFC351_alu_srcB_w_0 | A v -> Y ^  | INVX6     |  0.058 |   0.812 |    0.873 | 
     | uu_dtpath/uu_exec/uu_alu/FE_OFC355_alu_srcB_w_0 |             | CLKBUFX20 |  0.000 |   0.812 |    0.873 | 
     | uu_dtpath/uu_exec/uu_alu/FE_OFC355_alu_srcB_w_0 | A ^ -> Y ^  | CLKBUFX20 |  0.142 |   0.955 |    1.015 | 
     | uu_dtpath/uu_exec/uu_alu/g2227                  |             | CLKINVX16 |  0.001 |   0.956 |    1.016 | 
     | uu_dtpath/uu_exec/uu_alu/g2227                  | A ^ -> Y v  | CLKINVX16 |  0.073 |   1.028 |    1.089 | 
     | uu_dtpath/uu_exec/uu_alu/sll_22_38_g2858        |             | AOI22X1   |  0.000 |   1.029 |    1.089 | 
     | uu_dtpath/uu_exec/uu_alu/sll_22_38_g2858        | A1 v -> Y ^ | AOI22X1   |  0.144 |   1.172 |    1.233 | 
     | uu_dtpath/uu_exec/uu_alu/sll_22_38_g2840        |             | MX2X1     |  0.000 |   1.172 |    1.233 | 
     | uu_dtpath/uu_exec/uu_alu/sll_22_38_g2840        | A ^ -> Y ^  | MX2X1     |  0.231 |   1.403 |    1.464 | 
     | uu_dtpath/uu_exec/uu_alu/sll_22_38_g2794        |             | MXI2X2    |  0.000 |   1.403 |    1.464 | 
     | uu_dtpath/uu_exec/uu_alu/sll_22_38_g2794        | A ^ -> Y v  | MXI2X2    |  0.223 |   1.627 |    1.687 | 
     | uu_dtpath/uu_exec/uu_alu/sll_22_38_g2731        |             | AOI221X1  |  0.000 |   1.627 |    1.687 | 
     | uu_dtpath/uu_exec/uu_alu/sll_22_38_g2731        | A1 v -> Y ^ | AOI221X1  |  0.214 |   1.840 |    1.901 | 
     | uu_dtpath/uu_exec/uu_alu/sll_22_38_g2719        |             | OAI2BB1X1 |  0.000 |   1.840 |    1.901 | 
     | uu_dtpath/uu_exec/uu_alu/sll_22_38_g2719        | B0 ^ -> Y v | OAI2BB1X1 |  0.243 |   2.084 |    2.144 | 
     | uu_dtpath/uu_exec/uu_alu/g4448                  |             | AOI221XL  |  0.000 |   2.084 |    2.144 | 
     | uu_dtpath/uu_exec/uu_alu/g4448                  | B0 v -> Y ^ | AOI221XL  |  0.264 |   2.347 |    2.408 | 
     | uu_dtpath/uu_exec/uu_alu/FE_OFC797_n_255        |             | CLKBUFX8  |  0.000 |   2.347 |    2.408 | 
     | uu_dtpath/uu_exec/uu_alu/FE_OFC797_n_255        | A ^ -> Y ^  | CLKBUFX8  |  0.193 |   2.541 |    2.601 | 
     | uu_dtpath/uu_exec/uu_alu/FE_OFC630_n_255        |             | BUFX2     |  0.000 |   2.541 |    2.601 | 
     | uu_dtpath/uu_exec/uu_alu/FE_OFC630_n_255        | A ^ -> Y ^  | BUFX2     |  0.089 |   2.629 |    2.690 | 
     | uu_dtpath/uu_exec/uu_alu/g4427                  |             | OAI2BB1X2 |  0.000 |   2.629 |    2.690 | 
     | uu_dtpath/uu_exec/uu_alu/g4427                  | B0 ^ -> Y v | OAI2BB1X2 |  0.085 |   2.714 |    2.774 | 
     | uu_dtpath/uu_exec/uu_alu/g4810                  |             | OR4X1     |  0.000 |   2.714 |    2.774 | 
     | uu_dtpath/uu_exec/uu_alu/g4810                  | C v -> Y v  | OR4X1     |  0.278 |   2.992 |    3.053 | 
     | uu_dtpath/uu_exec/uu_alu/FE_RC_2_0              |             | INVXL     |  0.000 |   2.992 |    3.053 | 
     | uu_dtpath/uu_exec/uu_alu/FE_RC_2_0              | A v -> Y ^  | INVXL     |  0.037 |   3.029 |    3.089 | 
     | uu_dtpath/uu_exec/uu_alu/FE_RC_1_0              |             | NAND2BX1  |  0.000 |   3.029 |    3.089 | 
     | uu_dtpath/uu_exec/uu_alu/FE_RC_1_0              | B ^ -> Y v  | NAND2BX1  |  0.112 |   3.141 |    3.202 | 
     | uu_dtpath/uu_exec/uu_alu/FE_RC_0_0              |             | NOR3X4    |  0.000 |   3.141 |    3.202 | 
     | uu_dtpath/uu_exec/uu_alu/FE_RC_0_0              | B v -> Y ^  | NOR3X4    |  0.140 |   3.281 |    3.341 | 
     | uu_dtpath/uu_exec/g789                          |             | XOR2X4    |  0.000 |   3.281 |    3.341 | 
     | uu_dtpath/uu_exec/g789                          | B ^ -> Y ^  | XOR2X4    |  0.228 |   3.509 |    3.569 | 
     | uu_dtpath/uu_exec/g458                          |             | OAI21X4   |  0.000 |   3.509 |    3.569 | 
     | uu_dtpath/uu_exec/g458                          | A1 ^ -> Y v | OAI21X4   |  0.100 |   3.609 |    3.669 | 
     | uu_dtpath/FE_OFC608_pc_src                      |             | CLKBUFX20 |  0.000 |   3.609 |    3.669 | 
     | uu_dtpath/FE_OFC608_pc_src                      | A v -> Y v  | CLKBUFX20 |  0.131 |   3.740 |    3.800 | 
     | uu_dtpath/FE_OFC617_pc_src                      |             | BUFX2     |  0.001 |   3.741 |    3.801 | 
     | uu_dtpath/FE_OFC617_pc_src                      | A v -> Y v  | BUFX2     |  0.198 |   3.939 |    4.000 | 
     | uu_dtpath/uu_dec/g124                           |             | NOR2BX1   |  0.000 |   3.940 |    4.000 | 
     | uu_dtpath/uu_dec/g124                           | B v -> Y ^  | NOR2BX1   |  0.146 |   4.086 |    4.146 | 
     | uu_dtpath/uu_dec/o_pc_plus4_reg[23]             |             | DFFRHQX1  |  0.000 |   4.086 |    4.146 | 
     +---------------------------------------------------------------------------------------------------------+ 
     Clock Rise Edge                      0.000
     + Source Insertion Delay            -0.596
     = Beginpoint Arrival Time           -0.596
     Other End Path:
     +-------------------------------------------------------------------------------------------+ 
     |              Instance               |    Arc     |   Cell   | Retime | Arrival | Required | 
     |                                     |            |          |  Delay |  Time   |   Time   | 
     |-------------------------------------+------------+----------+--------+---------+----------| 
     |                                     | clk ^      |          |        |  -0.596 |   -0.656 | 
     | uu_dtpath/CTS_ccl_a_buf_00272       |            | CLKBUFX4 |  0.003 |  -0.593 |   -0.653 | 
     | uu_dtpath/CTS_ccl_a_buf_00272       | A ^ -> Y ^ | CLKBUFX4 |  0.091 |  -0.502 |   -0.562 | 
     | uu_dtpath/CTS_ccl_a_buf_00267       |            | CLKBUFX3 |  0.000 |  -0.502 |   -0.562 | 
     | uu_dtpath/CTS_ccl_a_buf_00267       | A ^ -> Y ^ | CLKBUFX3 |  0.101 |  -0.400 |   -0.460 | 
     | uu_dtpath/CTS_ccl_a_buf_00248       |            | CLKBUFX3 |  0.000 |  -0.400 |   -0.460 | 
     | uu_dtpath/CTS_ccl_a_buf_00248       | A ^ -> Y ^ | CLKBUFX3 |  0.093 |  -0.307 |   -0.367 | 
     | uu_dtpath/CTS_ccl_a_buf_00226       |            | CLKBUFX3 |  0.000 |  -0.307 |   -0.367 | 
     | uu_dtpath/CTS_ccl_a_buf_00226       | A ^ -> Y ^ | CLKBUFX3 |  0.091 |  -0.216 |   -0.276 | 
     | uu_dtpath/CTS_ccl_a_buf_00177       |            | CLKBUFX3 |  0.000 |  -0.216 |   -0.276 | 
     | uu_dtpath/CTS_ccl_a_buf_00177       | A ^ -> Y ^ | CLKBUFX3 |  0.091 |  -0.125 |   -0.185 | 
     | uu_dtpath/CTS_ccl_a_buf_00033       |            | CLKBUFX4 |  0.000 |  -0.125 |   -0.185 | 
     | uu_dtpath/CTS_ccl_a_buf_00033       | A ^ -> Y ^ | CLKBUFX4 |  0.104 |  -0.021 |   -0.081 | 
     | uu_dtpath/uu_dec/o_pc_plus4_reg[23] |            | DFFRHQX1 |  0.000 |  -0.021 |   -0.081 | 
     +-------------------------------------------------------------------------------------------+ 
Path 30: MET Setup Check with Pin uu_dtpath/uu_dec/immExt_ff_reg[9]/CK 
Endpoint:   uu_dtpath/uu_dec/immExt_ff_reg[9]/D (^) checked with  leading edge 
of 'clk'
Beginpoint: uu_dtpath/uu_dec/o_aluSrc_reg/Q     (^) triggered by  leading edge 
of 'clk'
Path Groups: {clk}
Analysis View: setup
Retime Analysis { Data Path-Slew SI }
Other End Arrival Time         -0.012
- Setup                         0.160
+ Phase Shift                   4.400
- Uncertainty                   0.100
= Required Time                 4.129
- Arrival Time                  4.067
= Slack Time                    0.061
= Slack Time(original)          0.103
     Clock Rise Edge                      0.000
     + Source Insertion Delay            -0.596
     = Beginpoint Arrival Time           -0.596
     Timing Path:
     +---------------------------------------------------------------------------------------------------------+ 
     |                    Instance                     |     Arc     |   Cell    | Retime | Arrival | Required | 
     |                                                 |             |           |  Delay |  Time   |   Time   | 
     |-------------------------------------------------+-------------+-----------+--------+---------+----------| 
     |                                                 | clk ^       |           |        |  -0.596 |   -0.535 | 
     | uu_dtpath/CTS_ccl_a_buf_00272                   |             | CLKBUFX4  |  0.003 |  -0.593 |   -0.532 | 
     | uu_dtpath/CTS_ccl_a_buf_00272                   | A ^ -> Y ^  | CLKBUFX4  |  0.091 |  -0.502 |   -0.440 | 
     | uu_dtpath/CTS_ccl_a_buf_00267                   |             | CLKBUFX3  |  0.000 |  -0.502 |   -0.440 | 
     | uu_dtpath/CTS_ccl_a_buf_00267                   | A ^ -> Y ^  | CLKBUFX3  |  0.101 |  -0.400 |   -0.339 | 
     | uu_dtpath/CTS_ccl_a_buf_00251                   |             | BUFX2     |  0.000 |  -0.400 |   -0.339 | 
     | uu_dtpath/CTS_ccl_a_buf_00251                   | A ^ -> Y ^  | BUFX2     |  0.095 |  -0.306 |   -0.244 | 
     | uu_dtpath/CTS_ccl_a_buf_00232                   |             | CLKBUFX3  |  0.000 |  -0.306 |   -0.244 | 
     | uu_dtpath/CTS_ccl_a_buf_00232                   | A ^ -> Y ^  | CLKBUFX3  |  0.079 |  -0.227 |   -0.166 | 
     | uu_dtpath/uu_dec/CTS_ccl_a_buf_00192            |             | CLKBUFX4  |  0.000 |  -0.227 |   -0.166 | 
     | uu_dtpath/uu_dec/CTS_ccl_a_buf_00192            | A ^ -> Y ^  | CLKBUFX4  |  0.105 |  -0.122 |   -0.061 | 
     | uu_dtpath/uu_dec/CTS_ccl_a_buf_00055            |             | CLKBUFX4  |  0.000 |  -0.122 |   -0.061 | 
     | uu_dtpath/uu_dec/CTS_ccl_a_buf_00055            | A ^ -> Y ^  | CLKBUFX4  |  0.111 |  -0.011 |    0.050 | 
     | uu_dtpath/uu_dec/o_aluSrc_reg                   |             | DFFRHQX4  |  0.000 |  -0.011 |    0.050 | 
     | uu_dtpath/uu_dec/o_aluSrc_reg                   | CK ^ -> Q ^ | DFFRHQX4  |  0.293 |   0.282 |    0.343 | 
     | uu_dtpath/uu_exec/FE_OFC71_aluSrc               |             | INVX3     |  0.000 |   0.282 |    0.343 | 
     | uu_dtpath/uu_exec/FE_OFC71_aluSrc               | A ^ -> Y v  | INVX3     |  0.078 |   0.360 |    0.421 | 
     | uu_dtpath/uu_exec/FE_OFC740_aluSrc              |             | CLKINVX20 |  0.000 |   0.360 |    0.421 | 
     | uu_dtpath/uu_exec/FE_OFC740_aluSrc              | A v -> Y ^  | CLKINVX20 |  0.086 |   0.445 |    0.506 | 
     | uu_dtpath/uu_exec/g767                          |             | NAND2X2   |  0.003 |   0.448 |    0.510 | 
     | uu_dtpath/uu_exec/g767                          | B ^ -> Y v  | NAND2X2   |  0.141 |   0.589 |    0.650 | 
     | uu_dtpath/uu_exec/g739                          |             | NAND2X2   |  0.000 |   0.589 |    0.650 | 
     | uu_dtpath/uu_exec/g739                          | A v -> Y ^  | NAND2X2   |  0.105 |   0.694 |    0.755 | 
     | uu_dtpath/uu_exec/uu_alu/FE_OFC349_alu_srcB_w_0 |             | INVX3     |  0.000 |   0.694 |    0.755 | 
     | uu_dtpath/uu_exec/uu_alu/FE_OFC349_alu_srcB_w_0 | A ^ -> Y v  | INVX3     |  0.060 |   0.754 |    0.815 | 
     | uu_dtpath/uu_exec/uu_alu/FE_OFC351_alu_srcB_w_0 |             | INVX6     |  0.000 |   0.754 |    0.815 | 
     | uu_dtpath/uu_exec/uu_alu/FE_OFC351_alu_srcB_w_0 | A v -> Y ^  | INVX6     |  0.058 |   0.812 |    0.874 | 
     | uu_dtpath/uu_exec/uu_alu/FE_OFC355_alu_srcB_w_0 |             | CLKBUFX20 |  0.000 |   0.812 |    0.874 | 
     | uu_dtpath/uu_exec/uu_alu/FE_OFC355_alu_srcB_w_0 | A ^ -> Y ^  | CLKBUFX20 |  0.142 |   0.955 |    1.016 | 
     | uu_dtpath/uu_exec/uu_alu/g2227                  |             | CLKINVX16 |  0.001 |   0.956 |    1.017 | 
     | uu_dtpath/uu_exec/uu_alu/g2227                  | A ^ -> Y v  | CLKINVX16 |  0.073 |   1.028 |    1.090 | 
     | uu_dtpath/uu_exec/uu_alu/sll_22_38_g2858        |             | AOI22X1   |  0.000 |   1.029 |    1.090 | 
     | uu_dtpath/uu_exec/uu_alu/sll_22_38_g2858        | A1 v -> Y ^ | AOI22X1   |  0.144 |   1.172 |    1.234 | 
     | uu_dtpath/uu_exec/uu_alu/sll_22_38_g2840        |             | MX2X1     |  0.000 |   1.172 |    1.234 | 
     | uu_dtpath/uu_exec/uu_alu/sll_22_38_g2840        | A ^ -> Y ^  | MX2X1     |  0.231 |   1.403 |    1.465 | 
     | uu_dtpath/uu_exec/uu_alu/sll_22_38_g2794        |             | MXI2X2    |  0.000 |   1.403 |    1.465 | 
     | uu_dtpath/uu_exec/uu_alu/sll_22_38_g2794        | A ^ -> Y v  | MXI2X2    |  0.223 |   1.627 |    1.688 | 
     | uu_dtpath/uu_exec/uu_alu/sll_22_38_g2731        |             | AOI221X1  |  0.000 |   1.627 |    1.688 | 
     | uu_dtpath/uu_exec/uu_alu/sll_22_38_g2731        | A1 v -> Y ^ | AOI221X1  |  0.214 |   1.840 |    1.902 | 
     | uu_dtpath/uu_exec/uu_alu/sll_22_38_g2719        |             | OAI2BB1X1 |  0.000 |   1.840 |    1.902 | 
     | uu_dtpath/uu_exec/uu_alu/sll_22_38_g2719        | B0 ^ -> Y v | OAI2BB1X1 |  0.243 |   2.084 |    2.145 | 
     | uu_dtpath/uu_exec/uu_alu/g4448                  |             | AOI221XL  |  0.000 |   2.084 |    2.145 | 
     | uu_dtpath/uu_exec/uu_alu/g4448                  | B0 v -> Y ^ | AOI221XL  |  0.264 |   2.347 |    2.409 | 
     | uu_dtpath/uu_exec/uu_alu/FE_OFC797_n_255        |             | CLKBUFX8  |  0.000 |   2.347 |    2.409 | 
     | uu_dtpath/uu_exec/uu_alu/FE_OFC797_n_255        | A ^ -> Y ^  | CLKBUFX8  |  0.193 |   2.541 |    2.602 | 
     | uu_dtpath/uu_exec/uu_alu/FE_OFC630_n_255        |             | BUFX2     |  0.000 |   2.541 |    2.602 | 
     | uu_dtpath/uu_exec/uu_alu/FE_OFC630_n_255        | A ^ -> Y ^  | BUFX2     |  0.089 |   2.629 |    2.691 | 
     | uu_dtpath/uu_exec/uu_alu/g4427                  |             | OAI2BB1X2 |  0.000 |   2.629 |    2.691 | 
     | uu_dtpath/uu_exec/uu_alu/g4427                  | B0 ^ -> Y v | OAI2BB1X2 |  0.085 |   2.714 |    2.775 | 
     | uu_dtpath/uu_exec/uu_alu/g4810                  |             | OR4X1     |  0.000 |   2.714 |    2.775 | 
     | uu_dtpath/uu_exec/uu_alu/g4810                  | C v -> Y v  | OR4X1     |  0.278 |   2.992 |    3.054 | 
     | uu_dtpath/uu_exec/uu_alu/FE_RC_2_0              |             | INVXL     |  0.000 |   2.992 |    3.054 | 
     | uu_dtpath/uu_exec/uu_alu/FE_RC_2_0              | A v -> Y ^  | INVXL     |  0.037 |   3.029 |    3.090 | 
     | uu_dtpath/uu_exec/uu_alu/FE_RC_1_0              |             | NAND2BX1  |  0.000 |   3.029 |    3.090 | 
     | uu_dtpath/uu_exec/uu_alu/FE_RC_1_0              | B ^ -> Y v  | NAND2BX1  |  0.112 |   3.141 |    3.203 | 
     | uu_dtpath/uu_exec/uu_alu/FE_RC_0_0              |             | NOR3X4    |  0.000 |   3.141 |    3.203 | 
     | uu_dtpath/uu_exec/uu_alu/FE_RC_0_0              | B v -> Y ^  | NOR3X4    |  0.140 |   3.281 |    3.342 | 
     | uu_dtpath/uu_exec/g789                          |             | XOR2X4    |  0.000 |   3.281 |    3.342 | 
     | uu_dtpath/uu_exec/g789                          | B ^ -> Y ^  | XOR2X4    |  0.228 |   3.509 |    3.570 | 
     | uu_dtpath/uu_exec/g458                          |             | OAI21X4   |  0.000 |   3.509 |    3.570 | 
     | uu_dtpath/uu_exec/g458                          | A1 ^ -> Y v | OAI21X4   |  0.100 |   3.609 |    3.670 | 
     | uu_dtpath/FE_OFC608_pc_src                      |             | CLKBUFX20 |  0.000 |   3.609 |    3.670 | 
     | uu_dtpath/FE_OFC608_pc_src                      | A v -> Y v  | CLKBUFX20 |  0.131 |   3.740 |    3.801 | 
     | uu_dtpath/uu_dec/FE_OFC615_pc_src               |             | BUFX4     |  0.000 |   3.740 |    3.802 | 
     | uu_dtpath/uu_dec/FE_OFC615_pc_src               | A v -> Y v  | BUFX4     |  0.177 |   3.918 |    3.979 | 
     | uu_dtpath/uu_dec/g260                           |             | NOR2BX1   |  0.000 |   3.918 |    3.979 | 
     | uu_dtpath/uu_dec/g260                           | B v -> Y ^  | NOR2BX1   |  0.149 |   4.067 |    4.129 | 
     | uu_dtpath/uu_dec/immExt_ff_reg[9]               |             | DFFRHQX1  |  0.000 |   4.067 |    4.129 | 
     +---------------------------------------------------------------------------------------------------------+ 
     Clock Rise Edge                      0.000
     + Source Insertion Delay            -0.596
     = Beginpoint Arrival Time           -0.596
     Other End Path:
     +--------------------------------------------------------------------------------------------+ 
     |               Instance               |    Arc     |   Cell   | Retime | Arrival | Required | 
     |                                      |            |          |  Delay |  Time   |   Time   | 
     |--------------------------------------+------------+----------+--------+---------+----------| 
     |                                      | clk ^      |          |        |  -0.596 |   -0.657 | 
     | uu_dtpath/CTS_ccl_a_buf_00272        |            | CLKBUFX4 |  0.003 |  -0.593 |   -0.654 | 
     | uu_dtpath/CTS_ccl_a_buf_00272        | A ^ -> Y ^ | CLKBUFX4 |  0.091 |  -0.502 |   -0.563 | 
     | uu_dtpath/CTS_ccl_a_buf_00267        |            | CLKBUFX3 |  0.000 |  -0.502 |   -0.563 | 
     | uu_dtpath/CTS_ccl_a_buf_00267        | A ^ -> Y ^ | CLKBUFX3 |  0.101 |  -0.400 |   -0.461 | 
     | uu_dtpath/CTS_ccl_a_buf_00251        |            | BUFX2    |  0.000 |  -0.400 |   -0.461 | 
     | uu_dtpath/CTS_ccl_a_buf_00251        | A ^ -> Y ^ | BUFX2    |  0.095 |  -0.306 |   -0.367 | 
     | uu_dtpath/CTS_ccl_a_buf_00232        |            | CLKBUFX3 |  0.000 |  -0.306 |   -0.367 | 
     | uu_dtpath/CTS_ccl_a_buf_00232        | A ^ -> Y ^ | CLKBUFX3 |  0.079 |  -0.227 |   -0.288 | 
     | uu_dtpath/uu_dec/CTS_ccl_a_buf_00192 |            | CLKBUFX4 |  0.000 |  -0.227 |   -0.288 | 
     | uu_dtpath/uu_dec/CTS_ccl_a_buf_00192 | A ^ -> Y ^ | CLKBUFX4 |  0.105 |  -0.122 |   -0.184 | 
     | uu_dtpath/uu_dec/CTS_ccl_a_buf_00064 |            | CLKBUFX4 |  0.000 |  -0.122 |   -0.184 | 
     | uu_dtpath/uu_dec/CTS_ccl_a_buf_00064 | A ^ -> Y ^ | CLKBUFX4 |  0.111 |  -0.012 |   -0.073 | 
     | uu_dtpath/uu_dec/immExt_ff_reg[9]    |            | DFFRHQX1 |  0.000 |  -0.012 |   -0.073 | 
     +--------------------------------------------------------------------------------------------+ 
Path 31: MET Setup Check with Pin uu_dtpath/uu_dec/rd1_ff_reg[5]/CK 
Endpoint:   uu_dtpath/uu_dec/rd1_ff_reg[5]/D                (v) checked with  
leading edge of 'clk'
Beginpoint: uu_dtpath/uu_dec/uu_reg_file/reg_dt_reg[2][5]/Q (v) triggered by 
trailing edge of 'clk'
Path Groups: {clk}
Analysis View: setup
Retime Analysis { Data Path-Slew SI }
Other End Arrival Time         -0.012
- Setup                         0.047
+ Phase Shift                   4.400
- Uncertainty                   0.100
= Required Time                 4.241
- Arrival Time                  4.029
= Slack Time                    0.212
= Slack Time(original)          0.105
     Clock Fall Edge                      2.200
     + Source Insertion Delay            -0.598
     = Beginpoint Arrival Time            1.602
     Timing Path:
     +----------------------------------------------------------------------------------------------------------+ 
     |                     Instance                     |     Arc     |   Cell    | Retime | Arrival | Required | 
     |                                                  |             |           |  Delay |  Time   |   Time   | 
     |--------------------------------------------------+-------------+-----------+--------+---------+----------| 
     |                                                  | clk v       |           |        |   1.602 |    1.815 | 
     | uu_dtpath/uu_dec/g163                            |             | INVX2     |  0.002 |   1.604 |    1.816 | 
     | uu_dtpath/uu_dec/g163                            | A v -> Y ^  | INVX2     |  0.029 |   1.632 |    1.845 | 
     | uu_dtpath/uu_dec/uu_reg_file/CTS_ccl_a_buf_00274 |             | CLKBUFX4  |  0.000 |   1.632 |    1.845 | 
     | uu_dtpath/uu_dec/uu_reg_file/CTS_ccl_a_buf_00274 | A ^ -> Y ^  | CLKBUFX4  |  0.100 |   1.733 |    1.945 | 
     | uu_dtpath/uu_dec/uu_reg_file/CTS_ccl_a_buf_00269 |             | BUFX2     |  0.000 |   1.733 |    1.945 | 
     | uu_dtpath/uu_dec/uu_reg_file/CTS_ccl_a_buf_00269 | A ^ -> Y ^  | BUFX2     |  0.097 |   1.830 |    2.042 | 
     | uu_dtpath/uu_dec/uu_reg_file/CTS_ccl_a_buf_00263 |             | CLKBUFX3  |  0.000 |   1.830 |    2.042 | 
     | uu_dtpath/uu_dec/uu_reg_file/CTS_ccl_a_buf_00263 | A ^ -> Y ^  | CLKBUFX3  |  0.087 |   1.917 |    2.129 | 
     | uu_dtpath/uu_dec/uu_reg_file/CTS_ccl_a_buf_00255 |             | CLKBUFX4  |  0.000 |   1.917 |    2.129 | 
     | uu_dtpath/uu_dec/uu_reg_file/CTS_ccl_a_buf_00255 | A ^ -> Y ^  | CLKBUFX4  |  0.105 |   2.022 |    2.234 | 
     | uu_dtpath/uu_dec/uu_reg_file/CTS_ccl_a_buf_00213 |             | CLKBUFX3  |  0.000 |   2.022 |    2.234 | 
     | uu_dtpath/uu_dec/uu_reg_file/CTS_ccl_a_buf_00213 | A ^ -> Y ^  | CLKBUFX3  |  0.093 |   2.115 |    2.327 | 
     | uu_dtpath/uu_dec/uu_reg_file/CTS_ccl_a_buf_00139 |             | CLKBUFX4  |  0.000 |   2.115 |    2.327 | 
     | uu_dtpath/uu_dec/uu_reg_file/CTS_ccl_a_buf_00139 | A ^ -> Y ^  | CLKBUFX4  |  0.105 |   2.220 |    2.433 | 
     | uu_dtpath/uu_dec/uu_reg_file/reg_dt_reg[2][5]    |             | SDFFRHQX1 |  0.000 |   2.220 |    2.433 | 
     | uu_dtpath/uu_dec/uu_reg_file/reg_dt_reg[2][5]    | CK ^ -> Q v | SDFFRHQX1 |  0.268 |   2.488 |    2.701 | 
     | uu_dtpath/uu_dec/uu_reg_file/g3849__5115         |             | AOI222X1  |  0.000 |   2.488 |    2.701 | 
     | uu_dtpath/uu_dec/uu_reg_file/g3849__5115         | A0 v -> Y ^ | AOI222X1  |  0.227 |   2.715 |    2.928 | 
     | uu_dtpath/uu_dec/uu_reg_file/g3496__5477         |             | NAND2X1   |  0.000 |   2.715 |    2.928 | 
     | uu_dtpath/uu_dec/uu_reg_file/g3496__5477         | A ^ -> Y v  | NAND2X1   |  0.143 |   2.858 |    3.071 | 
     | uu_dtpath/uu_dec/uu_reg_file/FE_OFC824_n_963     |             | CLKBUFX8  |  0.000 |   2.858 |    3.071 | 
     | uu_dtpath/uu_dec/uu_reg_file/FE_OFC824_n_963     | A v -> Y v  | CLKBUFX8  |  0.126 |   2.985 |    3.197 | 
     | uu_dtpath/uu_dec/uu_reg_file/g37151              |             | NAND4BX1  |  0.000 |   2.985 |    3.197 | 
     | uu_dtpath/uu_dec/uu_reg_file/g37151              | AN v -> Y v | NAND4BX1  |  0.212 |   3.197 |    3.409 | 
     | uu_dtpath/uu_dec/uu_reg_file/FE_OFC854_n_2822    |             | CLKBUFX4  |  0.000 |   3.197 |    3.409 | 
     | uu_dtpath/uu_dec/uu_reg_file/FE_OFC854_n_2822    | A v -> Y v  | CLKBUFX4  |  0.178 |   3.375 |    3.587 | 
     | uu_dtpath/uu_dec/uu_reg_file/FE_OFC212_n_2822    |             | BUFX2     |  0.000 |   3.375 |    3.587 | 
     | uu_dtpath/uu_dec/uu_reg_file/FE_OFC212_n_2822    | A v -> Y v  | BUFX2     |  0.085 |   3.460 |    3.672 | 
     | uu_dtpath/uu_dec/uu_reg_file/g37122              |             | NAND4BBX1 |  0.000 |   3.460 |    3.672 | 
     | uu_dtpath/uu_dec/uu_reg_file/g37122              | AN v -> Y v | NAND4BBX1 |  0.229 |   3.689 |    3.902 | 
     | uu_dtpath/uu_dec/FE_OFC868_rd1_w_5               |             | CLKBUFX4  |  0.000 |   3.689 |    3.902 | 
     | uu_dtpath/uu_dec/FE_OFC868_rd1_w_5               | A v -> Y v  | CLKBUFX4  |  0.172 |   3.861 |    4.073 | 
     | uu_dtpath/uu_dec/FE_OFC405_rd1_w_5               |             | BUFX2     |  0.000 |   3.861 |    4.073 | 
     | uu_dtpath/uu_dec/FE_OFC405_rd1_w_5               | A v -> Y v  | BUFX2     |  0.091 |   3.952 |    4.165 | 
     | uu_dtpath/uu_dec/g199                            |             | AND2X1    |  0.000 |   3.952 |    4.165 | 
     | uu_dtpath/uu_dec/g199                            | B v -> Y v  | AND2X1    |  0.076 |   4.029 |    4.241 | 
     | uu_dtpath/uu_dec/rd1_ff_reg[5]                   |             | DFFRHQX4  |  0.000 |   4.029 |    4.241 | 
     +----------------------------------------------------------------------------------------------------------+ 
     Clock Rise Edge                      0.000
     + Source Insertion Delay            -0.596
     = Beginpoint Arrival Time           -0.596
     Other End Path:
     +--------------------------------------------------------------------------------------------+ 
     |               Instance               |    Arc     |   Cell   | Retime | Arrival | Required | 
     |                                      |            |          |  Delay |  Time   |   Time   | 
     |--------------------------------------+------------+----------+--------+---------+----------| 
     |                                      | clk ^      |          |        |  -0.596 |   -0.808 | 
     | uu_dtpath/CTS_ccl_a_buf_00272        |            | CLKBUFX4 |  0.003 |  -0.593 |   -0.805 | 
     | uu_dtpath/CTS_ccl_a_buf_00272        | A ^ -> Y ^ | CLKBUFX4 |  0.091 |  -0.502 |   -0.714 | 
     | uu_dtpath/CTS_ccl_a_buf_00260        |            | CLKBUFX3 |  0.000 |  -0.502 |   -0.714 | 
     | uu_dtpath/CTS_ccl_a_buf_00260        | A ^ -> Y ^ | CLKBUFX3 |  0.100 |  -0.402 |   -0.614 | 
     | uu_dtpath/CTS_ccl_a_buf_00249        |            | CLKBUFX3 |  0.000 |  -0.402 |   -0.614 | 
     | uu_dtpath/CTS_ccl_a_buf_00249        | A ^ -> Y ^ | CLKBUFX3 |  0.096 |  -0.306 |   -0.518 | 
     | uu_dtpath/CTS_ccl_a_buf_00229        |            | CLKBUFX3 |  0.000 |  -0.306 |   -0.518 | 
     | uu_dtpath/CTS_ccl_a_buf_00229        | A ^ -> Y ^ | CLKBUFX3 |  0.090 |  -0.215 |   -0.427 | 
     | uu_dtpath/CTS_ccl_a_buf_00188        |            | CLKBUFX4 |  0.000 |  -0.215 |   -0.427 | 
     | uu_dtpath/CTS_ccl_a_buf_00188        | A ^ -> Y ^ | CLKBUFX4 |  0.104 |  -0.111 |   -0.323 | 
     | uu_dtpath/uu_dec/CTS_ccl_a_buf_00056 |            | CLKBUFX3 |  0.000 |  -0.111 |   -0.323 | 
     | uu_dtpath/uu_dec/CTS_ccl_a_buf_00056 | A ^ -> Y ^ | CLKBUFX3 |  0.099 |  -0.012 |   -0.225 | 
     | uu_dtpath/uu_dec/rd1_ff_reg[5]       |            | DFFRHQX4 |  0.000 |  -0.012 |   -0.225 | 
     +--------------------------------------------------------------------------------------------+ 
Path 32: MET Setup Check with Pin uu_dtpath/uu_fetch/pc_plus4_ff_reg[31]/CK 
Endpoint:   uu_dtpath/uu_fetch/pc_plus4_ff_reg[31]/D (^) checked with  leading 
edge of 'clk'
Beginpoint: uu_dtpath/uu_dec/o_aluSrc_reg/Q          (^) triggered by  leading 
edge of 'clk'
Path Groups: {clk}
Analysis View: setup
Retime Analysis { Data Path-Slew SI }
Other End Arrival Time         -0.016
- Setup                         0.158
+ Phase Shift                   4.400
- Uncertainty                   0.100
= Required Time                 4.126
- Arrival Time                  4.061
= Slack Time                    0.065
= Slack Time(original)          0.105
     Clock Rise Edge                      0.000
     + Source Insertion Delay            -0.596
     = Beginpoint Arrival Time           -0.596
     Timing Path:
     +---------------------------------------------------------------------------------------------------------+ 
     |                    Instance                     |     Arc     |   Cell    | Retime | Arrival | Required | 
     |                                                 |             |           |  Delay |  Time   |   Time   | 
     |-------------------------------------------------+-------------+-----------+--------+---------+----------| 
     |                                                 | clk ^       |           |        |  -0.596 |   -0.531 | 
     | uu_dtpath/CTS_ccl_a_buf_00272                   |             | CLKBUFX4  |  0.003 |  -0.593 |   -0.528 | 
     | uu_dtpath/CTS_ccl_a_buf_00272                   | A ^ -> Y ^  | CLKBUFX4  |  0.091 |  -0.502 |   -0.437 | 
     | uu_dtpath/CTS_ccl_a_buf_00267                   |             | CLKBUFX3  |  0.000 |  -0.502 |   -0.437 | 
     | uu_dtpath/CTS_ccl_a_buf_00267                   | A ^ -> Y ^  | CLKBUFX3  |  0.101 |  -0.400 |   -0.336 | 
     | uu_dtpath/CTS_ccl_a_buf_00251                   |             | BUFX2     |  0.000 |  -0.400 |   -0.335 | 
     | uu_dtpath/CTS_ccl_a_buf_00251                   | A ^ -> Y ^  | BUFX2     |  0.095 |  -0.306 |   -0.241 | 
     | uu_dtpath/CTS_ccl_a_buf_00232                   |             | CLKBUFX3  |  0.000 |  -0.306 |   -0.241 | 
     | uu_dtpath/CTS_ccl_a_buf_00232                   | A ^ -> Y ^  | CLKBUFX3  |  0.079 |  -0.227 |   -0.162 | 
     | uu_dtpath/uu_dec/CTS_ccl_a_buf_00192            |             | CLKBUFX4  |  0.000 |  -0.227 |   -0.162 | 
     | uu_dtpath/uu_dec/CTS_ccl_a_buf_00192            | A ^ -> Y ^  | CLKBUFX4  |  0.105 |  -0.122 |   -0.057 | 
     | uu_dtpath/uu_dec/CTS_ccl_a_buf_00055            |             | CLKBUFX4  |  0.000 |  -0.122 |   -0.057 | 
     | uu_dtpath/uu_dec/CTS_ccl_a_buf_00055            | A ^ -> Y ^  | CLKBUFX4  |  0.111 |  -0.011 |    0.053 | 
     | uu_dtpath/uu_dec/o_aluSrc_reg                   |             | DFFRHQX4  |  0.000 |  -0.011 |    0.053 | 
     | uu_dtpath/uu_dec/o_aluSrc_reg                   | CK ^ -> Q ^ | DFFRHQX4  |  0.293 |   0.282 |    0.346 | 
     | uu_dtpath/uu_exec/FE_OFC71_aluSrc               |             | INVX3     |  0.000 |   0.282 |    0.346 | 
     | uu_dtpath/uu_exec/FE_OFC71_aluSrc               | A ^ -> Y v  | INVX3     |  0.078 |   0.360 |    0.424 | 
     | uu_dtpath/uu_exec/FE_OFC740_aluSrc              |             | CLKINVX20 |  0.000 |   0.360 |    0.424 | 
     | uu_dtpath/uu_exec/FE_OFC740_aluSrc              | A v -> Y ^  | CLKINVX20 |  0.086 |   0.445 |    0.510 | 
     | uu_dtpath/uu_exec/g767                          |             | NAND2X2   |  0.003 |   0.448 |    0.513 | 
     | uu_dtpath/uu_exec/g767                          | B ^ -> Y v  | NAND2X2   |  0.141 |   0.589 |    0.654 | 
     | uu_dtpath/uu_exec/g739                          |             | NAND2X2   |  0.000 |   0.589 |    0.654 | 
     | uu_dtpath/uu_exec/g739                          | A v -> Y ^  | NAND2X2   |  0.105 |   0.694 |    0.759 | 
     | uu_dtpath/uu_exec/uu_alu/FE_OFC349_alu_srcB_w_0 |             | INVX3     |  0.000 |   0.694 |    0.759 | 
     | uu_dtpath/uu_exec/uu_alu/FE_OFC349_alu_srcB_w_0 | A ^ -> Y v  | INVX3     |  0.060 |   0.754 |    0.819 | 
     | uu_dtpath/uu_exec/uu_alu/FE_OFC351_alu_srcB_w_0 |             | INVX6     |  0.000 |   0.754 |    0.819 | 
     | uu_dtpath/uu_exec/uu_alu/FE_OFC351_alu_srcB_w_0 | A v -> Y ^  | INVX6     |  0.058 |   0.812 |    0.877 | 
     | uu_dtpath/uu_exec/uu_alu/FE_OFC355_alu_srcB_w_0 |             | CLKBUFX20 |  0.000 |   0.812 |    0.877 | 
     | uu_dtpath/uu_exec/uu_alu/FE_OFC355_alu_srcB_w_0 | A ^ -> Y ^  | CLKBUFX20 |  0.142 |   0.955 |    1.020 | 
     | uu_dtpath/uu_exec/uu_alu/g2227                  |             | CLKINVX16 |  0.001 |   0.956 |    1.020 | 
     | uu_dtpath/uu_exec/uu_alu/g2227                  | A ^ -> Y v  | CLKINVX16 |  0.073 |   1.028 |    1.093 | 
     | uu_dtpath/uu_exec/uu_alu/sll_22_38_g2858        |             | AOI22X1   |  0.000 |   1.029 |    1.093 | 
     | uu_dtpath/uu_exec/uu_alu/sll_22_38_g2858        | A1 v -> Y ^ | AOI22X1   |  0.144 |   1.172 |    1.237 | 
     | uu_dtpath/uu_exec/uu_alu/sll_22_38_g2840        |             | MX2X1     |  0.000 |   1.172 |    1.237 | 
     | uu_dtpath/uu_exec/uu_alu/sll_22_38_g2840        | A ^ -> Y ^  | MX2X1     |  0.231 |   1.403 |    1.468 | 
     | uu_dtpath/uu_exec/uu_alu/sll_22_38_g2794        |             | MXI2X2    |  0.000 |   1.403 |    1.468 | 
     | uu_dtpath/uu_exec/uu_alu/sll_22_38_g2794        | A ^ -> Y v  | MXI2X2    |  0.223 |   1.627 |    1.692 | 
     | uu_dtpath/uu_exec/uu_alu/sll_22_38_g2731        |             | AOI221X1  |  0.000 |   1.627 |    1.692 | 
     | uu_dtpath/uu_exec/uu_alu/sll_22_38_g2731        | A1 v -> Y ^ | AOI221X1  |  0.214 |   1.840 |    1.905 | 
     | uu_dtpath/uu_exec/uu_alu/sll_22_38_g2719        |             | OAI2BB1X1 |  0.000 |   1.840 |    1.905 | 
     | uu_dtpath/uu_exec/uu_alu/sll_22_38_g2719        | B0 ^ -> Y v | OAI2BB1X1 |  0.243 |   2.084 |    2.148 | 
     | uu_dtpath/uu_exec/uu_alu/g4448                  |             | AOI221XL  |  0.000 |   2.084 |    2.148 | 
     | uu_dtpath/uu_exec/uu_alu/g4448                  | B0 v -> Y ^ | AOI221XL  |  0.264 |   2.347 |    2.412 | 
     | uu_dtpath/uu_exec/uu_alu/FE_OFC797_n_255        |             | CLKBUFX8  |  0.000 |   2.347 |    2.412 | 
     | uu_dtpath/uu_exec/uu_alu/FE_OFC797_n_255        | A ^ -> Y ^  | CLKBUFX8  |  0.193 |   2.541 |    2.605 | 
     | uu_dtpath/uu_exec/uu_alu/FE_OFC630_n_255        |             | BUFX2     |  0.000 |   2.541 |    2.605 | 
     | uu_dtpath/uu_exec/uu_alu/FE_OFC630_n_255        | A ^ -> Y ^  | BUFX2     |  0.089 |   2.629 |    2.694 | 
     | uu_dtpath/uu_exec/uu_alu/g4427                  |             | OAI2BB1X2 |  0.000 |   2.629 |    2.694 | 
     | uu_dtpath/uu_exec/uu_alu/g4427                  | B0 ^ -> Y v | OAI2BB1X2 |  0.085 |   2.714 |    2.779 | 
     | uu_dtpath/uu_exec/uu_alu/g4810                  |             | OR4X1     |  0.000 |   2.714 |    2.779 | 
     | uu_dtpath/uu_exec/uu_alu/g4810                  | C v -> Y v  | OR4X1     |  0.278 |   2.992 |    3.057 | 
     | uu_dtpath/uu_exec/uu_alu/FE_RC_2_0              |             | INVXL     |  0.000 |   2.992 |    3.057 | 
     | uu_dtpath/uu_exec/uu_alu/FE_RC_2_0              | A v -> Y ^  | INVXL     |  0.037 |   3.029 |    3.094 | 
     | uu_dtpath/uu_exec/uu_alu/FE_RC_1_0              |             | NAND2BX1  |  0.000 |   3.029 |    3.094 | 
     | uu_dtpath/uu_exec/uu_alu/FE_RC_1_0              | B ^ -> Y v  | NAND2BX1  |  0.112 |   3.141 |    3.206 | 
     | uu_dtpath/uu_exec/uu_alu/FE_RC_0_0              |             | NOR3X4    |  0.000 |   3.141 |    3.206 | 
     | uu_dtpath/uu_exec/uu_alu/FE_RC_0_0              | B v -> Y ^  | NOR3X4    |  0.140 |   3.281 |    3.346 | 
     | uu_dtpath/uu_exec/g789                          |             | XOR2X4    |  0.000 |   3.281 |    3.346 | 
     | uu_dtpath/uu_exec/g789                          | B ^ -> Y ^  | XOR2X4    |  0.228 |   3.509 |    3.574 | 
     | uu_dtpath/uu_exec/g458                          |             | OAI21X4   |  0.000 |   3.509 |    3.574 | 
     | uu_dtpath/uu_exec/g458                          | A1 ^ -> Y v | OAI21X4   |  0.100 |   3.609 |    3.674 | 
     | uu_dtpath/FE_OFC608_pc_src                      |             | CLKBUFX20 |  0.000 |   3.609 |    3.674 | 
     | uu_dtpath/FE_OFC608_pc_src                      | A v -> Y v  | CLKBUFX20 |  0.131 |   3.740 |    3.805 | 
     | uu_dtpath/FE_OFC619_pc_src                      |             | BUFX12    |  0.001 |   3.741 |    3.806 | 
     | uu_dtpath/FE_OFC619_pc_src                      | A v -> Y v  | BUFX12    |  0.170 |   3.912 |    3.976 | 
     | uu_dtpath/uu_fetch/g580                         |             | NOR2BX1   |  0.001 |   3.913 |    3.977 | 
     | uu_dtpath/uu_fetch/g580                         | B v -> Y ^  | NOR2BX1   |  0.148 |   4.061 |    4.126 | 
     | uu_dtpath/uu_fetch/pc_plus4_ff_reg[31]          |             | DFFRHQX1  |  0.000 |   4.061 |    4.126 | 
     +---------------------------------------------------------------------------------------------------------+ 
     Clock Rise Edge                      0.000
     + Source Insertion Delay            -0.596
     = Beginpoint Arrival Time           -0.596
     Other End Path:
     +----------------------------------------------------------------------------------------------+ 
     |                Instance                |    Arc     |   Cell   | Retime | Arrival | Required | 
     |                                        |            |          |  Delay |  Time   |   Time   | 
     |----------------------------------------+------------+----------+--------+---------+----------| 
     |                                        | clk ^      |          |        |  -0.596 |   -0.661 | 
     | uu_dtpath/CTS_ccl_a_buf_00272          |            | CLKBUFX4 |  0.003 |  -0.593 |   -0.658 | 
     | uu_dtpath/CTS_ccl_a_buf_00272          | A ^ -> Y ^ | CLKBUFX4 |  0.091 |  -0.502 |   -0.566 | 
     | uu_dtpath/CTS_ccl_a_buf_00267          |            | CLKBUFX3 |  0.000 |  -0.502 |   -0.566 | 
     | uu_dtpath/CTS_ccl_a_buf_00267          | A ^ -> Y ^ | CLKBUFX3 |  0.101 |  -0.400 |   -0.465 | 
     | uu_dtpath/CTS_ccl_a_buf_00251          |            | BUFX2    |  0.000 |  -0.400 |   -0.465 | 
     | uu_dtpath/CTS_ccl_a_buf_00251          | A ^ -> Y ^ | BUFX2    |  0.095 |  -0.306 |   -0.370 | 
     | uu_dtpath/CTS_ccl_a_buf_00232          |            | CLKBUFX3 |  0.000 |  -0.306 |   -0.370 | 
     | uu_dtpath/CTS_ccl_a_buf_00232          | A ^ -> Y ^ | CLKBUFX3 |  0.079 |  -0.227 |   -0.292 | 
     | uu_dtpath/CTS_ccl_a_buf_00185          |            | CLKBUFX4 |  0.000 |  -0.227 |   -0.292 | 
     | uu_dtpath/CTS_ccl_a_buf_00185          | A ^ -> Y ^ | CLKBUFX4 |  0.102 |  -0.125 |   -0.190 | 
     | uu_dtpath/CTS_ccl_a_buf_00042          |            | CLKBUFX4 |  0.000 |  -0.125 |   -0.190 | 
     | uu_dtpath/CTS_ccl_a_buf_00042          | A ^ -> Y ^ | CLKBUFX4 |  0.109 |  -0.016 |   -0.081 | 
     | uu_dtpath/uu_fetch/pc_plus4_ff_reg[31] |            | DFFRHQX1 |  0.000 |  -0.016 |   -0.081 | 
     +----------------------------------------------------------------------------------------------+ 
Path 33: MET Setup Check with Pin uu_dtpath/uu_dec/immExt_ff_reg[17]/CK 
Endpoint:   uu_dtpath/uu_dec/immExt_ff_reg[17]/D (^) checked with  leading edge 
of 'clk'
Beginpoint: uu_dtpath/uu_dec/o_aluSrc_reg/Q      (^) triggered by  leading edge 
of 'clk'
Path Groups: {clk}
Analysis View: setup
Retime Analysis { Data Path-Slew SI }
Other End Arrival Time         -0.011
- Setup                         0.161
+ Phase Shift                   4.400
- Uncertainty                   0.100
= Required Time                 4.128
- Arrival Time                  4.064
= Slack Time                    0.064
= Slack Time(original)          0.105
     Clock Rise Edge                      0.000
     + Source Insertion Delay            -0.596
     = Beginpoint Arrival Time           -0.596
     Timing Path:
     +---------------------------------------------------------------------------------------------------------+ 
     |                    Instance                     |     Arc     |   Cell    | Retime | Arrival | Required | 
     |                                                 |             |           |  Delay |  Time   |   Time   | 
     |-------------------------------------------------+-------------+-----------+--------+---------+----------| 
     |                                                 | clk ^       |           |        |  -0.596 |   -0.532 | 
     | uu_dtpath/CTS_ccl_a_buf_00272                   |             | CLKBUFX4  |  0.003 |  -0.593 |   -0.529 | 
     | uu_dtpath/CTS_ccl_a_buf_00272                   | A ^ -> Y ^  | CLKBUFX4  |  0.091 |  -0.502 |   -0.438 | 
     | uu_dtpath/CTS_ccl_a_buf_00267                   |             | CLKBUFX3  |  0.000 |  -0.502 |   -0.438 | 
     | uu_dtpath/CTS_ccl_a_buf_00267                   | A ^ -> Y ^  | CLKBUFX3  |  0.101 |  -0.400 |   -0.336 | 
     | uu_dtpath/CTS_ccl_a_buf_00251                   |             | BUFX2     |  0.000 |  -0.400 |   -0.336 | 
     | uu_dtpath/CTS_ccl_a_buf_00251                   | A ^ -> Y ^  | BUFX2     |  0.095 |  -0.306 |   -0.241 | 
     | uu_dtpath/CTS_ccl_a_buf_00232                   |             | CLKBUFX3  |  0.000 |  -0.306 |   -0.241 | 
     | uu_dtpath/CTS_ccl_a_buf_00232                   | A ^ -> Y ^  | CLKBUFX3  |  0.079 |  -0.227 |   -0.163 | 
     | uu_dtpath/uu_dec/CTS_ccl_a_buf_00192            |             | CLKBUFX4  |  0.000 |  -0.227 |   -0.163 | 
     | uu_dtpath/uu_dec/CTS_ccl_a_buf_00192            | A ^ -> Y ^  | CLKBUFX4  |  0.105 |  -0.122 |   -0.058 | 
     | uu_dtpath/uu_dec/CTS_ccl_a_buf_00055            |             | CLKBUFX4  |  0.000 |  -0.122 |   -0.058 | 
     | uu_dtpath/uu_dec/CTS_ccl_a_buf_00055            | A ^ -> Y ^  | CLKBUFX4  |  0.111 |  -0.011 |    0.053 | 
     | uu_dtpath/uu_dec/o_aluSrc_reg                   |             | DFFRHQX4  |  0.000 |  -0.011 |    0.053 | 
     | uu_dtpath/uu_dec/o_aluSrc_reg                   | CK ^ -> Q ^ | DFFRHQX4  |  0.293 |   0.282 |    0.346 | 
     | uu_dtpath/uu_exec/FE_OFC71_aluSrc               |             | INVX3     |  0.000 |   0.282 |    0.346 | 
     | uu_dtpath/uu_exec/FE_OFC71_aluSrc               | A ^ -> Y v  | INVX3     |  0.078 |   0.360 |    0.424 | 
     | uu_dtpath/uu_exec/FE_OFC740_aluSrc              |             | CLKINVX20 |  0.000 |   0.360 |    0.424 | 
     | uu_dtpath/uu_exec/FE_OFC740_aluSrc              | A v -> Y ^  | CLKINVX20 |  0.086 |   0.445 |    0.509 | 
     | uu_dtpath/uu_exec/g767                          |             | NAND2X2   |  0.003 |   0.448 |    0.512 | 
     | uu_dtpath/uu_exec/g767                          | B ^ -> Y v  | NAND2X2   |  0.141 |   0.589 |    0.653 | 
     | uu_dtpath/uu_exec/g739                          |             | NAND2X2   |  0.000 |   0.589 |    0.653 | 
     | uu_dtpath/uu_exec/g739                          | A v -> Y ^  | NAND2X2   |  0.105 |   0.694 |    0.758 | 
     | uu_dtpath/uu_exec/uu_alu/FE_OFC349_alu_srcB_w_0 |             | INVX3     |  0.000 |   0.694 |    0.758 | 
     | uu_dtpath/uu_exec/uu_alu/FE_OFC349_alu_srcB_w_0 | A ^ -> Y v  | INVX3     |  0.060 |   0.754 |    0.818 | 
     | uu_dtpath/uu_exec/uu_alu/FE_OFC351_alu_srcB_w_0 |             | INVX6     |  0.000 |   0.754 |    0.818 | 
     | uu_dtpath/uu_exec/uu_alu/FE_OFC351_alu_srcB_w_0 | A v -> Y ^  | INVX6     |  0.058 |   0.812 |    0.877 | 
     | uu_dtpath/uu_exec/uu_alu/FE_OFC355_alu_srcB_w_0 |             | CLKBUFX20 |  0.000 |   0.812 |    0.877 | 
     | uu_dtpath/uu_exec/uu_alu/FE_OFC355_alu_srcB_w_0 | A ^ -> Y ^  | CLKBUFX20 |  0.142 |   0.955 |    1.019 | 
     | uu_dtpath/uu_exec/uu_alu/g2227                  |             | CLKINVX16 |  0.001 |   0.956 |    1.020 | 
     | uu_dtpath/uu_exec/uu_alu/g2227                  | A ^ -> Y v  | CLKINVX16 |  0.073 |   1.028 |    1.092 | 
     | uu_dtpath/uu_exec/uu_alu/sll_22_38_g2858        |             | AOI22X1   |  0.000 |   1.029 |    1.093 | 
     | uu_dtpath/uu_exec/uu_alu/sll_22_38_g2858        | A1 v -> Y ^ | AOI22X1   |  0.144 |   1.172 |    1.236 | 
     | uu_dtpath/uu_exec/uu_alu/sll_22_38_g2840        |             | MX2X1     |  0.000 |   1.172 |    1.236 | 
     | uu_dtpath/uu_exec/uu_alu/sll_22_38_g2840        | A ^ -> Y ^  | MX2X1     |  0.231 |   1.403 |    1.467 | 
     | uu_dtpath/uu_exec/uu_alu/sll_22_38_g2794        |             | MXI2X2    |  0.000 |   1.403 |    1.467 | 
     | uu_dtpath/uu_exec/uu_alu/sll_22_38_g2794        | A ^ -> Y v  | MXI2X2    |  0.223 |   1.627 |    1.691 | 
     | uu_dtpath/uu_exec/uu_alu/sll_22_38_g2731        |             | AOI221X1  |  0.000 |   1.627 |    1.691 | 
     | uu_dtpath/uu_exec/uu_alu/sll_22_38_g2731        | A1 v -> Y ^ | AOI221X1  |  0.214 |   1.840 |    1.905 | 
     | uu_dtpath/uu_exec/uu_alu/sll_22_38_g2719        |             | OAI2BB1X1 |  0.000 |   1.840 |    1.905 | 
     | uu_dtpath/uu_exec/uu_alu/sll_22_38_g2719        | B0 ^ -> Y v | OAI2BB1X1 |  0.243 |   2.084 |    2.148 | 
     | uu_dtpath/uu_exec/uu_alu/g4448                  |             | AOI221XL  |  0.000 |   2.084 |    2.148 | 
     | uu_dtpath/uu_exec/uu_alu/g4448                  | B0 v -> Y ^ | AOI221XL  |  0.264 |   2.347 |    2.412 | 
     | uu_dtpath/uu_exec/uu_alu/FE_OFC797_n_255        |             | CLKBUFX8  |  0.000 |   2.347 |    2.412 | 
     | uu_dtpath/uu_exec/uu_alu/FE_OFC797_n_255        | A ^ -> Y ^  | CLKBUFX8  |  0.193 |   2.541 |    2.605 | 
     | uu_dtpath/uu_exec/uu_alu/FE_OFC630_n_255        |             | BUFX2     |  0.000 |   2.541 |    2.605 | 
     | uu_dtpath/uu_exec/uu_alu/FE_OFC630_n_255        | A ^ -> Y ^  | BUFX2     |  0.089 |   2.629 |    2.693 | 
     | uu_dtpath/uu_exec/uu_alu/g4427                  |             | OAI2BB1X2 |  0.000 |   2.629 |    2.693 | 
     | uu_dtpath/uu_exec/uu_alu/g4427                  | B0 ^ -> Y v | OAI2BB1X2 |  0.085 |   2.714 |    2.778 | 
     | uu_dtpath/uu_exec/uu_alu/g4810                  |             | OR4X1     |  0.000 |   2.714 |    2.778 | 
     | uu_dtpath/uu_exec/uu_alu/g4810                  | C v -> Y v  | OR4X1     |  0.278 |   2.992 |    3.057 | 
     | uu_dtpath/uu_exec/uu_alu/FE_RC_2_0              |             | INVXL     |  0.000 |   2.992 |    3.057 | 
     | uu_dtpath/uu_exec/uu_alu/FE_RC_2_0              | A v -> Y ^  | INVXL     |  0.037 |   3.029 |    3.093 | 
     | uu_dtpath/uu_exec/uu_alu/FE_RC_1_0              |             | NAND2BX1  |  0.000 |   3.029 |    3.093 | 
     | uu_dtpath/uu_exec/uu_alu/FE_RC_1_0              | B ^ -> Y v  | NAND2BX1  |  0.112 |   3.141 |    3.205 | 
     | uu_dtpath/uu_exec/uu_alu/FE_RC_0_0              |             | NOR3X4    |  0.000 |   3.141 |    3.205 | 
     | uu_dtpath/uu_exec/uu_alu/FE_RC_0_0              | B v -> Y ^  | NOR3X4    |  0.140 |   3.281 |    3.345 | 
     | uu_dtpath/uu_exec/g789                          |             | XOR2X4    |  0.000 |   3.281 |    3.345 | 
     | uu_dtpath/uu_exec/g789                          | B ^ -> Y ^  | XOR2X4    |  0.228 |   3.509 |    3.573 | 
     | uu_dtpath/uu_exec/g458                          |             | OAI21X4   |  0.000 |   3.509 |    3.573 | 
     | uu_dtpath/uu_exec/g458                          | A1 ^ -> Y v | OAI21X4   |  0.100 |   3.609 |    3.673 | 
     | uu_dtpath/FE_OFC608_pc_src                      |             | CLKBUFX20 |  0.000 |   3.609 |    3.673 | 
     | uu_dtpath/FE_OFC608_pc_src                      | A v -> Y v  | CLKBUFX20 |  0.131 |   3.740 |    3.804 | 
     | uu_dtpath/uu_dec/FE_OFC615_pc_src               |             | BUFX4     |  0.000 |   3.740 |    3.804 | 
     | uu_dtpath/uu_dec/FE_OFC615_pc_src               | A v -> Y v  | BUFX4     |  0.177 |   3.918 |    3.982 | 
     | uu_dtpath/uu_dec/g269                           |             | NOR2BX1   |  0.000 |   3.918 |    3.982 | 
     | uu_dtpath/uu_dec/g269                           | B v -> Y ^  | NOR2BX1   |  0.146 |   4.064 |    4.128 | 
     | uu_dtpath/uu_dec/immExt_ff_reg[17]              |             | DFFRHQX1  |  0.000 |   4.064 |    4.128 | 
     +---------------------------------------------------------------------------------------------------------+ 
     Clock Rise Edge                      0.000
     + Source Insertion Delay            -0.596
     = Beginpoint Arrival Time           -0.596
     Other End Path:
     +--------------------------------------------------------------------------------------------+ 
     |               Instance               |    Arc     |   Cell   | Retime | Arrival | Required | 
     |                                      |            |          |  Delay |  Time   |   Time   | 
     |--------------------------------------+------------+----------+--------+---------+----------| 
     |                                      | clk ^      |          |        |  -0.596 |   -0.660 | 
     | uu_dtpath/CTS_ccl_a_buf_00272        |            | CLKBUFX4 |  0.003 |  -0.593 |   -0.657 | 
     | uu_dtpath/CTS_ccl_a_buf_00272        | A ^ -> Y ^ | CLKBUFX4 |  0.091 |  -0.502 |   -0.566 | 
     | uu_dtpath/CTS_ccl_a_buf_00267        |            | CLKBUFX3 |  0.000 |  -0.502 |   -0.566 | 
     | uu_dtpath/CTS_ccl_a_buf_00267        | A ^ -> Y ^ | CLKBUFX3 |  0.101 |  -0.400 |   -0.464 | 
     | uu_dtpath/CTS_ccl_a_buf_00251        |            | BUFX2    |  0.000 |  -0.400 |   -0.464 | 
     | uu_dtpath/CTS_ccl_a_buf_00251        | A ^ -> Y ^ | BUFX2    |  0.095 |  -0.306 |   -0.370 | 
     | uu_dtpath/CTS_ccl_a_buf_00232        |            | CLKBUFX3 |  0.000 |  -0.306 |   -0.370 | 
     | uu_dtpath/CTS_ccl_a_buf_00232        | A ^ -> Y ^ | CLKBUFX3 |  0.079 |  -0.227 |   -0.291 | 
     | uu_dtpath/uu_dec/CTS_ccl_a_buf_00192 |            | CLKBUFX4 |  0.000 |  -0.227 |   -0.291 | 
     | uu_dtpath/uu_dec/CTS_ccl_a_buf_00192 | A ^ -> Y ^ | CLKBUFX4 |  0.105 |  -0.122 |   -0.186 | 
     | uu_dtpath/uu_dec/CTS_ccl_a_buf_00054 |            | CLKBUFX4 |  0.000 |  -0.122 |   -0.186 | 
     | uu_dtpath/uu_dec/CTS_ccl_a_buf_00054 | A ^ -> Y ^ | CLKBUFX4 |  0.111 |  -0.011 |   -0.075 | 
     | uu_dtpath/uu_dec/immExt_ff_reg[17]   |            | DFFRHQX1 |  0.000 |  -0.011 |   -0.075 | 
     +--------------------------------------------------------------------------------------------+ 
Path 34: MET Setup Check with Pin uu_dtpath/uu_dec/rd1_ff_reg[2]/CK 
Endpoint:   uu_dtpath/uu_dec/rd1_ff_reg[2]/D (^) checked with  leading edge of 
'clk'
Beginpoint: uu_dtpath/uu_dec/o_aluSrc_reg/Q  (^) triggered by  leading edge of 
'clk'
Path Groups: {clk}
Analysis View: setup
Retime Analysis { Data Path-Slew SI }
Other End Arrival Time         -0.012
- Setup                         0.124
+ Phase Shift                   4.400
- Uncertainty                   0.100
= Required Time                 4.164
- Arrival Time                  4.100
= Slack Time                    0.064
= Slack Time(original)          0.106
     Clock Rise Edge                      0.000
     + Source Insertion Delay            -0.596
     = Beginpoint Arrival Time           -0.596
     Timing Path:
     +---------------------------------------------------------------------------------------------------------+ 
     |                    Instance                     |     Arc     |   Cell    | Retime | Arrival | Required | 
     |                                                 |             |           |  Delay |  Time   |   Time   | 
     |-------------------------------------------------+-------------+-----------+--------+---------+----------| 
     |                                                 | clk ^       |           |        |  -0.596 |   -0.532 | 
     | uu_dtpath/CTS_ccl_a_buf_00272                   |             | CLKBUFX4  |  0.003 |  -0.593 |   -0.529 | 
     | uu_dtpath/CTS_ccl_a_buf_00272                   | A ^ -> Y ^  | CLKBUFX4  |  0.091 |  -0.502 |   -0.438 | 
     | uu_dtpath/CTS_ccl_a_buf_00267                   |             | CLKBUFX3  |  0.000 |  -0.502 |   -0.438 | 
     | uu_dtpath/CTS_ccl_a_buf_00267                   | A ^ -> Y ^  | CLKBUFX3  |  0.101 |  -0.400 |   -0.336 | 
     | uu_dtpath/CTS_ccl_a_buf_00251                   |             | BUFX2     |  0.000 |  -0.400 |   -0.336 | 
     | uu_dtpath/CTS_ccl_a_buf_00251                   | A ^ -> Y ^  | BUFX2     |  0.095 |  -0.306 |   -0.241 | 
     | uu_dtpath/CTS_ccl_a_buf_00232                   |             | CLKBUFX3  |  0.000 |  -0.306 |   -0.241 | 
     | uu_dtpath/CTS_ccl_a_buf_00232                   | A ^ -> Y ^  | CLKBUFX3  |  0.079 |  -0.227 |   -0.163 | 
     | uu_dtpath/uu_dec/CTS_ccl_a_buf_00192            |             | CLKBUFX4  |  0.000 |  -0.227 |   -0.163 | 
     | uu_dtpath/uu_dec/CTS_ccl_a_buf_00192            | A ^ -> Y ^  | CLKBUFX4  |  0.105 |  -0.122 |   -0.058 | 
     | uu_dtpath/uu_dec/CTS_ccl_a_buf_00055            |             | CLKBUFX4  |  0.000 |  -0.122 |   -0.058 | 
     | uu_dtpath/uu_dec/CTS_ccl_a_buf_00055            | A ^ -> Y ^  | CLKBUFX4  |  0.111 |  -0.011 |    0.053 | 
     | uu_dtpath/uu_dec/o_aluSrc_reg                   |             | DFFRHQX4  |  0.000 |  -0.011 |    0.053 | 
     | uu_dtpath/uu_dec/o_aluSrc_reg                   | CK ^ -> Q ^ | DFFRHQX4  |  0.293 |   0.282 |    0.346 | 
     | uu_dtpath/uu_exec/FE_OFC71_aluSrc               |             | INVX3     |  0.000 |   0.282 |    0.346 | 
     | uu_dtpath/uu_exec/FE_OFC71_aluSrc               | A ^ -> Y v  | INVX3     |  0.078 |   0.360 |    0.424 | 
     | uu_dtpath/uu_exec/FE_OFC740_aluSrc              |             | CLKINVX20 |  0.000 |   0.360 |    0.424 | 
     | uu_dtpath/uu_exec/FE_OFC740_aluSrc              | A v -> Y ^  | CLKINVX20 |  0.086 |   0.445 |    0.509 | 
     | uu_dtpath/uu_exec/g767                          |             | NAND2X2   |  0.003 |   0.448 |    0.512 | 
     | uu_dtpath/uu_exec/g767                          | B ^ -> Y v  | NAND2X2   |  0.141 |   0.589 |    0.653 | 
     | uu_dtpath/uu_exec/g739                          |             | NAND2X2   |  0.000 |   0.589 |    0.653 | 
     | uu_dtpath/uu_exec/g739                          | A v -> Y ^  | NAND2X2   |  0.105 |   0.694 |    0.758 | 
     | uu_dtpath/uu_exec/uu_alu/FE_OFC349_alu_srcB_w_0 |             | INVX3     |  0.000 |   0.694 |    0.758 | 
     | uu_dtpath/uu_exec/uu_alu/FE_OFC349_alu_srcB_w_0 | A ^ -> Y v  | INVX3     |  0.060 |   0.754 |    0.818 | 
     | uu_dtpath/uu_exec/uu_alu/FE_OFC351_alu_srcB_w_0 |             | INVX6     |  0.000 |   0.754 |    0.818 | 
     | uu_dtpath/uu_exec/uu_alu/FE_OFC351_alu_srcB_w_0 | A v -> Y ^  | INVX6     |  0.058 |   0.812 |    0.877 | 
     | uu_dtpath/uu_exec/uu_alu/FE_OFC355_alu_srcB_w_0 |             | CLKBUFX20 |  0.000 |   0.812 |    0.877 | 
     | uu_dtpath/uu_exec/uu_alu/FE_OFC355_alu_srcB_w_0 | A ^ -> Y ^  | CLKBUFX20 |  0.142 |   0.955 |    1.019 | 
     | uu_dtpath/uu_exec/uu_alu/g2227                  |             | CLKINVX16 |  0.001 |   0.956 |    1.020 | 
     | uu_dtpath/uu_exec/uu_alu/g2227                  | A ^ -> Y v  | CLKINVX16 |  0.073 |   1.028 |    1.092 | 
     | uu_dtpath/uu_exec/uu_alu/sll_22_38_g2858        |             | AOI22X1   |  0.000 |   1.029 |    1.093 | 
     | uu_dtpath/uu_exec/uu_alu/sll_22_38_g2858        | A1 v -> Y ^ | AOI22X1   |  0.144 |   1.172 |    1.236 | 
     | uu_dtpath/uu_exec/uu_alu/sll_22_38_g2840        |             | MX2X1     |  0.000 |   1.172 |    1.236 | 
     | uu_dtpath/uu_exec/uu_alu/sll_22_38_g2840        | A ^ -> Y ^  | MX2X1     |  0.231 |   1.403 |    1.467 | 
     | uu_dtpath/uu_exec/uu_alu/sll_22_38_g2794        |             | MXI2X2    |  0.000 |   1.403 |    1.467 | 
     | uu_dtpath/uu_exec/uu_alu/sll_22_38_g2794        | A ^ -> Y v  | MXI2X2    |  0.223 |   1.627 |    1.691 | 
     | uu_dtpath/uu_exec/uu_alu/sll_22_38_g2731        |             | AOI221X1  |  0.000 |   1.627 |    1.691 | 
     | uu_dtpath/uu_exec/uu_alu/sll_22_38_g2731        | A1 v -> Y ^ | AOI221X1  |  0.214 |   1.840 |    1.905 | 
     | uu_dtpath/uu_exec/uu_alu/sll_22_38_g2719        |             | OAI2BB1X1 |  0.000 |   1.840 |    1.905 | 
     | uu_dtpath/uu_exec/uu_alu/sll_22_38_g2719        | B0 ^ -> Y v | OAI2BB1X1 |  0.243 |   2.084 |    2.148 | 
     | uu_dtpath/uu_exec/uu_alu/g4448                  |             | AOI221XL  |  0.000 |   2.084 |    2.148 | 
     | uu_dtpath/uu_exec/uu_alu/g4448                  | B0 v -> Y ^ | AOI221XL  |  0.264 |   2.347 |    2.412 | 
     | uu_dtpath/uu_exec/uu_alu/FE_OFC797_n_255        |             | CLKBUFX8  |  0.000 |   2.347 |    2.412 | 
     | uu_dtpath/uu_exec/uu_alu/FE_OFC797_n_255        | A ^ -> Y ^  | CLKBUFX8  |  0.193 |   2.541 |    2.605 | 
     | uu_dtpath/uu_exec/uu_alu/FE_OFC630_n_255        |             | BUFX2     |  0.000 |   2.541 |    2.605 | 
     | uu_dtpath/uu_exec/uu_alu/FE_OFC630_n_255        | A ^ -> Y ^  | BUFX2     |  0.089 |   2.629 |    2.693 | 
     | uu_dtpath/uu_exec/uu_alu/g4427                  |             | OAI2BB1X2 |  0.000 |   2.629 |    2.693 | 
     | uu_dtpath/uu_exec/uu_alu/g4427                  | B0 ^ -> Y v | OAI2BB1X2 |  0.085 |   2.714 |    2.778 | 
     | uu_dtpath/uu_exec/uu_alu/g4810                  |             | OR4X1     |  0.000 |   2.714 |    2.778 | 
     | uu_dtpath/uu_exec/uu_alu/g4810                  | C v -> Y v  | OR4X1     |  0.278 |   2.992 |    3.057 | 
     | uu_dtpath/uu_exec/uu_alu/FE_RC_2_0              |             | INVXL     |  0.000 |   2.992 |    3.057 | 
     | uu_dtpath/uu_exec/uu_alu/FE_RC_2_0              | A v -> Y ^  | INVXL     |  0.037 |   3.029 |    3.093 | 
     | uu_dtpath/uu_exec/uu_alu/FE_RC_1_0              |             | NAND2BX1  |  0.000 |   3.029 |    3.093 | 
     | uu_dtpath/uu_exec/uu_alu/FE_RC_1_0              | B ^ -> Y v  | NAND2BX1  |  0.112 |   3.141 |    3.205 | 
     | uu_dtpath/uu_exec/uu_alu/FE_RC_0_0              |             | NOR3X4    |  0.000 |   3.141 |    3.205 | 
     | uu_dtpath/uu_exec/uu_alu/FE_RC_0_0              | B v -> Y ^  | NOR3X4    |  0.140 |   3.281 |    3.345 | 
     | uu_dtpath/uu_exec/g789                          |             | XOR2X4    |  0.000 |   3.281 |    3.345 | 
     | uu_dtpath/uu_exec/g789                          | B ^ -> Y ^  | XOR2X4    |  0.228 |   3.509 |    3.573 | 
     | uu_dtpath/uu_exec/g458                          |             | OAI21X4   |  0.000 |   3.509 |    3.573 | 
     | uu_dtpath/uu_exec/g458                          | A1 ^ -> Y v | OAI21X4   |  0.100 |   3.609 |    3.673 | 
     | uu_dtpath/FE_OFC608_pc_src                      |             | CLKBUFX20 |  0.000 |   3.609 |    3.673 | 
     | uu_dtpath/FE_OFC608_pc_src                      | A v -> Y v  | CLKBUFX20 |  0.131 |   3.740 |    3.804 | 
     | uu_dtpath/uu_dec/FE_OCPC873_FE_OFN40_pc_src     |             | CLKBUFX6  |  0.002 |   3.742 |    3.806 | 
     | uu_dtpath/uu_dec/FE_OCPC873_FE_OFN40_pc_src     | A v -> Y v  | CLKBUFX6  |  0.110 |   3.851 |    3.915 | 
     | uu_dtpath/uu_dec/FE_OFC616_pc_src               |             | CLKINVX8  |  0.000 |   3.851 |    3.915 | 
     | uu_dtpath/uu_dec/FE_OFC616_pc_src               | A v -> Y ^  | CLKINVX8  |  0.083 |   3.934 |    3.998 | 
     | uu_dtpath/uu_dec/g196                           |             | AND2X1    |  0.002 |   3.936 |    4.000 | 
     | uu_dtpath/uu_dec/g196                           | A ^ -> Y ^  | AND2X1    |  0.164 |   4.100 |    4.164 | 
     | uu_dtpath/uu_dec/rd1_ff_reg[2]                  |             | DFFRX1    |  0.000 |   4.100 |    4.164 | 
     +---------------------------------------------------------------------------------------------------------+ 
     Clock Rise Edge                      0.000
     + Source Insertion Delay            -0.596
     = Beginpoint Arrival Time           -0.596
     Other End Path:
     +--------------------------------------------------------------------------------------------+ 
     |               Instance               |    Arc     |   Cell   | Retime | Arrival | Required | 
     |                                      |            |          |  Delay |  Time   |   Time   | 
     |--------------------------------------+------------+----------+--------+---------+----------| 
     |                                      | clk ^      |          |        |  -0.596 |   -0.660 | 
     | uu_dtpath/CTS_ccl_a_buf_00272        |            | CLKBUFX4 |  0.003 |  -0.593 |   -0.657 | 
     | uu_dtpath/CTS_ccl_a_buf_00272        | A ^ -> Y ^ | CLKBUFX4 |  0.091 |  -0.502 |   -0.566 | 
     | uu_dtpath/CTS_ccl_a_buf_00260        |            | CLKBUFX3 |  0.000 |  -0.502 |   -0.566 | 
     | uu_dtpath/CTS_ccl_a_buf_00260        | A ^ -> Y ^ | CLKBUFX3 |  0.100 |  -0.402 |   -0.466 | 
     | uu_dtpath/CTS_ccl_a_buf_00249        |            | CLKBUFX3 |  0.000 |  -0.402 |   -0.466 | 
     | uu_dtpath/CTS_ccl_a_buf_00249        | A ^ -> Y ^ | CLKBUFX3 |  0.096 |  -0.306 |   -0.370 | 
     | uu_dtpath/CTS_ccl_a_buf_00229        |            | CLKBUFX3 |  0.000 |  -0.306 |   -0.370 | 
     | uu_dtpath/CTS_ccl_a_buf_00229        | A ^ -> Y ^ | CLKBUFX3 |  0.090 |  -0.215 |   -0.279 | 
     | uu_dtpath/CTS_ccl_a_buf_00188        |            | CLKBUFX4 |  0.000 |  -0.215 |   -0.279 | 
     | uu_dtpath/CTS_ccl_a_buf_00188        | A ^ -> Y ^ | CLKBUFX4 |  0.104 |  -0.111 |   -0.175 | 
     | uu_dtpath/uu_dec/CTS_ccl_a_buf_00056 |            | CLKBUFX3 |  0.000 |  -0.111 |   -0.175 | 
     | uu_dtpath/uu_dec/CTS_ccl_a_buf_00056 | A ^ -> Y ^ | CLKBUFX3 |  0.099 |  -0.012 |   -0.076 | 
     | uu_dtpath/uu_dec/rd1_ff_reg[2]       |            | DFFRX1   |  0.000 |  -0.012 |   -0.076 | 
     +--------------------------------------------------------------------------------------------+ 
Path 35: MET Setup Check with Pin uu_dtpath/uu_dec/rd2_ff_reg[24]/CK 
Endpoint:   uu_dtpath/uu_dec/rd2_ff_reg[24]/D                (v) checked with  
leading edge of 'clk'
Beginpoint: uu_dtpath/uu_dec/uu_reg_file/reg_dt_reg[2][24]/Q (v) triggered by 
trailing edge of 'clk'
Path Groups: {clk}
Analysis View: setup
Retime Analysis { Data Path-Slew SI }
Other End Arrival Time         -0.010
- Setup                         0.045
+ Phase Shift                   4.400
- Uncertainty                   0.100
= Required Time                 4.245
- Arrival Time                  3.982
= Slack Time                    0.263
= Slack Time(original)          0.106
     Clock Fall Edge                      2.200
     + Source Insertion Delay            -0.598
     = Beginpoint Arrival Time            1.602
     Timing Path:
     +----------------------------------------------------------------------------------------------------------+ 
     |                     Instance                     |     Arc     |   Cell    | Retime | Arrival | Required | 
     |                                                  |             |           |  Delay |  Time   |   Time   | 
     |--------------------------------------------------+-------------+-----------+--------+---------+----------| 
     |                                                  | clk v       |           |        |   1.602 |    1.865 | 
     | uu_dtpath/uu_dec/g163                            |             | INVX2     |  0.002 |   1.604 |    1.867 | 
     | uu_dtpath/uu_dec/g163                            | A v -> Y ^  | INVX2     |  0.029 |   1.632 |    1.895 | 
     | uu_dtpath/uu_dec/uu_reg_file/CTS_ccl_a_buf_00273 |             | CLKBUFX3  |  0.000 |   1.632 |    1.895 | 
     | uu_dtpath/uu_dec/uu_reg_file/CTS_ccl_a_buf_00273 | A ^ -> Y ^  | CLKBUFX3  |  0.088 |   1.720 |    1.983 | 
     | uu_dtpath/uu_dec/uu_reg_file/CTS_ccl_a_buf_00270 |             | CLKBUFX4  |  0.000 |   1.720 |    1.983 | 
     | uu_dtpath/uu_dec/uu_reg_file/CTS_ccl_a_buf_00270 | A ^ -> Y ^  | CLKBUFX4  |  0.104 |   1.824 |    2.087 | 
     | uu_dtpath/uu_dec/uu_reg_file/CTS_ccl_a_buf_00257 |             | CLKBUFX4  |  0.000 |   1.824 |    2.087 | 
     | uu_dtpath/uu_dec/uu_reg_file/CTS_ccl_a_buf_00257 | A ^ -> Y ^  | CLKBUFX4  |  0.106 |   1.930 |    2.193 | 
     | uu_dtpath/uu_dec/uu_reg_file/CTS_ccl_a_buf_00240 |             | CLKBUFX3  |  0.000 |   1.930 |    2.193 | 
     | uu_dtpath/uu_dec/uu_reg_file/CTS_ccl_a_buf_00240 | A ^ -> Y ^  | CLKBUFX3  |  0.091 |   2.021 |    2.284 | 
     | uu_dtpath/uu_dec/uu_reg_file/CTS_ccl_a_buf_00214 |             | CLKBUFX4  |  0.000 |   2.021 |    2.284 | 
     | uu_dtpath/uu_dec/uu_reg_file/CTS_ccl_a_buf_00214 | A ^ -> Y ^  | CLKBUFX4  |  0.104 |   2.125 |    2.388 | 
     | uu_dtpath/uu_dec/uu_reg_file/CTS_ccl_a_buf_00144 |             | CLKBUFX4  |  0.000 |   2.125 |    2.388 | 
     | uu_dtpath/uu_dec/uu_reg_file/CTS_ccl_a_buf_00144 | A ^ -> Y ^  | CLKBUFX4  |  0.110 |   2.236 |    2.499 | 
     | uu_dtpath/uu_dec/uu_reg_file/reg_dt_reg[2][24]   |             | SDFFRHQX1 |  0.000 |   2.236 |    2.499 | 
     | uu_dtpath/uu_dec/uu_reg_file/reg_dt_reg[2][24]   | CK ^ -> Q v | SDFFRHQX1 |  0.254 |   2.489 |    2.752 | 
     | uu_dtpath/uu_dec/uu_reg_file/g3856               |             | AOI222X1  |  0.000 |   2.489 |    2.752 | 
     | uu_dtpath/uu_dec/uu_reg_file/g3856               | A0 v -> Y ^ | AOI222X1  |  0.209 |   2.699 |    2.962 | 
     | uu_dtpath/uu_dec/uu_reg_file/g3503               |             | NAND2X1   |  0.000 |   2.699 |    2.962 | 
     | uu_dtpath/uu_dec/uu_reg_file/g3503               | A ^ -> Y v  | NAND2X1   |  0.203 |   2.902 |    3.165 | 
     | uu_dtpath/uu_dec/uu_reg_file/g37253              |             | NAND4BX1  |  0.000 |   2.902 |    3.165 | 
     | uu_dtpath/uu_dec/uu_reg_file/g37253              | AN v -> Y v | NAND4BX1  |  0.271 |   3.172 |    3.435 | 
     | uu_dtpath/uu_dec/uu_reg_file/FE_OFC146_n_2924    |             | BUFX2     |  0.000 |   3.172 |    3.435 | 
     | uu_dtpath/uu_dec/uu_reg_file/FE_OFC146_n_2924    | A v -> Y v  | BUFX2     |  0.199 |   3.372 |    3.635 | 
     | uu_dtpath/uu_dec/uu_reg_file/g37220              |             | NAND4BBX1 |  0.000 |   3.372 |    3.635 | 
     | uu_dtpath/uu_dec/uu_reg_file/g37220              | AN v -> Y v | NAND4BBX1 |  0.230 |   3.601 |    3.864 | 
     | uu_dtpath/uu_dec/FE_OFC852_rd2_w_24              |             | BUFX2     |  0.000 |   3.601 |    3.864 | 
     | uu_dtpath/uu_dec/FE_OFC852_rd2_w_24              | A v -> Y v  | BUFX2     |  0.178 |   3.779 |    4.042 | 
     | uu_dtpath/uu_dec/FE_OFC598_rd2_w_24              |             | BUFX2     |  0.000 |   3.779 |    4.042 | 
     | uu_dtpath/uu_dec/FE_OFC598_rd2_w_24              | A v -> Y v  | BUFX2     |  0.106 |   3.886 |    4.149 | 
     | uu_dtpath/uu_dec/g245                            |             | AND2X1    |  0.000 |   3.886 |    4.149 | 
     | uu_dtpath/uu_dec/g245                            | B v -> Y v  | AND2X1    |  0.096 |   3.982 |    4.245 | 
     | uu_dtpath/uu_dec/rd2_ff_reg[24]                  |             | DFFRHQX2  |  0.000 |   3.982 |    4.245 | 
     +----------------------------------------------------------------------------------------------------------+ 
     Clock Rise Edge                      0.000
     + Source Insertion Delay            -0.596
     = Beginpoint Arrival Time           -0.596
     Other End Path:
     +--------------------------------------------------------------------------------------------+ 
     |               Instance               |    Arc     |   Cell   | Retime | Arrival | Required | 
     |                                      |            |          |  Delay |  Time   |   Time   | 
     |--------------------------------------+------------+----------+--------+---------+----------| 
     |                                      | clk ^      |          |        |  -0.596 |   -0.859 | 
     | uu_dtpath/CTS_ccl_a_buf_00272        |            | CLKBUFX4 |  0.003 |  -0.593 |   -0.856 | 
     | uu_dtpath/CTS_ccl_a_buf_00272        | A ^ -> Y ^ | CLKBUFX4 |  0.091 |  -0.502 |   -0.765 | 
     | uu_dtpath/CTS_ccl_a_buf_00267        |            | CLKBUFX3 |  0.000 |  -0.502 |   -0.765 | 
     | uu_dtpath/CTS_ccl_a_buf_00267        | A ^ -> Y ^ | CLKBUFX3 |  0.101 |  -0.400 |   -0.663 | 
     | uu_dtpath/CTS_ccl_a_buf_00251        |            | BUFX2    |  0.000 |  -0.400 |   -0.663 | 
     | uu_dtpath/CTS_ccl_a_buf_00251        | A ^ -> Y ^ | BUFX2    |  0.095 |  -0.306 |   -0.569 | 
     | uu_dtpath/CTS_ccl_a_buf_00232        |            | CLKBUFX3 |  0.000 |  -0.306 |   -0.569 | 
     | uu_dtpath/CTS_ccl_a_buf_00232        | A ^ -> Y ^ | CLKBUFX3 |  0.079 |  -0.227 |   -0.490 | 
     | uu_dtpath/uu_dec/CTS_ccl_a_buf_00192 |            | CLKBUFX4 |  0.000 |  -0.227 |   -0.490 | 
     | uu_dtpath/uu_dec/CTS_ccl_a_buf_00192 | A ^ -> Y ^ | CLKBUFX4 |  0.105 |  -0.122 |   -0.385 | 
     | uu_dtpath/uu_dec/CTS_ccl_a_buf_00053 |            | CLKBUFX4 |  0.000 |  -0.122 |   -0.385 | 
     | uu_dtpath/uu_dec/CTS_ccl_a_buf_00053 | A ^ -> Y ^ | CLKBUFX4 |  0.112 |  -0.010 |   -0.273 | 
     | uu_dtpath/uu_dec/rd2_ff_reg[24]      |            | DFFRHQX2 |  0.000 |  -0.010 |   -0.273 | 
     +--------------------------------------------------------------------------------------------+ 
Path 36: MET Setup Check with Pin uu_dtpath/uu_dec/o_pc_reg[7]/CK 
Endpoint:   uu_dtpath/uu_dec/o_pc_reg[7]/D  (^) checked with  leading edge of 
'clk'
Beginpoint: uu_dtpath/uu_dec/o_aluSrc_reg/Q (^) triggered by  leading edge of 
'clk'
Path Groups: {clk}
Analysis View: setup
Retime Analysis { Data Path-Slew SI }
Other End Arrival Time          0.001
- Setup                         0.154
+ Phase Shift                   4.400
- Uncertainty                   0.100
= Required Time                 4.147
- Arrival Time                  4.081
= Slack Time                    0.065
= Slack Time(original)          0.107
     Clock Rise Edge                      0.000
     + Source Insertion Delay            -0.596
     = Beginpoint Arrival Time           -0.596
     Timing Path:
     +---------------------------------------------------------------------------------------------------------+ 
     |                    Instance                     |     Arc     |   Cell    | Retime | Arrival | Required | 
     |                                                 |             |           |  Delay |  Time   |   Time   | 
     |-------------------------------------------------+-------------+-----------+--------+---------+----------| 
     |                                                 | clk ^       |           |        |  -0.596 |   -0.531 | 
     | uu_dtpath/CTS_ccl_a_buf_00272                   |             | CLKBUFX4  |  0.003 |  -0.593 |   -0.528 | 
     | uu_dtpath/CTS_ccl_a_buf_00272                   | A ^ -> Y ^  | CLKBUFX4  |  0.091 |  -0.502 |   -0.436 | 
     | uu_dtpath/CTS_ccl_a_buf_00267                   |             | CLKBUFX3  |  0.000 |  -0.502 |   -0.436 | 
     | uu_dtpath/CTS_ccl_a_buf_00267                   | A ^ -> Y ^  | CLKBUFX3  |  0.101 |  -0.400 |   -0.335 | 
     | uu_dtpath/CTS_ccl_a_buf_00251                   |             | BUFX2     |  0.000 |  -0.400 |   -0.335 | 
     | uu_dtpath/CTS_ccl_a_buf_00251                   | A ^ -> Y ^  | BUFX2     |  0.095 |  -0.306 |   -0.240 | 
     | uu_dtpath/CTS_ccl_a_buf_00232                   |             | CLKBUFX3  |  0.000 |  -0.306 |   -0.240 | 
     | uu_dtpath/CTS_ccl_a_buf_00232                   | A ^ -> Y ^  | CLKBUFX3  |  0.079 |  -0.227 |   -0.161 | 
     | uu_dtpath/uu_dec/CTS_ccl_a_buf_00192            |             | CLKBUFX4  |  0.000 |  -0.227 |   -0.161 | 
     | uu_dtpath/uu_dec/CTS_ccl_a_buf_00192            | A ^ -> Y ^  | CLKBUFX4  |  0.105 |  -0.122 |   -0.057 | 
     | uu_dtpath/uu_dec/CTS_ccl_a_buf_00055            |             | CLKBUFX4  |  0.000 |  -0.122 |   -0.057 | 
     | uu_dtpath/uu_dec/CTS_ccl_a_buf_00055            | A ^ -> Y ^  | CLKBUFX4  |  0.111 |  -0.011 |    0.054 | 
     | uu_dtpath/uu_dec/o_aluSrc_reg                   |             | DFFRHQX4  |  0.000 |  -0.011 |    0.054 | 
     | uu_dtpath/uu_dec/o_aluSrc_reg                   | CK ^ -> Q ^ | DFFRHQX4  |  0.293 |   0.282 |    0.347 | 
     | uu_dtpath/uu_exec/FE_OFC71_aluSrc               |             | INVX3     |  0.000 |   0.282 |    0.347 | 
     | uu_dtpath/uu_exec/FE_OFC71_aluSrc               | A ^ -> Y v  | INVX3     |  0.078 |   0.360 |    0.425 | 
     | uu_dtpath/uu_exec/FE_OFC740_aluSrc              |             | CLKINVX20 |  0.000 |   0.360 |    0.425 | 
     | uu_dtpath/uu_exec/FE_OFC740_aluSrc              | A v -> Y ^  | CLKINVX20 |  0.086 |   0.445 |    0.511 | 
     | uu_dtpath/uu_exec/g767                          |             | NAND2X2   |  0.003 |   0.448 |    0.514 | 
     | uu_dtpath/uu_exec/g767                          | B ^ -> Y v  | NAND2X2   |  0.141 |   0.589 |    0.654 | 
     | uu_dtpath/uu_exec/g739                          |             | NAND2X2   |  0.000 |   0.589 |    0.654 | 
     | uu_dtpath/uu_exec/g739                          | A v -> Y ^  | NAND2X2   |  0.105 |   0.694 |    0.760 | 
     | uu_dtpath/uu_exec/uu_alu/FE_OFC349_alu_srcB_w_0 |             | INVX3     |  0.000 |   0.694 |    0.760 | 
     | uu_dtpath/uu_exec/uu_alu/FE_OFC349_alu_srcB_w_0 | A ^ -> Y v  | INVX3     |  0.060 |   0.754 |    0.819 | 
     | uu_dtpath/uu_exec/uu_alu/FE_OFC351_alu_srcB_w_0 |             | INVX6     |  0.000 |   0.754 |    0.819 | 
     | uu_dtpath/uu_exec/uu_alu/FE_OFC351_alu_srcB_w_0 | A v -> Y ^  | INVX6     |  0.058 |   0.812 |    0.878 | 
     | uu_dtpath/uu_exec/uu_alu/FE_OFC355_alu_srcB_w_0 |             | CLKBUFX20 |  0.000 |   0.812 |    0.878 | 
     | uu_dtpath/uu_exec/uu_alu/FE_OFC355_alu_srcB_w_0 | A ^ -> Y ^  | CLKBUFX20 |  0.142 |   0.955 |    1.020 | 
     | uu_dtpath/uu_exec/uu_alu/g2227                  |             | CLKINVX16 |  0.001 |   0.956 |    1.021 | 
     | uu_dtpath/uu_exec/uu_alu/g2227                  | A ^ -> Y v  | CLKINVX16 |  0.073 |   1.028 |    1.094 | 
     | uu_dtpath/uu_exec/uu_alu/sll_22_38_g2858        |             | AOI22X1   |  0.000 |   1.029 |    1.094 | 
     | uu_dtpath/uu_exec/uu_alu/sll_22_38_g2858        | A1 v -> Y ^ | AOI22X1   |  0.144 |   1.172 |    1.238 | 
     | uu_dtpath/uu_exec/uu_alu/sll_22_38_g2840        |             | MX2X1     |  0.000 |   1.172 |    1.238 | 
     | uu_dtpath/uu_exec/uu_alu/sll_22_38_g2840        | A ^ -> Y ^  | MX2X1     |  0.231 |   1.403 |    1.469 | 
     | uu_dtpath/uu_exec/uu_alu/sll_22_38_g2794        |             | MXI2X2    |  0.000 |   1.403 |    1.469 | 
     | uu_dtpath/uu_exec/uu_alu/sll_22_38_g2794        | A ^ -> Y v  | MXI2X2    |  0.223 |   1.627 |    1.692 | 
     | uu_dtpath/uu_exec/uu_alu/sll_22_38_g2731        |             | AOI221X1  |  0.000 |   1.627 |    1.692 | 
     | uu_dtpath/uu_exec/uu_alu/sll_22_38_g2731        | A1 v -> Y ^ | AOI221X1  |  0.214 |   1.840 |    1.906 | 
     | uu_dtpath/uu_exec/uu_alu/sll_22_38_g2719        |             | OAI2BB1X1 |  0.000 |   1.840 |    1.906 | 
     | uu_dtpath/uu_exec/uu_alu/sll_22_38_g2719        | B0 ^ -> Y v | OAI2BB1X1 |  0.243 |   2.084 |    2.149 | 
     | uu_dtpath/uu_exec/uu_alu/g4448                  |             | AOI221XL  |  0.000 |   2.084 |    2.149 | 
     | uu_dtpath/uu_exec/uu_alu/g4448                  | B0 v -> Y ^ | AOI221XL  |  0.264 |   2.347 |    2.413 | 
     | uu_dtpath/uu_exec/uu_alu/FE_OFC797_n_255        |             | CLKBUFX8  |  0.000 |   2.347 |    2.413 | 
     | uu_dtpath/uu_exec/uu_alu/FE_OFC797_n_255        | A ^ -> Y ^  | CLKBUFX8  |  0.193 |   2.541 |    2.606 | 
     | uu_dtpath/uu_exec/uu_alu/FE_OFC630_n_255        |             | BUFX2     |  0.000 |   2.541 |    2.606 | 
     | uu_dtpath/uu_exec/uu_alu/FE_OFC630_n_255        | A ^ -> Y ^  | BUFX2     |  0.089 |   2.629 |    2.695 | 
     | uu_dtpath/uu_exec/uu_alu/g4427                  |             | OAI2BB1X2 |  0.000 |   2.629 |    2.695 | 
     | uu_dtpath/uu_exec/uu_alu/g4427                  | B0 ^ -> Y v | OAI2BB1X2 |  0.085 |   2.714 |    2.780 | 
     | uu_dtpath/uu_exec/uu_alu/g4810                  |             | OR4X1     |  0.000 |   2.714 |    2.780 | 
     | uu_dtpath/uu_exec/uu_alu/g4810                  | C v -> Y v  | OR4X1     |  0.278 |   2.992 |    3.058 | 
     | uu_dtpath/uu_exec/uu_alu/FE_RC_2_0              |             | INVXL     |  0.000 |   2.992 |    3.058 | 
     | uu_dtpath/uu_exec/uu_alu/FE_RC_2_0              | A v -> Y ^  | INVXL     |  0.037 |   3.029 |    3.095 | 
     | uu_dtpath/uu_exec/uu_alu/FE_RC_1_0              |             | NAND2BX1  |  0.000 |   3.029 |    3.095 | 
     | uu_dtpath/uu_exec/uu_alu/FE_RC_1_0              | B ^ -> Y v  | NAND2BX1  |  0.112 |   3.141 |    3.207 | 
     | uu_dtpath/uu_exec/uu_alu/FE_RC_0_0              |             | NOR3X4    |  0.000 |   3.141 |    3.207 | 
     | uu_dtpath/uu_exec/uu_alu/FE_RC_0_0              | B v -> Y ^  | NOR3X4    |  0.140 |   3.281 |    3.347 | 
     | uu_dtpath/uu_exec/g789                          |             | XOR2X4    |  0.000 |   3.281 |    3.347 | 
     | uu_dtpath/uu_exec/g789                          | B ^ -> Y ^  | XOR2X4    |  0.228 |   3.509 |    3.575 | 
     | uu_dtpath/uu_exec/g458                          |             | OAI21X4   |  0.000 |   3.509 |    3.575 | 
     | uu_dtpath/uu_exec/g458                          | A1 ^ -> Y v | OAI21X4   |  0.100 |   3.609 |    3.674 | 
     | uu_dtpath/FE_OFC608_pc_src                      |             | CLKBUFX20 |  0.000 |   3.609 |    3.674 | 
     | uu_dtpath/FE_OFC608_pc_src                      | A v -> Y v  | CLKBUFX20 |  0.131 |   3.740 |    3.805 | 
     | uu_dtpath/FE_OFC618_pc_src                      |             | CLKBUFX6  |  0.001 |   3.741 |    3.807 | 
     | uu_dtpath/FE_OFC618_pc_src                      | A v -> Y v  | CLKBUFX6  |  0.186 |   3.927 |    3.993 | 
     | uu_dtpath/uu_dec/g140                           |             | NOR2BX1   |  0.001 |   3.928 |    3.993 | 
     | uu_dtpath/uu_dec/g140                           | B v -> Y ^  | NOR2BX1   |  0.154 |   4.081 |    4.147 | 
     | uu_dtpath/uu_dec/o_pc_reg[7]                    |             | DFFRHQX1  |  0.000 |   4.081 |    4.147 | 
     +---------------------------------------------------------------------------------------------------------+ 
     Clock Rise Edge                      0.000
     + Source Insertion Delay            -0.596
     = Beginpoint Arrival Time           -0.596
     Other End Path:
     +--------------------------------------------------------------------------------------------+ 
     |               Instance               |    Arc     |   Cell   | Retime | Arrival | Required | 
     |                                      |            |          |  Delay |  Time   |   Time   | 
     |--------------------------------------+------------+----------+--------+---------+----------| 
     |                                      | clk ^      |          |        |  -0.596 |   -0.661 | 
     | uu_dtpath/CTS_ccl_a_buf_00272        |            | CLKBUFX4 |  0.003 |  -0.593 |   -0.658 | 
     | uu_dtpath/CTS_ccl_a_buf_00272        | A ^ -> Y ^ | CLKBUFX4 |  0.091 |  -0.502 |   -0.567 | 
     | uu_dtpath/CTS_ccl_a_buf_00260        |            | CLKBUFX3 |  0.000 |  -0.502 |   -0.567 | 
     | uu_dtpath/CTS_ccl_a_buf_00260        | A ^ -> Y ^ | CLKBUFX3 |  0.100 |  -0.402 |   -0.467 | 
     | uu_dtpath/CTS_ccl_a_buf_00250        |            | CLKBUFX4 |  0.000 |  -0.402 |   -0.467 | 
     | uu_dtpath/CTS_ccl_a_buf_00250        | A ^ -> Y ^ | CLKBUFX4 |  0.106 |  -0.296 |   -0.361 | 
     | uu_dtpath/CTS_ccl_a_buf_00231        |            | BUFX2    |  0.000 |  -0.296 |   -0.361 | 
     | uu_dtpath/CTS_ccl_a_buf_00231        | A ^ -> Y ^ | BUFX2    |  0.101 |  -0.195 |   -0.260 | 
     | uu_dtpath/CTS_ccl_a_buf_00191        |            | CLKBUFX3 |  0.000 |  -0.195 |   -0.260 | 
     | uu_dtpath/CTS_ccl_a_buf_00191        | A ^ -> Y ^ | CLKBUFX3 |  0.091 |  -0.104 |   -0.169 | 
     | uu_dtpath/uu_dec/CTS_ccl_a_buf_00063 |            | CLKBUFX4 |  0.000 |  -0.104 |   -0.169 | 
     | uu_dtpath/uu_dec/CTS_ccl_a_buf_00063 | A ^ -> Y ^ | CLKBUFX4 |  0.105 |   0.001 |   -0.064 | 
     | uu_dtpath/uu_dec/o_pc_reg[7]         |            | DFFRHQX1 |  0.000 |   0.001 |   -0.064 | 
     +--------------------------------------------------------------------------------------------+ 
Path 37: MET Setup Check with Pin uu_dtpath/uu_dec/o_pc_reg[6]/CK 
Endpoint:   uu_dtpath/uu_dec/o_pc_reg[6]/D  (^) checked with  leading edge of 
'clk'
Beginpoint: uu_dtpath/uu_dec/o_aluSrc_reg/Q (^) triggered by  leading edge of 
'clk'
Path Groups: {clk}
Analysis View: setup
Retime Analysis { Data Path-Slew SI }
Other End Arrival Time          0.002
- Setup                         0.152
+ Phase Shift                   4.400
- Uncertainty                   0.100
= Required Time                 4.150
- Arrival Time                  4.090
= Slack Time                    0.060
= Slack Time(original)          0.108
     Clock Rise Edge                      0.000
     + Source Insertion Delay            -0.596
     = Beginpoint Arrival Time           -0.596
     Timing Path:
     +---------------------------------------------------------------------------------------------------------+ 
     |                    Instance                     |     Arc     |   Cell    | Retime | Arrival | Required | 
     |                                                 |             |           |  Delay |  Time   |   Time   | 
     |-------------------------------------------------+-------------+-----------+--------+---------+----------| 
     |                                                 | clk ^       |           |        |  -0.596 |   -0.536 | 
     | uu_dtpath/CTS_ccl_a_buf_00272                   |             | CLKBUFX4  |  0.003 |  -0.593 |   -0.533 | 
     | uu_dtpath/CTS_ccl_a_buf_00272                   | A ^ -> Y ^  | CLKBUFX4  |  0.091 |  -0.502 |   -0.442 | 
     | uu_dtpath/CTS_ccl_a_buf_00267                   |             | CLKBUFX3  |  0.000 |  -0.502 |   -0.442 | 
     | uu_dtpath/CTS_ccl_a_buf_00267                   | A ^ -> Y ^  | CLKBUFX3  |  0.101 |  -0.400 |   -0.340 | 
     | uu_dtpath/CTS_ccl_a_buf_00251                   |             | BUFX2     |  0.000 |  -0.400 |   -0.340 | 
     | uu_dtpath/CTS_ccl_a_buf_00251                   | A ^ -> Y ^  | BUFX2     |  0.095 |  -0.306 |   -0.246 | 
     | uu_dtpath/CTS_ccl_a_buf_00232                   |             | CLKBUFX3  |  0.000 |  -0.306 |   -0.246 | 
     | uu_dtpath/CTS_ccl_a_buf_00232                   | A ^ -> Y ^  | CLKBUFX3  |  0.079 |  -0.227 |   -0.167 | 
     | uu_dtpath/uu_dec/CTS_ccl_a_buf_00192            |             | CLKBUFX4  |  0.000 |  -0.227 |   -0.167 | 
     | uu_dtpath/uu_dec/CTS_ccl_a_buf_00192            | A ^ -> Y ^  | CLKBUFX4  |  0.105 |  -0.122 |   -0.062 | 
     | uu_dtpath/uu_dec/CTS_ccl_a_buf_00055            |             | CLKBUFX4  |  0.000 |  -0.122 |   -0.062 | 
     | uu_dtpath/uu_dec/CTS_ccl_a_buf_00055            | A ^ -> Y ^  | CLKBUFX4  |  0.111 |  -0.011 |    0.049 | 
     | uu_dtpath/uu_dec/o_aluSrc_reg                   |             | DFFRHQX4  |  0.000 |  -0.011 |    0.049 | 
     | uu_dtpath/uu_dec/o_aluSrc_reg                   | CK ^ -> Q ^ | DFFRHQX4  |  0.293 |   0.282 |    0.342 | 
     | uu_dtpath/uu_exec/FE_OFC71_aluSrc               |             | INVX3     |  0.000 |   0.282 |    0.342 | 
     | uu_dtpath/uu_exec/FE_OFC71_aluSrc               | A ^ -> Y v  | INVX3     |  0.078 |   0.360 |    0.420 | 
     | uu_dtpath/uu_exec/FE_OFC740_aluSrc              |             | CLKINVX20 |  0.000 |   0.360 |    0.420 | 
     | uu_dtpath/uu_exec/FE_OFC740_aluSrc              | A v -> Y ^  | CLKINVX20 |  0.086 |   0.445 |    0.505 | 
     | uu_dtpath/uu_exec/g767                          |             | NAND2X2   |  0.003 |   0.448 |    0.508 | 
     | uu_dtpath/uu_exec/g767                          | B ^ -> Y v  | NAND2X2   |  0.141 |   0.589 |    0.649 | 
     | uu_dtpath/uu_exec/g739                          |             | NAND2X2   |  0.000 |   0.589 |    0.649 | 
     | uu_dtpath/uu_exec/g739                          | A v -> Y ^  | NAND2X2   |  0.105 |   0.694 |    0.754 | 
     | uu_dtpath/uu_exec/uu_alu/FE_OFC349_alu_srcB_w_0 |             | INVX3     |  0.000 |   0.694 |    0.754 | 
     | uu_dtpath/uu_exec/uu_alu/FE_OFC349_alu_srcB_w_0 | A ^ -> Y v  | INVX3     |  0.060 |   0.754 |    0.814 | 
     | uu_dtpath/uu_exec/uu_alu/FE_OFC351_alu_srcB_w_0 |             | INVX6     |  0.000 |   0.754 |    0.814 | 
     | uu_dtpath/uu_exec/uu_alu/FE_OFC351_alu_srcB_w_0 | A v -> Y ^  | INVX6     |  0.058 |   0.812 |    0.872 | 
     | uu_dtpath/uu_exec/uu_alu/FE_OFC355_alu_srcB_w_0 |             | CLKBUFX20 |  0.000 |   0.812 |    0.872 | 
     | uu_dtpath/uu_exec/uu_alu/FE_OFC355_alu_srcB_w_0 | A ^ -> Y ^  | CLKBUFX20 |  0.142 |   0.955 |    1.015 | 
     | uu_dtpath/uu_exec/uu_alu/g2227                  |             | CLKINVX16 |  0.001 |   0.956 |    1.016 | 
     | uu_dtpath/uu_exec/uu_alu/g2227                  | A ^ -> Y v  | CLKINVX16 |  0.073 |   1.028 |    1.088 | 
     | uu_dtpath/uu_exec/uu_alu/sll_22_38_g2858        |             | AOI22X1   |  0.000 |   1.029 |    1.089 | 
     | uu_dtpath/uu_exec/uu_alu/sll_22_38_g2858        | A1 v -> Y ^ | AOI22X1   |  0.144 |   1.172 |    1.232 | 
     | uu_dtpath/uu_exec/uu_alu/sll_22_38_g2840        |             | MX2X1     |  0.000 |   1.172 |    1.232 | 
     | uu_dtpath/uu_exec/uu_alu/sll_22_38_g2840        | A ^ -> Y ^  | MX2X1     |  0.231 |   1.403 |    1.463 | 
     | uu_dtpath/uu_exec/uu_alu/sll_22_38_g2794        |             | MXI2X2    |  0.000 |   1.403 |    1.463 | 
     | uu_dtpath/uu_exec/uu_alu/sll_22_38_g2794        | A ^ -> Y v  | MXI2X2    |  0.223 |   1.627 |    1.687 | 
     | uu_dtpath/uu_exec/uu_alu/sll_22_38_g2731        |             | AOI221X1  |  0.000 |   1.627 |    1.687 | 
     | uu_dtpath/uu_exec/uu_alu/sll_22_38_g2731        | A1 v -> Y ^ | AOI221X1  |  0.214 |   1.840 |    1.900 | 
     | uu_dtpath/uu_exec/uu_alu/sll_22_38_g2719        |             | OAI2BB1X1 |  0.000 |   1.840 |    1.900 | 
     | uu_dtpath/uu_exec/uu_alu/sll_22_38_g2719        | B0 ^ -> Y v | OAI2BB1X1 |  0.243 |   2.084 |    2.144 | 
     | uu_dtpath/uu_exec/uu_alu/g4448                  |             | AOI221XL  |  0.000 |   2.084 |    2.144 | 
     | uu_dtpath/uu_exec/uu_alu/g4448                  | B0 v -> Y ^ | AOI221XL  |  0.264 |   2.347 |    2.407 | 
     | uu_dtpath/uu_exec/uu_alu/FE_OFC797_n_255        |             | CLKBUFX8  |  0.000 |   2.347 |    2.407 | 
     | uu_dtpath/uu_exec/uu_alu/FE_OFC797_n_255        | A ^ -> Y ^  | CLKBUFX8  |  0.193 |   2.541 |    2.601 | 
     | uu_dtpath/uu_exec/uu_alu/FE_OFC630_n_255        |             | BUFX2     |  0.000 |   2.541 |    2.601 | 
     | uu_dtpath/uu_exec/uu_alu/FE_OFC630_n_255        | A ^ -> Y ^  | BUFX2     |  0.089 |   2.629 |    2.689 | 
     | uu_dtpath/uu_exec/uu_alu/g4427                  |             | OAI2BB1X2 |  0.000 |   2.629 |    2.689 | 
     | uu_dtpath/uu_exec/uu_alu/g4427                  | B0 ^ -> Y v | OAI2BB1X2 |  0.085 |   2.714 |    2.774 | 
     | uu_dtpath/uu_exec/uu_alu/g4810                  |             | OR4X1     |  0.000 |   2.714 |    2.774 | 
     | uu_dtpath/uu_exec/uu_alu/g4810                  | C v -> Y v  | OR4X1     |  0.278 |   2.992 |    3.052 | 
     | uu_dtpath/uu_exec/uu_alu/FE_RC_2_0              |             | INVXL     |  0.000 |   2.992 |    3.052 | 
     | uu_dtpath/uu_exec/uu_alu/FE_RC_2_0              | A v -> Y ^  | INVXL     |  0.037 |   3.029 |    3.089 | 
     | uu_dtpath/uu_exec/uu_alu/FE_RC_1_0              |             | NAND2BX1  |  0.000 |   3.029 |    3.089 | 
     | uu_dtpath/uu_exec/uu_alu/FE_RC_1_0              | B ^ -> Y v  | NAND2BX1  |  0.112 |   3.141 |    3.201 | 
     | uu_dtpath/uu_exec/uu_alu/FE_RC_0_0              |             | NOR3X4    |  0.000 |   3.141 |    3.201 | 
     | uu_dtpath/uu_exec/uu_alu/FE_RC_0_0              | B v -> Y ^  | NOR3X4    |  0.140 |   3.281 |    3.341 | 
     | uu_dtpath/uu_exec/g789                          |             | XOR2X4    |  0.000 |   3.281 |    3.341 | 
     | uu_dtpath/uu_exec/g789                          | B ^ -> Y ^  | XOR2X4    |  0.228 |   3.509 |    3.569 | 
     | uu_dtpath/uu_exec/g458                          |             | OAI21X4   |  0.000 |   3.509 |    3.569 | 
     | uu_dtpath/uu_exec/g458                          | A1 ^ -> Y v | OAI21X4   |  0.100 |   3.609 |    3.669 | 
     | uu_dtpath/FE_OFC608_pc_src                      |             | CLKBUFX20 |  0.000 |   3.609 |    3.669 | 
     | uu_dtpath/FE_OFC608_pc_src                      | A v -> Y v  | CLKBUFX20 |  0.131 |   3.740 |    3.800 | 
     | uu_dtpath/FE_OFC618_pc_src                      |             | CLKBUFX6  |  0.001 |   3.741 |    3.801 | 
     | uu_dtpath/FE_OFC618_pc_src                      | A v -> Y v  | CLKBUFX6  |  0.186 |   3.927 |    3.987 | 
     | uu_dtpath/uu_dec/g139                           |             | NOR2BX1   |  0.001 |   3.928 |    3.988 | 
     | uu_dtpath/uu_dec/g139                           | B v -> Y ^  | NOR2BX1   |  0.162 |   4.090 |    4.150 | 
     | uu_dtpath/uu_dec/o_pc_reg[6]                    |             | DFFRHQX1  |  0.000 |   4.090 |    4.150 | 
     +---------------------------------------------------------------------------------------------------------+ 
     Clock Rise Edge                      0.000
     + Source Insertion Delay            -0.596
     = Beginpoint Arrival Time           -0.596
     Other End Path:
     +-------------------------------------------------------------------------------------+ 
     |           Instance            |    Arc     |   Cell   | Retime | Arrival | Required | 
     |                               |            |          |  Delay |  Time   |   Time   | 
     |-------------------------------+------------+----------+--------+---------+----------| 
     |                               | clk ^      |          |        |  -0.596 |   -0.656 | 
     | uu_dtpath/CTS_ccl_a_buf_00272 |            | CLKBUFX4 |  0.003 |  -0.593 |   -0.653 | 
     | uu_dtpath/CTS_ccl_a_buf_00272 | A ^ -> Y ^ | CLKBUFX4 |  0.091 |  -0.502 |   -0.562 | 
     | uu_dtpath/CTS_ccl_a_buf_00260 |            | CLKBUFX3 |  0.000 |  -0.502 |   -0.562 | 
     | uu_dtpath/CTS_ccl_a_buf_00260 | A ^ -> Y ^ | CLKBUFX3 |  0.100 |  -0.402 |   -0.462 | 
     | uu_dtpath/CTS_ccl_a_buf_00250 |            | CLKBUFX4 |  0.000 |  -0.402 |   -0.462 | 
     | uu_dtpath/CTS_ccl_a_buf_00250 | A ^ -> Y ^ | CLKBUFX4 |  0.106 |  -0.296 |   -0.356 | 
     | uu_dtpath/CTS_ccl_a_buf_00231 |            | BUFX2    |  0.000 |  -0.296 |   -0.356 | 
     | uu_dtpath/CTS_ccl_a_buf_00231 | A ^ -> Y ^ | BUFX2    |  0.101 |  -0.195 |   -0.255 | 
     | uu_dtpath/CTS_ccl_a_buf_00191 |            | CLKBUFX3 |  0.000 |  -0.195 |   -0.255 | 
     | uu_dtpath/CTS_ccl_a_buf_00191 | A ^ -> Y ^ | CLKBUFX3 |  0.091 |  -0.104 |   -0.164 | 
     | uu_dtpath/CTS_ccl_a_buf_00024 |            | CLKBUFX4 |  0.000 |  -0.104 |   -0.164 | 
     | uu_dtpath/CTS_ccl_a_buf_00024 | A ^ -> Y ^ | CLKBUFX4 |  0.105 |   0.002 |   -0.058 | 
     | uu_dtpath/uu_dec/o_pc_reg[6]  |            | DFFRHQX1 |  0.000 |   0.002 |   -0.058 | 
     +-------------------------------------------------------------------------------------+ 
Path 38: MET Setup Check with Pin uu_dtpath/uu_dec/rd2_ff_reg[20]/CK 
Endpoint:   uu_dtpath/uu_dec/rd2_ff_reg[20]/D                (v) checked with  
leading edge of 'clk'
Beginpoint: uu_dtpath/uu_dec/uu_reg_file/reg_dt_reg[2][20]/Q (v) triggered by 
trailing edge of 'clk'
Path Groups: {clk}
Analysis View: setup
Retime Analysis { Data Path-Slew SI }
Other End Arrival Time         -0.011
- Setup                         0.045
+ Phase Shift                   4.400
- Uncertainty                   0.100
= Required Time                 4.244
- Arrival Time                  4.032
= Slack Time                    0.212
= Slack Time(original)          0.108
     Clock Fall Edge                      2.200
     + Source Insertion Delay            -0.598
     = Beginpoint Arrival Time            1.602
     Timing Path:
     +----------------------------------------------------------------------------------------------------------+ 
     |                     Instance                     |     Arc     |   Cell    | Retime | Arrival | Required | 
     |                                                  |             |           |  Delay |  Time   |   Time   | 
     |--------------------------------------------------+-------------+-----------+--------+---------+----------| 
     |                                                  | clk v       |           |        |   1.602 |    1.815 | 
     | uu_dtpath/uu_dec/g163                            |             | INVX2     |  0.002 |   1.604 |    1.816 | 
     | uu_dtpath/uu_dec/g163                            | A v -> Y ^  | INVX2     |  0.029 |   1.632 |    1.845 | 
     | uu_dtpath/uu_dec/uu_reg_file/CTS_ccl_a_buf_00273 |             | CLKBUFX3  |  0.000 |   1.632 |    1.845 | 
     | uu_dtpath/uu_dec/uu_reg_file/CTS_ccl_a_buf_00273 | A ^ -> Y ^  | CLKBUFX3  |  0.088 |   1.720 |    1.933 | 
     | uu_dtpath/uu_dec/uu_reg_file/CTS_ccl_a_buf_00270 |             | CLKBUFX4  |  0.000 |   1.720 |    1.933 | 
     | uu_dtpath/uu_dec/uu_reg_file/CTS_ccl_a_buf_00270 | A ^ -> Y ^  | CLKBUFX4  |  0.104 |   1.824 |    2.037 | 
     | uu_dtpath/uu_dec/uu_reg_file/CTS_ccl_a_buf_00257 |             | CLKBUFX4  |  0.000 |   1.824 |    2.037 | 
     | uu_dtpath/uu_dec/uu_reg_file/CTS_ccl_a_buf_00257 | A ^ -> Y ^  | CLKBUFX4  |  0.106 |   1.930 |    2.143 | 
     | uu_dtpath/uu_dec/uu_reg_file/CTS_ccl_a_buf_00245 |             | CLKBUFX3  |  0.000 |   1.930 |    2.143 | 
     | uu_dtpath/uu_dec/uu_reg_file/CTS_ccl_a_buf_00245 | A ^ -> Y ^  | CLKBUFX3  |  0.089 |   2.019 |    2.232 | 
     | uu_dtpath/uu_dec/uu_reg_file/CTS_ccl_a_buf_00211 |             | CLKBUFX4  |  0.000 |   2.019 |    2.232 | 
     | uu_dtpath/uu_dec/uu_reg_file/CTS_ccl_a_buf_00211 | A ^ -> Y ^  | CLKBUFX4  |  0.101 |   2.120 |    2.332 | 
     | uu_dtpath/uu_dec/uu_reg_file/CTS_ccl_a_buf_00141 |             | CLKBUFX4  |  0.000 |   2.120 |    2.332 | 
     | uu_dtpath/uu_dec/uu_reg_file/CTS_ccl_a_buf_00141 | A ^ -> Y ^  | CLKBUFX4  |  0.107 |   2.227 |    2.440 | 
     | uu_dtpath/uu_dec/uu_reg_file/reg_dt_reg[2][20]   |             | SDFFRHQX1 |  0.000 |   2.227 |    2.440 | 
     | uu_dtpath/uu_dec/uu_reg_file/reg_dt_reg[2][20]   | CK ^ -> Q v | SDFFRHQX1 |  0.249 |   2.476 |    2.689 | 
     | uu_dtpath/uu_dec/uu_reg_file/g3842               |             | AOI222X1  |  0.000 |   2.476 |    2.689 | 
     | uu_dtpath/uu_dec/uu_reg_file/g3842               | A0 v -> Y ^ | AOI222X1  |  0.215 |   2.691 |    2.904 | 
     | uu_dtpath/uu_dec/uu_reg_file/g3490               |             | NAND2X1   |  0.000 |   2.691 |    2.904 | 
     | uu_dtpath/uu_dec/uu_reg_file/g3490               | A ^ -> Y v  | NAND2X1   |  0.243 |   2.934 |    3.147 | 
     | uu_dtpath/uu_dec/uu_reg_file/g37256              |             | NAND4BX1  |  0.000 |   2.934 |    3.147 | 
     | uu_dtpath/uu_dec/uu_reg_file/g37256              | AN v -> Y v | NAND4BX1  |  0.299 |   3.233 |    3.446 | 
     | uu_dtpath/uu_dec/uu_reg_file/FE_OFC186_n_2927    |             | BUFX2     |  0.000 |   3.233 |    3.446 | 
     | uu_dtpath/uu_dec/uu_reg_file/FE_OFC186_n_2927    | A v -> Y v  | BUFX2     |  0.182 |   3.415 |    3.628 | 
     | uu_dtpath/uu_dec/uu_reg_file/g37211              |             | NAND4BBXL |  0.000 |   3.415 |    3.628 | 
     | uu_dtpath/uu_dec/uu_reg_file/g37211              | AN v -> Y v | NAND4BBXL |  0.262 |   3.677 |    3.890 | 
     | uu_dtpath/uu_dec/FE_OFC853_rd2_w_20              |             | BUFX2     |  0.000 |   3.677 |    3.890 | 
     | uu_dtpath/uu_dec/FE_OFC853_rd2_w_20              | A v -> Y v  | BUFX2     |  0.172 |   3.849 |    4.062 | 
     | uu_dtpath/uu_dec/FE_OFC545_rd2_w_20              |             | BUFX2     |  0.000 |   3.849 |    4.062 | 
     | uu_dtpath/uu_dec/FE_OFC545_rd2_w_20              | A v -> Y v  | BUFX2     |  0.100 |   3.949 |    4.161 | 
     | uu_dtpath/uu_dec/g243                            |             | AND2X1    |  0.000 |   3.949 |    4.161 | 
     | uu_dtpath/uu_dec/g243                            | B v -> Y v  | AND2X1    |  0.083 |   4.032 |    4.244 | 
     | uu_dtpath/uu_dec/rd2_ff_reg[20]                  |             | DFFRHQX1  |  0.000 |   4.032 |    4.244 | 
     +----------------------------------------------------------------------------------------------------------+ 
     Clock Rise Edge                      0.000
     + Source Insertion Delay            -0.596
     = Beginpoint Arrival Time           -0.596
     Other End Path:
     +--------------------------------------------------------------------------------------------+ 
     |               Instance               |    Arc     |   Cell   | Retime | Arrival | Required | 
     |                                      |            |          |  Delay |  Time   |   Time   | 
     |--------------------------------------+------------+----------+--------+---------+----------| 
     |                                      | clk ^      |          |        |  -0.596 |   -0.808 | 
     | uu_dtpath/CTS_ccl_a_buf_00272        |            | CLKBUFX4 |  0.003 |  -0.593 |   -0.805 | 
     | uu_dtpath/CTS_ccl_a_buf_00272        | A ^ -> Y ^ | CLKBUFX4 |  0.091 |  -0.502 |   -0.714 | 
     | uu_dtpath/CTS_ccl_a_buf_00260        |            | CLKBUFX3 |  0.000 |  -0.502 |   -0.714 | 
     | uu_dtpath/CTS_ccl_a_buf_00260        | A ^ -> Y ^ | CLKBUFX3 |  0.100 |  -0.402 |   -0.614 | 
     | uu_dtpath/CTS_ccl_a_buf_00250        |            | CLKBUFX4 |  0.000 |  -0.402 |   -0.614 | 
     | uu_dtpath/CTS_ccl_a_buf_00250        | A ^ -> Y ^ | CLKBUFX4 |  0.106 |  -0.296 |   -0.508 | 
     | uu_dtpath/uu_dec/CTS_ccl_a_buf_00230 |            | CLKBUFX3 |  0.000 |  -0.296 |   -0.508 | 
     | uu_dtpath/uu_dec/CTS_ccl_a_buf_00230 | A ^ -> Y ^ | CLKBUFX3 |  0.093 |  -0.202 |   -0.415 | 
     | uu_dtpath/uu_dec/CTS_ccl_a_buf_00190 |            | CLKBUFX3 |  0.000 |  -0.202 |   -0.415 | 
     | uu_dtpath/uu_dec/CTS_ccl_a_buf_00190 | A ^ -> Y ^ | CLKBUFX3 |  0.088 |  -0.114 |   -0.326 | 
     | uu_dtpath/uu_dec/CTS_ccl_a_buf_00062 |            | CLKBUFX4 |  0.000 |  -0.114 |   -0.326 | 
     | uu_dtpath/uu_dec/CTS_ccl_a_buf_00062 | A ^ -> Y ^ | CLKBUFX4 |  0.102 |  -0.011 |   -0.224 | 
     | uu_dtpath/uu_dec/rd2_ff_reg[20]      |            | DFFRHQX1 |  0.000 |  -0.011 |   -0.224 | 
     +--------------------------------------------------------------------------------------------+ 
Path 39: MET Setup Check with Pin uu_dtpath/uu_dec/immExt_ff_reg[18]/CK 
Endpoint:   uu_dtpath/uu_dec/immExt_ff_reg[18]/D (^) checked with  leading edge 
of 'clk'
Beginpoint: uu_dtpath/uu_dec/o_aluSrc_reg/Q      (^) triggered by  leading edge 
of 'clk'
Path Groups: {clk}
Analysis View: setup
Retime Analysis { Data Path-Slew SI }
Other End Arrival Time         -0.011
- Setup                         0.159
+ Phase Shift                   4.400
- Uncertainty                   0.100
= Required Time                 4.130
- Arrival Time                  4.065
= Slack Time                    0.065
= Slack Time(original)          0.108
     Clock Rise Edge                      0.000
     + Source Insertion Delay            -0.596
     = Beginpoint Arrival Time           -0.596
     Timing Path:
     +---------------------------------------------------------------------------------------------------------+ 
     |                    Instance                     |     Arc     |   Cell    | Retime | Arrival | Required | 
     |                                                 |             |           |  Delay |  Time   |   Time   | 
     |-------------------------------------------------+-------------+-----------+--------+---------+----------| 
     |                                                 | clk ^       |           |        |  -0.596 |   -0.531 | 
     | uu_dtpath/CTS_ccl_a_buf_00272                   |             | CLKBUFX4  |  0.003 |  -0.593 |   -0.527 | 
     | uu_dtpath/CTS_ccl_a_buf_00272                   | A ^ -> Y ^  | CLKBUFX4  |  0.091 |  -0.502 |   -0.436 | 
     | uu_dtpath/CTS_ccl_a_buf_00267                   |             | CLKBUFX3  |  0.000 |  -0.502 |   -0.436 | 
     | uu_dtpath/CTS_ccl_a_buf_00267                   | A ^ -> Y ^  | CLKBUFX3  |  0.101 |  -0.400 |   -0.335 | 
     | uu_dtpath/CTS_ccl_a_buf_00251                   |             | BUFX2     |  0.000 |  -0.400 |   -0.335 | 
     | uu_dtpath/CTS_ccl_a_buf_00251                   | A ^ -> Y ^  | BUFX2     |  0.095 |  -0.306 |   -0.240 | 
     | uu_dtpath/CTS_ccl_a_buf_00232                   |             | CLKBUFX3  |  0.000 |  -0.306 |   -0.240 | 
     | uu_dtpath/CTS_ccl_a_buf_00232                   | A ^ -> Y ^  | CLKBUFX3  |  0.079 |  -0.227 |   -0.161 | 
     | uu_dtpath/uu_dec/CTS_ccl_a_buf_00192            |             | CLKBUFX4  |  0.000 |  -0.227 |   -0.161 | 
     | uu_dtpath/uu_dec/CTS_ccl_a_buf_00192            | A ^ -> Y ^  | CLKBUFX4  |  0.105 |  -0.122 |   -0.057 | 
     | uu_dtpath/uu_dec/CTS_ccl_a_buf_00055            |             | CLKBUFX4  |  0.000 |  -0.122 |   -0.056 | 
     | uu_dtpath/uu_dec/CTS_ccl_a_buf_00055            | A ^ -> Y ^  | CLKBUFX4  |  0.111 |  -0.011 |    0.054 | 
     | uu_dtpath/uu_dec/o_aluSrc_reg                   |             | DFFRHQX4  |  0.000 |  -0.011 |    0.054 | 
     | uu_dtpath/uu_dec/o_aluSrc_reg                   | CK ^ -> Q ^ | DFFRHQX4  |  0.293 |   0.282 |    0.347 | 
     | uu_dtpath/uu_exec/FE_OFC71_aluSrc               |             | INVX3     |  0.000 |   0.282 |    0.347 | 
     | uu_dtpath/uu_exec/FE_OFC71_aluSrc               | A ^ -> Y v  | INVX3     |  0.078 |   0.360 |    0.425 | 
     | uu_dtpath/uu_exec/FE_OFC740_aluSrc              |             | CLKINVX20 |  0.000 |   0.360 |    0.425 | 
     | uu_dtpath/uu_exec/FE_OFC740_aluSrc              | A v -> Y ^  | CLKINVX20 |  0.086 |   0.445 |    0.511 | 
     | uu_dtpath/uu_exec/g767                          |             | NAND2X2   |  0.003 |   0.448 |    0.514 | 
     | uu_dtpath/uu_exec/g767                          | B ^ -> Y v  | NAND2X2   |  0.141 |   0.589 |    0.654 | 
     | uu_dtpath/uu_exec/g739                          |             | NAND2X2   |  0.000 |   0.589 |    0.654 | 
     | uu_dtpath/uu_exec/g739                          | A v -> Y ^  | NAND2X2   |  0.105 |   0.694 |    0.760 | 
     | uu_dtpath/uu_exec/uu_alu/FE_OFC349_alu_srcB_w_0 |             | INVX3     |  0.000 |   0.694 |    0.760 | 
     | uu_dtpath/uu_exec/uu_alu/FE_OFC349_alu_srcB_w_0 | A ^ -> Y v  | INVX3     |  0.060 |   0.754 |    0.819 | 
     | uu_dtpath/uu_exec/uu_alu/FE_OFC351_alu_srcB_w_0 |             | INVX6     |  0.000 |   0.754 |    0.819 | 
     | uu_dtpath/uu_exec/uu_alu/FE_OFC351_alu_srcB_w_0 | A v -> Y ^  | INVX6     |  0.058 |   0.812 |    0.878 | 
     | uu_dtpath/uu_exec/uu_alu/FE_OFC355_alu_srcB_w_0 |             | CLKBUFX20 |  0.000 |   0.812 |    0.878 | 
     | uu_dtpath/uu_exec/uu_alu/FE_OFC355_alu_srcB_w_0 | A ^ -> Y ^  | CLKBUFX20 |  0.142 |   0.955 |    1.020 | 
     | uu_dtpath/uu_exec/uu_alu/g2227                  |             | CLKINVX16 |  0.001 |   0.956 |    1.021 | 
     | uu_dtpath/uu_exec/uu_alu/g2227                  | A ^ -> Y v  | CLKINVX16 |  0.073 |   1.028 |    1.094 | 
     | uu_dtpath/uu_exec/uu_alu/sll_22_38_g2858        |             | AOI22X1   |  0.000 |   1.029 |    1.094 | 
     | uu_dtpath/uu_exec/uu_alu/sll_22_38_g2858        | A1 v -> Y ^ | AOI22X1   |  0.144 |   1.172 |    1.238 | 
     | uu_dtpath/uu_exec/uu_alu/sll_22_38_g2840        |             | MX2X1     |  0.000 |   1.172 |    1.238 | 
     | uu_dtpath/uu_exec/uu_alu/sll_22_38_g2840        | A ^ -> Y ^  | MX2X1     |  0.231 |   1.403 |    1.469 | 
     | uu_dtpath/uu_exec/uu_alu/sll_22_38_g2794        |             | MXI2X2    |  0.000 |   1.403 |    1.469 | 
     | uu_dtpath/uu_exec/uu_alu/sll_22_38_g2794        | A ^ -> Y v  | MXI2X2    |  0.223 |   1.627 |    1.692 | 
     | uu_dtpath/uu_exec/uu_alu/sll_22_38_g2731        |             | AOI221X1  |  0.000 |   1.627 |    1.692 | 
     | uu_dtpath/uu_exec/uu_alu/sll_22_38_g2731        | A1 v -> Y ^ | AOI221X1  |  0.214 |   1.840 |    1.906 | 
     | uu_dtpath/uu_exec/uu_alu/sll_22_38_g2719        |             | OAI2BB1X1 |  0.000 |   1.840 |    1.906 | 
     | uu_dtpath/uu_exec/uu_alu/sll_22_38_g2719        | B0 ^ -> Y v | OAI2BB1X1 |  0.243 |   2.084 |    2.149 | 
     | uu_dtpath/uu_exec/uu_alu/g4448                  |             | AOI221XL  |  0.000 |   2.084 |    2.149 | 
     | uu_dtpath/uu_exec/uu_alu/g4448                  | B0 v -> Y ^ | AOI221XL  |  0.264 |   2.347 |    2.413 | 
     | uu_dtpath/uu_exec/uu_alu/FE_OFC797_n_255        |             | CLKBUFX8  |  0.000 |   2.347 |    2.413 | 
     | uu_dtpath/uu_exec/uu_alu/FE_OFC797_n_255        | A ^ -> Y ^  | CLKBUFX8  |  0.193 |   2.541 |    2.606 | 
     | uu_dtpath/uu_exec/uu_alu/FE_OFC630_n_255        |             | BUFX2     |  0.000 |   2.541 |    2.606 | 
     | uu_dtpath/uu_exec/uu_alu/FE_OFC630_n_255        | A ^ -> Y ^  | BUFX2     |  0.089 |   2.629 |    2.695 | 
     | uu_dtpath/uu_exec/uu_alu/g4427                  |             | OAI2BB1X2 |  0.000 |   2.629 |    2.695 | 
     | uu_dtpath/uu_exec/uu_alu/g4427                  | B0 ^ -> Y v | OAI2BB1X2 |  0.085 |   2.714 |    2.780 | 
     | uu_dtpath/uu_exec/uu_alu/g4810                  |             | OR4X1     |  0.000 |   2.714 |    2.780 | 
     | uu_dtpath/uu_exec/uu_alu/g4810                  | C v -> Y v  | OR4X1     |  0.278 |   2.992 |    3.058 | 
     | uu_dtpath/uu_exec/uu_alu/FE_RC_2_0              |             | INVXL     |  0.000 |   2.992 |    3.058 | 
     | uu_dtpath/uu_exec/uu_alu/FE_RC_2_0              | A v -> Y ^  | INVXL     |  0.037 |   3.029 |    3.095 | 
     | uu_dtpath/uu_exec/uu_alu/FE_RC_1_0              |             | NAND2BX1  |  0.000 |   3.029 |    3.095 | 
     | uu_dtpath/uu_exec/uu_alu/FE_RC_1_0              | B ^ -> Y v  | NAND2BX1  |  0.112 |   3.141 |    3.207 | 
     | uu_dtpath/uu_exec/uu_alu/FE_RC_0_0              |             | NOR3X4    |  0.000 |   3.141 |    3.207 | 
     | uu_dtpath/uu_exec/uu_alu/FE_RC_0_0              | B v -> Y ^  | NOR3X4    |  0.140 |   3.281 |    3.347 | 
     | uu_dtpath/uu_exec/g789                          |             | XOR2X4    |  0.000 |   3.281 |    3.347 | 
     | uu_dtpath/uu_exec/g789                          | B ^ -> Y ^  | XOR2X4    |  0.228 |   3.509 |    3.575 | 
     | uu_dtpath/uu_exec/g458                          |             | OAI21X4   |  0.000 |   3.509 |    3.575 | 
     | uu_dtpath/uu_exec/g458                          | A1 ^ -> Y v | OAI21X4   |  0.100 |   3.609 |    3.674 | 
     | uu_dtpath/FE_OFC608_pc_src                      |             | CLKBUFX20 |  0.000 |   3.609 |    3.675 | 
     | uu_dtpath/FE_OFC608_pc_src                      | A v -> Y v  | CLKBUFX20 |  0.131 |   3.740 |    3.806 | 
     | uu_dtpath/uu_dec/FE_OFC615_pc_src               |             | BUFX4     |  0.000 |   3.740 |    3.806 | 
     | uu_dtpath/uu_dec/FE_OFC615_pc_src               | A v -> Y v  | BUFX4     |  0.177 |   3.918 |    3.983 | 
     | uu_dtpath/uu_dec/g270                           |             | NOR2BX1   |  0.000 |   3.918 |    3.983 | 
     | uu_dtpath/uu_dec/g270                           | B v -> Y ^  | NOR2BX1   |  0.147 |   4.065 |    4.130 | 
     | uu_dtpath/uu_dec/immExt_ff_reg[18]              |             | DFFRHQX1  |  0.000 |   4.065 |    4.130 | 
     +---------------------------------------------------------------------------------------------------------+ 
     Clock Rise Edge                      0.000
     + Source Insertion Delay            -0.596
     = Beginpoint Arrival Time           -0.596
     Other End Path:
     +--------------------------------------------------------------------------------------------+ 
     |               Instance               |    Arc     |   Cell   | Retime | Arrival | Required | 
     |                                      |            |          |  Delay |  Time   |   Time   | 
     |--------------------------------------+------------+----------+--------+---------+----------| 
     |                                      | clk ^      |          |        |  -0.596 |   -0.662 | 
     | uu_dtpath/CTS_ccl_a_buf_00272        |            | CLKBUFX4 |  0.003 |  -0.593 |   -0.658 | 
     | uu_dtpath/CTS_ccl_a_buf_00272        | A ^ -> Y ^ | CLKBUFX4 |  0.091 |  -0.502 |   -0.567 | 
     | uu_dtpath/CTS_ccl_a_buf_00267        |            | CLKBUFX3 |  0.000 |  -0.502 |   -0.567 | 
     | uu_dtpath/CTS_ccl_a_buf_00267        | A ^ -> Y ^ | CLKBUFX3 |  0.101 |  -0.400 |   -0.466 | 
     | uu_dtpath/CTS_ccl_a_buf_00251        |            | BUFX2    |  0.000 |  -0.400 |   -0.466 | 
     | uu_dtpath/CTS_ccl_a_buf_00251        | A ^ -> Y ^ | BUFX2    |  0.095 |  -0.306 |   -0.371 | 
     | uu_dtpath/CTS_ccl_a_buf_00232        |            | CLKBUFX3 |  0.000 |  -0.306 |   -0.371 | 
     | uu_dtpath/CTS_ccl_a_buf_00232        | A ^ -> Y ^ | CLKBUFX3 |  0.079 |  -0.227 |   -0.293 | 
     | uu_dtpath/uu_dec/CTS_ccl_a_buf_00192 |            | CLKBUFX4 |  0.000 |  -0.227 |   -0.293 | 
     | uu_dtpath/uu_dec/CTS_ccl_a_buf_00192 | A ^ -> Y ^ | CLKBUFX4 |  0.105 |  -0.122 |   -0.188 | 
     | uu_dtpath/uu_dec/CTS_ccl_a_buf_00054 |            | CLKBUFX4 |  0.000 |  -0.122 |   -0.188 | 
     | uu_dtpath/uu_dec/CTS_ccl_a_buf_00054 | A ^ -> Y ^ | CLKBUFX4 |  0.111 |  -0.011 |   -0.077 | 
     | uu_dtpath/uu_dec/immExt_ff_reg[18]   |            | DFFRHQX1 |  0.000 |  -0.011 |   -0.077 | 
     +--------------------------------------------------------------------------------------------+ 
Path 40: MET Setup Check with Pin uu_dtpath/uu_dec/immExt_ff_reg[5]/CK 
Endpoint:   uu_dtpath/uu_dec/immExt_ff_reg[5]/D (^) checked with  leading edge 
of 'clk'
Beginpoint: uu_dtpath/uu_dec/o_aluSrc_reg/Q     (^) triggered by  leading edge 
of 'clk'
Path Groups: {clk}
Analysis View: setup
Retime Analysis { Data Path-Slew SI }
Other End Arrival Time         -0.012
- Setup                         0.158
+ Phase Shift                   4.400
- Uncertainty                   0.100
= Required Time                 4.130
- Arrival Time                  4.074
= Slack Time                    0.056
= Slack Time(original)          0.108
     Clock Rise Edge                      0.000
     + Source Insertion Delay            -0.596
     = Beginpoint Arrival Time           -0.596
     Timing Path:
     +---------------------------------------------------------------------------------------------------------+ 
     |                    Instance                     |     Arc     |   Cell    | Retime | Arrival | Required | 
     |                                                 |             |           |  Delay |  Time   |   Time   | 
     |-------------------------------------------------+-------------+-----------+--------+---------+----------| 
     |                                                 | clk ^       |           |        |  -0.596 |   -0.540 | 
     | uu_dtpath/CTS_ccl_a_buf_00272                   |             | CLKBUFX4  |  0.003 |  -0.593 |   -0.537 | 
     | uu_dtpath/CTS_ccl_a_buf_00272                   | A ^ -> Y ^  | CLKBUFX4  |  0.091 |  -0.502 |   -0.445 | 
     | uu_dtpath/CTS_ccl_a_buf_00267                   |             | CLKBUFX3  |  0.000 |  -0.502 |   -0.445 | 
     | uu_dtpath/CTS_ccl_a_buf_00267                   | A ^ -> Y ^  | CLKBUFX3  |  0.101 |  -0.400 |   -0.344 | 
     | uu_dtpath/CTS_ccl_a_buf_00251                   |             | BUFX2     |  0.000 |  -0.400 |   -0.344 | 
     | uu_dtpath/CTS_ccl_a_buf_00251                   | A ^ -> Y ^  | BUFX2     |  0.095 |  -0.306 |   -0.249 | 
     | uu_dtpath/CTS_ccl_a_buf_00232                   |             | CLKBUFX3  |  0.000 |  -0.306 |   -0.249 | 
     | uu_dtpath/CTS_ccl_a_buf_00232                   | A ^ -> Y ^  | CLKBUFX3  |  0.079 |  -0.227 |   -0.171 | 
     | uu_dtpath/uu_dec/CTS_ccl_a_buf_00192            |             | CLKBUFX4  |  0.000 |  -0.227 |   -0.171 | 
     | uu_dtpath/uu_dec/CTS_ccl_a_buf_00192            | A ^ -> Y ^  | CLKBUFX4  |  0.105 |  -0.122 |   -0.066 | 
     | uu_dtpath/uu_dec/CTS_ccl_a_buf_00055            |             | CLKBUFX4  |  0.000 |  -0.122 |   -0.066 | 
     | uu_dtpath/uu_dec/CTS_ccl_a_buf_00055            | A ^ -> Y ^  | CLKBUFX4  |  0.111 |  -0.011 |    0.045 | 
     | uu_dtpath/uu_dec/o_aluSrc_reg                   |             | DFFRHQX4  |  0.000 |  -0.011 |    0.045 | 
     | uu_dtpath/uu_dec/o_aluSrc_reg                   | CK ^ -> Q ^ | DFFRHQX4  |  0.293 |   0.282 |    0.338 | 
     | uu_dtpath/uu_exec/FE_OFC71_aluSrc               |             | INVX3     |  0.000 |   0.282 |    0.338 | 
     | uu_dtpath/uu_exec/FE_OFC71_aluSrc               | A ^ -> Y v  | INVX3     |  0.078 |   0.360 |    0.416 | 
     | uu_dtpath/uu_exec/FE_OFC740_aluSrc              |             | CLKINVX20 |  0.000 |   0.360 |    0.416 | 
     | uu_dtpath/uu_exec/FE_OFC740_aluSrc              | A v -> Y ^  | CLKINVX20 |  0.086 |   0.445 |    0.502 | 
     | uu_dtpath/uu_exec/g767                          |             | NAND2X2   |  0.003 |   0.448 |    0.505 | 
     | uu_dtpath/uu_exec/g767                          | B ^ -> Y v  | NAND2X2   |  0.141 |   0.589 |    0.645 | 
     | uu_dtpath/uu_exec/g739                          |             | NAND2X2   |  0.000 |   0.589 |    0.645 | 
     | uu_dtpath/uu_exec/g739                          | A v -> Y ^  | NAND2X2   |  0.105 |   0.694 |    0.751 | 
     | uu_dtpath/uu_exec/uu_alu/FE_OFC349_alu_srcB_w_0 |             | INVX3     |  0.000 |   0.694 |    0.751 | 
     | uu_dtpath/uu_exec/uu_alu/FE_OFC349_alu_srcB_w_0 | A ^ -> Y v  | INVX3     |  0.060 |   0.754 |    0.810 | 
     | uu_dtpath/uu_exec/uu_alu/FE_OFC351_alu_srcB_w_0 |             | INVX6     |  0.000 |   0.754 |    0.810 | 
     | uu_dtpath/uu_exec/uu_alu/FE_OFC351_alu_srcB_w_0 | A v -> Y ^  | INVX6     |  0.058 |   0.812 |    0.869 | 
     | uu_dtpath/uu_exec/uu_alu/FE_OFC355_alu_srcB_w_0 |             | CLKBUFX20 |  0.000 |   0.812 |    0.869 | 
     | uu_dtpath/uu_exec/uu_alu/FE_OFC355_alu_srcB_w_0 | A ^ -> Y ^  | CLKBUFX20 |  0.142 |   0.955 |    1.011 | 
     | uu_dtpath/uu_exec/uu_alu/g2227                  |             | CLKINVX16 |  0.001 |   0.956 |    1.012 | 
     | uu_dtpath/uu_exec/uu_alu/g2227                  | A ^ -> Y v  | CLKINVX16 |  0.073 |   1.028 |    1.085 | 
     | uu_dtpath/uu_exec/uu_alu/sll_22_38_g2858        |             | AOI22X1   |  0.000 |   1.029 |    1.085 | 
     | uu_dtpath/uu_exec/uu_alu/sll_22_38_g2858        | A1 v -> Y ^ | AOI22X1   |  0.144 |   1.172 |    1.229 | 
     | uu_dtpath/uu_exec/uu_alu/sll_22_38_g2840        |             | MX2X1     |  0.000 |   1.172 |    1.229 | 
     | uu_dtpath/uu_exec/uu_alu/sll_22_38_g2840        | A ^ -> Y ^  | MX2X1     |  0.231 |   1.403 |    1.460 | 
     | uu_dtpath/uu_exec/uu_alu/sll_22_38_g2794        |             | MXI2X2    |  0.000 |   1.403 |    1.460 | 
     | uu_dtpath/uu_exec/uu_alu/sll_22_38_g2794        | A ^ -> Y v  | MXI2X2    |  0.223 |   1.627 |    1.683 | 
     | uu_dtpath/uu_exec/uu_alu/sll_22_38_g2731        |             | AOI221X1  |  0.000 |   1.627 |    1.683 | 
     | uu_dtpath/uu_exec/uu_alu/sll_22_38_g2731        | A1 v -> Y ^ | AOI221X1  |  0.214 |   1.840 |    1.897 | 
     | uu_dtpath/uu_exec/uu_alu/sll_22_38_g2719        |             | OAI2BB1X1 |  0.000 |   1.840 |    1.897 | 
     | uu_dtpath/uu_exec/uu_alu/sll_22_38_g2719        | B0 ^ -> Y v | OAI2BB1X1 |  0.243 |   2.084 |    2.140 | 
     | uu_dtpath/uu_exec/uu_alu/g4448                  |             | AOI221XL  |  0.000 |   2.084 |    2.140 | 
     | uu_dtpath/uu_exec/uu_alu/g4448                  | B0 v -> Y ^ | AOI221XL  |  0.264 |   2.347 |    2.404 | 
     | uu_dtpath/uu_exec/uu_alu/FE_OFC797_n_255        |             | CLKBUFX8  |  0.000 |   2.347 |    2.404 | 
     | uu_dtpath/uu_exec/uu_alu/FE_OFC797_n_255        | A ^ -> Y ^  | CLKBUFX8  |  0.193 |   2.541 |    2.597 | 
     | uu_dtpath/uu_exec/uu_alu/FE_OFC630_n_255        |             | BUFX2     |  0.000 |   2.541 |    2.597 | 
     | uu_dtpath/uu_exec/uu_alu/FE_OFC630_n_255        | A ^ -> Y ^  | BUFX2     |  0.089 |   2.629 |    2.686 | 
     | uu_dtpath/uu_exec/uu_alu/g4427                  |             | OAI2BB1X2 |  0.000 |   2.629 |    2.686 | 
     | uu_dtpath/uu_exec/uu_alu/g4427                  | B0 ^ -> Y v | OAI2BB1X2 |  0.085 |   2.714 |    2.770 | 
     | uu_dtpath/uu_exec/uu_alu/g4810                  |             | OR4X1     |  0.000 |   2.714 |    2.770 | 
     | uu_dtpath/uu_exec/uu_alu/g4810                  | C v -> Y v  | OR4X1     |  0.278 |   2.992 |    3.049 | 
     | uu_dtpath/uu_exec/uu_alu/FE_RC_2_0              |             | INVXL     |  0.000 |   2.992 |    3.049 | 
     | uu_dtpath/uu_exec/uu_alu/FE_RC_2_0              | A v -> Y ^  | INVXL     |  0.037 |   3.029 |    3.085 | 
     | uu_dtpath/uu_exec/uu_alu/FE_RC_1_0              |             | NAND2BX1  |  0.000 |   3.029 |    3.085 | 
     | uu_dtpath/uu_exec/uu_alu/FE_RC_1_0              | B ^ -> Y v  | NAND2BX1  |  0.112 |   3.141 |    3.198 | 
     | uu_dtpath/uu_exec/uu_alu/FE_RC_0_0              |             | NOR3X4    |  0.000 |   3.141 |    3.198 | 
     | uu_dtpath/uu_exec/uu_alu/FE_RC_0_0              | B v -> Y ^  | NOR3X4    |  0.140 |   3.281 |    3.337 | 
     | uu_dtpath/uu_exec/g789                          |             | XOR2X4    |  0.000 |   3.281 |    3.337 | 
     | uu_dtpath/uu_exec/g789                          | B ^ -> Y ^  | XOR2X4    |  0.228 |   3.509 |    3.566 | 
     | uu_dtpath/uu_exec/g458                          |             | OAI21X4   |  0.000 |   3.509 |    3.566 | 
     | uu_dtpath/uu_exec/g458                          | A1 ^ -> Y v | OAI21X4   |  0.100 |   3.609 |    3.665 | 
     | uu_dtpath/FE_OFC608_pc_src                      |             | CLKBUFX20 |  0.000 |   3.609 |    3.665 | 
     | uu_dtpath/FE_OFC608_pc_src                      | A v -> Y v  | CLKBUFX20 |  0.131 |   3.740 |    3.796 | 
     | uu_dtpath/uu_dec/FE_OFC615_pc_src               |             | BUFX4     |  0.000 |   3.740 |    3.797 | 
     | uu_dtpath/uu_dec/FE_OFC615_pc_src               | A v -> Y v  | BUFX4     |  0.177 |   3.918 |    3.974 | 
     | uu_dtpath/uu_dec/g255                           |             | NOR2BX1   |  0.000 |   3.918 |    3.974 | 
     | uu_dtpath/uu_dec/g255                           | B v -> Y ^  | NOR2BX1   |  0.156 |   4.074 |    4.130 | 
     | uu_dtpath/uu_dec/immExt_ff_reg[5]               |             | DFFRHQX2  |  0.000 |   4.074 |    4.130 | 
     +---------------------------------------------------------------------------------------------------------+ 
     Clock Rise Edge                      0.000
     + Source Insertion Delay            -0.596
     = Beginpoint Arrival Time           -0.596
     Other End Path:
     +--------------------------------------------------------------------------------------------+ 
     |               Instance               |    Arc     |   Cell   | Retime | Arrival | Required | 
     |                                      |            |          |  Delay |  Time   |   Time   | 
     |--------------------------------------+------------+----------+--------+---------+----------| 
     |                                      | clk ^      |          |        |  -0.596 |   -0.652 | 
     | uu_dtpath/CTS_ccl_a_buf_00272        |            | CLKBUFX4 |  0.003 |  -0.593 |   -0.649 | 
     | uu_dtpath/CTS_ccl_a_buf_00272        | A ^ -> Y ^ | CLKBUFX4 |  0.091 |  -0.502 |   -0.558 | 
     | uu_dtpath/CTS_ccl_a_buf_00267        |            | CLKBUFX3 |  0.000 |  -0.502 |   -0.558 | 
     | uu_dtpath/CTS_ccl_a_buf_00267        | A ^ -> Y ^ | CLKBUFX3 |  0.101 |  -0.400 |   -0.457 | 
     | uu_dtpath/CTS_ccl_a_buf_00251        |            | BUFX2    |  0.000 |  -0.400 |   -0.457 | 
     | uu_dtpath/CTS_ccl_a_buf_00251        | A ^ -> Y ^ | BUFX2    |  0.095 |  -0.306 |   -0.362 | 
     | uu_dtpath/CTS_ccl_a_buf_00232        |            | CLKBUFX3 |  0.000 |  -0.306 |   -0.362 | 
     | uu_dtpath/CTS_ccl_a_buf_00232        | A ^ -> Y ^ | CLKBUFX3 |  0.079 |  -0.227 |   -0.283 | 
     | uu_dtpath/uu_dec/CTS_ccl_a_buf_00192 |            | CLKBUFX4 |  0.000 |  -0.227 |   -0.283 | 
     | uu_dtpath/uu_dec/CTS_ccl_a_buf_00192 | A ^ -> Y ^ | CLKBUFX4 |  0.105 |  -0.122 |   -0.179 | 
     | uu_dtpath/uu_dec/CTS_ccl_a_buf_00064 |            | CLKBUFX4 |  0.000 |  -0.122 |   -0.179 | 
     | uu_dtpath/uu_dec/CTS_ccl_a_buf_00064 | A ^ -> Y ^ | CLKBUFX4 |  0.111 |  -0.012 |   -0.068 | 
     | uu_dtpath/uu_dec/immExt_ff_reg[5]    |            | DFFRHQX2 |  0.000 |  -0.012 |   -0.068 | 
     +--------------------------------------------------------------------------------------------+ 
Path 41: MET Setup Check with Pin uu_dtpath/uu_dec/immExt_ff_reg[23]/CK 
Endpoint:   uu_dtpath/uu_dec/immExt_ff_reg[23]/D (^) checked with  leading edge 
of 'clk'
Beginpoint: uu_dtpath/uu_dec/o_aluSrc_reg/Q      (^) triggered by  leading edge 
of 'clk'
Path Groups: {clk}
Analysis View: setup
Retime Analysis { Data Path-Slew SI }
Other End Arrival Time         -0.012
- Setup                         0.160
+ Phase Shift                   4.400
- Uncertainty                   0.100
= Required Time                 4.129
- Arrival Time                  4.062
= Slack Time                    0.067
= Slack Time(original)          0.108
     Clock Rise Edge                      0.000
     + Source Insertion Delay            -0.596
     = Beginpoint Arrival Time           -0.596
     Timing Path:
     +---------------------------------------------------------------------------------------------------------+ 
     |                    Instance                     |     Arc     |   Cell    | Retime | Arrival | Required | 
     |                                                 |             |           |  Delay |  Time   |   Time   | 
     |-------------------------------------------------+-------------+-----------+--------+---------+----------| 
     |                                                 | clk ^       |           |        |  -0.596 |   -0.529 | 
     | uu_dtpath/CTS_ccl_a_buf_00272                   |             | CLKBUFX4  |  0.003 |  -0.593 |   -0.526 | 
     | uu_dtpath/CTS_ccl_a_buf_00272                   | A ^ -> Y ^  | CLKBUFX4  |  0.091 |  -0.502 |   -0.435 | 
     | uu_dtpath/CTS_ccl_a_buf_00267                   |             | CLKBUFX3  |  0.000 |  -0.502 |   -0.435 | 
     | uu_dtpath/CTS_ccl_a_buf_00267                   | A ^ -> Y ^  | CLKBUFX3  |  0.101 |  -0.400 |   -0.333 | 
     | uu_dtpath/CTS_ccl_a_buf_00251                   |             | BUFX2     |  0.000 |  -0.400 |   -0.333 | 
     | uu_dtpath/CTS_ccl_a_buf_00251                   | A ^ -> Y ^  | BUFX2     |  0.095 |  -0.306 |   -0.239 | 
     | uu_dtpath/CTS_ccl_a_buf_00232                   |             | CLKBUFX3  |  0.000 |  -0.306 |   -0.239 | 
     | uu_dtpath/CTS_ccl_a_buf_00232                   | A ^ -> Y ^  | CLKBUFX3  |  0.079 |  -0.227 |   -0.160 | 
     | uu_dtpath/uu_dec/CTS_ccl_a_buf_00192            |             | CLKBUFX4  |  0.000 |  -0.227 |   -0.160 | 
     | uu_dtpath/uu_dec/CTS_ccl_a_buf_00192            | A ^ -> Y ^  | CLKBUFX4  |  0.105 |  -0.122 |   -0.055 | 
     | uu_dtpath/uu_dec/CTS_ccl_a_buf_00055            |             | CLKBUFX4  |  0.000 |  -0.122 |   -0.055 | 
     | uu_dtpath/uu_dec/CTS_ccl_a_buf_00055            | A ^ -> Y ^  | CLKBUFX4  |  0.111 |  -0.011 |    0.056 | 
     | uu_dtpath/uu_dec/o_aluSrc_reg                   |             | DFFRHQX4  |  0.000 |  -0.011 |    0.056 | 
     | uu_dtpath/uu_dec/o_aluSrc_reg                   | CK ^ -> Q ^ | DFFRHQX4  |  0.293 |   0.282 |    0.349 | 
     | uu_dtpath/uu_exec/FE_OFC71_aluSrc               |             | INVX3     |  0.000 |   0.282 |    0.349 | 
     | uu_dtpath/uu_exec/FE_OFC71_aluSrc               | A ^ -> Y v  | INVX3     |  0.078 |   0.360 |    0.427 | 
     | uu_dtpath/uu_exec/FE_OFC740_aluSrc              |             | CLKINVX20 |  0.000 |   0.360 |    0.427 | 
     | uu_dtpath/uu_exec/FE_OFC740_aluSrc              | A v -> Y ^  | CLKINVX20 |  0.086 |   0.445 |    0.512 | 
     | uu_dtpath/uu_exec/g767                          |             | NAND2X2   |  0.003 |   0.448 |    0.515 | 
     | uu_dtpath/uu_exec/g767                          | B ^ -> Y v  | NAND2X2   |  0.141 |   0.589 |    0.656 | 
     | uu_dtpath/uu_exec/g739                          |             | NAND2X2   |  0.000 |   0.589 |    0.656 | 
     | uu_dtpath/uu_exec/g739                          | A v -> Y ^  | NAND2X2   |  0.105 |   0.694 |    0.761 | 
     | uu_dtpath/uu_exec/uu_alu/FE_OFC349_alu_srcB_w_0 |             | INVX3     |  0.000 |   0.694 |    0.761 | 
     | uu_dtpath/uu_exec/uu_alu/FE_OFC349_alu_srcB_w_0 | A ^ -> Y v  | INVX3     |  0.060 |   0.754 |    0.821 | 
     | uu_dtpath/uu_exec/uu_alu/FE_OFC351_alu_srcB_w_0 |             | INVX6     |  0.000 |   0.754 |    0.821 | 
     | uu_dtpath/uu_exec/uu_alu/FE_OFC351_alu_srcB_w_0 | A v -> Y ^  | INVX6     |  0.058 |   0.812 |    0.879 | 
     | uu_dtpath/uu_exec/uu_alu/FE_OFC355_alu_srcB_w_0 |             | CLKBUFX20 |  0.000 |   0.812 |    0.879 | 
     | uu_dtpath/uu_exec/uu_alu/FE_OFC355_alu_srcB_w_0 | A ^ -> Y ^  | CLKBUFX20 |  0.142 |   0.955 |    1.022 | 
     | uu_dtpath/uu_exec/uu_alu/g2227                  |             | CLKINVX16 |  0.001 |   0.956 |    1.023 | 
     | uu_dtpath/uu_exec/uu_alu/g2227                  | A ^ -> Y v  | CLKINVX16 |  0.073 |   1.028 |    1.095 | 
     | uu_dtpath/uu_exec/uu_alu/sll_22_38_g2858        |             | AOI22X1   |  0.000 |   1.029 |    1.096 | 
     | uu_dtpath/uu_exec/uu_alu/sll_22_38_g2858        | A1 v -> Y ^ | AOI22X1   |  0.144 |   1.172 |    1.239 | 
     | uu_dtpath/uu_exec/uu_alu/sll_22_38_g2840        |             | MX2X1     |  0.000 |   1.172 |    1.239 | 
     | uu_dtpath/uu_exec/uu_alu/sll_22_38_g2840        | A ^ -> Y ^  | MX2X1     |  0.231 |   1.403 |    1.470 | 
     | uu_dtpath/uu_exec/uu_alu/sll_22_38_g2794        |             | MXI2X2    |  0.000 |   1.403 |    1.470 | 
     | uu_dtpath/uu_exec/uu_alu/sll_22_38_g2794        | A ^ -> Y v  | MXI2X2    |  0.223 |   1.627 |    1.694 | 
     | uu_dtpath/uu_exec/uu_alu/sll_22_38_g2731        |             | AOI221X1  |  0.000 |   1.627 |    1.694 | 
     | uu_dtpath/uu_exec/uu_alu/sll_22_38_g2731        | A1 v -> Y ^ | AOI221X1  |  0.214 |   1.840 |    1.907 | 
     | uu_dtpath/uu_exec/uu_alu/sll_22_38_g2719        |             | OAI2BB1X1 |  0.000 |   1.840 |    1.907 | 
     | uu_dtpath/uu_exec/uu_alu/sll_22_38_g2719        | B0 ^ -> Y v | OAI2BB1X1 |  0.243 |   2.084 |    2.151 | 
     | uu_dtpath/uu_exec/uu_alu/g4448                  |             | AOI221XL  |  0.000 |   2.084 |    2.151 | 
     | uu_dtpath/uu_exec/uu_alu/g4448                  | B0 v -> Y ^ | AOI221XL  |  0.264 |   2.347 |    2.414 | 
     | uu_dtpath/uu_exec/uu_alu/FE_OFC797_n_255        |             | CLKBUFX8  |  0.000 |   2.347 |    2.414 | 
     | uu_dtpath/uu_exec/uu_alu/FE_OFC797_n_255        | A ^ -> Y ^  | CLKBUFX8  |  0.193 |   2.541 |    2.608 | 
     | uu_dtpath/uu_exec/uu_alu/FE_OFC630_n_255        |             | BUFX2     |  0.000 |   2.541 |    2.608 | 
     | uu_dtpath/uu_exec/uu_alu/FE_OFC630_n_255        | A ^ -> Y ^  | BUFX2     |  0.089 |   2.629 |    2.696 | 
     | uu_dtpath/uu_exec/uu_alu/g4427                  |             | OAI2BB1X2 |  0.000 |   2.629 |    2.696 | 
     | uu_dtpath/uu_exec/uu_alu/g4427                  | B0 ^ -> Y v | OAI2BB1X2 |  0.085 |   2.714 |    2.781 | 
     | uu_dtpath/uu_exec/uu_alu/g4810                  |             | OR4X1     |  0.000 |   2.714 |    2.781 | 
     | uu_dtpath/uu_exec/uu_alu/g4810                  | C v -> Y v  | OR4X1     |  0.278 |   2.992 |    3.059 | 
     | uu_dtpath/uu_exec/uu_alu/FE_RC_2_0              |             | INVXL     |  0.000 |   2.992 |    3.059 | 
     | uu_dtpath/uu_exec/uu_alu/FE_RC_2_0              | A v -> Y ^  | INVXL     |  0.037 |   3.029 |    3.096 | 
     | uu_dtpath/uu_exec/uu_alu/FE_RC_1_0              |             | NAND2BX1  |  0.000 |   3.029 |    3.096 | 
     | uu_dtpath/uu_exec/uu_alu/FE_RC_1_0              | B ^ -> Y v  | NAND2BX1  |  0.112 |   3.141 |    3.208 | 
     | uu_dtpath/uu_exec/uu_alu/FE_RC_0_0              |             | NOR3X4    |  0.000 |   3.141 |    3.208 | 
     | uu_dtpath/uu_exec/uu_alu/FE_RC_0_0              | B v -> Y ^  | NOR3X4    |  0.140 |   3.281 |    3.348 | 
     | uu_dtpath/uu_exec/g789                          |             | XOR2X4    |  0.000 |   3.281 |    3.348 | 
     | uu_dtpath/uu_exec/g789                          | B ^ -> Y ^  | XOR2X4    |  0.228 |   3.509 |    3.576 | 
     | uu_dtpath/uu_exec/g458                          |             | OAI21X4   |  0.000 |   3.509 |    3.576 | 
     | uu_dtpath/uu_exec/g458                          | A1 ^ -> Y v | OAI21X4   |  0.100 |   3.609 |    3.676 | 
     | uu_dtpath/FE_OFC608_pc_src                      |             | CLKBUFX20 |  0.000 |   3.609 |    3.676 | 
     | uu_dtpath/FE_OFC608_pc_src                      | A v -> Y v  | CLKBUFX20 |  0.131 |   3.740 |    3.807 | 
     | uu_dtpath/uu_dec/FE_OFC615_pc_src               |             | BUFX4     |  0.000 |   3.740 |    3.807 | 
     | uu_dtpath/uu_dec/FE_OFC615_pc_src               | A v -> Y v  | BUFX4     |  0.177 |   3.918 |    3.985 | 
     | uu_dtpath/uu_dec/g168                           |             | NOR2BX1   |  0.000 |   3.918 |    3.985 | 
     | uu_dtpath/uu_dec/g168                           | B v -> Y ^  | NOR2BX1   |  0.144 |   4.062 |    4.129 | 
     | uu_dtpath/uu_dec/immExt_ff_reg[23]              |             | DFFRHQX1  |  0.000 |   4.062 |    4.129 | 
     +---------------------------------------------------------------------------------------------------------+ 
     Clock Rise Edge                      0.000
     + Source Insertion Delay            -0.596
     = Beginpoint Arrival Time           -0.596
     Other End Path:
     +--------------------------------------------------------------------------------------------+ 
     |               Instance               |    Arc     |   Cell   | Retime | Arrival | Required | 
     |                                      |            |          |  Delay |  Time   |   Time   | 
     |--------------------------------------+------------+----------+--------+---------+----------| 
     |                                      | clk ^      |          |        |  -0.596 |   -0.663 | 
     | uu_dtpath/CTS_ccl_a_buf_00272        |            | CLKBUFX4 |  0.003 |  -0.593 |   -0.660 | 
     | uu_dtpath/CTS_ccl_a_buf_00272        | A ^ -> Y ^ | CLKBUFX4 |  0.091 |  -0.502 |   -0.569 | 
     | uu_dtpath/CTS_ccl_a_buf_00267        |            | CLKBUFX3 |  0.000 |  -0.502 |   -0.569 | 
     | uu_dtpath/CTS_ccl_a_buf_00267        | A ^ -> Y ^ | CLKBUFX3 |  0.101 |  -0.400 |   -0.467 | 
     | uu_dtpath/CTS_ccl_a_buf_00251        |            | BUFX2    |  0.000 |  -0.400 |   -0.467 | 
     | uu_dtpath/CTS_ccl_a_buf_00251        | A ^ -> Y ^ | BUFX2    |  0.095 |  -0.306 |   -0.373 | 
     | uu_dtpath/CTS_ccl_a_buf_00232        |            | CLKBUFX3 |  0.000 |  -0.306 |   -0.373 | 
     | uu_dtpath/CTS_ccl_a_buf_00232        | A ^ -> Y ^ | CLKBUFX3 |  0.079 |  -0.227 |   -0.294 | 
     | uu_dtpath/uu_dec/CTS_ccl_a_buf_00192 |            | CLKBUFX4 |  0.000 |  -0.227 |   -0.294 | 
     | uu_dtpath/uu_dec/CTS_ccl_a_buf_00192 | A ^ -> Y ^ | CLKBUFX4 |  0.105 |  -0.122 |   -0.189 | 
     | uu_dtpath/uu_dec/CTS_ccl_a_buf_00055 |            | CLKBUFX4 |  0.000 |  -0.122 |   -0.189 | 
     | uu_dtpath/uu_dec/CTS_ccl_a_buf_00055 | A ^ -> Y ^ | CLKBUFX4 |  0.111 |  -0.012 |   -0.079 | 
     | uu_dtpath/uu_dec/immExt_ff_reg[23]   |            | DFFRHQX1 |  0.000 |  -0.012 |   -0.079 | 
     +--------------------------------------------------------------------------------------------+ 
Path 42: MET Setup Check with Pin uu_dtpath/uu_dec/immExt_ff_reg[21]/CK 
Endpoint:   uu_dtpath/uu_dec/immExt_ff_reg[21]/D (^) checked with  leading edge 
of 'clk'
Beginpoint: uu_dtpath/uu_dec/o_aluSrc_reg/Q      (^) triggered by  leading edge 
of 'clk'
Path Groups: {clk}
Analysis View: setup
Retime Analysis { Data Path-Slew SI }
Other End Arrival Time         -0.011
- Setup                         0.159
+ Phase Shift                   4.400
- Uncertainty                   0.100
= Required Time                 4.130
- Arrival Time                  4.062
= Slack Time                    0.067
= Slack Time(original)          0.109
     Clock Rise Edge                      0.000
     + Source Insertion Delay            -0.596
     = Beginpoint Arrival Time           -0.596
     Timing Path:
     +---------------------------------------------------------------------------------------------------------+ 
     |                    Instance                     |     Arc     |   Cell    | Retime | Arrival | Required | 
     |                                                 |             |           |  Delay |  Time   |   Time   | 
     |-------------------------------------------------+-------------+-----------+--------+---------+----------| 
     |                                                 | clk ^       |           |        |  -0.596 |   -0.529 | 
     | uu_dtpath/CTS_ccl_a_buf_00272                   |             | CLKBUFX4  |  0.003 |  -0.593 |   -0.525 | 
     | uu_dtpath/CTS_ccl_a_buf_00272                   | A ^ -> Y ^  | CLKBUFX4  |  0.091 |  -0.502 |   -0.434 | 
     | uu_dtpath/CTS_ccl_a_buf_00267                   |             | CLKBUFX3  |  0.000 |  -0.502 |   -0.434 | 
     | uu_dtpath/CTS_ccl_a_buf_00267                   | A ^ -> Y ^  | CLKBUFX3  |  0.101 |  -0.400 |   -0.333 | 
     | uu_dtpath/CTS_ccl_a_buf_00251                   |             | BUFX2     |  0.000 |  -0.400 |   -0.333 | 
     | uu_dtpath/CTS_ccl_a_buf_00251                   | A ^ -> Y ^  | BUFX2     |  0.095 |  -0.306 |   -0.238 | 
     | uu_dtpath/CTS_ccl_a_buf_00232                   |             | CLKBUFX3  |  0.000 |  -0.306 |   -0.238 | 
     | uu_dtpath/CTS_ccl_a_buf_00232                   | A ^ -> Y ^  | CLKBUFX3  |  0.079 |  -0.227 |   -0.159 | 
     | uu_dtpath/uu_dec/CTS_ccl_a_buf_00192            |             | CLKBUFX4  |  0.000 |  -0.227 |   -0.159 | 
     | uu_dtpath/uu_dec/CTS_ccl_a_buf_00192            | A ^ -> Y ^  | CLKBUFX4  |  0.105 |  -0.122 |   -0.055 | 
     | uu_dtpath/uu_dec/CTS_ccl_a_buf_00055            |             | CLKBUFX4  |  0.000 |  -0.122 |   -0.054 | 
     | uu_dtpath/uu_dec/CTS_ccl_a_buf_00055            | A ^ -> Y ^  | CLKBUFX4  |  0.111 |  -0.011 |    0.056 | 
     | uu_dtpath/uu_dec/o_aluSrc_reg                   |             | DFFRHQX4  |  0.000 |  -0.011 |    0.056 | 
     | uu_dtpath/uu_dec/o_aluSrc_reg                   | CK ^ -> Q ^ | DFFRHQX4  |  0.293 |   0.282 |    0.349 | 
     | uu_dtpath/uu_exec/FE_OFC71_aluSrc               |             | INVX3     |  0.000 |   0.282 |    0.349 | 
     | uu_dtpath/uu_exec/FE_OFC71_aluSrc               | A ^ -> Y v  | INVX3     |  0.078 |   0.360 |    0.427 | 
     | uu_dtpath/uu_exec/FE_OFC740_aluSrc              |             | CLKINVX20 |  0.000 |   0.360 |    0.427 | 
     | uu_dtpath/uu_exec/FE_OFC740_aluSrc              | A v -> Y ^  | CLKINVX20 |  0.086 |   0.445 |    0.513 | 
     | uu_dtpath/uu_exec/g767                          |             | NAND2X2   |  0.003 |   0.448 |    0.516 | 
     | uu_dtpath/uu_exec/g767                          | B ^ -> Y v  | NAND2X2   |  0.141 |   0.589 |    0.656 | 
     | uu_dtpath/uu_exec/g739                          |             | NAND2X2   |  0.000 |   0.589 |    0.656 | 
     | uu_dtpath/uu_exec/g739                          | A v -> Y ^  | NAND2X2   |  0.105 |   0.694 |    0.762 | 
     | uu_dtpath/uu_exec/uu_alu/FE_OFC349_alu_srcB_w_0 |             | INVX3     |  0.000 |   0.694 |    0.762 | 
     | uu_dtpath/uu_exec/uu_alu/FE_OFC349_alu_srcB_w_0 | A ^ -> Y v  | INVX3     |  0.060 |   0.754 |    0.821 | 
     | uu_dtpath/uu_exec/uu_alu/FE_OFC351_alu_srcB_w_0 |             | INVX6     |  0.000 |   0.754 |    0.821 | 
     | uu_dtpath/uu_exec/uu_alu/FE_OFC351_alu_srcB_w_0 | A v -> Y ^  | INVX6     |  0.058 |   0.812 |    0.880 | 
     | uu_dtpath/uu_exec/uu_alu/FE_OFC355_alu_srcB_w_0 |             | CLKBUFX20 |  0.000 |   0.812 |    0.880 | 
     | uu_dtpath/uu_exec/uu_alu/FE_OFC355_alu_srcB_w_0 | A ^ -> Y ^  | CLKBUFX20 |  0.142 |   0.955 |    1.022 | 
     | uu_dtpath/uu_exec/uu_alu/g2227                  |             | CLKINVX16 |  0.001 |   0.956 |    1.023 | 
     | uu_dtpath/uu_exec/uu_alu/g2227                  | A ^ -> Y v  | CLKINVX16 |  0.073 |   1.028 |    1.096 | 
     | uu_dtpath/uu_exec/uu_alu/sll_22_38_g2858        |             | AOI22X1   |  0.000 |   1.029 |    1.096 | 
     | uu_dtpath/uu_exec/uu_alu/sll_22_38_g2858        | A1 v -> Y ^ | AOI22X1   |  0.144 |   1.172 |    1.240 | 
     | uu_dtpath/uu_exec/uu_alu/sll_22_38_g2840        |             | MX2X1     |  0.000 |   1.172 |    1.240 | 
     | uu_dtpath/uu_exec/uu_alu/sll_22_38_g2840        | A ^ -> Y ^  | MX2X1     |  0.231 |   1.403 |    1.471 | 
     | uu_dtpath/uu_exec/uu_alu/sll_22_38_g2794        |             | MXI2X2    |  0.000 |   1.403 |    1.471 | 
     | uu_dtpath/uu_exec/uu_alu/sll_22_38_g2794        | A ^ -> Y v  | MXI2X2    |  0.223 |   1.627 |    1.694 | 
     | uu_dtpath/uu_exec/uu_alu/sll_22_38_g2731        |             | AOI221X1  |  0.000 |   1.627 |    1.694 | 
     | uu_dtpath/uu_exec/uu_alu/sll_22_38_g2731        | A1 v -> Y ^ | AOI221X1  |  0.214 |   1.840 |    1.908 | 
     | uu_dtpath/uu_exec/uu_alu/sll_22_38_g2719        |             | OAI2BB1X1 |  0.000 |   1.840 |    1.908 | 
     | uu_dtpath/uu_exec/uu_alu/sll_22_38_g2719        | B0 ^ -> Y v | OAI2BB1X1 |  0.243 |   2.084 |    2.151 | 
     | uu_dtpath/uu_exec/uu_alu/g4448                  |             | AOI221XL  |  0.000 |   2.084 |    2.151 | 
     | uu_dtpath/uu_exec/uu_alu/g4448                  | B0 v -> Y ^ | AOI221XL  |  0.264 |   2.347 |    2.415 | 
     | uu_dtpath/uu_exec/uu_alu/FE_OFC797_n_255        |             | CLKBUFX8  |  0.000 |   2.347 |    2.415 | 
     | uu_dtpath/uu_exec/uu_alu/FE_OFC797_n_255        | A ^ -> Y ^  | CLKBUFX8  |  0.193 |   2.541 |    2.608 | 
     | uu_dtpath/uu_exec/uu_alu/FE_OFC630_n_255        |             | BUFX2     |  0.000 |   2.541 |    2.608 | 
     | uu_dtpath/uu_exec/uu_alu/FE_OFC630_n_255        | A ^ -> Y ^  | BUFX2     |  0.089 |   2.629 |    2.697 | 
     | uu_dtpath/uu_exec/uu_alu/g4427                  |             | OAI2BB1X2 |  0.000 |   2.629 |    2.697 | 
     | uu_dtpath/uu_exec/uu_alu/g4427                  | B0 ^ -> Y v | OAI2BB1X2 |  0.085 |   2.714 |    2.782 | 
     | uu_dtpath/uu_exec/uu_alu/g4810                  |             | OR4X1     |  0.000 |   2.714 |    2.782 | 
     | uu_dtpath/uu_exec/uu_alu/g4810                  | C v -> Y v  | OR4X1     |  0.278 |   2.992 |    3.060 | 
     | uu_dtpath/uu_exec/uu_alu/FE_RC_2_0              |             | INVXL     |  0.000 |   2.992 |    3.060 | 
     | uu_dtpath/uu_exec/uu_alu/FE_RC_2_0              | A v -> Y ^  | INVXL     |  0.037 |   3.029 |    3.097 | 
     | uu_dtpath/uu_exec/uu_alu/FE_RC_1_0              |             | NAND2BX1  |  0.000 |   3.029 |    3.097 | 
     | uu_dtpath/uu_exec/uu_alu/FE_RC_1_0              | B ^ -> Y v  | NAND2BX1  |  0.112 |   3.141 |    3.209 | 
     | uu_dtpath/uu_exec/uu_alu/FE_RC_0_0              |             | NOR3X4    |  0.000 |   3.141 |    3.209 | 
     | uu_dtpath/uu_exec/uu_alu/FE_RC_0_0              | B v -> Y ^  | NOR3X4    |  0.140 |   3.281 |    3.349 | 
     | uu_dtpath/uu_exec/g789                          |             | XOR2X4    |  0.000 |   3.281 |    3.349 | 
     | uu_dtpath/uu_exec/g789                          | B ^ -> Y ^  | XOR2X4    |  0.228 |   3.509 |    3.577 | 
     | uu_dtpath/uu_exec/g458                          |             | OAI21X4   |  0.000 |   3.509 |    3.577 | 
     | uu_dtpath/uu_exec/g458                          | A1 ^ -> Y v | OAI21X4   |  0.100 |   3.609 |    3.676 | 
     | uu_dtpath/FE_OFC608_pc_src                      |             | CLKBUFX20 |  0.000 |   3.609 |    3.677 | 
     | uu_dtpath/FE_OFC608_pc_src                      | A v -> Y v  | CLKBUFX20 |  0.131 |   3.740 |    3.808 | 
     | uu_dtpath/uu_dec/FE_OFC615_pc_src               |             | BUFX4     |  0.000 |   3.740 |    3.808 | 
     | uu_dtpath/uu_dec/FE_OFC615_pc_src               | A v -> Y v  | BUFX4     |  0.177 |   3.918 |    3.985 | 
     | uu_dtpath/uu_dec/g166                           |             | NOR2BX1   |  0.000 |   3.918 |    3.985 | 
     | uu_dtpath/uu_dec/g166                           | B v -> Y ^  | NOR2BX1   |  0.144 |   4.062 |    4.130 | 
     | uu_dtpath/uu_dec/immExt_ff_reg[21]              |             | DFFRHQX1  |  0.000 |   4.062 |    4.130 | 
     +---------------------------------------------------------------------------------------------------------+ 
     Clock Rise Edge                      0.000
     + Source Insertion Delay            -0.596
     = Beginpoint Arrival Time           -0.596
     Other End Path:
     +--------------------------------------------------------------------------------------------+ 
     |               Instance               |    Arc     |   Cell   | Retime | Arrival | Required | 
     |                                      |            |          |  Delay |  Time   |   Time   | 
     |--------------------------------------+------------+----------+--------+---------+----------| 
     |                                      | clk ^      |          |        |  -0.596 |   -0.664 | 
     | uu_dtpath/CTS_ccl_a_buf_00272        |            | CLKBUFX4 |  0.003 |  -0.593 |   -0.660 | 
     | uu_dtpath/CTS_ccl_a_buf_00272        | A ^ -> Y ^ | CLKBUFX4 |  0.091 |  -0.502 |   -0.569 | 
     | uu_dtpath/CTS_ccl_a_buf_00267        |            | CLKBUFX3 |  0.000 |  -0.502 |   -0.569 | 
     | uu_dtpath/CTS_ccl_a_buf_00267        | A ^ -> Y ^ | CLKBUFX3 |  0.101 |  -0.400 |   -0.468 | 
     | uu_dtpath/CTS_ccl_a_buf_00251        |            | BUFX2    |  0.000 |  -0.400 |   -0.468 | 
     | uu_dtpath/CTS_ccl_a_buf_00251        | A ^ -> Y ^ | BUFX2    |  0.095 |  -0.306 |   -0.373 | 
     | uu_dtpath/CTS_ccl_a_buf_00232        |            | CLKBUFX3 |  0.000 |  -0.306 |   -0.373 | 
     | uu_dtpath/CTS_ccl_a_buf_00232        | A ^ -> Y ^ | CLKBUFX3 |  0.079 |  -0.227 |   -0.295 | 
     | uu_dtpath/uu_dec/CTS_ccl_a_buf_00192 |            | CLKBUFX4 |  0.000 |  -0.227 |   -0.295 | 
     | uu_dtpath/uu_dec/CTS_ccl_a_buf_00192 | A ^ -> Y ^ | CLKBUFX4 |  0.105 |  -0.122 |   -0.190 | 
     | uu_dtpath/uu_dec/CTS_ccl_a_buf_00054 |            | CLKBUFX4 |  0.000 |  -0.122 |   -0.190 | 
     | uu_dtpath/uu_dec/CTS_ccl_a_buf_00054 | A ^ -> Y ^ | CLKBUFX4 |  0.111 |  -0.011 |   -0.079 | 
     | uu_dtpath/uu_dec/immExt_ff_reg[21]   |            | DFFRHQX1 |  0.000 |  -0.011 |   -0.079 | 
     +--------------------------------------------------------------------------------------------+ 
Path 43: MET Setup Check with Pin uu_dtpath/uu_fetch/inst_ff_reg[5]/CK 
Endpoint:   uu_dtpath/uu_fetch/inst_ff_reg[5]/D (^) checked with  leading edge 
of 'clk'
Beginpoint: uu_dtpath/uu_dec/o_aluSrc_reg/Q     (^) triggered by  leading edge 
of 'clk'
Path Groups: {clk}
Analysis View: setup
Retime Analysis { Data Path-Slew SI }
Other End Arrival Time         -0.001
- Setup                         0.166
+ Phase Shift                   4.400
- Uncertainty                   0.100
= Required Time                 4.133
- Arrival Time                  4.075
= Slack Time                    0.059
= Slack Time(original)          0.109
     Clock Rise Edge                      0.000
     + Source Insertion Delay            -0.596
     = Beginpoint Arrival Time           -0.596
     Timing Path:
     +---------------------------------------------------------------------------------------------------------+ 
     |                    Instance                     |     Arc     |   Cell    | Retime | Arrival | Required | 
     |                                                 |             |           |  Delay |  Time   |   Time   | 
     |-------------------------------------------------+-------------+-----------+--------+---------+----------| 
     |                                                 | clk ^       |           |        |  -0.596 |   -0.537 | 
     | uu_dtpath/CTS_ccl_a_buf_00272                   |             | CLKBUFX4  |  0.003 |  -0.593 |   -0.534 | 
     | uu_dtpath/CTS_ccl_a_buf_00272                   | A ^ -> Y ^  | CLKBUFX4  |  0.091 |  -0.502 |   -0.443 | 
     | uu_dtpath/CTS_ccl_a_buf_00267                   |             | CLKBUFX3  |  0.000 |  -0.502 |   -0.443 | 
     | uu_dtpath/CTS_ccl_a_buf_00267                   | A ^ -> Y ^  | CLKBUFX3  |  0.101 |  -0.400 |   -0.341 | 
     | uu_dtpath/CTS_ccl_a_buf_00251                   |             | BUFX2     |  0.000 |  -0.400 |   -0.341 | 
     | uu_dtpath/CTS_ccl_a_buf_00251                   | A ^ -> Y ^  | BUFX2     |  0.095 |  -0.306 |   -0.247 | 
     | uu_dtpath/CTS_ccl_a_buf_00232                   |             | CLKBUFX3  |  0.000 |  -0.306 |   -0.247 | 
     | uu_dtpath/CTS_ccl_a_buf_00232                   | A ^ -> Y ^  | CLKBUFX3  |  0.079 |  -0.227 |   -0.168 | 
     | uu_dtpath/uu_dec/CTS_ccl_a_buf_00192            |             | CLKBUFX4  |  0.000 |  -0.227 |   -0.168 | 
     | uu_dtpath/uu_dec/CTS_ccl_a_buf_00192            | A ^ -> Y ^  | CLKBUFX4  |  0.105 |  -0.122 |   -0.063 | 
     | uu_dtpath/uu_dec/CTS_ccl_a_buf_00055            |             | CLKBUFX4  |  0.000 |  -0.122 |   -0.063 | 
     | uu_dtpath/uu_dec/CTS_ccl_a_buf_00055            | A ^ -> Y ^  | CLKBUFX4  |  0.111 |  -0.011 |    0.047 | 
     | uu_dtpath/uu_dec/o_aluSrc_reg                   |             | DFFRHQX4  |  0.000 |  -0.011 |    0.048 | 
     | uu_dtpath/uu_dec/o_aluSrc_reg                   | CK ^ -> Q ^ | DFFRHQX4  |  0.293 |   0.282 |    0.340 | 
     | uu_dtpath/uu_exec/FE_OFC71_aluSrc               |             | INVX3     |  0.000 |   0.282 |    0.340 | 
     | uu_dtpath/uu_exec/FE_OFC71_aluSrc               | A ^ -> Y v  | INVX3     |  0.078 |   0.360 |    0.418 | 
     | uu_dtpath/uu_exec/FE_OFC740_aluSrc              |             | CLKINVX20 |  0.000 |   0.360 |    0.418 | 
     | uu_dtpath/uu_exec/FE_OFC740_aluSrc              | A v -> Y ^  | CLKINVX20 |  0.086 |   0.445 |    0.504 | 
     | uu_dtpath/uu_exec/g767                          |             | NAND2X2   |  0.003 |   0.448 |    0.507 | 
     | uu_dtpath/uu_exec/g767                          | B ^ -> Y v  | NAND2X2   |  0.141 |   0.589 |    0.648 | 
     | uu_dtpath/uu_exec/g739                          |             | NAND2X2   |  0.000 |   0.589 |    0.648 | 
     | uu_dtpath/uu_exec/g739                          | A v -> Y ^  | NAND2X2   |  0.105 |   0.694 |    0.753 | 
     | uu_dtpath/uu_exec/uu_alu/FE_OFC349_alu_srcB_w_0 |             | INVX3     |  0.000 |   0.694 |    0.753 | 
     | uu_dtpath/uu_exec/uu_alu/FE_OFC349_alu_srcB_w_0 | A ^ -> Y v  | INVX3     |  0.060 |   0.754 |    0.813 | 
     | uu_dtpath/uu_exec/uu_alu/FE_OFC351_alu_srcB_w_0 |             | INVX6     |  0.000 |   0.754 |    0.813 | 
     | uu_dtpath/uu_exec/uu_alu/FE_OFC351_alu_srcB_w_0 | A v -> Y ^  | INVX6     |  0.058 |   0.812 |    0.871 | 
     | uu_dtpath/uu_exec/uu_alu/FE_OFC355_alu_srcB_w_0 |             | CLKBUFX20 |  0.000 |   0.812 |    0.871 | 
     | uu_dtpath/uu_exec/uu_alu/FE_OFC355_alu_srcB_w_0 | A ^ -> Y ^  | CLKBUFX20 |  0.142 |   0.955 |    1.014 | 
     | uu_dtpath/uu_exec/uu_alu/g2227                  |             | CLKINVX16 |  0.001 |   0.956 |    1.014 | 
     | uu_dtpath/uu_exec/uu_alu/g2227                  | A ^ -> Y v  | CLKINVX16 |  0.073 |   1.028 |    1.087 | 
     | uu_dtpath/uu_exec/uu_alu/sll_22_38_g2858        |             | AOI22X1   |  0.000 |   1.029 |    1.087 | 
     | uu_dtpath/uu_exec/uu_alu/sll_22_38_g2858        | A1 v -> Y ^ | AOI22X1   |  0.144 |   1.172 |    1.231 | 
     | uu_dtpath/uu_exec/uu_alu/sll_22_38_g2840        |             | MX2X1     |  0.000 |   1.172 |    1.231 | 
     | uu_dtpath/uu_exec/uu_alu/sll_22_38_g2840        | A ^ -> Y ^  | MX2X1     |  0.231 |   1.403 |    1.462 | 
     | uu_dtpath/uu_exec/uu_alu/sll_22_38_g2794        |             | MXI2X2    |  0.000 |   1.403 |    1.462 | 
     | uu_dtpath/uu_exec/uu_alu/sll_22_38_g2794        | A ^ -> Y v  | MXI2X2    |  0.223 |   1.627 |    1.686 | 
     | uu_dtpath/uu_exec/uu_alu/sll_22_38_g2731        |             | AOI221X1  |  0.000 |   1.627 |    1.686 | 
     | uu_dtpath/uu_exec/uu_alu/sll_22_38_g2731        | A1 v -> Y ^ | AOI221X1  |  0.214 |   1.840 |    1.899 | 
     | uu_dtpath/uu_exec/uu_alu/sll_22_38_g2719        |             | OAI2BB1X1 |  0.000 |   1.840 |    1.899 | 
     | uu_dtpath/uu_exec/uu_alu/sll_22_38_g2719        | B0 ^ -> Y v | OAI2BB1X1 |  0.243 |   2.084 |    2.142 | 
     | uu_dtpath/uu_exec/uu_alu/g4448                  |             | AOI221XL  |  0.000 |   2.084 |    2.142 | 
     | uu_dtpath/uu_exec/uu_alu/g4448                  | B0 v -> Y ^ | AOI221XL  |  0.264 |   2.347 |    2.406 | 
     | uu_dtpath/uu_exec/uu_alu/FE_OFC797_n_255        |             | CLKBUFX8  |  0.000 |   2.347 |    2.406 | 
     | uu_dtpath/uu_exec/uu_alu/FE_OFC797_n_255        | A ^ -> Y ^  | CLKBUFX8  |  0.193 |   2.541 |    2.600 | 
     | uu_dtpath/uu_exec/uu_alu/FE_OFC630_n_255        |             | BUFX2     |  0.000 |   2.541 |    2.600 | 
     | uu_dtpath/uu_exec/uu_alu/FE_OFC630_n_255        | A ^ -> Y ^  | BUFX2     |  0.089 |   2.629 |    2.688 | 
     | uu_dtpath/uu_exec/uu_alu/g4427                  |             | OAI2BB1X2 |  0.000 |   2.629 |    2.688 | 
     | uu_dtpath/uu_exec/uu_alu/g4427                  | B0 ^ -> Y v | OAI2BB1X2 |  0.085 |   2.714 |    2.773 | 
     | uu_dtpath/uu_exec/uu_alu/g4810                  |             | OR4X1     |  0.000 |   2.714 |    2.773 | 
     | uu_dtpath/uu_exec/uu_alu/g4810                  | C v -> Y v  | OR4X1     |  0.278 |   2.992 |    3.051 | 
     | uu_dtpath/uu_exec/uu_alu/FE_RC_2_0              |             | INVXL     |  0.000 |   2.992 |    3.051 | 
     | uu_dtpath/uu_exec/uu_alu/FE_RC_2_0              | A v -> Y ^  | INVXL     |  0.037 |   3.029 |    3.088 | 
     | uu_dtpath/uu_exec/uu_alu/FE_RC_1_0              |             | NAND2BX1  |  0.000 |   3.029 |    3.088 | 
     | uu_dtpath/uu_exec/uu_alu/FE_RC_1_0              | B ^ -> Y v  | NAND2BX1  |  0.112 |   3.141 |    3.200 | 
     | uu_dtpath/uu_exec/uu_alu/FE_RC_0_0              |             | NOR3X4    |  0.000 |   3.141 |    3.200 | 
     | uu_dtpath/uu_exec/uu_alu/FE_RC_0_0              | B v -> Y ^  | NOR3X4    |  0.140 |   3.281 |    3.340 | 
     | uu_dtpath/uu_exec/g789                          |             | XOR2X4    |  0.000 |   3.281 |    3.340 | 
     | uu_dtpath/uu_exec/g789                          | B ^ -> Y ^  | XOR2X4    |  0.228 |   3.509 |    3.568 | 
     | uu_dtpath/uu_exec/g458                          |             | OAI21X4   |  0.000 |   3.509 |    3.568 | 
     | uu_dtpath/uu_exec/g458                          | A1 ^ -> Y v | OAI21X4   |  0.100 |   3.609 |    3.668 | 
     | uu_dtpath/FE_OFC608_pc_src                      |             | CLKBUFX20 |  0.000 |   3.609 |    3.668 | 
     | uu_dtpath/FE_OFC608_pc_src                      | A v -> Y v  | CLKBUFX20 |  0.131 |   3.740 |    3.799 | 
     | uu_dtpath/FE_OFC619_pc_src                      |             | BUFX12    |  0.001 |   3.741 |    3.800 | 
     | uu_dtpath/FE_OFC619_pc_src                      | A v -> Y v  | BUFX12    |  0.170 |   3.912 |    3.970 | 
     | uu_dtpath/uu_fetch/g846                         |             | NOR2BX1   |  0.003 |   3.914 |    3.973 | 
     | uu_dtpath/uu_fetch/g846                         | B v -> Y ^  | NOR2BX1   |  0.160 |   4.075 |    4.133 | 
     | uu_dtpath/uu_fetch/inst_ff_reg[5]               |             | DFFRHQX1  |  0.000 |   4.075 |    4.133 | 
     +---------------------------------------------------------------------------------------------------------+ 
     Clock Rise Edge                      0.000
     + Source Insertion Delay            -0.596
     = Beginpoint Arrival Time           -0.596
     Other End Path:
     +-----------------------------------------------------------------------------------------+ 
     |             Instance              |    Arc     |   Cell   | Retime | Arrival | Required | 
     |                                   |            |          |  Delay |  Time   |   Time   | 
     |-----------------------------------+------------+----------+--------+---------+----------| 
     |                                   | clk ^      |          |        |  -0.596 |   -0.655 | 
     | uu_dtpath/CTS_ccl_a_buf_00272     |            | CLKBUFX4 |  0.003 |  -0.593 |   -0.652 | 
     | uu_dtpath/CTS_ccl_a_buf_00272     | A ^ -> Y ^ | CLKBUFX4 |  0.091 |  -0.502 |   -0.560 | 
     | uu_dtpath/CTS_ccl_a_buf_00267     |            | CLKBUFX3 |  0.000 |  -0.502 |   -0.560 | 
     | uu_dtpath/CTS_ccl_a_buf_00267     | A ^ -> Y ^ | CLKBUFX3 |  0.101 |  -0.400 |   -0.459 | 
     | uu_dtpath/CTS_ccl_a_buf_00259     |            | CLKBUFX4 |  0.000 |  -0.400 |   -0.459 | 
     | uu_dtpath/CTS_ccl_a_buf_00259     | A ^ -> Y ^ | CLKBUFX4 |  0.105 |  -0.295 |   -0.354 | 
     | uu_dtpath/CTS_ccl_a_buf_00247     |            | CLKBUFX3 |  0.000 |  -0.295 |   -0.354 | 
     | uu_dtpath/CTS_ccl_a_buf_00247     | A ^ -> Y ^ | CLKBUFX3 |  0.095 |  -0.200 |   -0.259 | 
     | uu_dtpath/CTS_ccl_a_buf_00181     |            | BUFX2    |  0.000 |  -0.200 |   -0.259 | 
     | uu_dtpath/CTS_ccl_a_buf_00181     | A ^ -> Y ^ | BUFX2    |  0.098 |  -0.102 |   -0.161 | 
     | uu_dtpath/CTS_ccl_a_buf_00040     |            | CLKBUFX4 |  0.000 |  -0.102 |   -0.161 | 
     | uu_dtpath/CTS_ccl_a_buf_00040     | A ^ -> Y ^ | CLKBUFX4 |  0.101 |  -0.001 |   -0.060 | 
     | uu_dtpath/uu_fetch/inst_ff_reg[5] |            | DFFRHQX1 |  0.000 |  -0.001 |   -0.060 | 
     +-----------------------------------------------------------------------------------------+ 
Path 44: MET Setup Check with Pin uu_dtpath/uu_dec/rd1_ff_reg[9]/CK 
Endpoint:   uu_dtpath/uu_dec/rd1_ff_reg[9]/D (^) checked with  leading edge of 
'clk'
Beginpoint: uu_dtpath/uu_dec/o_aluSrc_reg/Q  (^) triggered by  leading edge of 
'clk'
Path Groups: {clk}
Analysis View: setup
Retime Analysis { Data Path-Slew SI }
Other End Arrival Time         -0.012
- Setup                         0.120
+ Phase Shift                   4.400
- Uncertainty                   0.100
= Required Time                 4.168
- Arrival Time                  4.099
= Slack Time                    0.069
= Slack Time(original)          0.111
     Clock Rise Edge                      0.000
     + Source Insertion Delay            -0.596
     = Beginpoint Arrival Time           -0.596
     Timing Path:
     +---------------------------------------------------------------------------------------------------------+ 
     |                    Instance                     |     Arc     |   Cell    | Retime | Arrival | Required | 
     |                                                 |             |           |  Delay |  Time   |   Time   | 
     |-------------------------------------------------+-------------+-----------+--------+---------+----------| 
     |                                                 | clk ^       |           |        |  -0.596 |   -0.527 | 
     | uu_dtpath/CTS_ccl_a_buf_00272                   |             | CLKBUFX4  |  0.003 |  -0.593 |   -0.524 | 
     | uu_dtpath/CTS_ccl_a_buf_00272                   | A ^ -> Y ^  | CLKBUFX4  |  0.091 |  -0.502 |   -0.432 | 
     | uu_dtpath/CTS_ccl_a_buf_00267                   |             | CLKBUFX3  |  0.000 |  -0.502 |   -0.432 | 
     | uu_dtpath/CTS_ccl_a_buf_00267                   | A ^ -> Y ^  | CLKBUFX3  |  0.101 |  -0.400 |   -0.331 | 
     | uu_dtpath/CTS_ccl_a_buf_00251                   |             | BUFX2     |  0.000 |  -0.400 |   -0.331 | 
     | uu_dtpath/CTS_ccl_a_buf_00251                   | A ^ -> Y ^  | BUFX2     |  0.095 |  -0.306 |   -0.236 | 
     | uu_dtpath/CTS_ccl_a_buf_00232                   |             | CLKBUFX3  |  0.000 |  -0.306 |   -0.236 | 
     | uu_dtpath/CTS_ccl_a_buf_00232                   | A ^ -> Y ^  | CLKBUFX3  |  0.079 |  -0.227 |   -0.158 | 
     | uu_dtpath/uu_dec/CTS_ccl_a_buf_00192            |             | CLKBUFX4  |  0.000 |  -0.227 |   -0.158 | 
     | uu_dtpath/uu_dec/CTS_ccl_a_buf_00192            | A ^ -> Y ^  | CLKBUFX4  |  0.105 |  -0.122 |   -0.053 | 
     | uu_dtpath/uu_dec/CTS_ccl_a_buf_00055            |             | CLKBUFX4  |  0.000 |  -0.122 |   -0.053 | 
     | uu_dtpath/uu_dec/CTS_ccl_a_buf_00055            | A ^ -> Y ^  | CLKBUFX4  |  0.111 |  -0.011 |    0.058 | 
     | uu_dtpath/uu_dec/o_aluSrc_reg                   |             | DFFRHQX4  |  0.000 |  -0.011 |    0.058 | 
     | uu_dtpath/uu_dec/o_aluSrc_reg                   | CK ^ -> Q ^ | DFFRHQX4  |  0.293 |   0.282 |    0.351 | 
     | uu_dtpath/uu_exec/FE_OFC71_aluSrc               |             | INVX3     |  0.000 |   0.282 |    0.351 | 
     | uu_dtpath/uu_exec/FE_OFC71_aluSrc               | A ^ -> Y v  | INVX3     |  0.078 |   0.360 |    0.429 | 
     | uu_dtpath/uu_exec/FE_OFC740_aluSrc              |             | CLKINVX20 |  0.000 |   0.360 |    0.429 | 
     | uu_dtpath/uu_exec/FE_OFC740_aluSrc              | A v -> Y ^  | CLKINVX20 |  0.086 |   0.445 |    0.514 | 
     | uu_dtpath/uu_exec/g767                          |             | NAND2X2   |  0.003 |   0.448 |    0.518 | 
     | uu_dtpath/uu_exec/g767                          | B ^ -> Y v  | NAND2X2   |  0.141 |   0.589 |    0.658 | 
     | uu_dtpath/uu_exec/g739                          |             | NAND2X2   |  0.000 |   0.589 |    0.658 | 
     | uu_dtpath/uu_exec/g739                          | A v -> Y ^  | NAND2X2   |  0.105 |   0.694 |    0.763 | 
     | uu_dtpath/uu_exec/uu_alu/FE_OFC349_alu_srcB_w_0 |             | INVX3     |  0.000 |   0.694 |    0.763 | 
     | uu_dtpath/uu_exec/uu_alu/FE_OFC349_alu_srcB_w_0 | A ^ -> Y v  | INVX3     |  0.060 |   0.754 |    0.823 | 
     | uu_dtpath/uu_exec/uu_alu/FE_OFC351_alu_srcB_w_0 |             | INVX6     |  0.000 |   0.754 |    0.823 | 
     | uu_dtpath/uu_exec/uu_alu/FE_OFC351_alu_srcB_w_0 | A v -> Y ^  | INVX6     |  0.058 |   0.812 |    0.882 | 
     | uu_dtpath/uu_exec/uu_alu/FE_OFC355_alu_srcB_w_0 |             | CLKBUFX20 |  0.000 |   0.812 |    0.882 | 
     | uu_dtpath/uu_exec/uu_alu/FE_OFC355_alu_srcB_w_0 | A ^ -> Y ^  | CLKBUFX20 |  0.142 |   0.955 |    1.024 | 
     | uu_dtpath/uu_exec/uu_alu/g2227                  |             | CLKINVX16 |  0.001 |   0.956 |    1.025 | 
     | uu_dtpath/uu_exec/uu_alu/g2227                  | A ^ -> Y v  | CLKINVX16 |  0.073 |   1.028 |    1.098 | 
     | uu_dtpath/uu_exec/uu_alu/sll_22_38_g2858        |             | AOI22X1   |  0.000 |   1.029 |    1.098 | 
     | uu_dtpath/uu_exec/uu_alu/sll_22_38_g2858        | A1 v -> Y ^ | AOI22X1   |  0.144 |   1.172 |    1.242 | 
     | uu_dtpath/uu_exec/uu_alu/sll_22_38_g2840        |             | MX2X1     |  0.000 |   1.172 |    1.242 | 
     | uu_dtpath/uu_exec/uu_alu/sll_22_38_g2840        | A ^ -> Y ^  | MX2X1     |  0.231 |   1.403 |    1.473 | 
     | uu_dtpath/uu_exec/uu_alu/sll_22_38_g2794        |             | MXI2X2    |  0.000 |   1.403 |    1.473 | 
     | uu_dtpath/uu_exec/uu_alu/sll_22_38_g2794        | A ^ -> Y v  | MXI2X2    |  0.223 |   1.627 |    1.696 | 
     | uu_dtpath/uu_exec/uu_alu/sll_22_38_g2731        |             | AOI221X1  |  0.000 |   1.627 |    1.696 | 
     | uu_dtpath/uu_exec/uu_alu/sll_22_38_g2731        | A1 v -> Y ^ | AOI221X1  |  0.214 |   1.840 |    1.910 | 
     | uu_dtpath/uu_exec/uu_alu/sll_22_38_g2719        |             | OAI2BB1X1 |  0.000 |   1.840 |    1.910 | 
     | uu_dtpath/uu_exec/uu_alu/sll_22_38_g2719        | B0 ^ -> Y v | OAI2BB1X1 |  0.243 |   2.084 |    2.153 | 
     | uu_dtpath/uu_exec/uu_alu/g4448                  |             | AOI221XL  |  0.000 |   2.084 |    2.153 | 
     | uu_dtpath/uu_exec/uu_alu/g4448                  | B0 v -> Y ^ | AOI221XL  |  0.264 |   2.347 |    2.417 | 
     | uu_dtpath/uu_exec/uu_alu/FE_OFC797_n_255        |             | CLKBUFX8  |  0.000 |   2.347 |    2.417 | 
     | uu_dtpath/uu_exec/uu_alu/FE_OFC797_n_255        | A ^ -> Y ^  | CLKBUFX8  |  0.193 |   2.541 |    2.610 | 
     | uu_dtpath/uu_exec/uu_alu/FE_OFC630_n_255        |             | BUFX2     |  0.000 |   2.541 |    2.610 | 
     | uu_dtpath/uu_exec/uu_alu/FE_OFC630_n_255        | A ^ -> Y ^  | BUFX2     |  0.089 |   2.629 |    2.699 | 
     | uu_dtpath/uu_exec/uu_alu/g4427                  |             | OAI2BB1X2 |  0.000 |   2.629 |    2.699 | 
     | uu_dtpath/uu_exec/uu_alu/g4427                  | B0 ^ -> Y v | OAI2BB1X2 |  0.085 |   2.714 |    2.783 | 
     | uu_dtpath/uu_exec/uu_alu/g4810                  |             | OR4X1     |  0.000 |   2.714 |    2.783 | 
     | uu_dtpath/uu_exec/uu_alu/g4810                  | C v -> Y v  | OR4X1     |  0.278 |   2.992 |    3.062 | 
     | uu_dtpath/uu_exec/uu_alu/FE_RC_2_0              |             | INVXL     |  0.000 |   2.992 |    3.062 | 
     | uu_dtpath/uu_exec/uu_alu/FE_RC_2_0              | A v -> Y ^  | INVXL     |  0.037 |   3.029 |    3.098 | 
     | uu_dtpath/uu_exec/uu_alu/FE_RC_1_0              |             | NAND2BX1  |  0.000 |   3.029 |    3.098 | 
     | uu_dtpath/uu_exec/uu_alu/FE_RC_1_0              | B ^ -> Y v  | NAND2BX1  |  0.112 |   3.141 |    3.211 | 
     | uu_dtpath/uu_exec/uu_alu/FE_RC_0_0              |             | NOR3X4    |  0.000 |   3.141 |    3.211 | 
     | uu_dtpath/uu_exec/uu_alu/FE_RC_0_0              | B v -> Y ^  | NOR3X4    |  0.140 |   3.281 |    3.350 | 
     | uu_dtpath/uu_exec/g789                          |             | XOR2X4    |  0.000 |   3.281 |    3.350 | 
     | uu_dtpath/uu_exec/g789                          | B ^ -> Y ^  | XOR2X4    |  0.228 |   3.509 |    3.578 | 
     | uu_dtpath/uu_exec/g458                          |             | OAI21X4   |  0.000 |   3.509 |    3.578 | 
     | uu_dtpath/uu_exec/g458                          | A1 ^ -> Y v | OAI21X4   |  0.100 |   3.609 |    3.678 | 
     | uu_dtpath/FE_OFC608_pc_src                      |             | CLKBUFX20 |  0.000 |   3.609 |    3.678 | 
     | uu_dtpath/FE_OFC608_pc_src                      | A v -> Y v  | CLKBUFX20 |  0.131 |   3.740 |    3.809 | 
     | uu_dtpath/uu_dec/FE_OCPC873_FE_OFN40_pc_src     |             | CLKBUFX6  |  0.002 |   3.742 |    3.811 | 
     | uu_dtpath/uu_dec/FE_OCPC873_FE_OFN40_pc_src     | A v -> Y v  | CLKBUFX6  |  0.110 |   3.851 |    3.920 | 
     | uu_dtpath/uu_dec/FE_OFC616_pc_src               |             | CLKINVX8  |  0.000 |   3.851 |    3.921 | 
     | uu_dtpath/uu_dec/FE_OFC616_pc_src               | A v -> Y ^  | CLKINVX8  |  0.083 |   3.934 |    4.003 | 
     | uu_dtpath/uu_dec/g204                           |             | AND2X1    |  0.002 |   3.936 |    4.005 | 
     | uu_dtpath/uu_dec/g204                           | A ^ -> Y ^  | AND2X1    |  0.163 |   4.099 |    4.168 | 
     | uu_dtpath/uu_dec/rd1_ff_reg[9]                  |             | DFFRX2    |  0.000 |   4.099 |    4.168 | 
     +---------------------------------------------------------------------------------------------------------+ 
     Clock Rise Edge                      0.000
     + Source Insertion Delay            -0.596
     = Beginpoint Arrival Time           -0.596
     Other End Path:
     +--------------------------------------------------------------------------------------------+ 
     |               Instance               |    Arc     |   Cell   | Retime | Arrival | Required | 
     |                                      |            |          |  Delay |  Time   |   Time   | 
     |--------------------------------------+------------+----------+--------+---------+----------| 
     |                                      | clk ^      |          |        |  -0.596 |   -0.665 | 
     | uu_dtpath/CTS_ccl_a_buf_00272        |            | CLKBUFX4 |  0.003 |  -0.593 |   -0.662 | 
     | uu_dtpath/CTS_ccl_a_buf_00272        | A ^ -> Y ^ | CLKBUFX4 |  0.091 |  -0.502 |   -0.571 | 
     | uu_dtpath/CTS_ccl_a_buf_00260        |            | CLKBUFX3 |  0.000 |  -0.502 |   -0.571 | 
     | uu_dtpath/CTS_ccl_a_buf_00260        | A ^ -> Y ^ | CLKBUFX3 |  0.100 |  -0.402 |   -0.471 | 
     | uu_dtpath/CTS_ccl_a_buf_00249        |            | CLKBUFX3 |  0.000 |  -0.402 |   -0.471 | 
     | uu_dtpath/CTS_ccl_a_buf_00249        | A ^ -> Y ^ | CLKBUFX3 |  0.096 |  -0.306 |   -0.375 | 
     | uu_dtpath/CTS_ccl_a_buf_00229        |            | CLKBUFX3 |  0.000 |  -0.306 |   -0.375 | 
     | uu_dtpath/CTS_ccl_a_buf_00229        | A ^ -> Y ^ | CLKBUFX3 |  0.090 |  -0.215 |   -0.284 | 
     | uu_dtpath/CTS_ccl_a_buf_00188        |            | CLKBUFX4 |  0.000 |  -0.215 |   -0.284 | 
     | uu_dtpath/CTS_ccl_a_buf_00188        | A ^ -> Y ^ | CLKBUFX4 |  0.104 |  -0.111 |   -0.180 | 
     | uu_dtpath/uu_dec/CTS_ccl_a_buf_00056 |            | CLKBUFX3 |  0.000 |  -0.111 |   -0.180 | 
     | uu_dtpath/uu_dec/CTS_ccl_a_buf_00056 | A ^ -> Y ^ | CLKBUFX3 |  0.099 |  -0.012 |   -0.081 | 
     | uu_dtpath/uu_dec/rd1_ff_reg[9]       |            | DFFRX2   |  0.000 |  -0.012 |   -0.081 | 
     +--------------------------------------------------------------------------------------------+ 
Path 45: MET Setup Check with Pin uu_dtpath/uu_fetch/pc_plus4_ff_reg[21]/CK 
Endpoint:   uu_dtpath/uu_fetch/pc_plus4_ff_reg[21]/D (^) checked with  leading 
edge of 'clk'
Beginpoint: uu_dtpath/uu_dec/o_aluSrc_reg/Q          (^) triggered by  leading 
edge of 'clk'
Path Groups: {clk}
Analysis View: setup
Retime Analysis { Data Path-Slew SI }
Other End Arrival Time          0.002
- Setup                         0.144
+ Phase Shift                   4.400
- Uncertainty                   0.100
= Required Time                 4.158
- Arrival Time                  4.087
= Slack Time                    0.071
= Slack Time(original)          0.111
     Clock Rise Edge                      0.000
     + Source Insertion Delay            -0.596
     = Beginpoint Arrival Time           -0.596
     Timing Path:
     +---------------------------------------------------------------------------------------------------------+ 
     |                    Instance                     |     Arc     |   Cell    | Retime | Arrival | Required | 
     |                                                 |             |           |  Delay |  Time   |   Time   | 
     |-------------------------------------------------+-------------+-----------+--------+---------+----------| 
     |                                                 | clk ^       |           |        |  -0.596 |   -0.525 | 
     | uu_dtpath/CTS_ccl_a_buf_00272                   |             | CLKBUFX4  |  0.003 |  -0.593 |   -0.522 | 
     | uu_dtpath/CTS_ccl_a_buf_00272                   | A ^ -> Y ^  | CLKBUFX4  |  0.091 |  -0.502 |   -0.431 | 
     | uu_dtpath/CTS_ccl_a_buf_00267                   |             | CLKBUFX3  |  0.000 |  -0.502 |   -0.431 | 
     | uu_dtpath/CTS_ccl_a_buf_00267                   | A ^ -> Y ^  | CLKBUFX3  |  0.101 |  -0.400 |   -0.329 | 
     | uu_dtpath/CTS_ccl_a_buf_00251                   |             | BUFX2     |  0.000 |  -0.400 |   -0.329 | 
     | uu_dtpath/CTS_ccl_a_buf_00251                   | A ^ -> Y ^  | BUFX2     |  0.095 |  -0.306 |   -0.235 | 
     | uu_dtpath/CTS_ccl_a_buf_00232                   |             | CLKBUFX3  |  0.000 |  -0.306 |   -0.235 | 
     | uu_dtpath/CTS_ccl_a_buf_00232                   | A ^ -> Y ^  | CLKBUFX3  |  0.079 |  -0.227 |   -0.156 | 
     | uu_dtpath/uu_dec/CTS_ccl_a_buf_00192            |             | CLKBUFX4  |  0.000 |  -0.227 |   -0.156 | 
     | uu_dtpath/uu_dec/CTS_ccl_a_buf_00192            | A ^ -> Y ^  | CLKBUFX4  |  0.105 |  -0.122 |   -0.051 | 
     | uu_dtpath/uu_dec/CTS_ccl_a_buf_00055            |             | CLKBUFX4  |  0.000 |  -0.122 |   -0.051 | 
     | uu_dtpath/uu_dec/CTS_ccl_a_buf_00055            | A ^ -> Y ^  | CLKBUFX4  |  0.111 |  -0.011 |    0.060 | 
     | uu_dtpath/uu_dec/o_aluSrc_reg                   |             | DFFRHQX4  |  0.000 |  -0.011 |    0.060 | 
     | uu_dtpath/uu_dec/o_aluSrc_reg                   | CK ^ -> Q ^ | DFFRHQX4  |  0.293 |   0.282 |    0.352 | 
     | uu_dtpath/uu_exec/FE_OFC71_aluSrc               |             | INVX3     |  0.000 |   0.282 |    0.352 | 
     | uu_dtpath/uu_exec/FE_OFC71_aluSrc               | A ^ -> Y v  | INVX3     |  0.078 |   0.360 |    0.430 | 
     | uu_dtpath/uu_exec/FE_OFC740_aluSrc              |             | CLKINVX20 |  0.000 |   0.360 |    0.431 | 
     | uu_dtpath/uu_exec/FE_OFC740_aluSrc              | A v -> Y ^  | CLKINVX20 |  0.086 |   0.445 |    0.516 | 
     | uu_dtpath/uu_exec/g767                          |             | NAND2X2   |  0.003 |   0.448 |    0.519 | 
     | uu_dtpath/uu_exec/g767                          | B ^ -> Y v  | NAND2X2   |  0.141 |   0.589 |    0.660 | 
     | uu_dtpath/uu_exec/g739                          |             | NAND2X2   |  0.000 |   0.589 |    0.660 | 
     | uu_dtpath/uu_exec/g739                          | A v -> Y ^  | NAND2X2   |  0.105 |   0.694 |    0.765 | 
     | uu_dtpath/uu_exec/uu_alu/FE_OFC349_alu_srcB_w_0 |             | INVX3     |  0.000 |   0.694 |    0.765 | 
     | uu_dtpath/uu_exec/uu_alu/FE_OFC349_alu_srcB_w_0 | A ^ -> Y v  | INVX3     |  0.060 |   0.754 |    0.825 | 
     | uu_dtpath/uu_exec/uu_alu/FE_OFC351_alu_srcB_w_0 |             | INVX6     |  0.000 |   0.754 |    0.825 | 
     | uu_dtpath/uu_exec/uu_alu/FE_OFC351_alu_srcB_w_0 | A v -> Y ^  | INVX6     |  0.058 |   0.812 |    0.883 | 
     | uu_dtpath/uu_exec/uu_alu/FE_OFC355_alu_srcB_w_0 |             | CLKBUFX20 |  0.000 |   0.812 |    0.883 | 
     | uu_dtpath/uu_exec/uu_alu/FE_OFC355_alu_srcB_w_0 | A ^ -> Y ^  | CLKBUFX20 |  0.142 |   0.955 |    1.026 | 
     | uu_dtpath/uu_exec/uu_alu/g2227                  |             | CLKINVX16 |  0.001 |   0.956 |    1.027 | 
     | uu_dtpath/uu_exec/uu_alu/g2227                  | A ^ -> Y v  | CLKINVX16 |  0.073 |   1.028 |    1.099 | 
     | uu_dtpath/uu_exec/uu_alu/sll_22_38_g2858        |             | AOI22X1   |  0.000 |   1.029 |    1.099 | 
     | uu_dtpath/uu_exec/uu_alu/sll_22_38_g2858        | A1 v -> Y ^ | AOI22X1   |  0.144 |   1.172 |    1.243 | 
     | uu_dtpath/uu_exec/uu_alu/sll_22_38_g2840        |             | MX2X1     |  0.000 |   1.172 |    1.243 | 
     | uu_dtpath/uu_exec/uu_alu/sll_22_38_g2840        | A ^ -> Y ^  | MX2X1     |  0.231 |   1.403 |    1.474 | 
     | uu_dtpath/uu_exec/uu_alu/sll_22_38_g2794        |             | MXI2X2    |  0.000 |   1.403 |    1.474 | 
     | uu_dtpath/uu_exec/uu_alu/sll_22_38_g2794        | A ^ -> Y v  | MXI2X2    |  0.223 |   1.627 |    1.698 | 
     | uu_dtpath/uu_exec/uu_alu/sll_22_38_g2731        |             | AOI221X1  |  0.000 |   1.627 |    1.698 | 
     | uu_dtpath/uu_exec/uu_alu/sll_22_38_g2731        | A1 v -> Y ^ | AOI221X1  |  0.214 |   1.840 |    1.911 | 
     | uu_dtpath/uu_exec/uu_alu/sll_22_38_g2719        |             | OAI2BB1X1 |  0.000 |   1.840 |    1.911 | 
     | uu_dtpath/uu_exec/uu_alu/sll_22_38_g2719        | B0 ^ -> Y v | OAI2BB1X1 |  0.243 |   2.084 |    2.155 | 
     | uu_dtpath/uu_exec/uu_alu/g4448                  |             | AOI221XL  |  0.000 |   2.084 |    2.155 | 
     | uu_dtpath/uu_exec/uu_alu/g4448                  | B0 v -> Y ^ | AOI221XL  |  0.264 |   2.347 |    2.418 | 
     | uu_dtpath/uu_exec/uu_alu/FE_OFC797_n_255        |             | CLKBUFX8  |  0.000 |   2.347 |    2.418 | 
     | uu_dtpath/uu_exec/uu_alu/FE_OFC797_n_255        | A ^ -> Y ^  | CLKBUFX8  |  0.193 |   2.541 |    2.612 | 
     | uu_dtpath/uu_exec/uu_alu/FE_OFC630_n_255        |             | BUFX2     |  0.000 |   2.541 |    2.612 | 
     | uu_dtpath/uu_exec/uu_alu/FE_OFC630_n_255        | A ^ -> Y ^  | BUFX2     |  0.089 |   2.629 |    2.700 | 
     | uu_dtpath/uu_exec/uu_alu/g4427                  |             | OAI2BB1X2 |  0.000 |   2.629 |    2.700 | 
     | uu_dtpath/uu_exec/uu_alu/g4427                  | B0 ^ -> Y v | OAI2BB1X2 |  0.085 |   2.714 |    2.785 | 
     | uu_dtpath/uu_exec/uu_alu/g4810                  |             | OR4X1     |  0.000 |   2.714 |    2.785 | 
     | uu_dtpath/uu_exec/uu_alu/g4810                  | C v -> Y v  | OR4X1     |  0.278 |   2.992 |    3.063 | 
     | uu_dtpath/uu_exec/uu_alu/FE_RC_2_0              |             | INVXL     |  0.000 |   2.992 |    3.063 | 
     | uu_dtpath/uu_exec/uu_alu/FE_RC_2_0              | A v -> Y ^  | INVXL     |  0.037 |   3.029 |    3.100 | 
     | uu_dtpath/uu_exec/uu_alu/FE_RC_1_0              |             | NAND2BX1  |  0.000 |   3.029 |    3.100 | 
     | uu_dtpath/uu_exec/uu_alu/FE_RC_1_0              | B ^ -> Y v  | NAND2BX1  |  0.112 |   3.141 |    3.212 | 
     | uu_dtpath/uu_exec/uu_alu/FE_RC_0_0              |             | NOR3X4    |  0.000 |   3.141 |    3.212 | 
     | uu_dtpath/uu_exec/uu_alu/FE_RC_0_0              | B v -> Y ^  | NOR3X4    |  0.140 |   3.281 |    3.352 | 
     | uu_dtpath/uu_exec/g789                          |             | XOR2X4    |  0.000 |   3.281 |    3.352 | 
     | uu_dtpath/uu_exec/g789                          | B ^ -> Y ^  | XOR2X4    |  0.228 |   3.509 |    3.580 | 
     | uu_dtpath/uu_exec/g458                          |             | OAI21X4   |  0.000 |   3.509 |    3.580 | 
     | uu_dtpath/uu_exec/g458                          | A1 ^ -> Y v | OAI21X4   |  0.100 |   3.609 |    3.680 | 
     | uu_dtpath/FE_OFC608_pc_src                      |             | CLKBUFX20 |  0.000 |   3.609 |    3.680 | 
     | uu_dtpath/FE_OFC608_pc_src                      | A v -> Y v  | CLKBUFX20 |  0.131 |   3.740 |    3.811 | 
     | uu_dtpath/FE_OFC617_pc_src                      |             | BUFX2     |  0.001 |   3.741 |    3.812 | 
     | uu_dtpath/FE_OFC617_pc_src                      | A v -> Y v  | BUFX2     |  0.198 |   3.939 |    4.010 | 
     | uu_dtpath/uu_fetch/g595                         |             | NOR2BX1   |  0.000 |   3.940 |    4.011 | 
     | uu_dtpath/uu_fetch/g595                         | B v -> Y ^  | NOR2BX1   |  0.148 |   4.087 |    4.158 | 
     | uu_dtpath/uu_fetch/pc_plus4_ff_reg[21]          |             | DFFRHQX1  |  0.000 |   4.087 |    4.158 | 
     +---------------------------------------------------------------------------------------------------------+ 
     Clock Rise Edge                      0.000
     + Source Insertion Delay            -0.596
     = Beginpoint Arrival Time           -0.596
     Other End Path:
     +----------------------------------------------------------------------------------------------+ 
     |                Instance                |    Arc     |   Cell   | Retime | Arrival | Required | 
     |                                        |            |          |  Delay |  Time   |   Time   | 
     |----------------------------------------+------------+----------+--------+---------+----------| 
     |                                        | clk ^      |          |        |  -0.596 |   -0.667 | 
     | uu_dtpath/CTS_ccl_a_buf_00272          |            | CLKBUFX4 |  0.003 |  -0.593 |   -0.664 | 
     | uu_dtpath/CTS_ccl_a_buf_00272          | A ^ -> Y ^ | CLKBUFX4 |  0.091 |  -0.502 |   -0.573 | 
     | uu_dtpath/CTS_ccl_a_buf_00267          |            | CLKBUFX3 |  0.000 |  -0.502 |   -0.573 | 
     | uu_dtpath/CTS_ccl_a_buf_00267          | A ^ -> Y ^ | CLKBUFX3 |  0.101 |  -0.400 |   -0.471 | 
     | uu_dtpath/CTS_ccl_a_buf_00248          |            | CLKBUFX3 |  0.000 |  -0.400 |   -0.471 | 
     | uu_dtpath/CTS_ccl_a_buf_00248          | A ^ -> Y ^ | CLKBUFX3 |  0.093 |  -0.307 |   -0.378 | 
     | uu_dtpath/CTS_ccl_a_buf_00226          |            | CLKBUFX3 |  0.000 |  -0.307 |   -0.378 | 
     | uu_dtpath/CTS_ccl_a_buf_00226          | A ^ -> Y ^ | CLKBUFX3 |  0.091 |  -0.216 |   -0.287 | 
     | uu_dtpath/CTS_ccl_a_buf_00182          |            | CLKBUFX4 |  0.000 |  -0.216 |   -0.287 | 
     | uu_dtpath/CTS_ccl_a_buf_00182          | A ^ -> Y ^ | CLKBUFX4 |  0.105 |  -0.112 |   -0.182 | 
     | uu_dtpath/CTS_ccl_a_buf_00002          |            | CLKBUFX4 |  0.000 |  -0.112 |   -0.182 | 
     | uu_dtpath/CTS_ccl_a_buf_00002          | A ^ -> Y ^ | CLKBUFX4 |  0.113 |   0.002 |   -0.069 | 
     | uu_dtpath/uu_fetch/pc_plus4_ff_reg[21] |            | DFFRHQX1 |  0.000 |   0.002 |   -0.069 | 
     +----------------------------------------------------------------------------------------------+ 
Path 46: MET Setup Check with Pin uu_dtpath/uu_dec/rd1_ff_reg[26]/CK 
Endpoint:   uu_dtpath/uu_dec/rd1_ff_reg[26]/D                (v) checked with  
leading edge of 'clk'
Beginpoint: uu_dtpath/uu_dec/uu_reg_file/reg_dt_reg[2][26]/Q (v) triggered by 
trailing edge of 'clk'
Path Groups: {clk}
Analysis View: setup
Retime Analysis { Data Path-Slew SI }
Other End Arrival Time         -0.011
- Setup                         0.051
+ Phase Shift                   4.400
- Uncertainty                   0.100
= Required Time                 4.238
- Arrival Time                  3.952
= Slack Time                    0.286
= Slack Time(original)          0.112
     Clock Fall Edge                      2.200
     + Source Insertion Delay            -0.598
     = Beginpoint Arrival Time            1.602
     Timing Path:
     +----------------------------------------------------------------------------------------------------------+ 
     |                     Instance                     |     Arc     |   Cell    | Retime | Arrival | Required | 
     |                                                  |             |           |  Delay |  Time   |   Time   | 
     |--------------------------------------------------+-------------+-----------+--------+---------+----------| 
     |                                                  | clk v       |           |        |   1.602 |    1.889 | 
     | uu_dtpath/uu_dec/g163                            |             | INVX2     |  0.002 |   1.604 |    1.890 | 
     | uu_dtpath/uu_dec/g163                            | A v -> Y ^  | INVX2     |  0.029 |   1.632 |    1.919 | 
     | uu_dtpath/uu_dec/uu_reg_file/CTS_ccl_a_buf_00273 |             | CLKBUFX3  |  0.000 |   1.632 |    1.919 | 
     | uu_dtpath/uu_dec/uu_reg_file/CTS_ccl_a_buf_00273 | A ^ -> Y ^  | CLKBUFX3  |  0.088 |   1.720 |    2.007 | 
     | uu_dtpath/uu_dec/uu_reg_file/CTS_ccl_a_buf_00270 |             | CLKBUFX4  |  0.000 |   1.720 |    2.007 | 
     | uu_dtpath/uu_dec/uu_reg_file/CTS_ccl_a_buf_00270 | A ^ -> Y ^  | CLKBUFX4  |  0.104 |   1.824 |    2.111 | 
     | uu_dtpath/uu_dec/uu_reg_file/CTS_ccl_a_buf_00257 |             | CLKBUFX4  |  0.000 |   1.824 |    2.111 | 
     | uu_dtpath/uu_dec/uu_reg_file/CTS_ccl_a_buf_00257 | A ^ -> Y ^  | CLKBUFX4  |  0.106 |   1.930 |    2.217 | 
     | uu_dtpath/uu_dec/uu_reg_file/CTS_ccl_a_buf_00245 |             | CLKBUFX3  |  0.000 |   1.930 |    2.217 | 
     | uu_dtpath/uu_dec/uu_reg_file/CTS_ccl_a_buf_00245 | A ^ -> Y ^  | CLKBUFX3  |  0.089 |   2.019 |    2.306 | 
     | uu_dtpath/uu_dec/uu_reg_file/CTS_ccl_a_buf_00223 |             | CLKBUFX3  |  0.000 |   2.019 |    2.306 | 
     | uu_dtpath/uu_dec/uu_reg_file/CTS_ccl_a_buf_00223 | A ^ -> Y ^  | CLKBUFX3  |  0.089 |   2.108 |    2.394 | 
     | uu_dtpath/uu_dec/uu_reg_file/CTS_ccl_a_buf_00173 |             | CLKBUFX4  |  0.000 |   2.108 |    2.394 | 
     | uu_dtpath/uu_dec/uu_reg_file/CTS_ccl_a_buf_00173 | A ^ -> Y ^  | CLKBUFX4  |  0.105 |   2.212 |    2.499 | 
     | uu_dtpath/uu_dec/uu_reg_file/reg_dt_reg[2][26]   |             | SDFFRHQX1 |  0.000 |   2.212 |    2.499 | 
     | uu_dtpath/uu_dec/uu_reg_file/reg_dt_reg[2][26]   | CK ^ -> Q v | SDFFRHQX1 |  0.262 |   2.474 |    2.760 | 
     | uu_dtpath/uu_dec/uu_reg_file/g3871__1705         |             | AOI222X1  |  0.000 |   2.474 |    2.760 | 
     | uu_dtpath/uu_dec/uu_reg_file/g3871__1705         | A0 v -> Y ^ | AOI222X1  |  0.233 |   2.707 |    2.993 | 
     | uu_dtpath/uu_dec/uu_reg_file/g3518__9945         |             | NAND2X1   |  0.000 |   2.707 |    2.993 | 
     | uu_dtpath/uu_dec/uu_reg_file/g3518__9945         | A ^ -> Y v  | NAND2X1   |  0.159 |   2.866 |    3.152 | 
     | uu_dtpath/uu_dec/uu_reg_file/g37174              |             | NAND4BX2  |  0.000 |   2.866 |    3.152 | 
     | uu_dtpath/uu_dec/uu_reg_file/g37174              | AN v -> Y v | NAND4BX2  |  0.279 |   3.145 |    3.431 | 
     | uu_dtpath/uu_dec/uu_reg_file/FE_OFC142_n_2845    |             | BUFX2     |  0.000 |   3.145 |    3.431 | 
     | uu_dtpath/uu_dec/uu_reg_file/FE_OFC142_n_2845    | A v -> Y v  | BUFX2     |  0.192 |   3.337 |    3.623 | 
     | uu_dtpath/uu_dec/uu_reg_file/g37140              |             | NAND4BBX1 |  0.000 |   3.337 |    3.623 | 
     | uu_dtpath/uu_dec/uu_reg_file/g37140              | AN v -> Y v | NAND4BBX1 |  0.246 |   3.583 |    3.869 | 
     | uu_dtpath/uu_dec/FE_OFC842_rd1_w_26              |             | CLKBUFX2  |  0.000 |   3.583 |    3.869 | 
     | uu_dtpath/uu_dec/FE_OFC842_rd1_w_26              | A v -> Y v  | CLKBUFX2  |  0.189 |   3.772 |    4.058 | 
     | uu_dtpath/uu_dec/FE_OFC584_rd1_w_26              |             | BUFX2     |  0.000 |   3.772 |    4.058 | 
     | uu_dtpath/uu_dec/FE_OFC584_rd1_w_26              | A v -> Y v  | BUFX2     |  0.102 |   3.874 |    4.160 | 
     | uu_dtpath/uu_dec/g219                            |             | AND2X1    |  0.000 |   3.874 |    4.160 | 
     | uu_dtpath/uu_dec/g219                            | B v -> Y v  | AND2X1    |  0.078 |   3.952 |    4.238 | 
     | uu_dtpath/uu_dec/rd1_ff_reg[26]                  |             | DFFRX2    |  0.000 |   3.952 |    4.238 | 
     +----------------------------------------------------------------------------------------------------------+ 
     Clock Rise Edge                      0.000
     + Source Insertion Delay            -0.596
     = Beginpoint Arrival Time           -0.596
     Other End Path:
     +--------------------------------------------------------------------------------------------+ 
     |               Instance               |    Arc     |   Cell   | Retime | Arrival | Required | 
     |                                      |            |          |  Delay |  Time   |   Time   | 
     |--------------------------------------+------------+----------+--------+---------+----------| 
     |                                      | clk ^      |          |        |  -0.596 |   -0.882 | 
     | uu_dtpath/CTS_ccl_a_buf_00272        |            | CLKBUFX4 |  0.003 |  -0.593 |   -0.879 | 
     | uu_dtpath/CTS_ccl_a_buf_00272        | A ^ -> Y ^ | CLKBUFX4 |  0.091 |  -0.502 |   -0.788 | 
     | uu_dtpath/CTS_ccl_a_buf_00267        |            | CLKBUFX3 |  0.000 |  -0.502 |   -0.788 | 
     | uu_dtpath/CTS_ccl_a_buf_00267        | A ^ -> Y ^ | CLKBUFX3 |  0.101 |  -0.400 |   -0.687 | 
     | uu_dtpath/CTS_ccl_a_buf_00251        |            | BUFX2    |  0.000 |  -0.400 |   -0.687 | 
     | uu_dtpath/CTS_ccl_a_buf_00251        | A ^ -> Y ^ | BUFX2    |  0.095 |  -0.306 |   -0.592 | 
     | uu_dtpath/CTS_ccl_a_buf_00232        |            | CLKBUFX3 |  0.000 |  -0.306 |   -0.592 | 
     | uu_dtpath/CTS_ccl_a_buf_00232        | A ^ -> Y ^ | CLKBUFX3 |  0.079 |  -0.227 |   -0.513 | 
     | uu_dtpath/uu_dec/CTS_ccl_a_buf_00192 |            | CLKBUFX4 |  0.000 |  -0.227 |   -0.513 | 
     | uu_dtpath/uu_dec/CTS_ccl_a_buf_00192 | A ^ -> Y ^ | CLKBUFX4 |  0.105 |  -0.122 |   -0.409 | 
     | uu_dtpath/uu_dec/CTS_ccl_a_buf_00054 |            | CLKBUFX4 |  0.000 |  -0.122 |   -0.409 | 
     | uu_dtpath/uu_dec/CTS_ccl_a_buf_00054 | A ^ -> Y ^ | CLKBUFX4 |  0.111 |  -0.011 |   -0.297 | 
     | uu_dtpath/uu_dec/rd1_ff_reg[26]      |            | DFFRX2   |  0.000 |  -0.011 |   -0.297 | 
     +--------------------------------------------------------------------------------------------+ 
Path 47: MET Setup Check with Pin uu_dtpath/uu_dec/rd1_ff_reg[22]/CK 
Endpoint:   uu_dtpath/uu_dec/rd1_ff_reg[22]/D                (v) checked with  
leading edge of 'clk'
Beginpoint: uu_dtpath/uu_dec/uu_reg_file/reg_dt_reg[5][22]/Q (v) triggered by 
trailing edge of 'clk'
Path Groups: {clk}
Analysis View: setup
Retime Analysis { Data Path-Slew SI }
Other End Arrival Time         -0.011
- Setup                         0.041
+ Phase Shift                   4.400
- Uncertainty                   0.100
= Required Time                 4.248
- Arrival Time                  3.893
= Slack Time                    0.354
= Slack Time(original)          0.113
     Clock Fall Edge                      2.200
     + Source Insertion Delay            -0.598
     = Beginpoint Arrival Time            1.602
     Timing Path:
     +----------------------------------------------------------------------------------------------------------+ 
     |                     Instance                     |     Arc     |   Cell    | Retime | Arrival | Required | 
     |                                                  |             |           |  Delay |  Time   |   Time   | 
     |--------------------------------------------------+-------------+-----------+--------+---------+----------| 
     |                                                  | clk v       |           |        |   1.602 |    1.956 | 
     | uu_dtpath/uu_dec/g163                            |             | INVX2     |  0.002 |   1.604 |    1.958 | 
     | uu_dtpath/uu_dec/g163                            | A v -> Y ^  | INVX2     |  0.029 |   1.632 |    1.987 | 
     | uu_dtpath/uu_dec/uu_reg_file/CTS_ccl_a_buf_00273 |             | CLKBUFX3  |  0.000 |   1.632 |    1.987 | 
     | uu_dtpath/uu_dec/uu_reg_file/CTS_ccl_a_buf_00273 | A ^ -> Y ^  | CLKBUFX3  |  0.088 |   1.720 |    2.075 | 
     | uu_dtpath/uu_dec/uu_reg_file/CTS_ccl_a_buf_00270 |             | CLKBUFX4  |  0.000 |   1.720 |    2.075 | 
     | uu_dtpath/uu_dec/uu_reg_file/CTS_ccl_a_buf_00270 | A ^ -> Y ^  | CLKBUFX4  |  0.104 |   1.824 |    2.179 | 
     | uu_dtpath/uu_dec/uu_reg_file/CTS_ccl_a_buf_00257 |             | CLKBUFX4  |  0.000 |   1.824 |    2.179 | 
     | uu_dtpath/uu_dec/uu_reg_file/CTS_ccl_a_buf_00257 | A ^ -> Y ^  | CLKBUFX4  |  0.106 |   1.930 |    2.285 | 
     | uu_dtpath/uu_dec/uu_reg_file/CTS_ccl_a_buf_00245 |             | CLKBUFX3  |  0.000 |   1.930 |    2.285 | 
     | uu_dtpath/uu_dec/uu_reg_file/CTS_ccl_a_buf_00245 | A ^ -> Y ^  | CLKBUFX3  |  0.089 |   2.019 |    2.373 | 
     | uu_dtpath/uu_dec/uu_reg_file/CTS_ccl_a_buf_00223 |             | CLKBUFX3  |  0.000 |   2.019 |    2.373 | 
     | uu_dtpath/uu_dec/uu_reg_file/CTS_ccl_a_buf_00223 | A ^ -> Y ^  | CLKBUFX3  |  0.089 |   2.108 |    2.462 | 
     | uu_dtpath/uu_dec/uu_reg_file/CTS_ccl_a_buf_00161 |             | CLKBUFX4  |  0.000 |   2.108 |    2.462 | 
     | uu_dtpath/uu_dec/uu_reg_file/CTS_ccl_a_buf_00161 | A ^ -> Y ^  | CLKBUFX4  |  0.107 |   2.215 |    2.569 | 
     | uu_dtpath/uu_dec/uu_reg_file/reg_dt_reg[5][22]   |             | SDFFRHQX1 |  0.000 |   2.215 |    2.569 | 
     | uu_dtpath/uu_dec/uu_reg_file/reg_dt_reg[5][22]   | CK ^ -> Q v | SDFFRHQX1 |  0.257 |   2.472 |    2.826 | 
     | uu_dtpath/uu_dec/uu_reg_file/g4203__6783         |             | AOI22X1   |  0.000 |   2.472 |    2.826 | 
     | uu_dtpath/uu_dec/uu_reg_file/g4203__6783         | A0 v -> Y ^ | AOI22X1   |  0.131 |   2.603 |    2.957 | 
     | uu_dtpath/uu_dec/uu_reg_file/g3793__5115         |             | AND2X1    |  0.000 |   2.603 |    2.957 | 
     | uu_dtpath/uu_dec/uu_reg_file/g3793__5115         | B ^ -> Y ^  | AND2X1    |  0.177 |   2.780 |    3.134 | 
     | uu_dtpath/uu_dec/uu_reg_file/g3512__1881         |             | NAND2X1   |  0.000 |   2.780 |    3.134 | 
     | uu_dtpath/uu_dec/uu_reg_file/g3512__1881         | B ^ -> Y v  | NAND2X1   |  0.138 |   2.917 |    3.272 | 
     | uu_dtpath/uu_dec/uu_reg_file/g37168              |             | NAND4BX1  |  0.000 |   2.917 |    3.272 | 
     | uu_dtpath/uu_dec/uu_reg_file/g37168              | AN v -> Y v | NAND4BX1  |  0.285 |   3.202 |    3.556 | 
     | uu_dtpath/uu_dec/uu_reg_file/FE_OFC275_n_2839    |             | BUFX2     |  0.000 |   3.202 |    3.556 | 
     | uu_dtpath/uu_dec/uu_reg_file/FE_OFC275_n_2839    | A v -> Y v  | BUFX2     |  0.186 |   3.388 |    3.742 | 
     | uu_dtpath/uu_dec/uu_reg_file/g37137              |             | NAND4BBX1 |  0.000 |   3.388 |    3.742 | 
     | uu_dtpath/uu_dec/uu_reg_file/g37137              | AN v -> Y v | NAND4BBX1 |  0.208 |   3.596 |    3.950 | 
     | uu_dtpath/uu_dec/FE_OFC590_rd1_w_22              |             | BUFX2     |  0.000 |   3.596 |    3.950 | 
     | uu_dtpath/uu_dec/FE_OFC590_rd1_w_22              | A v -> Y v  | BUFX2     |  0.190 |   3.786 |    4.140 | 
     | uu_dtpath/uu_dec/g216                            |             | AND2X1    |  0.000 |   3.786 |    4.140 | 
     | uu_dtpath/uu_dec/g216                            | B v -> Y v  | AND2X1    |  0.107 |   3.893 |    4.248 | 
     | uu_dtpath/uu_dec/rd1_ff_reg[22]                  |             | DFFRHQX1  |  0.000 |   3.893 |    4.248 | 
     +----------------------------------------------------------------------------------------------------------+ 
     Clock Rise Edge                      0.000
     + Source Insertion Delay            -0.596
     = Beginpoint Arrival Time           -0.596
     Other End Path:
     +--------------------------------------------------------------------------------------------+ 
     |               Instance               |    Arc     |   Cell   | Retime | Arrival | Required | 
     |                                      |            |          |  Delay |  Time   |   Time   | 
     |--------------------------------------+------------+----------+--------+---------+----------| 
     |                                      | clk ^      |          |        |  -0.596 |   -0.950 | 
     | uu_dtpath/CTS_ccl_a_buf_00272        |            | CLKBUFX4 |  0.003 |  -0.593 |   -0.947 | 
     | uu_dtpath/CTS_ccl_a_buf_00272        | A ^ -> Y ^ | CLKBUFX4 |  0.091 |  -0.502 |   -0.856 | 
     | uu_dtpath/CTS_ccl_a_buf_00260        |            | CLKBUFX3 |  0.000 |  -0.502 |   -0.856 | 
     | uu_dtpath/CTS_ccl_a_buf_00260        | A ^ -> Y ^ | CLKBUFX3 |  0.100 |  -0.402 |   -0.756 | 
     | uu_dtpath/CTS_ccl_a_buf_00250        |            | CLKBUFX4 |  0.000 |  -0.402 |   -0.756 | 
     | uu_dtpath/CTS_ccl_a_buf_00250        | A ^ -> Y ^ | CLKBUFX4 |  0.106 |  -0.296 |   -0.650 | 
     | uu_dtpath/uu_dec/CTS_ccl_a_buf_00230 |            | CLKBUFX3 |  0.000 |  -0.296 |   -0.650 | 
     | uu_dtpath/uu_dec/CTS_ccl_a_buf_00230 | A ^ -> Y ^ | CLKBUFX3 |  0.093 |  -0.202 |   -0.556 | 
     | uu_dtpath/uu_dec/CTS_ccl_a_buf_00190 |            | CLKBUFX3 |  0.000 |  -0.202 |   -0.556 | 
     | uu_dtpath/uu_dec/CTS_ccl_a_buf_00190 | A ^ -> Y ^ | CLKBUFX3 |  0.088 |  -0.114 |   -0.468 | 
     | uu_dtpath/uu_dec/CTS_ccl_a_buf_00061 |            | CLKBUFX4 |  0.000 |  -0.114 |   -0.468 | 
     | uu_dtpath/uu_dec/CTS_ccl_a_buf_00061 | A ^ -> Y ^ | CLKBUFX4 |  0.102 |  -0.011 |   -0.366 | 
     | uu_dtpath/uu_dec/rd1_ff_reg[22]      |            | DFFRHQX1 |  0.000 |  -0.011 |   -0.366 | 
     +--------------------------------------------------------------------------------------------+ 
Path 48: MET Setup Check with Pin uu_dtpath/uu_dec/immExt_ff_reg[19]/CK 
Endpoint:   uu_dtpath/uu_dec/immExt_ff_reg[19]/D (^) checked with  leading edge 
of 'clk'
Beginpoint: uu_dtpath/uu_dec/o_aluSrc_reg/Q      (^) triggered by  leading edge 
of 'clk'
Path Groups: {clk}
Analysis View: setup
Retime Analysis { Data Path-Slew SI }
Other End Arrival Time         -0.011
- Setup                         0.156
+ Phase Shift                   4.400
- Uncertainty                   0.100
= Required Time                 4.133
- Arrival Time                  4.063
= Slack Time                    0.070
= Slack Time(original)          0.113
     Clock Rise Edge                      0.000
     + Source Insertion Delay            -0.596
     = Beginpoint Arrival Time           -0.596
     Timing Path:
     +---------------------------------------------------------------------------------------------------------+ 
     |                    Instance                     |     Arc     |   Cell    | Retime | Arrival | Required | 
     |                                                 |             |           |  Delay |  Time   |   Time   | 
     |-------------------------------------------------+-------------+-----------+--------+---------+----------| 
     |                                                 | clk ^       |           |        |  -0.596 |   -0.526 | 
     | uu_dtpath/CTS_ccl_a_buf_00272                   |             | CLKBUFX4  |  0.003 |  -0.593 |   -0.523 | 
     | uu_dtpath/CTS_ccl_a_buf_00272                   | A ^ -> Y ^  | CLKBUFX4  |  0.091 |  -0.502 |   -0.431 | 
     | uu_dtpath/CTS_ccl_a_buf_00267                   |             | CLKBUFX3  |  0.000 |  -0.502 |   -0.431 | 
     | uu_dtpath/CTS_ccl_a_buf_00267                   | A ^ -> Y ^  | CLKBUFX3  |  0.101 |  -0.400 |   -0.330 | 
     | uu_dtpath/CTS_ccl_a_buf_00251                   |             | BUFX2     |  0.000 |  -0.400 |   -0.330 | 
     | uu_dtpath/CTS_ccl_a_buf_00251                   | A ^ -> Y ^  | BUFX2     |  0.095 |  -0.306 |   -0.235 | 
     | uu_dtpath/CTS_ccl_a_buf_00232                   |             | CLKBUFX3  |  0.000 |  -0.306 |   -0.235 | 
     | uu_dtpath/CTS_ccl_a_buf_00232                   | A ^ -> Y ^  | CLKBUFX3  |  0.079 |  -0.227 |   -0.157 | 
     | uu_dtpath/uu_dec/CTS_ccl_a_buf_00192            |             | CLKBUFX4  |  0.000 |  -0.227 |   -0.157 | 
     | uu_dtpath/uu_dec/CTS_ccl_a_buf_00192            | A ^ -> Y ^  | CLKBUFX4  |  0.105 |  -0.122 |   -0.052 | 
     | uu_dtpath/uu_dec/CTS_ccl_a_buf_00055            |             | CLKBUFX4  |  0.000 |  -0.122 |   -0.052 | 
     | uu_dtpath/uu_dec/CTS_ccl_a_buf_00055            | A ^ -> Y ^  | CLKBUFX4  |  0.111 |  -0.011 |    0.059 | 
     | uu_dtpath/uu_dec/o_aluSrc_reg                   |             | DFFRHQX4  |  0.000 |  -0.011 |    0.059 | 
     | uu_dtpath/uu_dec/o_aluSrc_reg                   | CK ^ -> Q ^ | DFFRHQX4  |  0.293 |   0.282 |    0.352 | 
     | uu_dtpath/uu_exec/FE_OFC71_aluSrc               |             | INVX3     |  0.000 |   0.282 |    0.352 | 
     | uu_dtpath/uu_exec/FE_OFC71_aluSrc               | A ^ -> Y v  | INVX3     |  0.078 |   0.360 |    0.430 | 
     | uu_dtpath/uu_exec/FE_OFC740_aluSrc              |             | CLKINVX20 |  0.000 |   0.360 |    0.430 | 
     | uu_dtpath/uu_exec/FE_OFC740_aluSrc              | A v -> Y ^  | CLKINVX20 |  0.086 |   0.445 |    0.515 | 
     | uu_dtpath/uu_exec/g767                          |             | NAND2X2   |  0.003 |   0.448 |    0.519 | 
     | uu_dtpath/uu_exec/g767                          | B ^ -> Y v  | NAND2X2   |  0.141 |   0.589 |    0.659 | 
     | uu_dtpath/uu_exec/g739                          |             | NAND2X2   |  0.000 |   0.589 |    0.659 | 
     | uu_dtpath/uu_exec/g739                          | A v -> Y ^  | NAND2X2   |  0.105 |   0.694 |    0.764 | 
     | uu_dtpath/uu_exec/uu_alu/FE_OFC349_alu_srcB_w_0 |             | INVX3     |  0.000 |   0.694 |    0.764 | 
     | uu_dtpath/uu_exec/uu_alu/FE_OFC349_alu_srcB_w_0 | A ^ -> Y v  | INVX3     |  0.060 |   0.754 |    0.824 | 
     | uu_dtpath/uu_exec/uu_alu/FE_OFC351_alu_srcB_w_0 |             | INVX6     |  0.000 |   0.754 |    0.824 | 
     | uu_dtpath/uu_exec/uu_alu/FE_OFC351_alu_srcB_w_0 | A v -> Y ^  | INVX6     |  0.058 |   0.812 |    0.883 | 
     | uu_dtpath/uu_exec/uu_alu/FE_OFC355_alu_srcB_w_0 |             | CLKBUFX20 |  0.000 |   0.812 |    0.883 | 
     | uu_dtpath/uu_exec/uu_alu/FE_OFC355_alu_srcB_w_0 | A ^ -> Y ^  | CLKBUFX20 |  0.142 |   0.955 |    1.025 | 
     | uu_dtpath/uu_exec/uu_alu/g2227                  |             | CLKINVX16 |  0.001 |   0.956 |    1.026 | 
     | uu_dtpath/uu_exec/uu_alu/g2227                  | A ^ -> Y v  | CLKINVX16 |  0.073 |   1.028 |    1.099 | 
     | uu_dtpath/uu_exec/uu_alu/sll_22_38_g2858        |             | AOI22X1   |  0.000 |   1.029 |    1.099 | 
     | uu_dtpath/uu_exec/uu_alu/sll_22_38_g2858        | A1 v -> Y ^ | AOI22X1   |  0.144 |   1.172 |    1.243 | 
     | uu_dtpath/uu_exec/uu_alu/sll_22_38_g2840        |             | MX2X1     |  0.000 |   1.172 |    1.243 | 
     | uu_dtpath/uu_exec/uu_alu/sll_22_38_g2840        | A ^ -> Y ^  | MX2X1     |  0.231 |   1.403 |    1.474 | 
     | uu_dtpath/uu_exec/uu_alu/sll_22_38_g2794        |             | MXI2X2    |  0.000 |   1.403 |    1.474 | 
     | uu_dtpath/uu_exec/uu_alu/sll_22_38_g2794        | A ^ -> Y v  | MXI2X2    |  0.223 |   1.627 |    1.697 | 
     | uu_dtpath/uu_exec/uu_alu/sll_22_38_g2731        |             | AOI221X1  |  0.000 |   1.627 |    1.697 | 
     | uu_dtpath/uu_exec/uu_alu/sll_22_38_g2731        | A1 v -> Y ^ | AOI221X1  |  0.214 |   1.840 |    1.911 | 
     | uu_dtpath/uu_exec/uu_alu/sll_22_38_g2719        |             | OAI2BB1X1 |  0.000 |   1.840 |    1.911 | 
     | uu_dtpath/uu_exec/uu_alu/sll_22_38_g2719        | B0 ^ -> Y v | OAI2BB1X1 |  0.243 |   2.084 |    2.154 | 
     | uu_dtpath/uu_exec/uu_alu/g4448                  |             | AOI221XL  |  0.000 |   2.084 |    2.154 | 
     | uu_dtpath/uu_exec/uu_alu/g4448                  | B0 v -> Y ^ | AOI221XL  |  0.264 |   2.347 |    2.418 | 
     | uu_dtpath/uu_exec/uu_alu/FE_OFC797_n_255        |             | CLKBUFX8  |  0.000 |   2.347 |    2.418 | 
     | uu_dtpath/uu_exec/uu_alu/FE_OFC797_n_255        | A ^ -> Y ^  | CLKBUFX8  |  0.193 |   2.541 |    2.611 | 
     | uu_dtpath/uu_exec/uu_alu/FE_OFC630_n_255        |             | BUFX2     |  0.000 |   2.541 |    2.611 | 
     | uu_dtpath/uu_exec/uu_alu/FE_OFC630_n_255        | A ^ -> Y ^  | BUFX2     |  0.089 |   2.629 |    2.700 | 
     | uu_dtpath/uu_exec/uu_alu/g4427                  |             | OAI2BB1X2 |  0.000 |   2.629 |    2.700 | 
     | uu_dtpath/uu_exec/uu_alu/g4427                  | B0 ^ -> Y v | OAI2BB1X2 |  0.085 |   2.714 |    2.784 | 
     | uu_dtpath/uu_exec/uu_alu/g4810                  |             | OR4X1     |  0.000 |   2.714 |    2.784 | 
     | uu_dtpath/uu_exec/uu_alu/g4810                  | C v -> Y v  | OR4X1     |  0.278 |   2.992 |    3.063 | 
     | uu_dtpath/uu_exec/uu_alu/FE_RC_2_0              |             | INVXL     |  0.000 |   2.992 |    3.063 | 
     | uu_dtpath/uu_exec/uu_alu/FE_RC_2_0              | A v -> Y ^  | INVXL     |  0.037 |   3.029 |    3.099 | 
     | uu_dtpath/uu_exec/uu_alu/FE_RC_1_0              |             | NAND2BX1  |  0.000 |   3.029 |    3.099 | 
     | uu_dtpath/uu_exec/uu_alu/FE_RC_1_0              | B ^ -> Y v  | NAND2BX1  |  0.112 |   3.141 |    3.212 | 
     | uu_dtpath/uu_exec/uu_alu/FE_RC_0_0              |             | NOR3X4    |  0.000 |   3.141 |    3.212 | 
     | uu_dtpath/uu_exec/uu_alu/FE_RC_0_0              | B v -> Y ^  | NOR3X4    |  0.140 |   3.281 |    3.351 | 
     | uu_dtpath/uu_exec/g789                          |             | XOR2X4    |  0.000 |   3.281 |    3.351 | 
     | uu_dtpath/uu_exec/g789                          | B ^ -> Y ^  | XOR2X4    |  0.228 |   3.509 |    3.579 | 
     | uu_dtpath/uu_exec/g458                          |             | OAI21X4   |  0.000 |   3.509 |    3.579 | 
     | uu_dtpath/uu_exec/g458                          | A1 ^ -> Y v | OAI21X4   |  0.100 |   3.609 |    3.679 | 
     | uu_dtpath/FE_OFC608_pc_src                      |             | CLKBUFX20 |  0.000 |   3.609 |    3.679 | 
     | uu_dtpath/FE_OFC608_pc_src                      | A v -> Y v  | CLKBUFX20 |  0.131 |   3.740 |    3.810 | 
     | uu_dtpath/uu_dec/FE_OFC615_pc_src               |             | BUFX4     |  0.000 |   3.740 |    3.811 | 
     | uu_dtpath/uu_dec/FE_OFC615_pc_src               | A v -> Y v  | BUFX4     |  0.177 |   3.918 |    3.988 | 
     | uu_dtpath/uu_dec/g190                           |             | NOR2BX1   |  0.000 |   3.918 |    3.988 | 
     | uu_dtpath/uu_dec/g190                           | B v -> Y ^  | NOR2BX1   |  0.145 |   4.063 |    4.133 | 
     | uu_dtpath/uu_dec/immExt_ff_reg[19]              |             | DFFRHQX1  |  0.000 |   4.063 |    4.133 | 
     +---------------------------------------------------------------------------------------------------------+ 
     Clock Rise Edge                      0.000
     + Source Insertion Delay            -0.596
     = Beginpoint Arrival Time           -0.596
     Other End Path:
     +--------------------------------------------------------------------------------------------+ 
     |               Instance               |    Arc     |   Cell   | Retime | Arrival | Required | 
     |                                      |            |          |  Delay |  Time   |   Time   | 
     |--------------------------------------+------------+----------+--------+---------+----------| 
     |                                      | clk ^      |          |        |  -0.596 |   -0.666 | 
     | uu_dtpath/CTS_ccl_a_buf_00272        |            | CLKBUFX4 |  0.003 |  -0.593 |   -0.663 | 
     | uu_dtpath/CTS_ccl_a_buf_00272        | A ^ -> Y ^ | CLKBUFX4 |  0.091 |  -0.502 |   -0.572 | 
     | uu_dtpath/CTS_ccl_a_buf_00267        |            | CLKBUFX3 |  0.000 |  -0.502 |   -0.572 | 
     | uu_dtpath/CTS_ccl_a_buf_00267        | A ^ -> Y ^ | CLKBUFX3 |  0.101 |  -0.400 |   -0.470 | 
     | uu_dtpath/CTS_ccl_a_buf_00251        |            | BUFX2    |  0.000 |  -0.400 |   -0.470 | 
     | uu_dtpath/CTS_ccl_a_buf_00251        | A ^ -> Y ^ | BUFX2    |  0.095 |  -0.306 |   -0.376 | 
     | uu_dtpath/CTS_ccl_a_buf_00232        |            | CLKBUFX3 |  0.000 |  -0.306 |   -0.376 | 
     | uu_dtpath/CTS_ccl_a_buf_00232        | A ^ -> Y ^ | CLKBUFX3 |  0.079 |  -0.227 |   -0.297 | 
     | uu_dtpath/uu_dec/CTS_ccl_a_buf_00192 |            | CLKBUFX4 |  0.000 |  -0.227 |   -0.297 | 
     | uu_dtpath/uu_dec/CTS_ccl_a_buf_00192 | A ^ -> Y ^ | CLKBUFX4 |  0.105 |  -0.122 |   -0.193 | 
     | uu_dtpath/uu_dec/CTS_ccl_a_buf_00054 |            | CLKBUFX4 |  0.000 |  -0.122 |   -0.193 | 
     | uu_dtpath/uu_dec/CTS_ccl_a_buf_00054 | A ^ -> Y ^ | CLKBUFX4 |  0.111 |  -0.011 |   -0.081 | 
     | uu_dtpath/uu_dec/immExt_ff_reg[19]   |            | DFFRHQX1 |  0.000 |  -0.011 |   -0.081 | 
     +--------------------------------------------------------------------------------------------+ 
Path 49: MET Setup Check with Pin uu_dtpath/uu_dec/o_pc_reg[30]/CK 
Endpoint:   uu_dtpath/uu_dec/o_pc_reg[30]/D (^) checked with  leading edge of 
'clk'
Beginpoint: uu_dtpath/uu_dec/o_aluSrc_reg/Q (^) triggered by  leading edge of 
'clk'
Path Groups: {clk}
Analysis View: setup
Retime Analysis { Data Path-Slew SI }
Other End Arrival Time         -0.013
- Setup                         0.157
+ Phase Shift                   4.400
- Uncertainty                   0.100
= Required Time                 4.130
- Arrival Time                  4.058
= Slack Time                    0.072
= Slack Time(original)          0.114
     Clock Rise Edge                      0.000
     + Source Insertion Delay            -0.596
     = Beginpoint Arrival Time           -0.596
     Timing Path:
     +---------------------------------------------------------------------------------------------------------+ 
     |                    Instance                     |     Arc     |   Cell    | Retime | Arrival | Required | 
     |                                                 |             |           |  Delay |  Time   |   Time   | 
     |-------------------------------------------------+-------------+-----------+--------+---------+----------| 
     |                                                 | clk ^       |           |        |  -0.596 |   -0.524 | 
     | uu_dtpath/CTS_ccl_a_buf_00272                   |             | CLKBUFX4  |  0.003 |  -0.593 |   -0.521 | 
     | uu_dtpath/CTS_ccl_a_buf_00272                   | A ^ -> Y ^  | CLKBUFX4  |  0.091 |  -0.502 |   -0.430 | 
     | uu_dtpath/CTS_ccl_a_buf_00267                   |             | CLKBUFX3  |  0.000 |  -0.502 |   -0.430 | 
     | uu_dtpath/CTS_ccl_a_buf_00267                   | A ^ -> Y ^  | CLKBUFX3  |  0.101 |  -0.400 |   -0.328 | 
     | uu_dtpath/CTS_ccl_a_buf_00251                   |             | BUFX2     |  0.000 |  -0.400 |   -0.328 | 
     | uu_dtpath/CTS_ccl_a_buf_00251                   | A ^ -> Y ^  | BUFX2     |  0.095 |  -0.306 |   -0.234 | 
     | uu_dtpath/CTS_ccl_a_buf_00232                   |             | CLKBUFX3  |  0.000 |  -0.306 |   -0.234 | 
     | uu_dtpath/CTS_ccl_a_buf_00232                   | A ^ -> Y ^  | CLKBUFX3  |  0.079 |  -0.227 |   -0.155 | 
     | uu_dtpath/uu_dec/CTS_ccl_a_buf_00192            |             | CLKBUFX4  |  0.000 |  -0.227 |   -0.155 | 
     | uu_dtpath/uu_dec/CTS_ccl_a_buf_00192            | A ^ -> Y ^  | CLKBUFX4  |  0.105 |  -0.122 |   -0.050 | 
     | uu_dtpath/uu_dec/CTS_ccl_a_buf_00055            |             | CLKBUFX4  |  0.000 |  -0.122 |   -0.050 | 
     | uu_dtpath/uu_dec/CTS_ccl_a_buf_00055            | A ^ -> Y ^  | CLKBUFX4  |  0.111 |  -0.011 |    0.061 | 
     | uu_dtpath/uu_dec/o_aluSrc_reg                   |             | DFFRHQX4  |  0.000 |  -0.011 |    0.061 | 
     | uu_dtpath/uu_dec/o_aluSrc_reg                   | CK ^ -> Q ^ | DFFRHQX4  |  0.293 |   0.282 |    0.354 | 
     | uu_dtpath/uu_exec/FE_OFC71_aluSrc               |             | INVX3     |  0.000 |   0.282 |    0.354 | 
     | uu_dtpath/uu_exec/FE_OFC71_aluSrc               | A ^ -> Y v  | INVX3     |  0.078 |   0.360 |    0.432 | 
     | uu_dtpath/uu_exec/FE_OFC740_aluSrc              |             | CLKINVX20 |  0.000 |   0.360 |    0.432 | 
     | uu_dtpath/uu_exec/FE_OFC740_aluSrc              | A v -> Y ^  | CLKINVX20 |  0.086 |   0.445 |    0.517 | 
     | uu_dtpath/uu_exec/g767                          |             | NAND2X2   |  0.003 |   0.448 |    0.520 | 
     | uu_dtpath/uu_exec/g767                          | B ^ -> Y v  | NAND2X2   |  0.141 |   0.589 |    0.661 | 
     | uu_dtpath/uu_exec/g739                          |             | NAND2X2   |  0.000 |   0.589 |    0.661 | 
     | uu_dtpath/uu_exec/g739                          | A v -> Y ^  | NAND2X2   |  0.105 |   0.694 |    0.766 | 
     | uu_dtpath/uu_exec/uu_alu/FE_OFC349_alu_srcB_w_0 |             | INVX3     |  0.000 |   0.694 |    0.766 | 
     | uu_dtpath/uu_exec/uu_alu/FE_OFC349_alu_srcB_w_0 | A ^ -> Y v  | INVX3     |  0.060 |   0.754 |    0.826 | 
     | uu_dtpath/uu_exec/uu_alu/FE_OFC351_alu_srcB_w_0 |             | INVX6     |  0.000 |   0.754 |    0.826 | 
     | uu_dtpath/uu_exec/uu_alu/FE_OFC351_alu_srcB_w_0 | A v -> Y ^  | INVX6     |  0.058 |   0.812 |    0.884 | 
     | uu_dtpath/uu_exec/uu_alu/FE_OFC355_alu_srcB_w_0 |             | CLKBUFX20 |  0.000 |   0.812 |    0.884 | 
     | uu_dtpath/uu_exec/uu_alu/FE_OFC355_alu_srcB_w_0 | A ^ -> Y ^  | CLKBUFX20 |  0.142 |   0.955 |    1.027 | 
     | uu_dtpath/uu_exec/uu_alu/g2227                  |             | CLKINVX16 |  0.001 |   0.956 |    1.028 | 
     | uu_dtpath/uu_exec/uu_alu/g2227                  | A ^ -> Y v  | CLKINVX16 |  0.073 |   1.028 |    1.100 | 
     | uu_dtpath/uu_exec/uu_alu/sll_22_38_g2858        |             | AOI22X1   |  0.000 |   1.029 |    1.101 | 
     | uu_dtpath/uu_exec/uu_alu/sll_22_38_g2858        | A1 v -> Y ^ | AOI22X1   |  0.144 |   1.172 |    1.244 | 
     | uu_dtpath/uu_exec/uu_alu/sll_22_38_g2840        |             | MX2X1     |  0.000 |   1.172 |    1.244 | 
     | uu_dtpath/uu_exec/uu_alu/sll_22_38_g2840        | A ^ -> Y ^  | MX2X1     |  0.231 |   1.403 |    1.475 | 
     | uu_dtpath/uu_exec/uu_alu/sll_22_38_g2794        |             | MXI2X2    |  0.000 |   1.403 |    1.475 | 
     | uu_dtpath/uu_exec/uu_alu/sll_22_38_g2794        | A ^ -> Y v  | MXI2X2    |  0.223 |   1.627 |    1.699 | 
     | uu_dtpath/uu_exec/uu_alu/sll_22_38_g2731        |             | AOI221X1  |  0.000 |   1.627 |    1.699 | 
     | uu_dtpath/uu_exec/uu_alu/sll_22_38_g2731        | A1 v -> Y ^ | AOI221X1  |  0.214 |   1.840 |    1.912 | 
     | uu_dtpath/uu_exec/uu_alu/sll_22_38_g2719        |             | OAI2BB1X1 |  0.000 |   1.840 |    1.912 | 
     | uu_dtpath/uu_exec/uu_alu/sll_22_38_g2719        | B0 ^ -> Y v | OAI2BB1X1 |  0.243 |   2.084 |    2.156 | 
     | uu_dtpath/uu_exec/uu_alu/g4448                  |             | AOI221XL  |  0.000 |   2.084 |    2.156 | 
     | uu_dtpath/uu_exec/uu_alu/g4448                  | B0 v -> Y ^ | AOI221XL  |  0.264 |   2.347 |    2.419 | 
     | uu_dtpath/uu_exec/uu_alu/FE_OFC797_n_255        |             | CLKBUFX8  |  0.000 |   2.347 |    2.419 | 
     | uu_dtpath/uu_exec/uu_alu/FE_OFC797_n_255        | A ^ -> Y ^  | CLKBUFX8  |  0.193 |   2.541 |    2.613 | 
     | uu_dtpath/uu_exec/uu_alu/FE_OFC630_n_255        |             | BUFX2     |  0.000 |   2.541 |    2.613 | 
     | uu_dtpath/uu_exec/uu_alu/FE_OFC630_n_255        | A ^ -> Y ^  | BUFX2     |  0.089 |   2.629 |    2.701 | 
     | uu_dtpath/uu_exec/uu_alu/g4427                  |             | OAI2BB1X2 |  0.000 |   2.629 |    2.701 | 
     | uu_dtpath/uu_exec/uu_alu/g4427                  | B0 ^ -> Y v | OAI2BB1X2 |  0.085 |   2.714 |    2.786 | 
     | uu_dtpath/uu_exec/uu_alu/g4810                  |             | OR4X1     |  0.000 |   2.714 |    2.786 | 
     | uu_dtpath/uu_exec/uu_alu/g4810                  | C v -> Y v  | OR4X1     |  0.278 |   2.992 |    3.064 | 
     | uu_dtpath/uu_exec/uu_alu/FE_RC_2_0              |             | INVXL     |  0.000 |   2.992 |    3.064 | 
     | uu_dtpath/uu_exec/uu_alu/FE_RC_2_0              | A v -> Y ^  | INVXL     |  0.037 |   3.029 |    3.101 | 
     | uu_dtpath/uu_exec/uu_alu/FE_RC_1_0              |             | NAND2BX1  |  0.000 |   3.029 |    3.101 | 
     | uu_dtpath/uu_exec/uu_alu/FE_RC_1_0              | B ^ -> Y v  | NAND2BX1  |  0.112 |   3.141 |    3.213 | 
     | uu_dtpath/uu_exec/uu_alu/FE_RC_0_0              |             | NOR3X4    |  0.000 |   3.141 |    3.213 | 
     | uu_dtpath/uu_exec/uu_alu/FE_RC_0_0              | B v -> Y ^  | NOR3X4    |  0.140 |   3.281 |    3.353 | 
     | uu_dtpath/uu_exec/g789                          |             | XOR2X4    |  0.000 |   3.281 |    3.353 | 
     | uu_dtpath/uu_exec/g789                          | B ^ -> Y ^  | XOR2X4    |  0.228 |   3.509 |    3.581 | 
     | uu_dtpath/uu_exec/g458                          |             | OAI21X4   |  0.000 |   3.509 |    3.581 | 
     | uu_dtpath/uu_exec/g458                          | A1 ^ -> Y v | OAI21X4   |  0.100 |   3.609 |    3.681 | 
     | uu_dtpath/FE_OFC608_pc_src                      |             | CLKBUFX20 |  0.000 |   3.609 |    3.681 | 
     | uu_dtpath/FE_OFC608_pc_src                      | A v -> Y v  | CLKBUFX20 |  0.131 |   3.740 |    3.812 | 
     | uu_dtpath/FE_OFC619_pc_src                      |             | BUFX12    |  0.001 |   3.741 |    3.813 | 
     | uu_dtpath/FE_OFC619_pc_src                      | A v -> Y v  | BUFX12    |  0.170 |   3.912 |    3.984 | 
     | uu_dtpath/uu_dec/g99                            |             | NOR2BX1   |  0.002 |   3.913 |    3.985 | 
     | uu_dtpath/uu_dec/g99                            | B v -> Y ^  | NOR2BX1   |  0.145 |   4.058 |    4.130 | 
     | uu_dtpath/uu_dec/o_pc_reg[30]                   |             | DFFRHQX1  |  0.000 |   4.058 |    4.130 | 
     +---------------------------------------------------------------------------------------------------------+ 
     Clock Rise Edge                      0.000
     + Source Insertion Delay            -0.596
     = Beginpoint Arrival Time           -0.596
     Other End Path:
     +--------------------------------------------------------------------------------------------+ 
     |               Instance               |    Arc     |   Cell   | Retime | Arrival | Required | 
     |                                      |            |          |  Delay |  Time   |   Time   | 
     |--------------------------------------+------------+----------+--------+---------+----------| 
     |                                      | clk ^      |          |        |  -0.596 |   -0.668 | 
     | uu_dtpath/CTS_ccl_a_buf_00272        |            | CLKBUFX4 |  0.003 |  -0.593 |   -0.665 | 
     | uu_dtpath/CTS_ccl_a_buf_00272        | A ^ -> Y ^ | CLKBUFX4 |  0.091 |  -0.502 |   -0.574 | 
     | uu_dtpath/CTS_ccl_a_buf_00267        |            | CLKBUFX3 |  0.000 |  -0.502 |   -0.574 | 
     | uu_dtpath/CTS_ccl_a_buf_00267        | A ^ -> Y ^ | CLKBUFX3 |  0.101 |  -0.400 |   -0.472 | 
     | uu_dtpath/CTS_ccl_a_buf_00251        |            | BUFX2    |  0.000 |  -0.400 |   -0.472 | 
     | uu_dtpath/CTS_ccl_a_buf_00251        | A ^ -> Y ^ | BUFX2    |  0.095 |  -0.306 |   -0.378 | 
     | uu_dtpath/CTS_ccl_a_buf_00232        |            | CLKBUFX3 |  0.000 |  -0.306 |   -0.378 | 
     | uu_dtpath/CTS_ccl_a_buf_00232        | A ^ -> Y ^ | CLKBUFX3 |  0.079 |  -0.227 |   -0.299 | 
     | uu_dtpath/uu_dec/CTS_ccl_a_buf_00192 |            | CLKBUFX4 |  0.000 |  -0.227 |   -0.299 | 
     | uu_dtpath/uu_dec/CTS_ccl_a_buf_00192 | A ^ -> Y ^ | CLKBUFX4 |  0.105 |  -0.122 |   -0.194 | 
     | uu_dtpath/uu_dec/CTS_ccl_a_buf_00065 |            | CLKBUFX4 |  0.000 |  -0.122 |   -0.194 | 
     | uu_dtpath/uu_dec/CTS_ccl_a_buf_00065 | A ^ -> Y ^ | CLKBUFX4 |  0.109 |  -0.013 |   -0.085 | 
     | uu_dtpath/uu_dec/o_pc_reg[30]        |            | DFFRHQX1 |  0.000 |  -0.013 |   -0.085 | 
     +--------------------------------------------------------------------------------------------+ 
Path 50: MET Setup Check with Pin uu_dtpath/uu_dec/rd2_ff_reg[18]/CK 
Endpoint:   uu_dtpath/uu_dec/rd2_ff_reg[18]/D                (v) checked with  
leading edge of 'clk'
Beginpoint: uu_dtpath/uu_dec/uu_reg_file/reg_dt_reg[2][18]/Q (v) triggered by 
trailing edge of 'clk'
Path Groups: {clk}
Analysis View: setup
Retime Analysis { Data Path-Slew SI }
Other End Arrival Time         -0.012
- Setup                         0.042
+ Phase Shift                   4.400
- Uncertainty                   0.100
= Required Time                 4.246
- Arrival Time                  4.120
= Slack Time                    0.126
= Slack Time(original)          0.115
     Clock Fall Edge                      2.200
     + Source Insertion Delay            -0.598
     = Beginpoint Arrival Time            1.602
     Timing Path:
     +----------------------------------------------------------------------------------------------------------+ 
     |                     Instance                     |     Arc     |   Cell    | Retime | Arrival | Required | 
     |                                                  |             |           |  Delay |  Time   |   Time   | 
     |--------------------------------------------------+-------------+-----------+--------+---------+----------| 
     |                                                  | clk v       |           |        |   1.602 |    1.728 | 
     | uu_dtpath/uu_dec/g163                            |             | INVX2     |  0.002 |   1.604 |    1.730 | 
     | uu_dtpath/uu_dec/g163                            | A v -> Y ^  | INVX2     |  0.029 |   1.632 |    1.759 | 
     | uu_dtpath/uu_dec/uu_reg_file/CTS_ccl_a_buf_00274 |             | CLKBUFX4  |  0.000 |   1.632 |    1.759 | 
     | uu_dtpath/uu_dec/uu_reg_file/CTS_ccl_a_buf_00274 | A ^ -> Y ^  | CLKBUFX4  |  0.100 |   1.733 |    1.859 | 
     | uu_dtpath/uu_dec/uu_reg_file/CTS_cfo_buf_00284   |             | BUFX2     |  0.000 |   1.733 |    1.859 | 
     | uu_dtpath/uu_dec/uu_reg_file/CTS_cfo_buf_00284   | A ^ -> Y ^  | BUFX2     |  0.101 |   1.834 |    1.960 | 
     | uu_dtpath/uu_dec/uu_reg_file/CTS_ccl_a_buf_00258 |             | BUFX2     |  0.000 |   1.834 |    1.960 | 
     | uu_dtpath/uu_dec/uu_reg_file/CTS_ccl_a_buf_00258 | A ^ -> Y ^  | BUFX2     |  0.101 |   1.935 |    2.061 | 
     | uu_dtpath/uu_dec/uu_reg_file/CTS_ccl_a_buf_00246 |             | CLKBUFX3  |  0.000 |   1.935 |    2.061 | 
     | uu_dtpath/uu_dec/uu_reg_file/CTS_ccl_a_buf_00246 | A ^ -> Y ^  | CLKBUFX3  |  0.090 |   2.026 |    2.152 | 
     | uu_dtpath/uu_dec/uu_reg_file/CTS_ccl_a_buf_00221 |             | CLKBUFX4  |  0.000 |   2.026 |    2.152 | 
     | uu_dtpath/uu_dec/uu_reg_file/CTS_ccl_a_buf_00221 | A ^ -> Y ^  | CLKBUFX4  |  0.099 |   2.125 |    2.251 | 
     | uu_dtpath/uu_dec/uu_reg_file/CTS_ccl_a_buf_00171 |             | CLKBUFX4  |  0.000 |   2.125 |    2.251 | 
     | uu_dtpath/uu_dec/uu_reg_file/CTS_ccl_a_buf_00171 | A ^ -> Y ^  | CLKBUFX4  |  0.109 |   2.234 |    2.360 | 
     | uu_dtpath/uu_dec/uu_reg_file/reg_dt_reg[2][18]   |             | SDFFRHQX1 |  0.000 |   2.234 |    2.360 | 
     | uu_dtpath/uu_dec/uu_reg_file/reg_dt_reg[2][18]   | CK ^ -> Q v | SDFFRHQX1 |  0.255 |   2.489 |    2.616 | 
     | uu_dtpath/uu_dec/uu_reg_file/g3850               |             | AOI222X1  |  0.000 |   2.489 |    2.616 | 
     | uu_dtpath/uu_dec/uu_reg_file/g3850               | A0 v -> Y ^ | AOI222X1  |  0.204 |   2.693 |    2.819 | 
     | uu_dtpath/uu_dec/uu_reg_file/g3498               |             | NAND2X1   |  0.000 |   2.693 |    2.819 | 
     | uu_dtpath/uu_dec/uu_reg_file/g3498               | A ^ -> Y v  | NAND2X1   |  0.207 |   2.901 |    3.027 | 
     | uu_dtpath/uu_dec/uu_reg_file/g37248              |             | NAND4BX1  |  0.000 |   2.901 |    3.027 | 
     | uu_dtpath/uu_dec/uu_reg_file/g37248              | AN v -> Y v | NAND4BX1  |  0.286 |   3.187 |    3.313 | 
     | uu_dtpath/uu_dec/uu_reg_file/FE_OFC148_n_2919    |             | BUFX2     |  0.000 |   3.187 |    3.313 | 
     | uu_dtpath/uu_dec/uu_reg_file/FE_OFC148_n_2919    | A v -> Y v  | BUFX2     |  0.198 |   3.385 |    3.511 | 
     | uu_dtpath/uu_dec/uu_reg_file/g37216              |             | NAND4BBX1 |  0.000 |   3.385 |    3.511 | 
     | uu_dtpath/uu_dec/uu_reg_file/g37216              | AN v -> Y v | NAND4BBX1 |  0.307 |   3.691 |    3.817 | 
     | uu_dtpath/uu_dec/FE_OFC764_rd2_w_18              |             | CLKBUFX2  |  0.000 |   3.691 |    3.817 | 
     | uu_dtpath/uu_dec/FE_OFC764_rd2_w_18              | A v -> Y v  | CLKBUFX2  |  0.237 |   3.928 |    4.055 | 
     | uu_dtpath/uu_dec/FE_OFC676_rd2_w_18              |             | BUFX2     |  0.000 |   3.928 |    4.055 | 
     | uu_dtpath/uu_dec/FE_OFC676_rd2_w_18              | A v -> Y v  | BUFX2     |  0.102 |   4.031 |    4.157 | 
     | uu_dtpath/uu_dec/g242                            |             | AND2X1    |  0.000 |   4.031 |    4.157 | 
     | uu_dtpath/uu_dec/g242                            | B v -> Y v  | AND2X1    |  0.089 |   4.120 |    4.246 | 
     | uu_dtpath/uu_dec/rd2_ff_reg[18]                  |             | DFFRHQX1  |  0.000 |   4.120 |    4.246 | 
     +----------------------------------------------------------------------------------------------------------+ 
     Clock Rise Edge                      0.000
     + Source Insertion Delay            -0.596
     = Beginpoint Arrival Time           -0.596
     Other End Path:
     +--------------------------------------------------------------------------------------------+ 
     |               Instance               |    Arc     |   Cell   | Retime | Arrival | Required | 
     |                                      |            |          |  Delay |  Time   |   Time   | 
     |--------------------------------------+------------+----------+--------+---------+----------| 
     |                                      | clk ^      |          |        |  -0.596 |   -0.722 | 
     | uu_dtpath/CTS_ccl_a_buf_00272        |            | CLKBUFX4 |  0.003 |  -0.593 |   -0.719 | 
     | uu_dtpath/CTS_ccl_a_buf_00272        | A ^ -> Y ^ | CLKBUFX4 |  0.091 |  -0.502 |   -0.628 | 
     | uu_dtpath/CTS_ccl_a_buf_00260        |            | CLKBUFX3 |  0.000 |  -0.502 |   -0.628 | 
     | uu_dtpath/CTS_ccl_a_buf_00260        | A ^ -> Y ^ | CLKBUFX3 |  0.100 |  -0.402 |   -0.528 | 
     | uu_dtpath/CTS_ccl_a_buf_00250        |            | CLKBUFX4 |  0.000 |  -0.402 |   -0.528 | 
     | uu_dtpath/CTS_ccl_a_buf_00250        | A ^ -> Y ^ | CLKBUFX4 |  0.106 |  -0.296 |   -0.422 | 
     | uu_dtpath/uu_dec/CTS_ccl_a_buf_00230 |            | CLKBUFX3 |  0.000 |  -0.296 |   -0.422 | 
     | uu_dtpath/uu_dec/CTS_ccl_a_buf_00230 | A ^ -> Y ^ | CLKBUFX3 |  0.093 |  -0.202 |   -0.328 | 
     | uu_dtpath/uu_dec/CTS_ccl_a_buf_00190 |            | CLKBUFX3 |  0.000 |  -0.202 |   -0.328 | 
     | uu_dtpath/uu_dec/CTS_ccl_a_buf_00190 | A ^ -> Y ^ | CLKBUFX3 |  0.088 |  -0.114 |   -0.240 | 
     | uu_dtpath/uu_dec/CTS_ccl_a_buf_00058 |            | CLKBUFX4 |  0.000 |  -0.114 |   -0.240 | 
     | uu_dtpath/uu_dec/CTS_ccl_a_buf_00058 | A ^ -> Y ^ | CLKBUFX4 |  0.102 |  -0.012 |   -0.138 | 
     | uu_dtpath/uu_dec/rd2_ff_reg[18]      |            | DFFRHQX1 |  0.000 |  -0.012 |   -0.138 | 
     +--------------------------------------------------------------------------------------------+ 

