###############################################################
#  Generated by:      Cadence Innovus 22.14-s061_1
#  OS:                Linux x86_64(Host ID microeletronica)
#  Generated on:      Mon Jul 13 19:30:42 2026
#  Design:            ariscv
#  Command:           report_timing -max_paths 50 -path_type full_clock -view "hold"  -early  -retime path_slew_propagation -analysis_summary_file "${REPORT_PATH}/timing_summary_hold.rpt"  > $REPORT_PATH/timing_hold.rpt
###############################################################
Path 1: MET Hold Check with Pin uu_dtpath/uu_mem/o_readData_reg[20]/CK 
Endpoint:   uu_dtpath/uu_mem/o_readData_reg[20]/D (v) checked with  leading 
edge of 'clk'
Beginpoint: i_readData[20]                        (v) triggered by  leading 
edge of 'clk'
Path Groups: {clk}
Analysis View: hold
Retime Analysis { Data Path-Slew SI }
Other End Arrival Time          0.017
+ Hold                          0.003
+ Phase Shift                   0.000
+ Uncertainty                   0.010
= Required Time                 0.030
  Arrival Time                  0.050
  Slack Time                    0.020
= Slack Time(original)          0.020
     Clock Rise Edge                      0.000
     + Input Delay                        0.050
     = Beginpoint Arrival Time            0.050
     Timing Path:
     +-------------------------------------------------------------------------------------------------+ 
     |              Instance               |       Arc        |   Cell   | Retime | Arrival | Required | 
     |                                     |                  |          |  Delay |  Time   |   Time   | 
     |-------------------------------------+------------------+----------+--------+---------+----------| 
     |                                     | i_readData[20] v |          |        |   0.050 |    0.030 | 
     | uu_dtpath/uu_mem/o_readData_reg[20] |                  | DFFRHQX1 |  0.000 |   0.050 |    0.030 | 
     +-------------------------------------------------------------------------------------------------+ 
     Clock Rise Edge                      0.000
     + Source Insertion Delay            -0.162
     = Beginpoint Arrival Time           -0.162
     Other End Path:
     +-------------------------------------------------------------------------------------------+ 
     |              Instance               |    Arc     |   Cell   | Retime | Arrival | Required | 
     |                                     |            |          |  Delay |  Time   |   Time   | 
     |-------------------------------------+------------+----------+--------+---------+----------| 
     |                                     | clk ^      |          |        |  -0.162 |   -0.142 | 
     | uu_dtpath/CTS_ccl_a_buf_00286       |            | CLKBUFX3 |  0.005 |  -0.157 |   -0.137 | 
     | uu_dtpath/CTS_ccl_a_buf_00286       | A ^ -> Y ^ | CLKBUFX3 |  0.023 |  -0.134 |   -0.114 | 
     | uu_dtpath/CTS_ccl_a_buf_00282       |            | CLKBUFX3 |  0.000 |  -0.134 |   -0.114 | 
     | uu_dtpath/CTS_ccl_a_buf_00282       | A ^ -> Y ^ | CLKBUFX3 |  0.024 |  -0.110 |   -0.090 | 
     | uu_dtpath/CTS_ccl_a_buf_00274       |            | CLKBUFX4 |  0.000 |  -0.110 |   -0.090 | 
     | uu_dtpath/CTS_ccl_a_buf_00274       | A ^ -> Y ^ | CLKBUFX4 |  0.029 |  -0.081 |   -0.061 | 
     | uu_dtpath/CTS_ccl_a_buf_00260       |            | CLKBUFX4 |  0.000 |  -0.081 |   -0.061 | 
     | uu_dtpath/CTS_ccl_a_buf_00260       | A ^ -> Y ^ | CLKBUFX4 |  0.028 |  -0.053 |   -0.033 | 
     | uu_dtpath/CTS_ccl_a_buf_00185       |            | CLKBUFX3 |  0.000 |  -0.053 |   -0.033 | 
     | uu_dtpath/CTS_ccl_a_buf_00185       | A ^ -> Y ^ | CLKBUFX3 |  0.025 |  -0.028 |   -0.008 | 
     | uu_dtpath/CTS_ccl_a_buf_00030       |            | CLKBUFX3 |  0.000 |  -0.028 |   -0.008 | 
     | uu_dtpath/CTS_ccl_a_buf_00030       | A ^ -> Y ^ | CLKBUFX3 |  0.022 |  -0.006 |    0.014 | 
     | uu_dtpath/CTS_cpc_drv_buf_00408     |            | CLKBUFX3 |  0.000 |  -0.006 |    0.014 | 
     | uu_dtpath/CTS_cpc_drv_buf_00408     | A ^ -> Y ^ | CLKBUFX3 |  0.024 |   0.017 |    0.037 | 
     | uu_dtpath/uu_mem/o_readData_reg[20] |            | DFFRHQX1 |  0.000 |   0.017 |    0.037 | 
     +-------------------------------------------------------------------------------------------+ 
Path 2: MET Hold Check with Pin uu_dtpath/uu_exec/pc_plus4_ff_reg[6]/CK 
Endpoint:   uu_dtpath/uu_exec/pc_plus4_ff_reg[6]/D (v) checked with  leading 
edge of 'clk'
Beginpoint: uu_dtpath/uu_dec/o_pc_plus4_reg[6]/Q   (v) triggered by  leading 
edge of 'clk'
Path Groups: {clk}
Analysis View: hold
Retime Analysis { Data Path-Slew SI }
Other End Arrival Time          0.017
+ Hold                          0.002
+ Phase Shift                   0.000
+ Uncertainty                   0.010
= Required Time                 0.029
  Arrival Time                  0.050
  Slack Time                    0.021
= Slack Time(original)          0.021
     Clock Rise Edge                      0.000
     + Source Insertion Delay            -0.162
     = Beginpoint Arrival Time           -0.162
     Timing Path:
     +---------------------------------------------------------------------------------------------+ 
     |               Instance               |     Arc     |   Cell   | Retime | Arrival | Required | 
     |                                      |             |          |  Delay |  Time   |   Time   | 
     |--------------------------------------+-------------+----------+--------+---------+----------| 
     |                                      | clk ^       |          |        |  -0.162 |   -0.184 | 
     | uu_dtpath/CTS_ccl_a_buf_00286        |             | CLKBUFX3 |  0.005 |  -0.157 |   -0.179 | 
     | uu_dtpath/CTS_ccl_a_buf_00286        | A ^ -> Y ^  | CLKBUFX3 |  0.023 |  -0.134 |   -0.155 | 
     | uu_dtpath/CTS_ccl_a_buf_00282        |             | CLKBUFX3 |  0.000 |  -0.134 |   -0.155 | 
     | uu_dtpath/CTS_ccl_a_buf_00282        | A ^ -> Y ^  | CLKBUFX3 |  0.024 |  -0.110 |   -0.132 | 
     | uu_dtpath/CTS_ccl_a_buf_00274        |             | CLKBUFX4 |  0.000 |  -0.110 |   -0.132 | 
     | uu_dtpath/CTS_ccl_a_buf_00274        | A ^ -> Y ^  | CLKBUFX4 |  0.029 |  -0.081 |   -0.103 | 
     | uu_dtpath/CTS_ccl_a_buf_00260        |             | CLKBUFX4 |  0.000 |  -0.081 |   -0.103 | 
     | uu_dtpath/CTS_ccl_a_buf_00260        | A ^ -> Y ^  | CLKBUFX4 |  0.028 |  -0.053 |   -0.075 | 
     | uu_dtpath/CTS_ccl_a_buf_00192        |             | CLKBUFX3 |  0.000 |  -0.053 |   -0.075 | 
     | uu_dtpath/CTS_ccl_a_buf_00192        | A ^ -> Y ^  | CLKBUFX3 |  0.023 |  -0.030 |   -0.051 | 
     | uu_dtpath/CTS_ccl_a_buf_00049        |             | CLKBUFX4 |  0.000 |  -0.030 |   -0.051 | 
     | uu_dtpath/CTS_ccl_a_buf_00049        | A ^ -> Y ^  | CLKBUFX4 |  0.027 |  -0.003 |   -0.024 | 
     | uu_dtpath/uu_dec/o_pc_plus4_reg[6]   |             | DFFRHQX1 |  0.000 |  -0.003 |   -0.024 | 
     | uu_dtpath/uu_dec/o_pc_plus4_reg[6]   | CK ^ -> Q v | DFFRHQX1 |  0.053 |   0.050 |    0.029 | 
     | uu_dtpath/uu_exec/pc_plus4_ff_reg[6] |             | DFFRHQX1 |  0.000 |   0.050 |    0.029 | 
     +---------------------------------------------------------------------------------------------+ 
     Clock Rise Edge                      0.000
     + Source Insertion Delay            -0.162
     = Beginpoint Arrival Time           -0.162
     Other End Path:
     +--------------------------------------------------------------------------------------------+ 
     |               Instance               |    Arc     |   Cell   | Retime | Arrival | Required | 
     |                                      |            |          |  Delay |  Time   |   Time   | 
     |--------------------------------------+------------+----------+--------+---------+----------| 
     |                                      | clk ^      |          |        |  -0.162 |   -0.141 | 
     | uu_dtpath/CTS_ccl_a_buf_00286        |            | CLKBUFX3 |  0.005 |  -0.157 |   -0.136 | 
     | uu_dtpath/CTS_ccl_a_buf_00286        | A ^ -> Y ^ | CLKBUFX3 |  0.023 |  -0.134 |   -0.113 | 
     | uu_dtpath/CTS_ccl_a_buf_00282        |            | CLKBUFX3 |  0.000 |  -0.134 |   -0.113 | 
     | uu_dtpath/CTS_ccl_a_buf_00282        | A ^ -> Y ^ | CLKBUFX3 |  0.024 |  -0.110 |   -0.089 | 
     | uu_dtpath/CTS_ccl_a_buf_00274        |            | CLKBUFX4 |  0.000 |  -0.110 |   -0.089 | 
     | uu_dtpath/CTS_ccl_a_buf_00274        | A ^ -> Y ^ | CLKBUFX4 |  0.029 |  -0.081 |   -0.060 | 
     | uu_dtpath/CTS_ccl_a_buf_00260        |            | CLKBUFX4 |  0.000 |  -0.081 |   -0.060 | 
     | uu_dtpath/CTS_ccl_a_buf_00260        | A ^ -> Y ^ | CLKBUFX4 |  0.028 |  -0.053 |   -0.032 | 
     | uu_dtpath/CTS_ccl_a_buf_00185        |            | CLKBUFX3 |  0.000 |  -0.053 |   -0.032 | 
     | uu_dtpath/CTS_ccl_a_buf_00185        | A ^ -> Y ^ | CLKBUFX3 |  0.025 |  -0.028 |   -0.007 | 
     | uu_dtpath/CTS_ccl_a_buf_00030        |            | CLKBUFX3 |  0.000 |  -0.028 |   -0.007 | 
     | uu_dtpath/CTS_ccl_a_buf_00030        | A ^ -> Y ^ | CLKBUFX3 |  0.022 |  -0.006 |    0.015 | 
     | uu_dtpath/CTS_cpc_drv_buf_00408      |            | CLKBUFX3 |  0.000 |  -0.006 |    0.015 | 
     | uu_dtpath/CTS_cpc_drv_buf_00408      | A ^ -> Y ^ | CLKBUFX3 |  0.024 |   0.017 |    0.039 | 
     | uu_dtpath/uu_exec/pc_plus4_ff_reg[6] |            | DFFRHQX1 |  0.000 |   0.017 |    0.039 | 
     +--------------------------------------------------------------------------------------------+ 
Path 3: MET Hold Check with Pin uu_dtpath/uu_exec/pc_plus4_ff_reg[7]/CK 
Endpoint:   uu_dtpath/uu_exec/pc_plus4_ff_reg[7]/D (v) checked with  leading 
edge of 'clk'
Beginpoint: uu_dtpath/uu_dec/o_pc_plus4_reg[7]/Q   (v) triggered by  leading 
edge of 'clk'
Path Groups: {clk}
Analysis View: hold
Retime Analysis { Data Path-Slew SI }
Other End Arrival Time          0.017
+ Hold                          0.001
+ Phase Shift                   0.000
+ Uncertainty                   0.010
= Required Time                 0.029
  Arrival Time                  0.051
  Slack Time                    0.022
= Slack Time(original)          0.021
     Clock Rise Edge                      0.000
     + Source Insertion Delay            -0.162
     = Beginpoint Arrival Time           -0.162
     Timing Path:
     +---------------------------------------------------------------------------------------------+ 
     |               Instance               |     Arc     |   Cell   | Retime | Arrival | Required | 
     |                                      |             |          |  Delay |  Time   |   Time   | 
     |--------------------------------------+-------------+----------+--------+---------+----------| 
     |                                      | clk ^       |          |        |  -0.162 |   -0.184 | 
     | uu_dtpath/CTS_ccl_a_buf_00286        |             | CLKBUFX3 |  0.005 |  -0.157 |   -0.179 | 
     | uu_dtpath/CTS_ccl_a_buf_00286        | A ^ -> Y ^  | CLKBUFX3 |  0.023 |  -0.134 |   -0.156 | 
     | uu_dtpath/CTS_ccl_a_buf_00282        |             | CLKBUFX3 |  0.000 |  -0.134 |   -0.156 | 
     | uu_dtpath/CTS_ccl_a_buf_00282        | A ^ -> Y ^  | CLKBUFX3 |  0.024 |  -0.110 |   -0.132 | 
     | uu_dtpath/CTS_ccl_a_buf_00274        |             | CLKBUFX4 |  0.000 |  -0.110 |   -0.132 | 
     | uu_dtpath/CTS_ccl_a_buf_00274        | A ^ -> Y ^  | CLKBUFX4 |  0.029 |  -0.081 |   -0.103 | 
     | uu_dtpath/CTS_ccl_a_buf_00260        |             | CLKBUFX4 |  0.000 |  -0.081 |   -0.103 | 
     | uu_dtpath/CTS_ccl_a_buf_00260        | A ^ -> Y ^  | CLKBUFX4 |  0.028 |  -0.053 |   -0.075 | 
     | uu_dtpath/CTS_ccl_a_buf_00192        |             | CLKBUFX3 |  0.000 |  -0.053 |   -0.075 | 
     | uu_dtpath/CTS_ccl_a_buf_00192        | A ^ -> Y ^  | CLKBUFX3 |  0.023 |  -0.030 |   -0.052 | 
     | uu_dtpath/CTS_ccl_a_buf_00049        |             | CLKBUFX4 |  0.000 |  -0.030 |   -0.052 | 
     | uu_dtpath/CTS_ccl_a_buf_00049        | A ^ -> Y ^  | CLKBUFX4 |  0.027 |  -0.003 |   -0.025 | 
     | uu_dtpath/uu_dec/o_pc_plus4_reg[7]   |             | DFFRHQX1 |  0.000 |  -0.003 |   -0.025 | 
     | uu_dtpath/uu_dec/o_pc_plus4_reg[7]   | CK ^ -> Q v | DFFRHQX1 |  0.053 |   0.051 |    0.029 | 
     | uu_dtpath/uu_exec/pc_plus4_ff_reg[7] |             | DFFRHQX1 |  0.000 |   0.051 |    0.029 | 
     +---------------------------------------------------------------------------------------------+ 
     Clock Rise Edge                      0.000
     + Source Insertion Delay            -0.162
     = Beginpoint Arrival Time           -0.162
     Other End Path:
     +--------------------------------------------------------------------------------------------+ 
     |               Instance               |    Arc     |   Cell   | Retime | Arrival | Required | 
     |                                      |            |          |  Delay |  Time   |   Time   | 
     |--------------------------------------+------------+----------+--------+---------+----------| 
     |                                      | clk ^      |          |        |  -0.162 |   -0.140 | 
     | uu_dtpath/CTS_ccl_a_buf_00286        |            | CLKBUFX3 |  0.005 |  -0.157 |   -0.135 | 
     | uu_dtpath/CTS_ccl_a_buf_00286        | A ^ -> Y ^ | CLKBUFX3 |  0.023 |  -0.134 |   -0.112 | 
     | uu_dtpath/CTS_ccl_a_buf_00282        |            | CLKBUFX3 |  0.000 |  -0.134 |   -0.112 | 
     | uu_dtpath/CTS_ccl_a_buf_00282        | A ^ -> Y ^ | CLKBUFX3 |  0.024 |  -0.110 |   -0.088 | 
     | uu_dtpath/CTS_ccl_a_buf_00274        |            | CLKBUFX4 |  0.000 |  -0.110 |   -0.088 | 
     | uu_dtpath/CTS_ccl_a_buf_00274        | A ^ -> Y ^ | CLKBUFX4 |  0.029 |  -0.081 |   -0.059 | 
     | uu_dtpath/CTS_ccl_a_buf_00260        |            | CLKBUFX4 |  0.000 |  -0.081 |   -0.059 | 
     | uu_dtpath/CTS_ccl_a_buf_00260        | A ^ -> Y ^ | CLKBUFX4 |  0.028 |  -0.053 |   -0.031 | 
     | uu_dtpath/CTS_ccl_a_buf_00185        |            | CLKBUFX3 |  0.000 |  -0.053 |   -0.031 | 
     | uu_dtpath/CTS_ccl_a_buf_00185        | A ^ -> Y ^ | CLKBUFX3 |  0.025 |  -0.028 |   -0.006 | 
     | uu_dtpath/CTS_ccl_a_buf_00030        |            | CLKBUFX3 |  0.000 |  -0.028 |   -0.006 | 
     | uu_dtpath/CTS_ccl_a_buf_00030        | A ^ -> Y ^ | CLKBUFX3 |  0.022 |  -0.006 |    0.016 | 
     | uu_dtpath/CTS_cpc_drv_buf_00408      |            | CLKBUFX3 |  0.000 |  -0.006 |    0.016 | 
     | uu_dtpath/CTS_cpc_drv_buf_00408      | A ^ -> Y ^ | CLKBUFX3 |  0.024 |   0.017 |    0.039 | 
     | uu_dtpath/uu_exec/pc_plus4_ff_reg[7] |            | DFFRHQX1 |  0.000 |   0.017 |    0.039 | 
     +--------------------------------------------------------------------------------------------+ 
Path 4: MET Hold Check with Pin uu_dtpath/uu_mem/o_readData_reg[18]/CK 
Endpoint:   uu_dtpath/uu_mem/o_readData_reg[18]/D (v) checked with  leading 
edge of 'clk'
Beginpoint: i_readData[18]                        (v) triggered by  leading 
edge of 'clk'
Path Groups: {clk}
Analysis View: hold
Retime Analysis { Data Path-Slew SI }
Other End Arrival Time          0.015
+ Hold                          0.002
+ Phase Shift                   0.000
+ Uncertainty                   0.010
= Required Time                 0.027
  Arrival Time                  0.050
  Slack Time                    0.023
= Slack Time(original)          0.023
     Clock Rise Edge                      0.000
     + Input Delay                        0.050
     = Beginpoint Arrival Time            0.050
     Timing Path:
     +-------------------------------------------------------------------------------------------------+ 
     |              Instance               |       Arc        |   Cell   | Retime | Arrival | Required | 
     |                                     |                  |          |  Delay |  Time   |   Time   | 
     |-------------------------------------+------------------+----------+--------+---------+----------| 
     |                                     | i_readData[18] v |          |        |   0.050 |    0.027 | 
     | uu_dtpath/uu_mem/o_readData_reg[18] |                  | DFFRHQX1 |  0.000 |   0.050 |    0.027 | 
     +-------------------------------------------------------------------------------------------------+ 
     Clock Rise Edge                      0.000
     + Source Insertion Delay            -0.162
     = Beginpoint Arrival Time           -0.162
     Other End Path:
     +----------------------------------------------------------------------------------------------+ 
     |                Instance                |    Arc     |   Cell   | Retime | Arrival | Required | 
     |                                        |            |          |  Delay |  Time   |   Time   | 
     |----------------------------------------+------------+----------+--------+---------+----------| 
     |                                        | clk ^      |          |        |  -0.162 |   -0.139 | 
     | uu_dtpath/CTS_ccl_a_buf_00286          |            | CLKBUFX3 |  0.005 |  -0.157 |   -0.134 | 
     | uu_dtpath/CTS_ccl_a_buf_00286          | A ^ -> Y ^ | CLKBUFX3 |  0.023 |  -0.134 |   -0.111 | 
     | uu_dtpath/CTS_ccl_a_buf_00282          |            | CLKBUFX3 |  0.000 |  -0.134 |   -0.111 | 
     | uu_dtpath/CTS_ccl_a_buf_00282          | A ^ -> Y ^ | CLKBUFX3 |  0.024 |  -0.110 |   -0.087 | 
     | uu_dtpath/CTS_ccl_a_buf_00274          |            | CLKBUFX4 |  0.000 |  -0.110 |   -0.087 | 
     | uu_dtpath/CTS_ccl_a_buf_00274          | A ^ -> Y ^ | CLKBUFX4 |  0.029 |  -0.081 |   -0.058 | 
     | uu_dtpath/CTS_ccl_a_buf_00260          |            | CLKBUFX4 |  0.000 |  -0.081 |   -0.058 | 
     | uu_dtpath/CTS_ccl_a_buf_00260          | A ^ -> Y ^ | CLKBUFX4 |  0.028 |  -0.053 |   -0.030 | 
     | uu_dtpath/CTS_ccl_a_buf_00185          |            | CLKBUFX3 |  0.000 |  -0.053 |   -0.030 | 
     | uu_dtpath/CTS_ccl_a_buf_00185          | A ^ -> Y ^ | CLKBUFX3 |  0.025 |  -0.028 |   -0.005 | 
     | uu_dtpath/CTS_ccl_a_buf_00030          |            | CLKBUFX3 |  0.000 |  -0.028 |   -0.005 | 
     | uu_dtpath/CTS_ccl_a_buf_00030          | A ^ -> Y ^ | CLKBUFX3 |  0.022 |  -0.006 |    0.017 | 
     | uu_dtpath/uu_mem/CTS_cpc_drv_buf_00407 |            | CLKBUFX3 |  0.000 |  -0.006 |    0.017 | 
     | uu_dtpath/uu_mem/CTS_cpc_drv_buf_00407 | A ^ -> Y ^ | CLKBUFX3 |  0.022 |   0.015 |    0.038 | 
     | uu_dtpath/uu_mem/o_readData_reg[18]    |            | DFFRHQX1 |  0.000 |   0.015 |    0.038 | 
     +----------------------------------------------------------------------------------------------+ 
Path 5: MET Hold Check with Pin uu_dtpath/uu_mem/o_readData_reg[19]/CK 
Endpoint:   uu_dtpath/uu_mem/o_readData_reg[19]/D (v) checked with  leading 
edge of 'clk'
Beginpoint: i_readData[19]                        (v) triggered by  leading 
edge of 'clk'
Path Groups: {clk}
Analysis View: hold
Retime Analysis { Data Path-Slew SI }
Other End Arrival Time          0.015
+ Hold                          0.002
+ Phase Shift                   0.000
+ Uncertainty                   0.010
= Required Time                 0.027
  Arrival Time                  0.050
  Slack Time                    0.023
= Slack Time(original)          0.023
     Clock Rise Edge                      0.000
     + Input Delay                        0.050
     = Beginpoint Arrival Time            0.050
     Timing Path:
     +-------------------------------------------------------------------------------------------------+ 
     |              Instance               |       Arc        |   Cell   | Retime | Arrival | Required | 
     |                                     |                  |          |  Delay |  Time   |   Time   | 
     |-------------------------------------+------------------+----------+--------+---------+----------| 
     |                                     | i_readData[19] v |          |        |   0.050 |    0.027 | 
     | uu_dtpath/uu_mem/o_readData_reg[19] |                  | DFFRHQX1 |  0.000 |   0.050 |    0.027 | 
     +-------------------------------------------------------------------------------------------------+ 
     Clock Rise Edge                      0.000
     + Source Insertion Delay            -0.162
     = Beginpoint Arrival Time           -0.162
     Other End Path:
     +----------------------------------------------------------------------------------------------+ 
     |                Instance                |    Arc     |   Cell   | Retime | Arrival | Required | 
     |                                        |            |          |  Delay |  Time   |   Time   | 
     |----------------------------------------+------------+----------+--------+---------+----------| 
     |                                        | clk ^      |          |        |  -0.162 |   -0.139 | 
     | uu_dtpath/CTS_ccl_a_buf_00286          |            | CLKBUFX3 |  0.005 |  -0.157 |   -0.134 | 
     | uu_dtpath/CTS_ccl_a_buf_00286          | A ^ -> Y ^ | CLKBUFX3 |  0.023 |  -0.134 |   -0.111 | 
     | uu_dtpath/CTS_ccl_a_buf_00282          |            | CLKBUFX3 |  0.000 |  -0.134 |   -0.111 | 
     | uu_dtpath/CTS_ccl_a_buf_00282          | A ^ -> Y ^ | CLKBUFX3 |  0.024 |  -0.110 |   -0.087 | 
     | uu_dtpath/CTS_ccl_a_buf_00274          |            | CLKBUFX4 |  0.000 |  -0.110 |   -0.087 | 
     | uu_dtpath/CTS_ccl_a_buf_00274          | A ^ -> Y ^ | CLKBUFX4 |  0.029 |  -0.081 |   -0.058 | 
     | uu_dtpath/CTS_ccl_a_buf_00260          |            | CLKBUFX4 |  0.000 |  -0.081 |   -0.058 | 
     | uu_dtpath/CTS_ccl_a_buf_00260          | A ^ -> Y ^ | CLKBUFX4 |  0.028 |  -0.053 |   -0.030 | 
     | uu_dtpath/CTS_ccl_a_buf_00185          |            | CLKBUFX3 |  0.000 |  -0.053 |   -0.030 | 
     | uu_dtpath/CTS_ccl_a_buf_00185          | A ^ -> Y ^ | CLKBUFX3 |  0.025 |  -0.028 |   -0.005 | 
     | uu_dtpath/CTS_ccl_a_buf_00030          |            | CLKBUFX3 |  0.000 |  -0.028 |   -0.005 | 
     | uu_dtpath/CTS_ccl_a_buf_00030          | A ^ -> Y ^ | CLKBUFX3 |  0.022 |  -0.006 |    0.017 | 
     | uu_dtpath/uu_mem/CTS_cpc_drv_buf_00407 |            | CLKBUFX3 |  0.000 |  -0.006 |    0.017 | 
     | uu_dtpath/uu_mem/CTS_cpc_drv_buf_00407 | A ^ -> Y ^ | CLKBUFX3 |  0.022 |   0.015 |    0.038 | 
     | uu_dtpath/uu_mem/o_readData_reg[19]    |            | DFFRHQX1 |  0.000 |   0.015 |    0.038 | 
     +----------------------------------------------------------------------------------------------+ 
Path 6: MET Hold Check with Pin uu_dtpath/uu_mem/o_pc_plus4_reg[4]/CK 
Endpoint:   uu_dtpath/uu_mem/o_pc_plus4_reg[4]/D   (v) checked with  leading 
edge of 'clk'
Beginpoint: uu_dtpath/uu_exec/pc_plus4_ff_reg[4]/Q (v) triggered by  leading 
edge of 'clk'
Path Groups: {clk}
Analysis View: hold
Retime Analysis { Data Path-Slew SI }
Other End Arrival Time          0.017
+ Hold                          0.001
+ Phase Shift                   0.000
+ Uncertainty                   0.010
= Required Time                 0.028
  Arrival Time                  0.053
  Slack Time                    0.025
= Slack Time(original)          0.025
     Clock Rise Edge                      0.000
     + Source Insertion Delay            -0.162
     = Beginpoint Arrival Time           -0.162
     Timing Path:
     +---------------------------------------------------------------------------------------------+ 
     |               Instance               |     Arc     |   Cell   | Retime | Arrival | Required | 
     |                                      |             |          |  Delay |  Time   |   Time   | 
     |--------------------------------------+-------------+----------+--------+---------+----------| 
     |                                      | clk ^       |          |        |  -0.162 |   -0.187 | 
     | uu_dtpath/CTS_ccl_a_buf_00286        |             | CLKBUFX3 |  0.005 |  -0.157 |   -0.183 | 
     | uu_dtpath/CTS_ccl_a_buf_00286        | A ^ -> Y ^  | CLKBUFX3 |  0.023 |  -0.134 |   -0.159 | 
     | uu_dtpath/CTS_ccl_a_buf_00282        |             | CLKBUFX3 |  0.000 |  -0.134 |   -0.159 | 
     | uu_dtpath/CTS_ccl_a_buf_00282        | A ^ -> Y ^  | CLKBUFX3 |  0.024 |  -0.110 |   -0.135 | 
     | uu_dtpath/CTS_ccl_a_buf_00274        |             | CLKBUFX4 |  0.000 |  -0.110 |   -0.135 | 
     | uu_dtpath/CTS_ccl_a_buf_00274        | A ^ -> Y ^  | CLKBUFX4 |  0.029 |  -0.081 |   -0.107 | 
     | uu_dtpath/CTS_ccl_a_buf_00260        |             | CLKBUFX4 |  0.000 |  -0.081 |   -0.107 | 
     | uu_dtpath/CTS_ccl_a_buf_00260        | A ^ -> Y ^  | CLKBUFX4 |  0.028 |  -0.053 |   -0.079 | 
     | uu_dtpath/CTS_ccl_a_buf_00192        |             | CLKBUFX3 |  0.000 |  -0.053 |   -0.079 | 
     | uu_dtpath/CTS_ccl_a_buf_00192        | A ^ -> Y ^  | CLKBUFX3 |  0.023 |  -0.030 |   -0.055 | 
     | uu_dtpath/CTS_ccl_a_buf_00049        |             | CLKBUFX4 |  0.000 |  -0.030 |   -0.055 | 
     | uu_dtpath/CTS_ccl_a_buf_00049        | A ^ -> Y ^  | CLKBUFX4 |  0.027 |  -0.003 |   -0.028 | 
     | uu_dtpath/uu_exec/pc_plus4_ff_reg[4] |             | DFFRHQX1 |  0.000 |  -0.003 |   -0.028 | 
     | uu_dtpath/uu_exec/pc_plus4_ff_reg[4] | CK ^ -> Q v | DFFRHQX1 |  0.056 |   0.053 |    0.028 | 
     | uu_dtpath/uu_mem/o_pc_plus4_reg[4]   |             | DFFRHQX1 |  0.000 |   0.053 |    0.028 | 
     +---------------------------------------------------------------------------------------------+ 
     Clock Rise Edge                      0.000
     + Source Insertion Delay            -0.162
     = Beginpoint Arrival Time           -0.162
     Other End Path:
     +------------------------------------------------------------------------------------------+ 
     |              Instance              |    Arc     |   Cell   | Retime | Arrival | Required | 
     |                                    |            |          |  Delay |  Time   |   Time   | 
     |------------------------------------+------------+----------+--------+---------+----------| 
     |                                    | clk ^      |          |        |  -0.162 |   -0.137 | 
     | uu_dtpath/CTS_ccl_a_buf_00286      |            | CLKBUFX3 |  0.005 |  -0.157 |   -0.132 | 
     | uu_dtpath/CTS_ccl_a_buf_00286      | A ^ -> Y ^ | CLKBUFX3 |  0.023 |  -0.134 |   -0.109 | 
     | uu_dtpath/CTS_ccl_a_buf_00282      |            | CLKBUFX3 |  0.000 |  -0.134 |   -0.109 | 
     | uu_dtpath/CTS_ccl_a_buf_00282      | A ^ -> Y ^ | CLKBUFX3 |  0.024 |  -0.110 |   -0.085 | 
     | uu_dtpath/CTS_ccl_a_buf_00274      |            | CLKBUFX4 |  0.000 |  -0.110 |   -0.085 | 
     | uu_dtpath/CTS_ccl_a_buf_00274      | A ^ -> Y ^ | CLKBUFX4 |  0.029 |  -0.081 |   -0.056 | 
     | uu_dtpath/CTS_ccl_a_buf_00260      |            | CLKBUFX4 |  0.000 |  -0.081 |   -0.056 | 
     | uu_dtpath/CTS_ccl_a_buf_00260      | A ^ -> Y ^ | CLKBUFX4 |  0.028 |  -0.053 |   -0.028 | 
     | uu_dtpath/CTS_ccl_a_buf_00185      |            | CLKBUFX3 |  0.000 |  -0.053 |   -0.028 | 
     | uu_dtpath/CTS_ccl_a_buf_00185      | A ^ -> Y ^ | CLKBUFX3 |  0.025 |  -0.028 |   -0.003 | 
     | uu_dtpath/CTS_ccl_a_buf_00030      |            | CLKBUFX3 |  0.000 |  -0.028 |   -0.003 | 
     | uu_dtpath/CTS_ccl_a_buf_00030      | A ^ -> Y ^ | CLKBUFX3 |  0.022 |  -0.006 |    0.019 | 
     | uu_dtpath/CTS_cpc_drv_buf_00408    |            | CLKBUFX3 |  0.000 |  -0.006 |    0.019 | 
     | uu_dtpath/CTS_cpc_drv_buf_00408    | A ^ -> Y ^ | CLKBUFX3 |  0.024 |   0.017 |    0.042 | 
     | uu_dtpath/uu_mem/o_pc_plus4_reg[4] |            | DFFRHQX1 |  0.000 |   0.017 |    0.043 | 
     +------------------------------------------------------------------------------------------+ 
Path 7: MET Hold Check with Pin uu_dtpath/uu_mem/o_pc_plus4_reg[3]/CK 
Endpoint:   uu_dtpath/uu_mem/o_pc_plus4_reg[3]/D   (v) checked with  leading 
edge of 'clk'
Beginpoint: uu_dtpath/uu_exec/pc_plus4_ff_reg[3]/Q (v) triggered by  leading 
edge of 'clk'
Path Groups: {clk}
Analysis View: hold
Retime Analysis { Data Path-Slew SI }
Other End Arrival Time          0.017
+ Hold                          0.001
+ Phase Shift                   0.000
+ Uncertainty                   0.010
= Required Time                 0.028
  Arrival Time                  0.054
  Slack Time                    0.026
= Slack Time(original)          0.026
     Clock Rise Edge                      0.000
     + Source Insertion Delay            -0.162
     = Beginpoint Arrival Time           -0.162
     Timing Path:
     +---------------------------------------------------------------------------------------------+ 
     |               Instance               |     Arc     |   Cell   | Retime | Arrival | Required | 
     |                                      |             |          |  Delay |  Time   |   Time   | 
     |--------------------------------------+-------------+----------+--------+---------+----------| 
     |                                      | clk ^       |          |        |  -0.162 |   -0.188 | 
     | uu_dtpath/CTS_ccl_a_buf_00286        |             | CLKBUFX3 |  0.005 |  -0.157 |   -0.184 | 
     | uu_dtpath/CTS_ccl_a_buf_00286        | A ^ -> Y ^  | CLKBUFX3 |  0.023 |  -0.134 |   -0.160 | 
     | uu_dtpath/CTS_ccl_a_buf_00282        |             | CLKBUFX3 |  0.000 |  -0.134 |   -0.160 | 
     | uu_dtpath/CTS_ccl_a_buf_00282        | A ^ -> Y ^  | CLKBUFX3 |  0.024 |  -0.110 |   -0.137 | 
     | uu_dtpath/CTS_ccl_a_buf_00274        |             | CLKBUFX4 |  0.000 |  -0.110 |   -0.137 | 
     | uu_dtpath/CTS_ccl_a_buf_00274        | A ^ -> Y ^  | CLKBUFX4 |  0.029 |  -0.081 |   -0.108 | 
     | uu_dtpath/CTS_ccl_a_buf_00260        |             | CLKBUFX4 |  0.000 |  -0.081 |   -0.108 | 
     | uu_dtpath/CTS_ccl_a_buf_00260        | A ^ -> Y ^  | CLKBUFX4 |  0.028 |  -0.053 |   -0.080 | 
     | uu_dtpath/CTS_ccl_a_buf_00192        |             | CLKBUFX3 |  0.000 |  -0.053 |   -0.080 | 
     | uu_dtpath/CTS_ccl_a_buf_00192        | A ^ -> Y ^  | CLKBUFX3 |  0.023 |  -0.030 |   -0.056 | 
     | uu_dtpath/CTS_ccl_a_buf_00049        |             | CLKBUFX4 |  0.000 |  -0.030 |   -0.056 | 
     | uu_dtpath/CTS_ccl_a_buf_00049        | A ^ -> Y ^  | CLKBUFX4 |  0.027 |  -0.003 |   -0.029 | 
     | uu_dtpath/uu_exec/pc_plus4_ff_reg[3] |             | DFFRHQX1 |  0.000 |  -0.003 |   -0.029 | 
     | uu_dtpath/uu_exec/pc_plus4_ff_reg[3] | CK ^ -> Q v | DFFRHQX1 |  0.057 |   0.054 |    0.028 | 
     | uu_dtpath/uu_mem/o_pc_plus4_reg[3]   |             | DFFRHQX1 |  0.000 |   0.054 |    0.028 | 
     +---------------------------------------------------------------------------------------------+ 
     Clock Rise Edge                      0.000
     + Source Insertion Delay            -0.162
     = Beginpoint Arrival Time           -0.162
     Other End Path:
     +------------------------------------------------------------------------------------------+ 
     |              Instance              |    Arc     |   Cell   | Retime | Arrival | Required | 
     |                                    |            |          |  Delay |  Time   |   Time   | 
     |------------------------------------+------------+----------+--------+---------+----------| 
     |                                    | clk ^      |          |        |  -0.162 |   -0.136 | 
     | uu_dtpath/CTS_ccl_a_buf_00286      |            | CLKBUFX3 |  0.005 |  -0.157 |   -0.131 | 
     | uu_dtpath/CTS_ccl_a_buf_00286      | A ^ -> Y ^ | CLKBUFX3 |  0.023 |  -0.134 |   -0.108 | 
     | uu_dtpath/CTS_ccl_a_buf_00282      |            | CLKBUFX3 |  0.000 |  -0.134 |   -0.108 | 
     | uu_dtpath/CTS_ccl_a_buf_00282      | A ^ -> Y ^ | CLKBUFX3 |  0.024 |  -0.110 |   -0.084 | 
     | uu_dtpath/CTS_ccl_a_buf_00274      |            | CLKBUFX4 |  0.000 |  -0.110 |   -0.084 | 
     | uu_dtpath/CTS_ccl_a_buf_00274      | A ^ -> Y ^ | CLKBUFX4 |  0.029 |  -0.081 |   -0.055 | 
     | uu_dtpath/CTS_ccl_a_buf_00260      |            | CLKBUFX4 |  0.000 |  -0.081 |   -0.055 | 
     | uu_dtpath/CTS_ccl_a_buf_00260      | A ^ -> Y ^ | CLKBUFX4 |  0.028 |  -0.053 |   -0.027 | 
     | uu_dtpath/CTS_ccl_a_buf_00185      |            | CLKBUFX3 |  0.000 |  -0.053 |   -0.027 | 
     | uu_dtpath/CTS_ccl_a_buf_00185      | A ^ -> Y ^ | CLKBUFX3 |  0.025 |  -0.028 |   -0.002 | 
     | uu_dtpath/CTS_ccl_a_buf_00030      |            | CLKBUFX3 |  0.000 |  -0.028 |   -0.002 | 
     | uu_dtpath/CTS_ccl_a_buf_00030      | A ^ -> Y ^ | CLKBUFX3 |  0.022 |  -0.006 |    0.020 | 
     | uu_dtpath/CTS_cpc_drv_buf_00408    |            | CLKBUFX3 |  0.000 |  -0.006 |    0.020 | 
     | uu_dtpath/CTS_cpc_drv_buf_00408    | A ^ -> Y ^ | CLKBUFX3 |  0.024 |   0.017 |    0.044 | 
     | uu_dtpath/uu_mem/o_pc_plus4_reg[3] |            | DFFRHQX1 |  0.000 |   0.017 |    0.044 | 
     +------------------------------------------------------------------------------------------+ 
Path 8: MET Hold Check with Pin uu_dtpath/uu_mem/o_pc_plus4_reg[5]/CK 
Endpoint:   uu_dtpath/uu_mem/o_pc_plus4_reg[5]/D   (v) checked with  leading 
edge of 'clk'
Beginpoint: uu_dtpath/uu_exec/pc_plus4_ff_reg[5]/Q (v) triggered by  leading 
edge of 'clk'
Path Groups: {clk}
Analysis View: hold
Retime Analysis { Data Path-Slew SI }
Other End Arrival Time          0.015
+ Hold                          0.001
+ Phase Shift                   0.000
+ Uncertainty                   0.010
= Required Time                 0.026
  Arrival Time                  0.052
  Slack Time                    0.026
= Slack Time(original)          0.026
     Clock Rise Edge                      0.000
     + Source Insertion Delay            -0.162
     = Beginpoint Arrival Time           -0.162
     Timing Path:
     +---------------------------------------------------------------------------------------------+ 
     |               Instance               |     Arc     |   Cell   | Retime | Arrival | Required | 
     |                                      |             |          |  Delay |  Time   |   Time   | 
     |--------------------------------------+-------------+----------+--------+---------+----------| 
     |                                      | clk ^       |          |        |  -0.162 |   -0.189 | 
     | uu_dtpath/CTS_ccl_a_buf_00286        |             | CLKBUFX3 |  0.005 |  -0.157 |   -0.184 | 
     | uu_dtpath/CTS_ccl_a_buf_00286        | A ^ -> Y ^  | CLKBUFX3 |  0.023 |  -0.134 |   -0.160 | 
     | uu_dtpath/CTS_ccl_a_buf_00282        |             | CLKBUFX3 |  0.000 |  -0.134 |   -0.160 | 
     | uu_dtpath/CTS_ccl_a_buf_00282        | A ^ -> Y ^  | CLKBUFX3 |  0.024 |  -0.110 |   -0.137 | 
     | uu_dtpath/CTS_ccl_a_buf_00274        |             | CLKBUFX4 |  0.000 |  -0.110 |   -0.137 | 
     | uu_dtpath/CTS_ccl_a_buf_00274        | A ^ -> Y ^  | CLKBUFX4 |  0.029 |  -0.081 |   -0.108 | 
     | uu_dtpath/CTS_ccl_a_buf_00260        |             | CLKBUFX4 |  0.000 |  -0.081 |   -0.108 | 
     | uu_dtpath/CTS_ccl_a_buf_00260        | A ^ -> Y ^  | CLKBUFX4 |  0.028 |  -0.053 |   -0.080 | 
     | uu_dtpath/CTS_ccl_a_buf_00192        |             | CLKBUFX3 |  0.000 |  -0.053 |   -0.080 | 
     | uu_dtpath/CTS_ccl_a_buf_00192        | A ^ -> Y ^  | CLKBUFX3 |  0.023 |  -0.030 |   -0.057 | 
     | uu_dtpath/CTS_ccl_a_buf_00049        |             | CLKBUFX4 |  0.000 |  -0.030 |   -0.057 | 
     | uu_dtpath/CTS_ccl_a_buf_00049        | A ^ -> Y ^  | CLKBUFX4 |  0.027 |  -0.003 |   -0.029 | 
     | uu_dtpath/uu_exec/pc_plus4_ff_reg[5] |             | DFFRHQX1 |  0.000 |  -0.003 |   -0.029 | 
     | uu_dtpath/uu_exec/pc_plus4_ff_reg[5] | CK ^ -> Q v | DFFRHQX1 |  0.055 |   0.052 |    0.026 | 
     | uu_dtpath/uu_mem/o_pc_plus4_reg[5]   |             | DFFRHQX1 |  0.000 |   0.052 |    0.026 | 
     +---------------------------------------------------------------------------------------------+ 
     Clock Rise Edge                      0.000
     + Source Insertion Delay            -0.162
     = Beginpoint Arrival Time           -0.162
     Other End Path:
     +----------------------------------------------------------------------------------------------+ 
     |                Instance                |    Arc     |   Cell   | Retime | Arrival | Required | 
     |                                        |            |          |  Delay |  Time   |   Time   | 
     |----------------------------------------+------------+----------+--------+---------+----------| 
     |                                        | clk ^      |          |        |  -0.162 |   -0.136 | 
     | uu_dtpath/CTS_ccl_a_buf_00286          |            | CLKBUFX3 |  0.005 |  -0.157 |   -0.131 | 
     | uu_dtpath/CTS_ccl_a_buf_00286          | A ^ -> Y ^ | CLKBUFX3 |  0.023 |  -0.134 |   -0.107 | 
     | uu_dtpath/CTS_ccl_a_buf_00282          |            | CLKBUFX3 |  0.000 |  -0.134 |   -0.107 | 
     | uu_dtpath/CTS_ccl_a_buf_00282          | A ^ -> Y ^ | CLKBUFX3 |  0.024 |  -0.110 |   -0.084 | 
     | uu_dtpath/CTS_ccl_a_buf_00274          |            | CLKBUFX4 |  0.000 |  -0.110 |   -0.084 | 
     | uu_dtpath/CTS_ccl_a_buf_00274          | A ^ -> Y ^ | CLKBUFX4 |  0.029 |  -0.081 |   -0.055 | 
     | uu_dtpath/CTS_ccl_a_buf_00260          |            | CLKBUFX4 |  0.000 |  -0.081 |   -0.055 | 
     | uu_dtpath/CTS_ccl_a_buf_00260          | A ^ -> Y ^ | CLKBUFX4 |  0.028 |  -0.053 |   -0.027 | 
     | uu_dtpath/CTS_ccl_a_buf_00185          |            | CLKBUFX3 |  0.000 |  -0.053 |   -0.026 | 
     | uu_dtpath/CTS_ccl_a_buf_00185          | A ^ -> Y ^ | CLKBUFX3 |  0.025 |  -0.028 |   -0.002 | 
     | uu_dtpath/CTS_ccl_a_buf_00030          |            | CLKBUFX3 |  0.000 |  -0.028 |   -0.002 | 
     | uu_dtpath/CTS_ccl_a_buf_00030          | A ^ -> Y ^ | CLKBUFX3 |  0.022 |  -0.006 |    0.020 | 
     | uu_dtpath/uu_mem/CTS_cpc_drv_buf_00407 |            | CLKBUFX3 |  0.000 |  -0.006 |    0.020 | 
     | uu_dtpath/uu_mem/CTS_cpc_drv_buf_00407 | A ^ -> Y ^ | CLKBUFX3 |  0.022 |   0.015 |    0.042 | 
     | uu_dtpath/uu_mem/o_pc_plus4_reg[5]     |            | DFFRHQX1 |  0.000 |   0.015 |    0.042 | 
     +----------------------------------------------------------------------------------------------+ 
Path 9: MET Hold Check with Pin uu_dtpath/uu_mem/o_pc_plus4_reg[9]/CK 
Endpoint:   uu_dtpath/uu_mem/o_pc_plus4_reg[9]/D   (v) checked with  leading 
edge of 'clk'
Beginpoint: uu_dtpath/uu_exec/pc_plus4_ff_reg[9]/Q (v) triggered by  leading 
edge of 'clk'
Path Groups: {clk}
Analysis View: hold
Retime Analysis { Data Path-Slew SI }
Other End Arrival Time          0.018
+ Hold                          0.002
+ Phase Shift                   0.000
+ Uncertainty                   0.010
= Required Time                 0.030
  Arrival Time                  0.057
  Slack Time                    0.027
= Slack Time(original)          0.027
     Clock Rise Edge                      0.000
     + Source Insertion Delay            -0.162
     = Beginpoint Arrival Time           -0.162
     Timing Path:
     +---------------------------------------------------------------------------------------------+ 
     |               Instance               |     Arc     |   Cell   | Retime | Arrival | Required | 
     |                                      |             |          |  Delay |  Time   |   Time   | 
     |--------------------------------------+-------------+----------+--------+---------+----------| 
     |                                      | clk ^       |          |        |  -0.162 |   -0.189 | 
     | uu_dtpath/CTS_ccl_a_buf_00286        |             | CLKBUFX3 |  0.005 |  -0.157 |   -0.184 | 
     | uu_dtpath/CTS_ccl_a_buf_00286        | A ^ -> Y ^  | CLKBUFX3 |  0.023 |  -0.134 |   -0.161 | 
     | uu_dtpath/CTS_ccl_a_buf_00282        |             | CLKBUFX3 |  0.000 |  -0.134 |   -0.161 | 
     | uu_dtpath/CTS_ccl_a_buf_00282        | A ^ -> Y ^  | CLKBUFX3 |  0.024 |  -0.110 |   -0.137 | 
     | uu_dtpath/CTS_ccl_a_buf_00274        |             | CLKBUFX4 |  0.000 |  -0.110 |   -0.137 | 
     | uu_dtpath/CTS_ccl_a_buf_00274        | A ^ -> Y ^  | CLKBUFX4 |  0.029 |  -0.081 |   -0.108 | 
     | uu_dtpath/CTS_ccl_a_buf_00260        |             | CLKBUFX4 |  0.000 |  -0.081 |   -0.108 | 
     | uu_dtpath/CTS_ccl_a_buf_00260        | A ^ -> Y ^  | CLKBUFX4 |  0.028 |  -0.053 |   -0.080 | 
     | uu_dtpath/CTS_ccl_a_buf_00185        |             | CLKBUFX3 |  0.000 |  -0.053 |   -0.080 | 
     | uu_dtpath/CTS_ccl_a_buf_00185        | A ^ -> Y ^  | CLKBUFX3 |  0.025 |  -0.029 |   -0.056 | 
     | uu_dtpath/CTS_ccl_a_buf_00019        |             | CLKBUFX4 |  0.000 |  -0.029 |   -0.056 | 
     | uu_dtpath/CTS_ccl_a_buf_00019        | A ^ -> Y ^  | CLKBUFX4 |  0.028 |  -0.001 |   -0.028 | 
     | uu_dtpath/uu_exec/pc_plus4_ff_reg[9] |             | DFFRHQX1 |  0.000 |  -0.001 |   -0.028 | 
     | uu_dtpath/uu_exec/pc_plus4_ff_reg[9] | CK ^ -> Q v | DFFRHQX1 |  0.058 |   0.057 |    0.030 | 
     | uu_dtpath/uu_mem/o_pc_plus4_reg[9]   |             | DFFRHQX1 |  0.000 |   0.057 |    0.030 | 
     +---------------------------------------------------------------------------------------------+ 
     Clock Rise Edge                      0.000
     + Source Insertion Delay            -0.162
     = Beginpoint Arrival Time           -0.162
     Other End Path:
     +------------------------------------------------------------------------------------------+ 
     |              Instance              |    Arc     |   Cell   | Retime | Arrival | Required | 
     |                                    |            |          |  Delay |  Time   |   Time   | 
     |------------------------------------+------------+----------+--------+---------+----------| 
     |                                    | clk ^      |          |        |  -0.162 |   -0.135 | 
     | uu_dtpath/CTS_ccl_a_buf_00286      |            | CLKBUFX3 |  0.005 |  -0.157 |   -0.130 | 
     | uu_dtpath/CTS_ccl_a_buf_00286      | A ^ -> Y ^ | CLKBUFX3 |  0.023 |  -0.134 |   -0.107 | 
     | uu_dtpath/CTS_ccl_a_buf_00282      |            | CLKBUFX3 |  0.000 |  -0.134 |   -0.107 | 
     | uu_dtpath/CTS_ccl_a_buf_00282      | A ^ -> Y ^ | CLKBUFX3 |  0.024 |  -0.110 |   -0.083 | 
     | uu_dtpath/CTS_ccl_a_buf_00274      |            | CLKBUFX4 |  0.000 |  -0.110 |   -0.083 | 
     | uu_dtpath/CTS_ccl_a_buf_00274      | A ^ -> Y ^ | CLKBUFX4 |  0.029 |  -0.081 |   -0.054 | 
     | uu_dtpath/CTS_ccl_a_buf_00242      |            | CLKBUFX3 |  0.000 |  -0.081 |   -0.054 | 
     | uu_dtpath/CTS_ccl_a_buf_00242      | A ^ -> Y ^ | CLKBUFX3 |  0.025 |  -0.056 |   -0.029 | 
     | uu_dtpath/CTS_ccl_a_buf_00193      |            | CLKBUFX3 |  0.000 |  -0.056 |   -0.029 | 
     | uu_dtpath/CTS_ccl_a_buf_00193      | A ^ -> Y ^ | CLKBUFX3 |  0.022 |  -0.034 |   -0.007 | 
     | uu_dtpath/CTS_cpc_drv_buf_00357    |            | CLKBUFX3 |  0.000 |  -0.034 |   -0.007 | 
     | uu_dtpath/CTS_cpc_drv_buf_00357    | A ^ -> Y ^ | CLKBUFX3 |  0.023 |  -0.010 |    0.016 | 
     | uu_dtpath/CTS_ccl_a_buf_00012      |            | CLKBUFX4 |  0.000 |  -0.010 |    0.016 | 
     | uu_dtpath/CTS_ccl_a_buf_00012      | A ^ -> Y ^ | CLKBUFX4 |  0.028 |   0.018 |    0.045 | 
     | uu_dtpath/uu_mem/o_pc_plus4_reg[9] |            | DFFRHQX1 |  0.000 |   0.018 |    0.045 | 
     +------------------------------------------------------------------------------------------+ 
Path 10: MET Hold Check with Pin uu_dtpath/uu_exec/pc_plus4_ff_reg[2]/CK 
Endpoint:   uu_dtpath/uu_exec/pc_plus4_ff_reg[2]/D (v) checked with  leading 
edge of 'clk'
Beginpoint: uu_dtpath/uu_dec/o_pc_plus4_reg[2]/Q   (v) triggered by  leading 
edge of 'clk'
Path Groups: {clk}
Analysis View: hold
Retime Analysis { Data Path-Slew SI }
Other End Arrival Time          0.016
+ Hold                          0.001
+ Phase Shift                   0.000
+ Uncertainty                   0.010
= Required Time                 0.027
  Arrival Time                  0.057
  Slack Time                    0.031
= Slack Time(original)          0.030
     Clock Rise Edge                      0.000
     + Source Insertion Delay            -0.162
     = Beginpoint Arrival Time           -0.162
     Timing Path:
     +---------------------------------------------------------------------------------------------+ 
     |               Instance               |     Arc     |   Cell   | Retime | Arrival | Required | 
     |                                      |             |          |  Delay |  Time   |   Time   | 
     |--------------------------------------+-------------+----------+--------+---------+----------| 
     |                                      | clk ^       |          |        |  -0.162 |   -0.193 | 
     | uu_dtpath/CTS_ccl_a_buf_00287        |             | BUFX2    |  0.005 |  -0.157 |   -0.188 | 
     | uu_dtpath/CTS_ccl_a_buf_00287        | A ^ -> Y ^  | BUFX2    |  0.023 |  -0.134 |   -0.165 | 
     | uu_dtpath/CTS_ccl_a_buf_00283        |             | CLKBUFX4 |  0.000 |  -0.134 |   -0.165 | 
     | uu_dtpath/CTS_ccl_a_buf_00283        | A ^ -> Y ^  | CLKBUFX4 |  0.027 |  -0.107 |   -0.138 | 
     | uu_dtpath/CTS_ccl_a_buf_00276        |             | CLKBUFX3 |  0.000 |  -0.107 |   -0.138 | 
     | uu_dtpath/CTS_ccl_a_buf_00276        | A ^ -> Y ^  | CLKBUFX3 |  0.025 |  -0.082 |   -0.113 | 
     | uu_dtpath/CTS_ccl_a_buf_00238        |             | CLKBUFX4 |  0.000 |  -0.082 |   -0.113 | 
     | uu_dtpath/CTS_ccl_a_buf_00238        | A ^ -> Y ^  | CLKBUFX4 |  0.027 |  -0.055 |   -0.086 | 
     | uu_dtpath/CTS_ccl_a_buf_00190        |             | CLKBUFX3 |  0.000 |  -0.055 |   -0.086 | 
     | uu_dtpath/CTS_ccl_a_buf_00190        | A ^ -> Y ^  | CLKBUFX3 |  0.024 |  -0.031 |   -0.062 | 
     | uu_dtpath/CTS_ccl_a_buf_00046        |             | CLKBUFX4 |  0.000 |  -0.031 |   -0.062 | 
     | uu_dtpath/CTS_ccl_a_buf_00046        | A ^ -> Y ^  | CLKBUFX4 |  0.028 |  -0.003 |   -0.034 | 
     | uu_dtpath/uu_dec/o_pc_plus4_reg[2]   |             | DFFRHQX1 |  0.000 |  -0.003 |   -0.034 | 
     | uu_dtpath/uu_dec/o_pc_plus4_reg[2]   | CK ^ -> Q v | DFFRHQX1 |  0.061 |   0.057 |    0.027 | 
     | uu_dtpath/uu_exec/pc_plus4_ff_reg[2] |             | DFFRHQX1 |  0.000 |   0.057 |    0.027 | 
     +---------------------------------------------------------------------------------------------+ 
     Clock Rise Edge                      0.000
     + Source Insertion Delay            -0.162
     = Beginpoint Arrival Time           -0.162
     Other End Path:
     +--------------------------------------------------------------------------------------------+ 
     |               Instance               |    Arc     |   Cell   | Retime | Arrival | Required | 
     |                                      |            |          |  Delay |  Time   |   Time   | 
     |--------------------------------------+------------+----------+--------+---------+----------| 
     |                                      | clk ^      |          |        |  -0.162 |   -0.132 | 
     | uu_dtpath/CTS_ccl_a_buf_00286        |            | CLKBUFX3 |  0.005 |  -0.157 |   -0.127 | 
     | uu_dtpath/CTS_ccl_a_buf_00286        | A ^ -> Y ^ | CLKBUFX3 |  0.023 |  -0.134 |   -0.103 | 
     | uu_dtpath/CTS_ccl_a_buf_00282        |            | CLKBUFX3 |  0.000 |  -0.134 |   -0.103 | 
     | uu_dtpath/CTS_ccl_a_buf_00282        | A ^ -> Y ^ | CLKBUFX3 |  0.024 |  -0.110 |   -0.080 | 
     | uu_dtpath/CTS_ccl_a_buf_00274        |            | CLKBUFX4 |  0.000 |  -0.110 |   -0.079 | 
     | uu_dtpath/CTS_ccl_a_buf_00274        | A ^ -> Y ^ | CLKBUFX4 |  0.029 |  -0.081 |   -0.050 | 
     | uu_dtpath/CTS_ccl_a_buf_00242        |            | CLKBUFX3 |  0.000 |  -0.081 |   -0.050 | 
     | uu_dtpath/CTS_ccl_a_buf_00242        | A ^ -> Y ^ | CLKBUFX3 |  0.025 |  -0.056 |   -0.025 | 
     | uu_dtpath/CTS_ccl_a_buf_00193        |            | CLKBUFX3 |  0.000 |  -0.056 |   -0.025 | 
     | uu_dtpath/CTS_ccl_a_buf_00193        | A ^ -> Y ^ | CLKBUFX3 |  0.022 |  -0.034 |   -0.003 | 
     | uu_dtpath/CTS_cpc_drv_buf_00358      |            | CLKBUFX3 |  0.000 |  -0.034 |   -0.003 | 
     | uu_dtpath/CTS_cpc_drv_buf_00358      | A ^ -> Y ^ | CLKBUFX3 |  0.022 |  -0.012 |    0.019 | 
     | uu_dtpath/CTS_ccl_a_buf_00014        |            | CLKBUFX4 |  0.000 |  -0.012 |    0.019 | 
     | uu_dtpath/CTS_ccl_a_buf_00014        | A ^ -> Y ^ | CLKBUFX4 |  0.028 |   0.016 |    0.047 | 
     | uu_dtpath/uu_exec/pc_plus4_ff_reg[2] |            | DFFRHQX1 |  0.000 |   0.016 |    0.047 | 
     +--------------------------------------------------------------------------------------------+ 
Path 11: MET Hold Check with Pin uu_dtpath/uu_exec/pc_plus4_ff_reg[1]/CK 
Endpoint:   uu_dtpath/uu_exec/pc_plus4_ff_reg[1]/D (v) checked with  leading 
edge of 'clk'
Beginpoint: uu_dtpath/uu_dec/o_pc_plus4_reg[1]/Q   (v) triggered by  leading 
edge of 'clk'
Path Groups: {clk}
Analysis View: hold
Retime Analysis { Data Path-Slew SI }
Other End Arrival Time          0.016
+ Hold                          0.001
+ Phase Shift                   0.000
+ Uncertainty                   0.010
= Required Time                 0.027
  Arrival Time                  0.060
  Slack Time                    0.033
= Slack Time(original)          0.033
     Clock Rise Edge                      0.000
     + Source Insertion Delay            -0.162
     = Beginpoint Arrival Time           -0.162
     Timing Path:
     +---------------------------------------------------------------------------------------------+ 
     |               Instance               |     Arc     |   Cell   | Retime | Arrival | Required | 
     |                                      |             |          |  Delay |  Time   |   Time   | 
     |--------------------------------------+-------------+----------+--------+---------+----------| 
     |                                      | clk ^       |          |        |  -0.162 |   -0.195 | 
     | uu_dtpath/CTS_ccl_a_buf_00286        |             | CLKBUFX3 |  0.005 |  -0.157 |   -0.190 | 
     | uu_dtpath/CTS_ccl_a_buf_00286        | A ^ -> Y ^  | CLKBUFX3 |  0.023 |  -0.134 |   -0.167 | 
     | uu_dtpath/CTS_ccl_a_buf_00282        |             | CLKBUFX3 |  0.000 |  -0.134 |   -0.167 | 
     | uu_dtpath/CTS_ccl_a_buf_00282        | A ^ -> Y ^  | CLKBUFX3 |  0.024 |  -0.110 |   -0.143 | 
     | uu_dtpath/CTS_ccl_a_buf_00274        |             | CLKBUFX4 |  0.000 |  -0.110 |   -0.143 | 
     | uu_dtpath/CTS_ccl_a_buf_00274        | A ^ -> Y ^  | CLKBUFX4 |  0.029 |  -0.081 |   -0.114 | 
     | uu_dtpath/CTS_ccl_a_buf_00260        |             | CLKBUFX4 |  0.000 |  -0.081 |   -0.114 | 
     | uu_dtpath/CTS_ccl_a_buf_00260        | A ^ -> Y ^  | CLKBUFX4 |  0.028 |  -0.053 |   -0.086 | 
     | uu_dtpath/CTS_ccl_a_buf_00185        |             | CLKBUFX3 |  0.000 |  -0.053 |   -0.086 | 
     | uu_dtpath/CTS_ccl_a_buf_00185        | A ^ -> Y ^  | CLKBUFX3 |  0.025 |  -0.029 |   -0.062 | 
     | uu_dtpath/CTS_ccl_a_buf_00013        |             | CLKBUFX4 |  0.000 |  -0.029 |   -0.062 | 
     | uu_dtpath/CTS_ccl_a_buf_00013        | A ^ -> Y ^  | CLKBUFX4 |  0.030 |   0.002 |   -0.031 | 
     | uu_dtpath/uu_dec/o_pc_plus4_reg[1]   |             | DFFRHQX1 |  0.000 |   0.002 |   -0.031 | 
     | uu_dtpath/uu_dec/o_pc_plus4_reg[1]   | CK ^ -> Q v | DFFRHQX1 |  0.058 |   0.060 |    0.027 | 
     | uu_dtpath/uu_exec/pc_plus4_ff_reg[1] |             | DFFRHQX1 |  0.000 |   0.060 |    0.027 | 
     +---------------------------------------------------------------------------------------------+ 
     Clock Rise Edge                      0.000
     + Source Insertion Delay            -0.162
     = Beginpoint Arrival Time           -0.162
     Other End Path:
     +--------------------------------------------------------------------------------------------+ 
     |               Instance               |    Arc     |   Cell   | Retime | Arrival | Required | 
     |                                      |            |          |  Delay |  Time   |   Time   | 
     |--------------------------------------+------------+----------+--------+---------+----------| 
     |                                      | clk ^      |          |        |  -0.162 |   -0.129 | 
     | uu_dtpath/CTS_ccl_a_buf_00286        |            | CLKBUFX3 |  0.005 |  -0.157 |   -0.124 | 
     | uu_dtpath/CTS_ccl_a_buf_00286        | A ^ -> Y ^ | CLKBUFX3 |  0.023 |  -0.134 |   -0.101 | 
     | uu_dtpath/CTS_ccl_a_buf_00282        |            | CLKBUFX3 |  0.000 |  -0.134 |   -0.101 | 
     | uu_dtpath/CTS_ccl_a_buf_00282        | A ^ -> Y ^ | CLKBUFX3 |  0.024 |  -0.110 |   -0.077 | 
     | uu_dtpath/CTS_ccl_a_buf_00274        |            | CLKBUFX4 |  0.000 |  -0.110 |   -0.077 | 
     | uu_dtpath/CTS_ccl_a_buf_00274        | A ^ -> Y ^ | CLKBUFX4 |  0.029 |  -0.081 |   -0.048 | 
     | uu_dtpath/CTS_ccl_a_buf_00242        |            | CLKBUFX3 |  0.000 |  -0.081 |   -0.048 | 
     | uu_dtpath/CTS_ccl_a_buf_00242        | A ^ -> Y ^ | CLKBUFX3 |  0.025 |  -0.056 |   -0.023 | 
     | uu_dtpath/CTS_ccl_a_buf_00193        |            | CLKBUFX3 |  0.000 |  -0.056 |   -0.023 | 
     | uu_dtpath/CTS_ccl_a_buf_00193        | A ^ -> Y ^ | CLKBUFX3 |  0.022 |  -0.034 |   -0.001 | 
     | uu_dtpath/CTS_cpc_drv_buf_00357      |            | CLKBUFX3 |  0.000 |  -0.034 |   -0.001 | 
     | uu_dtpath/CTS_cpc_drv_buf_00357      | A ^ -> Y ^ | CLKBUFX3 |  0.023 |  -0.010 |    0.023 | 
     | uu_dtpath/CTS_ccl_a_buf_00031        |            | CLKBUFX4 |  0.000 |  -0.010 |    0.023 | 
     | uu_dtpath/CTS_ccl_a_buf_00031        | A ^ -> Y ^ | CLKBUFX4 |  0.026 |   0.016 |    0.049 | 
     | uu_dtpath/uu_exec/pc_plus4_ff_reg[1] |            | DFFRHQX1 |  0.000 |   0.016 |    0.049 | 
     +--------------------------------------------------------------------------------------------+ 
Path 12: MET Hold Check with Pin uu_dtpath/uu_mem/o_regWrite_reg/CK 
Endpoint:   uu_dtpath/uu_mem/o_regWrite_reg/D  (v) checked with  leading edge 
of 'clk'
Beginpoint: uu_dtpath/uu_exec/o_regWrite_reg/Q (v) triggered by  leading edge 
of 'clk'
Path Groups: {clk}
Analysis View: hold
Retime Analysis { Data Path-Slew SI }
Other End Arrival Time          0.012
+ Hold                         -0.000
+ Phase Shift                   0.000
+ Uncertainty                   0.010
= Required Time                 0.022
  Arrival Time                  0.057
  Slack Time                    0.035
= Slack Time(original)          0.035
     Clock Rise Edge                      0.000
     + Source Insertion Delay            -0.162
     = Beginpoint Arrival Time           -0.162
     Timing Path:
     +-----------------------------------------------------------------------------------------+ 
     |             Instance             |     Arc     |   Cell   | Retime | Arrival | Required | 
     |                                  |             |          |  Delay |  Time   |   Time   | 
     |----------------------------------+-------------+----------+--------+---------+----------| 
     |                                  | clk ^       |          |        |  -0.162 |   -0.197 | 
     | uu_dtpath/CTS_ccl_a_buf_00287    |             | BUFX2    |  0.005 |  -0.157 |   -0.192 | 
     | uu_dtpath/CTS_ccl_a_buf_00287    | A ^ -> Y ^  | BUFX2    |  0.023 |  -0.134 |   -0.169 | 
     | uu_dtpath/CTS_ccl_a_buf_00283    |             | CLKBUFX4 |  0.000 |  -0.134 |   -0.169 | 
     | uu_dtpath/CTS_ccl_a_buf_00283    | A ^ -> Y ^  | CLKBUFX4 |  0.027 |  -0.107 |   -0.142 | 
     | uu_dtpath/CTS_ccl_a_buf_00273    |             | CLKBUFX3 |  0.000 |  -0.107 |   -0.142 | 
     | uu_dtpath/CTS_ccl_a_buf_00273    | A ^ -> Y ^  | CLKBUFX3 |  0.022 |  -0.085 |   -0.120 | 
     | uu_dtpath/CTS_ccl_a_buf_00261    |             | CLKBUFX4 |  0.000 |  -0.085 |   -0.120 | 
     | uu_dtpath/CTS_ccl_a_buf_00261    | A ^ -> Y ^  | CLKBUFX4 |  0.027 |  -0.058 |   -0.093 | 
     | uu_dtpath/CTS_ccl_a_buf_00194    |             | CLKBUFX3 |  0.000 |  -0.058 |   -0.093 | 
     | uu_dtpath/CTS_ccl_a_buf_00194    | A ^ -> Y ^  | CLKBUFX3 |  0.025 |  -0.032 |   -0.067 | 
     | uu_dtpath/CTS_ccl_a_buf_00051    |             | CLKBUFX4 |  0.000 |  -0.032 |   -0.067 | 
     | uu_dtpath/CTS_ccl_a_buf_00051    | A ^ -> Y ^  | CLKBUFX4 |  0.028 |  -0.005 |   -0.040 | 
     | uu_dtpath/uu_exec/o_regWrite_reg |             | DFFRX1   |  0.000 |  -0.005 |   -0.040 | 
     | uu_dtpath/uu_exec/o_regWrite_reg | CK ^ -> Q v | DFFRX1   |  0.061 |   0.057 |    0.022 | 
     | uu_dtpath/uu_mem/o_regWrite_reg  |             | DFFRHQX1 |  0.000 |   0.057 |    0.022 | 
     +-----------------------------------------------------------------------------------------+ 
     Clock Rise Edge                      0.000
     + Source Insertion Delay            -0.162
     = Beginpoint Arrival Time           -0.162
     Other End Path:
     +---------------------------------------------------------------------------------------+ 
     |            Instance             |    Arc     |   Cell   | Retime | Arrival | Required | 
     |                                 |            |          |  Delay |  Time   |   Time   | 
     |---------------------------------+------------+----------+--------+---------+----------| 
     |                                 | clk ^      |          |        |  -0.162 |   -0.127 | 
     | uu_dtpath/CTS_ccl_a_buf_00287   |            | BUFX2    |  0.005 |  -0.157 |   -0.122 | 
     | uu_dtpath/CTS_ccl_a_buf_00287   | A ^ -> Y ^ | BUFX2    |  0.023 |  -0.134 |   -0.099 | 
     | uu_dtpath/CTS_ccl_a_buf_00283   |            | CLKBUFX4 |  0.000 |  -0.134 |   -0.099 | 
     | uu_dtpath/CTS_ccl_a_buf_00283   | A ^ -> Y ^ | CLKBUFX4 |  0.027 |  -0.107 |   -0.072 | 
     | uu_dtpath/CTS_ccl_a_buf_00273   |            | CLKBUFX3 |  0.000 |  -0.107 |   -0.072 | 
     | uu_dtpath/CTS_ccl_a_buf_00273   | A ^ -> Y ^ | CLKBUFX3 |  0.022 |  -0.085 |   -0.050 | 
     | uu_dtpath/CTS_ccl_a_buf_00261   |            | CLKBUFX4 |  0.000 |  -0.085 |   -0.050 | 
     | uu_dtpath/CTS_ccl_a_buf_00261   | A ^ -> Y ^ | CLKBUFX4 |  0.027 |  -0.057 |   -0.022 | 
     | uu_dtpath/CTS_ccl_a_buf_00194   |            | CLKBUFX3 |  0.000 |  -0.057 |   -0.022 | 
     | uu_dtpath/CTS_ccl_a_buf_00194   | A ^ -> Y ^ | CLKBUFX3 |  0.025 |  -0.032 |    0.003 | 
     | uu_dtpath/CTS_ccl_a_buf_00002   |            | CLKBUFX3 |  0.000 |  -0.032 |    0.003 | 
     | uu_dtpath/CTS_ccl_a_buf_00002   | A ^ -> Y ^ | CLKBUFX3 |  0.022 |  -0.010 |    0.025 | 
     | uu_dtpath/CTS_cpc_drv_buf_00418 |            | CLKBUFX3 |  0.000 |  -0.010 |    0.025 | 
     | uu_dtpath/CTS_cpc_drv_buf_00418 | A ^ -> Y ^ | CLKBUFX3 |  0.022 |   0.012 |    0.047 | 
     | uu_dtpath/uu_mem/o_regWrite_reg |            | DFFRHQX1 |  0.000 |   0.012 |    0.047 | 
     +---------------------------------------------------------------------------------------+ 
Path 13: MET Hold Check with Pin uu_dtpath/uu_exec/wr_addr_reg_ff_reg[4]/CK 
Endpoint:   uu_dtpath/uu_exec/wr_addr_reg_ff_reg[4]/D (v) checked with  leading 
edge of 'clk'
Beginpoint: uu_dtpath/uu_dec/o_wr_addr_reg_reg[4]/Q   (v) triggered by  leading 
edge of 'clk'
Path Groups: {clk}
Analysis View: hold
Retime Analysis { Data Path-Slew SI }
Other End Arrival Time          0.012
+ Hold                          0.000
+ Phase Shift                   0.000
+ Uncertainty                   0.010
= Required Time                 0.022
  Arrival Time                  0.059
  Slack Time                    0.037
= Slack Time(original)          0.037
     Clock Rise Edge                      0.000
     + Source Insertion Delay            -0.162
     = Beginpoint Arrival Time           -0.162
     Timing Path:
     +------------------------------------------------------------------------------------------------+ 
     |                Instance                 |     Arc     |   Cell   | Retime | Arrival | Required | 
     |                                         |             |          |  Delay |  Time   |   Time   | 
     |-----------------------------------------+-------------+----------+--------+---------+----------| 
     |                                         | clk ^       |          |        |  -0.162 |   -0.199 | 
     | uu_dtpath/CTS_ccl_a_buf_00287           |             | BUFX2    |  0.005 |  -0.157 |   -0.194 | 
     | uu_dtpath/CTS_ccl_a_buf_00287           | A ^ -> Y ^  | BUFX2    |  0.023 |  -0.134 |   -0.171 | 
     | uu_dtpath/CTS_ccl_a_buf_00283           |             | CLKBUFX4 |  0.000 |  -0.134 |   -0.171 | 
     | uu_dtpath/CTS_ccl_a_buf_00283           | A ^ -> Y ^  | CLKBUFX4 |  0.027 |  -0.107 |   -0.144 | 
     | uu_dtpath/CTS_ccl_a_buf_00273           |             | CLKBUFX3 |  0.000 |  -0.107 |   -0.144 | 
     | uu_dtpath/CTS_ccl_a_buf_00273           | A ^ -> Y ^  | CLKBUFX3 |  0.022 |  -0.085 |   -0.122 | 
     | uu_dtpath/CTS_ccl_a_buf_00261           |             | CLKBUFX4 |  0.000 |  -0.085 |   -0.122 | 
     | uu_dtpath/CTS_ccl_a_buf_00261           | A ^ -> Y ^  | CLKBUFX4 |  0.027 |  -0.058 |   -0.094 | 
     | uu_dtpath/CTS_ccl_a_buf_00194           |             | CLKBUFX3 |  0.000 |  -0.058 |   -0.094 | 
     | uu_dtpath/CTS_ccl_a_buf_00194           | A ^ -> Y ^  | CLKBUFX3 |  0.025 |  -0.032 |   -0.069 | 
     | uu_dtpath/CTS_ccl_a_buf_00051           |             | CLKBUFX4 |  0.000 |  -0.032 |   -0.069 | 
     | uu_dtpath/CTS_ccl_a_buf_00051           | A ^ -> Y ^  | CLKBUFX4 |  0.028 |  -0.005 |   -0.042 | 
     | uu_dtpath/uu_dec/o_wr_addr_reg_reg[4]   |             | DFFRHQX1 |  0.000 |  -0.005 |   -0.042 | 
     | uu_dtpath/uu_dec/o_wr_addr_reg_reg[4]   | CK ^ -> Q v | DFFRHQX1 |  0.063 |   0.059 |    0.022 | 
     | uu_dtpath/uu_exec/wr_addr_reg_ff_reg[4] |             | DFFRHQX2 |  0.000 |   0.059 |    0.022 | 
     +------------------------------------------------------------------------------------------------+ 
     Clock Rise Edge                      0.000
     + Source Insertion Delay            -0.162
     = Beginpoint Arrival Time           -0.162
     Other End Path:
     +-----------------------------------------------------------------------------------------------+ 
     |                Instance                 |    Arc     |   Cell   | Retime | Arrival | Required | 
     |                                         |            |          |  Delay |  Time   |   Time   | 
     |-----------------------------------------+------------+----------+--------+---------+----------| 
     |                                         | clk ^      |          |        |  -0.162 |   -0.125 | 
     | uu_dtpath/CTS_ccl_a_buf_00287           |            | BUFX2    |  0.005 |  -0.157 |   -0.121 | 
     | uu_dtpath/CTS_ccl_a_buf_00287           | A ^ -> Y ^ | BUFX2    |  0.023 |  -0.134 |   -0.097 | 
     | uu_dtpath/CTS_ccl_a_buf_00283           |            | CLKBUFX4 |  0.000 |  -0.134 |   -0.097 | 
     | uu_dtpath/CTS_ccl_a_buf_00283           | A ^ -> Y ^ | CLKBUFX4 |  0.027 |  -0.107 |   -0.070 | 
     | uu_dtpath/CTS_ccl_a_buf_00273           |            | CLKBUFX3 |  0.000 |  -0.107 |   -0.070 | 
     | uu_dtpath/CTS_ccl_a_buf_00273           | A ^ -> Y ^ | CLKBUFX3 |  0.022 |  -0.085 |   -0.048 | 
     | uu_dtpath/CTS_ccl_a_buf_00261           |            | CLKBUFX4 |  0.000 |  -0.085 |   -0.048 | 
     | uu_dtpath/CTS_ccl_a_buf_00261           | A ^ -> Y ^ | CLKBUFX4 |  0.027 |  -0.057 |   -0.020 | 
     | uu_dtpath/CTS_ccl_a_buf_00194           |            | CLKBUFX3 |  0.000 |  -0.057 |   -0.020 | 
     | uu_dtpath/CTS_ccl_a_buf_00194           | A ^ -> Y ^ | CLKBUFX3 |  0.025 |  -0.032 |    0.005 | 
     | uu_dtpath/CTS_ccl_a_buf_00002           |            | CLKBUFX3 |  0.000 |  -0.032 |    0.005 | 
     | uu_dtpath/CTS_ccl_a_buf_00002           | A ^ -> Y ^ | CLKBUFX3 |  0.022 |  -0.010 |    0.026 | 
     | uu_dtpath/CTS_cpc_drv_buf_00418         |            | CLKBUFX3 |  0.000 |  -0.010 |    0.026 | 
     | uu_dtpath/CTS_cpc_drv_buf_00418         | A ^ -> Y ^ | CLKBUFX3 |  0.022 |   0.012 |    0.049 | 
     | uu_dtpath/uu_exec/wr_addr_reg_ff_reg[4] |            | DFFRHQX2 |  0.000 |   0.012 |    0.049 | 
     +-----------------------------------------------------------------------------------------------+ 
Path 14: MET Hold Check with Pin uu_dtpath/uu_mem/o_pcTarget_reg[21]/CK 
Endpoint:   uu_dtpath/uu_mem/o_pcTarget_reg[21]/D     (v) checked with  leading 
edge of 'clk'
Beginpoint: uu_dtpath/uu_exec/o_pcTarget_ff_reg[21]/Q (v) triggered by  leading 
edge of 'clk'
Path Groups: {clk}
Analysis View: hold
Retime Analysis { Data Path-Slew SI }
Other End Arrival Time         -0.000
+ Hold                          0.001
+ Phase Shift                   0.000
+ Uncertainty                   0.010
= Required Time                 0.011
  Arrival Time                  0.048
  Slack Time                    0.037
= Slack Time(original)          0.037
     Clock Rise Edge                      0.000
     + Source Insertion Delay            -0.162
     = Beginpoint Arrival Time           -0.162
     Timing Path:
     +------------------------------------------------------------------------------------------------+ 
     |                Instance                 |     Arc     |   Cell   | Retime | Arrival | Required | 
     |                                         |             |          |  Delay |  Time   |   Time   | 
     |-----------------------------------------+-------------+----------+--------+---------+----------| 
     |                                         | clk ^       |          |        |  -0.162 |   -0.200 | 
     | uu_dtpath/CTS_ccl_a_buf_00287           |             | BUFX2    |  0.005 |  -0.157 |   -0.195 | 
     | uu_dtpath/CTS_ccl_a_buf_00287           | A ^ -> Y ^  | BUFX2    |  0.023 |  -0.134 |   -0.172 | 
     | uu_dtpath/CTS_ccl_a_buf_00283           |             | CLKBUFX4 |  0.000 |  -0.134 |   -0.172 | 
     | uu_dtpath/CTS_ccl_a_buf_00283           | A ^ -> Y ^  | CLKBUFX4 |  0.027 |  -0.107 |   -0.144 | 
     | uu_dtpath/CTS_ccl_a_buf_00276           |             | CLKBUFX3 |  0.000 |  -0.107 |   -0.144 | 
     | uu_dtpath/CTS_ccl_a_buf_00276           | A ^ -> Y ^  | CLKBUFX3 |  0.025 |  -0.082 |   -0.119 | 
     | uu_dtpath/CTS_ccl_a_buf_00245           |             | CLKBUFX3 |  0.000 |  -0.082 |   -0.119 | 
     | uu_dtpath/CTS_ccl_a_buf_00245           | A ^ -> Y ^  | CLKBUFX3 |  0.024 |  -0.058 |   -0.095 | 
     | uu_dtpath/CTS_ccl_a_buf_00200           |             | CLKBUFX3 |  0.000 |  -0.058 |   -0.095 | 
     | uu_dtpath/CTS_ccl_a_buf_00200           | A ^ -> Y ^  | CLKBUFX3 |  0.023 |  -0.035 |   -0.072 | 
     | uu_dtpath/CTS_ccl_a_buf_00004           |             | CLKBUFX4 |  0.000 |  -0.035 |   -0.072 | 
     | uu_dtpath/CTS_ccl_a_buf_00004           | A ^ -> Y ^  | CLKBUFX4 |  0.027 |  -0.008 |   -0.045 | 
     | uu_dtpath/uu_exec/o_pcTarget_ff_reg[21] |             | DFFRHQX1 |  0.000 |  -0.008 |   -0.045 | 
     | uu_dtpath/uu_exec/o_pcTarget_ff_reg[21] | CK ^ -> Q v | DFFRHQX1 |  0.056 |   0.048 |    0.011 | 
     | uu_dtpath/uu_mem/o_pcTarget_reg[21]     |             | DFFRHQX1 |  0.000 |   0.048 |    0.011 | 
     +------------------------------------------------------------------------------------------------+ 
     Clock Rise Edge                      0.000
     + Source Insertion Delay            -0.162
     = Beginpoint Arrival Time           -0.162
     Other End Path:
     +-------------------------------------------------------------------------------------------+ 
     |              Instance               |    Arc     |   Cell   | Retime | Arrival | Required | 
     |                                     |            |          |  Delay |  Time   |   Time   | 
     |-------------------------------------+------------+----------+--------+---------+----------| 
     |                                     | clk ^      |          |        |  -0.162 |   -0.125 | 
     | uu_dtpath/CTS_ccl_a_buf_00287       |            | BUFX2    |  0.005 |  -0.157 |   -0.120 | 
     | uu_dtpath/CTS_ccl_a_buf_00287       | A ^ -> Y ^ | BUFX2    |  0.023 |  -0.134 |   -0.097 | 
     | uu_dtpath/CTS_ccl_a_buf_00283       |            | CLKBUFX4 |  0.000 |  -0.134 |   -0.097 | 
     | uu_dtpath/CTS_ccl_a_buf_00283       | A ^ -> Y ^ | CLKBUFX4 |  0.027 |  -0.107 |   -0.069 | 
     | uu_dtpath/CTS_ccl_a_buf_00276       |            | CLKBUFX3 |  0.000 |  -0.107 |   -0.069 | 
     | uu_dtpath/CTS_ccl_a_buf_00276       | A ^ -> Y ^ | CLKBUFX3 |  0.025 |  -0.082 |   -0.044 | 
     | uu_dtpath/CTS_ccl_a_buf_00238       |            | CLKBUFX4 |  0.000 |  -0.082 |   -0.044 | 
     | uu_dtpath/CTS_ccl_a_buf_00238       | A ^ -> Y ^ | CLKBUFX4 |  0.027 |  -0.055 |   -0.017 | 
     | uu_dtpath/CTS_ccl_a_buf_00184       |            | CLKBUFX4 |  0.000 |  -0.055 |   -0.017 | 
     | uu_dtpath/CTS_ccl_a_buf_00184       | A ^ -> Y ^ | CLKBUFX4 |  0.027 |  -0.028 |    0.010 | 
     | uu_dtpath/CTS_ccl_a_buf_00006       |            | CLKBUFX4 |  0.000 |  -0.028 |    0.010 | 
     | uu_dtpath/CTS_ccl_a_buf_00006       | A ^ -> Y ^ | CLKBUFX4 |  0.027 |  -0.000 |    0.037 | 
     | uu_dtpath/uu_mem/o_pcTarget_reg[21] |            | DFFRHQX1 |  0.000 |  -0.000 |    0.037 | 
     +-------------------------------------------------------------------------------------------+ 
Path 15: MET Hold Check with Pin uu_dtpath/uu_mem/o_readData_reg[21]/CK 
Endpoint:   uu_dtpath/uu_mem/o_readData_reg[21]/D (v) checked with  leading 
edge of 'clk'
Beginpoint: i_readData[21]                        (v) triggered by  leading 
edge of 'clk'
Path Groups: {clk}
Analysis View: hold
Retime Analysis { Data Path-Slew SI }
Other End Arrival Time         -0.001
+ Hold                          0.003
+ Phase Shift                   0.000
+ Uncertainty                   0.010
= Required Time                 0.012
  Arrival Time                  0.050
  Slack Time                    0.038
= Slack Time(original)          0.038
     Clock Rise Edge                      0.000
     + Input Delay                        0.050
     = Beginpoint Arrival Time            0.050
     Timing Path:
     +-------------------------------------------------------------------------------------------------+ 
     |              Instance               |       Arc        |   Cell   | Retime | Arrival | Required | 
     |                                     |                  |          |  Delay |  Time   |   Time   | 
     |-------------------------------------+------------------+----------+--------+---------+----------| 
     |                                     | i_readData[21] v |          |        |   0.050 |    0.012 | 
     | uu_dtpath/uu_mem/o_readData_reg[21] |                  | DFFRHQX1 |  0.000 |   0.050 |    0.012 | 
     +-------------------------------------------------------------------------------------------------+ 
     Clock Rise Edge                      0.000
     + Source Insertion Delay            -0.162
     = Beginpoint Arrival Time           -0.162
     Other End Path:
     +-------------------------------------------------------------------------------------------+ 
     |              Instance               |    Arc     |   Cell   | Retime | Arrival | Required | 
     |                                     |            |          |  Delay |  Time   |   Time   | 
     |-------------------------------------+------------+----------+--------+---------+----------| 
     |                                     | clk ^      |          |        |  -0.162 |   -0.124 | 
     | uu_dtpath/CTS_ccl_a_buf_00286       |            | CLKBUFX3 |  0.005 |  -0.157 |   -0.119 | 
     | uu_dtpath/CTS_ccl_a_buf_00286       | A ^ -> Y ^ | CLKBUFX3 |  0.023 |  -0.134 |   -0.096 | 
     | uu_dtpath/CTS_ccl_a_buf_00282       |            | CLKBUFX3 |  0.000 |  -0.134 |   -0.096 | 
     | uu_dtpath/CTS_ccl_a_buf_00282       | A ^ -> Y ^ | CLKBUFX3 |  0.024 |  -0.110 |   -0.072 | 
     | uu_dtpath/CTS_ccl_a_buf_00274       |            | CLKBUFX4 |  0.000 |  -0.110 |   -0.072 | 
     | uu_dtpath/CTS_ccl_a_buf_00274       | A ^ -> Y ^ | CLKBUFX4 |  0.029 |  -0.081 |   -0.043 | 
     | uu_dtpath/CTS_ccl_a_buf_00260       |            | CLKBUFX4 |  0.000 |  -0.081 |   -0.043 | 
     | uu_dtpath/CTS_ccl_a_buf_00260       | A ^ -> Y ^ | CLKBUFX4 |  0.028 |  -0.053 |   -0.015 | 
     | uu_dtpath/CTS_ccl_a_buf_00192       |            | CLKBUFX3 |  0.000 |  -0.053 |   -0.015 | 
     | uu_dtpath/CTS_ccl_a_buf_00192       | A ^ -> Y ^ | CLKBUFX3 |  0.023 |  -0.030 |    0.009 | 
     | uu_dtpath/CTS_ccl_a_buf_00033       |            | CLKBUFX4 |  0.000 |  -0.030 |    0.009 | 
     | uu_dtpath/CTS_ccl_a_buf_00033       | A ^ -> Y ^ | CLKBUFX4 |  0.028 |  -0.001 |    0.037 | 
     | uu_dtpath/uu_mem/o_readData_reg[21] |            | DFFRHQX1 |  0.000 |  -0.001 |    0.037 | 
     +-------------------------------------------------------------------------------------------+ 
Path 16: MET Hold Check with Pin uu_dtpath/uu_mem/o_readData_reg[22]/CK 
Endpoint:   uu_dtpath/uu_mem/o_readData_reg[22]/D (v) checked with  leading 
edge of 'clk'
Beginpoint: i_readData[22]                        (v) triggered by  leading 
edge of 'clk'
Path Groups: {clk}
Analysis View: hold
Retime Analysis { Data Path-Slew SI }
Other End Arrival Time         -0.001
+ Hold                          0.003
+ Phase Shift                   0.000
+ Uncertainty                   0.010
= Required Time                 0.012
  Arrival Time                  0.050
  Slack Time                    0.038
= Slack Time(original)          0.038
     Clock Rise Edge                      0.000
     + Input Delay                        0.050
     = Beginpoint Arrival Time            0.050
     Timing Path:
     +-------------------------------------------------------------------------------------------------+ 
     |              Instance               |       Arc        |   Cell   | Retime | Arrival | Required | 
     |                                     |                  |          |  Delay |  Time   |   Time   | 
     |-------------------------------------+------------------+----------+--------+---------+----------| 
     |                                     | i_readData[22] v |          |        |   0.050 |    0.012 | 
     | uu_dtpath/uu_mem/o_readData_reg[22] |                  | DFFRHQX1 |  0.000 |   0.050 |    0.012 | 
     +-------------------------------------------------------------------------------------------------+ 
     Clock Rise Edge                      0.000
     + Source Insertion Delay            -0.162
     = Beginpoint Arrival Time           -0.162
     Other End Path:
     +-------------------------------------------------------------------------------------------+ 
     |              Instance               |    Arc     |   Cell   | Retime | Arrival | Required | 
     |                                     |            |          |  Delay |  Time   |   Time   | 
     |-------------------------------------+------------+----------+--------+---------+----------| 
     |                                     | clk ^      |          |        |  -0.162 |   -0.124 | 
     | uu_dtpath/CTS_ccl_a_buf_00286       |            | CLKBUFX3 |  0.005 |  -0.157 |   -0.119 | 
     | uu_dtpath/CTS_ccl_a_buf_00286       | A ^ -> Y ^ | CLKBUFX3 |  0.023 |  -0.134 |   -0.096 | 
     | uu_dtpath/CTS_ccl_a_buf_00282       |            | CLKBUFX3 |  0.000 |  -0.134 |   -0.096 | 
     | uu_dtpath/CTS_ccl_a_buf_00282       | A ^ -> Y ^ | CLKBUFX3 |  0.024 |  -0.110 |   -0.072 | 
     | uu_dtpath/CTS_ccl_a_buf_00274       |            | CLKBUFX4 |  0.000 |  -0.110 |   -0.072 | 
     | uu_dtpath/CTS_ccl_a_buf_00274       | A ^ -> Y ^ | CLKBUFX4 |  0.029 |  -0.081 |   -0.043 | 
     | uu_dtpath/CTS_ccl_a_buf_00260       |            | CLKBUFX4 |  0.000 |  -0.081 |   -0.043 | 
     | uu_dtpath/CTS_ccl_a_buf_00260       | A ^ -> Y ^ | CLKBUFX4 |  0.028 |  -0.053 |   -0.015 | 
     | uu_dtpath/CTS_ccl_a_buf_00192       |            | CLKBUFX3 |  0.000 |  -0.053 |   -0.015 | 
     | uu_dtpath/CTS_ccl_a_buf_00192       | A ^ -> Y ^ | CLKBUFX3 |  0.023 |  -0.030 |    0.009 | 
     | uu_dtpath/CTS_ccl_a_buf_00033       |            | CLKBUFX4 |  0.000 |  -0.030 |    0.009 | 
     | uu_dtpath/CTS_ccl_a_buf_00033       | A ^ -> Y ^ | CLKBUFX4 |  0.028 |  -0.001 |    0.037 | 
     | uu_dtpath/uu_mem/o_readData_reg[22] |            | DFFRHQX1 |  0.000 |  -0.001 |    0.037 | 
     +-------------------------------------------------------------------------------------------+ 
Path 17: MET Hold Check with Pin uu_dtpath/uu_mem/o_readData_reg[14]/CK 
Endpoint:   uu_dtpath/uu_mem/o_readData_reg[14]/D (v) checked with  leading 
edge of 'clk'
Beginpoint: i_readData[14]                        (v) triggered by  leading 
edge of 'clk'
Path Groups: {clk}
Analysis View: hold
Retime Analysis { Data Path-Slew SI }
Other End Arrival Time         -0.002
+ Hold                          0.003
+ Phase Shift                   0.000
+ Uncertainty                   0.010
= Required Time                 0.011
  Arrival Time                  0.050
  Slack Time                    0.039
= Slack Time(original)          0.038
     Clock Rise Edge                      0.000
     + Input Delay                        0.050
     = Beginpoint Arrival Time            0.050
     Timing Path:
     +-------------------------------------------------------------------------------------------------+ 
     |              Instance               |       Arc        |   Cell   | Retime | Arrival | Required | 
     |                                     |                  |          |  Delay |  Time   |   Time   | 
     |-------------------------------------+------------------+----------+--------+---------+----------| 
     |                                     | i_readData[14] v |          |        |   0.050 |    0.011 | 
     | uu_dtpath/uu_mem/o_readData_reg[14] |                  | DFFRHQX1 |  0.000 |   0.050 |    0.011 | 
     +-------------------------------------------------------------------------------------------------+ 
     Clock Rise Edge                      0.000
     + Source Insertion Delay            -0.162
     = Beginpoint Arrival Time           -0.162
     Other End Path:
     +--------------------------------------------------------------------------------------------+ 
     |               Instance               |    Arc     |   Cell   | Retime | Arrival | Required | 
     |                                      |            |          |  Delay |  Time   |   Time   | 
     |--------------------------------------+------------+----------+--------+---------+----------| 
     |                                      | clk ^      |          |        |  -0.162 |   -0.123 | 
     | uu_dtpath/CTS_ccl_a_buf_00286        |            | CLKBUFX3 |  0.005 |  -0.157 |   -0.119 | 
     | uu_dtpath/CTS_ccl_a_buf_00286        | A ^ -> Y ^ | CLKBUFX3 |  0.023 |  -0.134 |   -0.095 | 
     | uu_dtpath/CTS_ccl_a_buf_00282        |            | CLKBUFX3 |  0.000 |  -0.134 |   -0.095 | 
     | uu_dtpath/CTS_ccl_a_buf_00282        | A ^ -> Y ^ | CLKBUFX3 |  0.024 |  -0.110 |   -0.071 | 
     | uu_dtpath/CTS_ccl_a_buf_00274        |            | CLKBUFX4 |  0.000 |  -0.110 |   -0.071 | 
     | uu_dtpath/CTS_ccl_a_buf_00274        | A ^ -> Y ^ | CLKBUFX4 |  0.029 |  -0.081 |   -0.042 | 
     | uu_dtpath/CTS_ccl_a_buf_00242        |            | CLKBUFX3 |  0.000 |  -0.081 |   -0.042 | 
     | uu_dtpath/CTS_ccl_a_buf_00242        | A ^ -> Y ^ | CLKBUFX3 |  0.025 |  -0.056 |   -0.017 | 
     | uu_dtpath/CTS_ccl_a_buf_00186        |            | CLKBUFX3 |  0.000 |  -0.056 |   -0.017 | 
     | uu_dtpath/CTS_ccl_a_buf_00186        | A ^ -> Y ^ | CLKBUFX3 |  0.024 |  -0.031 |    0.007 | 
     | uu_dtpath/uu_mem/CTS_ccl_a_buf_00032 |            | CLKBUFX4 |  0.000 |  -0.031 |    0.007 | 
     | uu_dtpath/uu_mem/CTS_ccl_a_buf_00032 | A ^ -> Y ^ | CLKBUFX4 |  0.030 |  -0.002 |    0.037 | 
     | uu_dtpath/uu_mem/o_readData_reg[14]  |            | DFFRHQX1 |  0.000 |  -0.002 |    0.037 | 
     +--------------------------------------------------------------------------------------------+ 
Path 18: MET Hold Check with Pin uu_dtpath/uu_mem/o_readData_reg[28]/CK 
Endpoint:   uu_dtpath/uu_mem/o_readData_reg[28]/D (v) checked with  leading 
edge of 'clk'
Beginpoint: i_readData[28]                        (v) triggered by  leading 
edge of 'clk'
Path Groups: {clk}
Analysis View: hold
Retime Analysis { Data Path-Slew SI }
Other End Arrival Time         -0.001
+ Hold                          0.003
+ Phase Shift                   0.000
+ Uncertainty                   0.010
= Required Time                 0.012
  Arrival Time                  0.050
  Slack Time                    0.038
= Slack Time(original)          0.038
     Clock Rise Edge                      0.000
     + Input Delay                        0.050
     = Beginpoint Arrival Time            0.050
     Timing Path:
     +-------------------------------------------------------------------------------------------------+ 
     |              Instance               |       Arc        |   Cell   | Retime | Arrival | Required | 
     |                                     |                  |          |  Delay |  Time   |   Time   | 
     |-------------------------------------+------------------+----------+--------+---------+----------| 
     |                                     | i_readData[28] v |          |        |   0.050 |    0.012 | 
     | uu_dtpath/uu_mem/o_readData_reg[28] |                  | DFFRHQX1 |  0.000 |   0.050 |    0.012 | 
     +-------------------------------------------------------------------------------------------------+ 
     Clock Rise Edge                      0.000
     + Source Insertion Delay            -0.162
     = Beginpoint Arrival Time           -0.162
     Other End Path:
     +-------------------------------------------------------------------------------------------+ 
     |              Instance               |    Arc     |   Cell   | Retime | Arrival | Required | 
     |                                     |            |          |  Delay |  Time   |   Time   | 
     |-------------------------------------+------------+----------+--------+---------+----------| 
     |                                     | clk ^      |          |        |  -0.162 |   -0.124 | 
     | uu_dtpath/CTS_ccl_a_buf_00286       |            | CLKBUFX3 |  0.005 |  -0.157 |   -0.119 | 
     | uu_dtpath/CTS_ccl_a_buf_00286       | A ^ -> Y ^ | CLKBUFX3 |  0.023 |  -0.134 |   -0.096 | 
     | uu_dtpath/CTS_ccl_a_buf_00282       |            | CLKBUFX3 |  0.000 |  -0.134 |   -0.096 | 
     | uu_dtpath/CTS_ccl_a_buf_00282       | A ^ -> Y ^ | CLKBUFX3 |  0.024 |  -0.110 |   -0.072 | 
     | uu_dtpath/CTS_ccl_a_buf_00274       |            | CLKBUFX4 |  0.000 |  -0.110 |   -0.072 | 
     | uu_dtpath/CTS_ccl_a_buf_00274       | A ^ -> Y ^ | CLKBUFX4 |  0.029 |  -0.081 |   -0.043 | 
     | uu_dtpath/CTS_ccl_a_buf_00260       |            | CLKBUFX4 |  0.000 |  -0.081 |   -0.043 | 
     | uu_dtpath/CTS_ccl_a_buf_00260       | A ^ -> Y ^ | CLKBUFX4 |  0.028 |  -0.053 |   -0.015 | 
     | uu_dtpath/CTS_ccl_a_buf_00192       |            | CLKBUFX3 |  0.000 |  -0.053 |   -0.015 | 
     | uu_dtpath/CTS_ccl_a_buf_00192       | A ^ -> Y ^ | CLKBUFX3 |  0.023 |  -0.030 |    0.009 | 
     | uu_dtpath/CTS_ccl_a_buf_00033       |            | CLKBUFX4 |  0.000 |  -0.030 |    0.009 | 
     | uu_dtpath/CTS_ccl_a_buf_00033       | A ^ -> Y ^ | CLKBUFX4 |  0.028 |  -0.001 |    0.037 | 
     | uu_dtpath/uu_mem/o_readData_reg[28] |            | DFFRHQX1 |  0.000 |  -0.001 |    0.037 | 
     +-------------------------------------------------------------------------------------------+ 
Path 19: MET Hold Check with Pin uu_dtpath/uu_mem/o_readData_reg[29]/CK 
Endpoint:   uu_dtpath/uu_mem/o_readData_reg[29]/D (v) checked with  leading 
edge of 'clk'
Beginpoint: i_readData[29]                        (v) triggered by  leading 
edge of 'clk'
Path Groups: {clk}
Analysis View: hold
Retime Analysis { Data Path-Slew SI }
Other End Arrival Time         -0.001
+ Hold                          0.003
+ Phase Shift                   0.000
+ Uncertainty                   0.010
= Required Time                 0.012
  Arrival Time                  0.050
  Slack Time                    0.038
= Slack Time(original)          0.038
     Clock Rise Edge                      0.000
     + Input Delay                        0.050
     = Beginpoint Arrival Time            0.050
     Timing Path:
     +-------------------------------------------------------------------------------------------------+ 
     |              Instance               |       Arc        |   Cell   | Retime | Arrival | Required | 
     |                                     |                  |          |  Delay |  Time   |   Time   | 
     |-------------------------------------+------------------+----------+--------+---------+----------| 
     |                                     | i_readData[29] v |          |        |   0.050 |    0.012 | 
     | uu_dtpath/uu_mem/o_readData_reg[29] |                  | DFFRHQX1 |  0.000 |   0.050 |    0.012 | 
     +-------------------------------------------------------------------------------------------------+ 
     Clock Rise Edge                      0.000
     + Source Insertion Delay            -0.162
     = Beginpoint Arrival Time           -0.162
     Other End Path:
     +-------------------------------------------------------------------------------------------+ 
     |              Instance               |    Arc     |   Cell   | Retime | Arrival | Required | 
     |                                     |            |          |  Delay |  Time   |   Time   | 
     |-------------------------------------+------------+----------+--------+---------+----------| 
     |                                     | clk ^      |          |        |  -0.162 |   -0.124 | 
     | uu_dtpath/CTS_ccl_a_buf_00286       |            | CLKBUFX3 |  0.005 |  -0.157 |   -0.119 | 
     | uu_dtpath/CTS_ccl_a_buf_00286       | A ^ -> Y ^ | CLKBUFX3 |  0.023 |  -0.134 |   -0.096 | 
     | uu_dtpath/CTS_ccl_a_buf_00282       |            | CLKBUFX3 |  0.000 |  -0.134 |   -0.096 | 
     | uu_dtpath/CTS_ccl_a_buf_00282       | A ^ -> Y ^ | CLKBUFX3 |  0.024 |  -0.110 |   -0.072 | 
     | uu_dtpath/CTS_ccl_a_buf_00274       |            | CLKBUFX4 |  0.000 |  -0.110 |   -0.072 | 
     | uu_dtpath/CTS_ccl_a_buf_00274       | A ^ -> Y ^ | CLKBUFX4 |  0.029 |  -0.081 |   -0.043 | 
     | uu_dtpath/CTS_ccl_a_buf_00260       |            | CLKBUFX4 |  0.000 |  -0.081 |   -0.043 | 
     | uu_dtpath/CTS_ccl_a_buf_00260       | A ^ -> Y ^ | CLKBUFX4 |  0.028 |  -0.053 |   -0.015 | 
     | uu_dtpath/CTS_ccl_a_buf_00192       |            | CLKBUFX3 |  0.000 |  -0.053 |   -0.015 | 
     | uu_dtpath/CTS_ccl_a_buf_00192       | A ^ -> Y ^ | CLKBUFX3 |  0.023 |  -0.030 |    0.009 | 
     | uu_dtpath/CTS_ccl_a_buf_00033       |            | CLKBUFX4 |  0.000 |  -0.030 |    0.009 | 
     | uu_dtpath/CTS_ccl_a_buf_00033       | A ^ -> Y ^ | CLKBUFX4 |  0.028 |  -0.001 |    0.037 | 
     | uu_dtpath/uu_mem/o_readData_reg[29] |            | DFFRHQX1 |  0.000 |  -0.001 |    0.037 | 
     +-------------------------------------------------------------------------------------------+ 
Path 20: MET Hold Check with Pin uu_dtpath/uu_mem/o_readData_reg[27]/CK 
Endpoint:   uu_dtpath/uu_mem/o_readData_reg[27]/D (v) checked with  leading 
edge of 'clk'
Beginpoint: i_readData[27]                        (v) triggered by  leading 
edge of 'clk'
Path Groups: {clk}
Analysis View: hold
Retime Analysis { Data Path-Slew SI }
Other End Arrival Time         -0.001
+ Hold                          0.003
+ Phase Shift                   0.000
+ Uncertainty                   0.010
= Required Time                 0.012
  Arrival Time                  0.050
  Slack Time                    0.038
= Slack Time(original)          0.038
     Clock Rise Edge                      0.000
     + Input Delay                        0.050
     = Beginpoint Arrival Time            0.050
     Timing Path:
     +-------------------------------------------------------------------------------------------------+ 
     |              Instance               |       Arc        |   Cell   | Retime | Arrival | Required | 
     |                                     |                  |          |  Delay |  Time   |   Time   | 
     |-------------------------------------+------------------+----------+--------+---------+----------| 
     |                                     | i_readData[27] v |          |        |   0.050 |    0.012 | 
     | uu_dtpath/uu_mem/o_readData_reg[27] |                  | DFFRHQX1 |  0.000 |   0.050 |    0.012 | 
     +-------------------------------------------------------------------------------------------------+ 
     Clock Rise Edge                      0.000
     + Source Insertion Delay            -0.162
     = Beginpoint Arrival Time           -0.162
     Other End Path:
     +-------------------------------------------------------------------------------------------+ 
     |              Instance               |    Arc     |   Cell   | Retime | Arrival | Required | 
     |                                     |            |          |  Delay |  Time   |   Time   | 
     |-------------------------------------+------------+----------+--------+---------+----------| 
     |                                     | clk ^      |          |        |  -0.162 |   -0.124 | 
     | uu_dtpath/CTS_ccl_a_buf_00286       |            | CLKBUFX3 |  0.005 |  -0.157 |   -0.119 | 
     | uu_dtpath/CTS_ccl_a_buf_00286       | A ^ -> Y ^ | CLKBUFX3 |  0.023 |  -0.134 |   -0.096 | 
     | uu_dtpath/CTS_ccl_a_buf_00282       |            | CLKBUFX3 |  0.000 |  -0.134 |   -0.096 | 
     | uu_dtpath/CTS_ccl_a_buf_00282       | A ^ -> Y ^ | CLKBUFX3 |  0.024 |  -0.110 |   -0.072 | 
     | uu_dtpath/CTS_ccl_a_buf_00274       |            | CLKBUFX4 |  0.000 |  -0.110 |   -0.072 | 
     | uu_dtpath/CTS_ccl_a_buf_00274       | A ^ -> Y ^ | CLKBUFX4 |  0.029 |  -0.081 |   -0.043 | 
     | uu_dtpath/CTS_ccl_a_buf_00260       |            | CLKBUFX4 |  0.000 |  -0.081 |   -0.043 | 
     | uu_dtpath/CTS_ccl_a_buf_00260       | A ^ -> Y ^ | CLKBUFX4 |  0.028 |  -0.053 |   -0.015 | 
     | uu_dtpath/CTS_ccl_a_buf_00192       |            | CLKBUFX3 |  0.000 |  -0.053 |   -0.015 | 
     | uu_dtpath/CTS_ccl_a_buf_00192       | A ^ -> Y ^ | CLKBUFX3 |  0.023 |  -0.030 |    0.009 | 
     | uu_dtpath/CTS_ccl_a_buf_00033       |            | CLKBUFX4 |  0.000 |  -0.030 |    0.009 | 
     | uu_dtpath/CTS_ccl_a_buf_00033       | A ^ -> Y ^ | CLKBUFX4 |  0.028 |  -0.001 |    0.037 | 
     | uu_dtpath/uu_mem/o_readData_reg[27] |            | DFFRHQX1 |  0.000 |  -0.001 |    0.037 | 
     +-------------------------------------------------------------------------------------------+ 
Path 21: MET Hold Check with Pin uu_dtpath/uu_mem/o_readData_reg[24]/CK 
Endpoint:   uu_dtpath/uu_mem/o_readData_reg[24]/D (v) checked with  leading 
edge of 'clk'
Beginpoint: i_readData[24]                        (v) triggered by  leading 
edge of 'clk'
Path Groups: {clk}
Analysis View: hold
Retime Analysis { Data Path-Slew SI }
Other End Arrival Time         -0.001
+ Hold                          0.003
+ Phase Shift                   0.000
+ Uncertainty                   0.010
= Required Time                 0.012
  Arrival Time                  0.050
  Slack Time                    0.038
= Slack Time(original)          0.038
     Clock Rise Edge                      0.000
     + Input Delay                        0.050
     = Beginpoint Arrival Time            0.050
     Timing Path:
     +-------------------------------------------------------------------------------------------------+ 
     |              Instance               |       Arc        |   Cell   | Retime | Arrival | Required | 
     |                                     |                  |          |  Delay |  Time   |   Time   | 
     |-------------------------------------+------------------+----------+--------+---------+----------| 
     |                                     | i_readData[24] v |          |        |   0.050 |    0.012 | 
     | uu_dtpath/uu_mem/o_readData_reg[24] |                  | DFFRHQX1 |  0.000 |   0.050 |    0.012 | 
     +-------------------------------------------------------------------------------------------------+ 
     Clock Rise Edge                      0.000
     + Source Insertion Delay            -0.162
     = Beginpoint Arrival Time           -0.162
     Other End Path:
     +-------------------------------------------------------------------------------------------+ 
     |              Instance               |    Arc     |   Cell   | Retime | Arrival | Required | 
     |                                     |            |          |  Delay |  Time   |   Time   | 
     |-------------------------------------+------------+----------+--------+---------+----------| 
     |                                     | clk ^      |          |        |  -0.162 |   -0.124 | 
     | uu_dtpath/CTS_ccl_a_buf_00286       |            | CLKBUFX3 |  0.005 |  -0.157 |   -0.119 | 
     | uu_dtpath/CTS_ccl_a_buf_00286       | A ^ -> Y ^ | CLKBUFX3 |  0.023 |  -0.134 |   -0.096 | 
     | uu_dtpath/CTS_ccl_a_buf_00282       |            | CLKBUFX3 |  0.000 |  -0.134 |   -0.096 | 
     | uu_dtpath/CTS_ccl_a_buf_00282       | A ^ -> Y ^ | CLKBUFX3 |  0.024 |  -0.110 |   -0.072 | 
     | uu_dtpath/CTS_ccl_a_buf_00274       |            | CLKBUFX4 |  0.000 |  -0.110 |   -0.072 | 
     | uu_dtpath/CTS_ccl_a_buf_00274       | A ^ -> Y ^ | CLKBUFX4 |  0.029 |  -0.081 |   -0.043 | 
     | uu_dtpath/CTS_ccl_a_buf_00260       |            | CLKBUFX4 |  0.000 |  -0.081 |   -0.043 | 
     | uu_dtpath/CTS_ccl_a_buf_00260       | A ^ -> Y ^ | CLKBUFX4 |  0.028 |  -0.053 |   -0.015 | 
     | uu_dtpath/CTS_ccl_a_buf_00192       |            | CLKBUFX3 |  0.000 |  -0.053 |   -0.015 | 
     | uu_dtpath/CTS_ccl_a_buf_00192       | A ^ -> Y ^ | CLKBUFX3 |  0.023 |  -0.030 |    0.009 | 
     | uu_dtpath/CTS_ccl_a_buf_00033       |            | CLKBUFX4 |  0.000 |  -0.030 |    0.009 | 
     | uu_dtpath/CTS_ccl_a_buf_00033       | A ^ -> Y ^ | CLKBUFX4 |  0.028 |  -0.001 |    0.037 | 
     | uu_dtpath/uu_mem/o_readData_reg[24] |            | DFFRHQX1 |  0.000 |  -0.001 |    0.037 | 
     +-------------------------------------------------------------------------------------------+ 
Path 22: MET Hold Check with Pin uu_dtpath/uu_mem/o_readData_reg[15]/CK 
Endpoint:   uu_dtpath/uu_mem/o_readData_reg[15]/D (v) checked with  leading 
edge of 'clk'
Beginpoint: i_readData[15]                        (v) triggered by  leading 
edge of 'clk'
Path Groups: {clk}
Analysis View: hold
Retime Analysis { Data Path-Slew SI }
Other End Arrival Time         -0.002
+ Hold                          0.003
+ Phase Shift                   0.000
+ Uncertainty                   0.010
= Required Time                 0.011
  Arrival Time                  0.050
  Slack Time                    0.039
= Slack Time(original)          0.038
     Clock Rise Edge                      0.000
     + Input Delay                        0.050
     = Beginpoint Arrival Time            0.050
     Timing Path:
     +-------------------------------------------------------------------------------------------------+ 
     |              Instance               |       Arc        |   Cell   | Retime | Arrival | Required | 
     |                                     |                  |          |  Delay |  Time   |   Time   | 
     |-------------------------------------+------------------+----------+--------+---------+----------| 
     |                                     | i_readData[15] v |          |        |   0.050 |    0.011 | 
     | uu_dtpath/uu_mem/o_readData_reg[15] |                  | DFFRHQX1 |  0.000 |   0.050 |    0.011 | 
     +-------------------------------------------------------------------------------------------------+ 
     Clock Rise Edge                      0.000
     + Source Insertion Delay            -0.162
     = Beginpoint Arrival Time           -0.162
     Other End Path:
     +--------------------------------------------------------------------------------------------+ 
     |               Instance               |    Arc     |   Cell   | Retime | Arrival | Required | 
     |                                      |            |          |  Delay |  Time   |   Time   | 
     |--------------------------------------+------------+----------+--------+---------+----------| 
     |                                      | clk ^      |          |        |  -0.162 |   -0.123 | 
     | uu_dtpath/CTS_ccl_a_buf_00286        |            | CLKBUFX3 |  0.005 |  -0.157 |   -0.119 | 
     | uu_dtpath/CTS_ccl_a_buf_00286        | A ^ -> Y ^ | CLKBUFX3 |  0.023 |  -0.134 |   -0.095 | 
     | uu_dtpath/CTS_ccl_a_buf_00282        |            | CLKBUFX3 |  0.000 |  -0.134 |   -0.095 | 
     | uu_dtpath/CTS_ccl_a_buf_00282        | A ^ -> Y ^ | CLKBUFX3 |  0.024 |  -0.110 |   -0.071 | 
     | uu_dtpath/CTS_ccl_a_buf_00274        |            | CLKBUFX4 |  0.000 |  -0.110 |   -0.071 | 
     | uu_dtpath/CTS_ccl_a_buf_00274        | A ^ -> Y ^ | CLKBUFX4 |  0.029 |  -0.081 |   -0.042 | 
     | uu_dtpath/CTS_ccl_a_buf_00242        |            | CLKBUFX3 |  0.000 |  -0.081 |   -0.042 | 
     | uu_dtpath/CTS_ccl_a_buf_00242        | A ^ -> Y ^ | CLKBUFX3 |  0.025 |  -0.056 |   -0.017 | 
     | uu_dtpath/CTS_ccl_a_buf_00186        |            | CLKBUFX3 |  0.000 |  -0.056 |   -0.017 | 
     | uu_dtpath/CTS_ccl_a_buf_00186        | A ^ -> Y ^ | CLKBUFX3 |  0.024 |  -0.031 |    0.007 | 
     | uu_dtpath/uu_mem/CTS_ccl_a_buf_00032 |            | CLKBUFX4 |  0.000 |  -0.031 |    0.007 | 
     | uu_dtpath/uu_mem/CTS_ccl_a_buf_00032 | A ^ -> Y ^ | CLKBUFX4 |  0.030 |  -0.002 |    0.037 | 
     | uu_dtpath/uu_mem/o_readData_reg[15]  |            | DFFRHQX1 |  0.000 |  -0.002 |    0.037 | 
     +--------------------------------------------------------------------------------------------+ 
Path 23: MET Hold Check with Pin uu_dtpath/uu_mem/o_readData_reg[26]/CK 
Endpoint:   uu_dtpath/uu_mem/o_readData_reg[26]/D (v) checked with  leading 
edge of 'clk'
Beginpoint: i_readData[26]                        (v) triggered by  leading 
edge of 'clk'
Path Groups: {clk}
Analysis View: hold
Retime Analysis { Data Path-Slew SI }
Other End Arrival Time         -0.001
+ Hold                          0.003
+ Phase Shift                   0.000
+ Uncertainty                   0.010
= Required Time                 0.012
  Arrival Time                  0.050
  Slack Time                    0.038
= Slack Time(original)          0.038
     Clock Rise Edge                      0.000
     + Input Delay                        0.050
     = Beginpoint Arrival Time            0.050
     Timing Path:
     +-------------------------------------------------------------------------------------------------+ 
     |              Instance               |       Arc        |   Cell   | Retime | Arrival | Required | 
     |                                     |                  |          |  Delay |  Time   |   Time   | 
     |-------------------------------------+------------------+----------+--------+---------+----------| 
     |                                     | i_readData[26] v |          |        |   0.050 |    0.012 | 
     | uu_dtpath/uu_mem/o_readData_reg[26] |                  | DFFRHQX1 |  0.000 |   0.050 |    0.012 | 
     +-------------------------------------------------------------------------------------------------+ 
     Clock Rise Edge                      0.000
     + Source Insertion Delay            -0.162
     = Beginpoint Arrival Time           -0.162
     Other End Path:
     +-------------------------------------------------------------------------------------------+ 
     |              Instance               |    Arc     |   Cell   | Retime | Arrival | Required | 
     |                                     |            |          |  Delay |  Time   |   Time   | 
     |-------------------------------------+------------+----------+--------+---------+----------| 
     |                                     | clk ^      |          |        |  -0.162 |   -0.124 | 
     | uu_dtpath/CTS_ccl_a_buf_00286       |            | CLKBUFX3 |  0.005 |  -0.157 |   -0.119 | 
     | uu_dtpath/CTS_ccl_a_buf_00286       | A ^ -> Y ^ | CLKBUFX3 |  0.023 |  -0.134 |   -0.096 | 
     | uu_dtpath/CTS_ccl_a_buf_00282       |            | CLKBUFX3 |  0.000 |  -0.134 |   -0.096 | 
     | uu_dtpath/CTS_ccl_a_buf_00282       | A ^ -> Y ^ | CLKBUFX3 |  0.024 |  -0.110 |   -0.072 | 
     | uu_dtpath/CTS_ccl_a_buf_00274       |            | CLKBUFX4 |  0.000 |  -0.110 |   -0.072 | 
     | uu_dtpath/CTS_ccl_a_buf_00274       | A ^ -> Y ^ | CLKBUFX4 |  0.029 |  -0.081 |   -0.043 | 
     | uu_dtpath/CTS_ccl_a_buf_00260       |            | CLKBUFX4 |  0.000 |  -0.081 |   -0.043 | 
     | uu_dtpath/CTS_ccl_a_buf_00260       | A ^ -> Y ^ | CLKBUFX4 |  0.028 |  -0.053 |   -0.015 | 
     | uu_dtpath/CTS_ccl_a_buf_00192       |            | CLKBUFX3 |  0.000 |  -0.053 |   -0.015 | 
     | uu_dtpath/CTS_ccl_a_buf_00192       | A ^ -> Y ^ | CLKBUFX3 |  0.023 |  -0.030 |    0.009 | 
     | uu_dtpath/CTS_ccl_a_buf_00033       |            | CLKBUFX4 |  0.000 |  -0.030 |    0.009 | 
     | uu_dtpath/CTS_ccl_a_buf_00033       | A ^ -> Y ^ | CLKBUFX4 |  0.028 |  -0.001 |    0.037 | 
     | uu_dtpath/uu_mem/o_readData_reg[26] |            | DFFRHQX1 |  0.000 |  -0.001 |    0.037 | 
     +-------------------------------------------------------------------------------------------+ 
Path 24: MET Hold Check with Pin uu_dtpath/uu_mem/o_readData_reg[30]/CK 
Endpoint:   uu_dtpath/uu_mem/o_readData_reg[30]/D (v) checked with  leading 
edge of 'clk'
Beginpoint: i_readData[30]                        (v) triggered by  leading 
edge of 'clk'
Path Groups: {clk}
Analysis View: hold
Retime Analysis { Data Path-Slew SI }
Other End Arrival Time         -0.001
+ Hold                          0.003
+ Phase Shift                   0.000
+ Uncertainty                   0.010
= Required Time                 0.012
  Arrival Time                  0.050
  Slack Time                    0.038
= Slack Time(original)          0.038
     Clock Rise Edge                      0.000
     + Input Delay                        0.050
     = Beginpoint Arrival Time            0.050
     Timing Path:
     +-------------------------------------------------------------------------------------------------+ 
     |              Instance               |       Arc        |   Cell   | Retime | Arrival | Required | 
     |                                     |                  |          |  Delay |  Time   |   Time   | 
     |-------------------------------------+------------------+----------+--------+---------+----------| 
     |                                     | i_readData[30] v |          |        |   0.050 |    0.012 | 
     | uu_dtpath/uu_mem/o_readData_reg[30] |                  | DFFRHQX1 |  0.000 |   0.050 |    0.012 | 
     +-------------------------------------------------------------------------------------------------+ 
     Clock Rise Edge                      0.000
     + Source Insertion Delay            -0.162
     = Beginpoint Arrival Time           -0.162
     Other End Path:
     +-------------------------------------------------------------------------------------------+ 
     |              Instance               |    Arc     |   Cell   | Retime | Arrival | Required | 
     |                                     |            |          |  Delay |  Time   |   Time   | 
     |-------------------------------------+------------+----------+--------+---------+----------| 
     |                                     | clk ^      |          |        |  -0.162 |   -0.124 | 
     | uu_dtpath/CTS_ccl_a_buf_00286       |            | CLKBUFX3 |  0.005 |  -0.157 |   -0.119 | 
     | uu_dtpath/CTS_ccl_a_buf_00286       | A ^ -> Y ^ | CLKBUFX3 |  0.023 |  -0.134 |   -0.096 | 
     | uu_dtpath/CTS_ccl_a_buf_00282       |            | CLKBUFX3 |  0.000 |  -0.134 |   -0.096 | 
     | uu_dtpath/CTS_ccl_a_buf_00282       | A ^ -> Y ^ | CLKBUFX3 |  0.024 |  -0.110 |   -0.072 | 
     | uu_dtpath/CTS_ccl_a_buf_00274       |            | CLKBUFX4 |  0.000 |  -0.110 |   -0.072 | 
     | uu_dtpath/CTS_ccl_a_buf_00274       | A ^ -> Y ^ | CLKBUFX4 |  0.029 |  -0.081 |   -0.043 | 
     | uu_dtpath/CTS_ccl_a_buf_00260       |            | CLKBUFX4 |  0.000 |  -0.081 |   -0.043 | 
     | uu_dtpath/CTS_ccl_a_buf_00260       | A ^ -> Y ^ | CLKBUFX4 |  0.028 |  -0.053 |   -0.015 | 
     | uu_dtpath/CTS_ccl_a_buf_00192       |            | CLKBUFX3 |  0.000 |  -0.053 |   -0.015 | 
     | uu_dtpath/CTS_ccl_a_buf_00192       | A ^ -> Y ^ | CLKBUFX3 |  0.023 |  -0.030 |    0.009 | 
     | uu_dtpath/CTS_ccl_a_buf_00033       |            | CLKBUFX4 |  0.000 |  -0.030 |    0.009 | 
     | uu_dtpath/CTS_ccl_a_buf_00033       | A ^ -> Y ^ | CLKBUFX4 |  0.028 |  -0.001 |    0.037 | 
     | uu_dtpath/uu_mem/o_readData_reg[30] |            | DFFRHQX1 |  0.000 |  -0.001 |    0.037 | 
     +-------------------------------------------------------------------------------------------+ 
Path 25: MET Hold Check with Pin uu_dtpath/uu_mem/o_readData_reg[4]/CK 
Endpoint:   uu_dtpath/uu_mem/o_readData_reg[4]/D (v) checked with  leading edge 
of 'clk'
Beginpoint: i_readData[4]                        (v) triggered by  leading edge 
of 'clk'
Path Groups: {clk}
Analysis View: hold
Retime Analysis { Data Path-Slew SI }
Other End Arrival Time         -0.002
+ Hold                          0.003
+ Phase Shift                   0.000
+ Uncertainty                   0.010
= Required Time                 0.011
  Arrival Time                  0.050
  Slack Time                    0.039
= Slack Time(original)          0.038
     Clock Rise Edge                      0.000
     + Input Delay                        0.050
     = Beginpoint Arrival Time            0.050
     Timing Path:
     +-----------------------------------------------------------------------------------------------+ 
     |              Instance              |       Arc       |   Cell   | Retime | Arrival | Required | 
     |                                    |                 |          |  Delay |  Time   |   Time   | 
     |------------------------------------+-----------------+----------+--------+---------+----------| 
     |                                    | i_readData[4] v |          |        |   0.050 |    0.011 | 
     | uu_dtpath/uu_mem/o_readData_reg[4] |                 | DFFRHQX1 |  0.000 |   0.050 |    0.011 | 
     +-----------------------------------------------------------------------------------------------+ 
     Clock Rise Edge                      0.000
     + Source Insertion Delay            -0.162
     = Beginpoint Arrival Time           -0.162
     Other End Path:
     +------------------------------------------------------------------------------------------+ 
     |              Instance              |    Arc     |   Cell   | Retime | Arrival | Required | 
     |                                    |            |          |  Delay |  Time   |   Time   | 
     |------------------------------------+------------+----------+--------+---------+----------| 
     |                                    | clk ^      |          |        |  -0.162 |   -0.124 | 
     | uu_dtpath/CTS_ccl_a_buf_00286      |            | CLKBUFX3 |  0.005 |  -0.157 |   -0.119 | 
     | uu_dtpath/CTS_ccl_a_buf_00286      | A ^ -> Y ^ | CLKBUFX3 |  0.023 |  -0.134 |   -0.095 | 
     | uu_dtpath/CTS_ccl_a_buf_00282      |            | CLKBUFX3 |  0.000 |  -0.134 |   -0.095 | 
     | uu_dtpath/CTS_ccl_a_buf_00282      | A ^ -> Y ^ | CLKBUFX3 |  0.024 |  -0.110 |   -0.072 | 
     | uu_dtpath/CTS_ccl_a_buf_00274      |            | CLKBUFX4 |  0.000 |  -0.110 |   -0.072 | 
     | uu_dtpath/CTS_ccl_a_buf_00274      | A ^ -> Y ^ | CLKBUFX4 |  0.029 |  -0.081 |   -0.042 | 
     | uu_dtpath/CTS_ccl_a_buf_00242      |            | CLKBUFX3 |  0.000 |  -0.081 |   -0.042 | 
     | uu_dtpath/CTS_ccl_a_buf_00242      | A ^ -> Y ^ | CLKBUFX3 |  0.025 |  -0.056 |   -0.017 | 
     | uu_dtpath/CTS_ccl_a_buf_00186      |            | CLKBUFX3 |  0.000 |  -0.056 |   -0.017 | 
     | uu_dtpath/CTS_ccl_a_buf_00186      | A ^ -> Y ^ | CLKBUFX3 |  0.024 |  -0.031 |    0.007 | 
     | uu_dtpath/CTS_ccl_a_buf_00015      |            | CLKBUFX4 |  0.000 |  -0.031 |    0.007 | 
     | uu_dtpath/CTS_ccl_a_buf_00015      | A ^ -> Y ^ | CLKBUFX4 |  0.030 |  -0.002 |    0.037 | 
     | uu_dtpath/uu_mem/o_readData_reg[4] |            | DFFRHQX1 |  0.000 |  -0.002 |    0.037 | 
     +------------------------------------------------------------------------------------------+ 
Path 26: MET Hold Check with Pin uu_dtpath/uu_mem/o_readData_reg[11]/CK 
Endpoint:   uu_dtpath/uu_mem/o_readData_reg[11]/D (v) checked with  leading 
edge of 'clk'
Beginpoint: i_readData[11]                        (v) triggered by  leading 
edge of 'clk'
Path Groups: {clk}
Analysis View: hold
Retime Analysis { Data Path-Slew SI }
Other End Arrival Time         -0.002
+ Hold                          0.003
+ Phase Shift                   0.000
+ Uncertainty                   0.010
= Required Time                 0.011
  Arrival Time                  0.050
  Slack Time                    0.039
= Slack Time(original)          0.038
     Clock Rise Edge                      0.000
     + Input Delay                        0.050
     = Beginpoint Arrival Time            0.050
     Timing Path:
     +-------------------------------------------------------------------------------------------------+ 
     |              Instance               |       Arc        |   Cell   | Retime | Arrival | Required | 
     |                                     |                  |          |  Delay |  Time   |   Time   | 
     |-------------------------------------+------------------+----------+--------+---------+----------| 
     |                                     | i_readData[11] v |          |        |   0.050 |    0.011 | 
     | uu_dtpath/uu_mem/o_readData_reg[11] |                  | DFFRHQX1 |  0.000 |   0.050 |    0.011 | 
     +-------------------------------------------------------------------------------------------------+ 
     Clock Rise Edge                      0.000
     + Source Insertion Delay            -0.162
     = Beginpoint Arrival Time           -0.162
     Other End Path:
     +--------------------------------------------------------------------------------------------+ 
     |               Instance               |    Arc     |   Cell   | Retime | Arrival | Required | 
     |                                      |            |          |  Delay |  Time   |   Time   | 
     |--------------------------------------+------------+----------+--------+---------+----------| 
     |                                      | clk ^      |          |        |  -0.162 |   -0.123 | 
     | uu_dtpath/CTS_ccl_a_buf_00286        |            | CLKBUFX3 |  0.005 |  -0.157 |   -0.119 | 
     | uu_dtpath/CTS_ccl_a_buf_00286        | A ^ -> Y ^ | CLKBUFX3 |  0.023 |  -0.134 |   -0.095 | 
     | uu_dtpath/CTS_ccl_a_buf_00282        |            | CLKBUFX3 |  0.000 |  -0.134 |   -0.095 | 
     | uu_dtpath/CTS_ccl_a_buf_00282        | A ^ -> Y ^ | CLKBUFX3 |  0.024 |  -0.110 |   -0.071 | 
     | uu_dtpath/CTS_ccl_a_buf_00274        |            | CLKBUFX4 |  0.000 |  -0.110 |   -0.071 | 
     | uu_dtpath/CTS_ccl_a_buf_00274        | A ^ -> Y ^ | CLKBUFX4 |  0.029 |  -0.081 |   -0.042 | 
     | uu_dtpath/CTS_ccl_a_buf_00242        |            | CLKBUFX3 |  0.000 |  -0.081 |   -0.042 | 
     | uu_dtpath/CTS_ccl_a_buf_00242        | A ^ -> Y ^ | CLKBUFX3 |  0.025 |  -0.056 |   -0.017 | 
     | uu_dtpath/CTS_ccl_a_buf_00186        |            | CLKBUFX3 |  0.000 |  -0.056 |   -0.017 | 
     | uu_dtpath/CTS_ccl_a_buf_00186        | A ^ -> Y ^ | CLKBUFX3 |  0.024 |  -0.031 |    0.007 | 
     | uu_dtpath/uu_mem/CTS_ccl_a_buf_00032 |            | CLKBUFX4 |  0.000 |  -0.031 |    0.007 | 
     | uu_dtpath/uu_mem/CTS_ccl_a_buf_00032 | A ^ -> Y ^ | CLKBUFX4 |  0.030 |  -0.002 |    0.037 | 
     | uu_dtpath/uu_mem/o_readData_reg[11]  |            | DFFRHQX1 |  0.000 |  -0.002 |    0.037 | 
     +--------------------------------------------------------------------------------------------+ 
Path 27: MET Hold Check with Pin uu_dtpath/uu_mem/o_readData_reg[23]/CK 
Endpoint:   uu_dtpath/uu_mem/o_readData_reg[23]/D (v) checked with  leading 
edge of 'clk'
Beginpoint: i_readData[23]                        (v) triggered by  leading 
edge of 'clk'
Path Groups: {clk}
Analysis View: hold
Retime Analysis { Data Path-Slew SI }
Other End Arrival Time         -0.001
+ Hold                          0.003
+ Phase Shift                   0.000
+ Uncertainty                   0.010
= Required Time                 0.012
  Arrival Time                  0.050
  Slack Time                    0.038
= Slack Time(original)          0.038
     Clock Rise Edge                      0.000
     + Input Delay                        0.050
     = Beginpoint Arrival Time            0.050
     Timing Path:
     +-------------------------------------------------------------------------------------------------+ 
     |              Instance               |       Arc        |   Cell   | Retime | Arrival | Required | 
     |                                     |                  |          |  Delay |  Time   |   Time   | 
     |-------------------------------------+------------------+----------+--------+---------+----------| 
     |                                     | i_readData[23] v |          |        |   0.050 |    0.012 | 
     | uu_dtpath/uu_mem/o_readData_reg[23] |                  | DFFRHQX1 |  0.000 |   0.050 |    0.012 | 
     +-------------------------------------------------------------------------------------------------+ 
     Clock Rise Edge                      0.000
     + Source Insertion Delay            -0.162
     = Beginpoint Arrival Time           -0.162
     Other End Path:
     +-------------------------------------------------------------------------------------------+ 
     |              Instance               |    Arc     |   Cell   | Retime | Arrival | Required | 
     |                                     |            |          |  Delay |  Time   |   Time   | 
     |-------------------------------------+------------+----------+--------+---------+----------| 
     |                                     | clk ^      |          |        |  -0.162 |   -0.124 | 
     | uu_dtpath/CTS_ccl_a_buf_00286       |            | CLKBUFX3 |  0.005 |  -0.157 |   -0.119 | 
     | uu_dtpath/CTS_ccl_a_buf_00286       | A ^ -> Y ^ | CLKBUFX3 |  0.023 |  -0.134 |   -0.096 | 
     | uu_dtpath/CTS_ccl_a_buf_00282       |            | CLKBUFX3 |  0.000 |  -0.134 |   -0.096 | 
     | uu_dtpath/CTS_ccl_a_buf_00282       | A ^ -> Y ^ | CLKBUFX3 |  0.024 |  -0.110 |   -0.072 | 
     | uu_dtpath/CTS_ccl_a_buf_00274       |            | CLKBUFX4 |  0.000 |  -0.110 |   -0.072 | 
     | uu_dtpath/CTS_ccl_a_buf_00274       | A ^ -> Y ^ | CLKBUFX4 |  0.029 |  -0.081 |   -0.043 | 
     | uu_dtpath/CTS_ccl_a_buf_00260       |            | CLKBUFX4 |  0.000 |  -0.081 |   -0.043 | 
     | uu_dtpath/CTS_ccl_a_buf_00260       | A ^ -> Y ^ | CLKBUFX4 |  0.028 |  -0.053 |   -0.015 | 
     | uu_dtpath/CTS_ccl_a_buf_00192       |            | CLKBUFX3 |  0.000 |  -0.053 |   -0.015 | 
     | uu_dtpath/CTS_ccl_a_buf_00192       | A ^ -> Y ^ | CLKBUFX3 |  0.023 |  -0.030 |    0.009 | 
     | uu_dtpath/CTS_ccl_a_buf_00033       |            | CLKBUFX4 |  0.000 |  -0.030 |    0.009 | 
     | uu_dtpath/CTS_ccl_a_buf_00033       | A ^ -> Y ^ | CLKBUFX4 |  0.028 |  -0.001 |    0.037 | 
     | uu_dtpath/uu_mem/o_readData_reg[23] |            | DFFRHQX1 |  0.000 |  -0.001 |    0.037 | 
     +-------------------------------------------------------------------------------------------+ 
Path 28: MET Hold Check with Pin uu_dtpath/uu_mem/o_readData_reg[25]/CK 
Endpoint:   uu_dtpath/uu_mem/o_readData_reg[25]/D (v) checked with  leading 
edge of 'clk'
Beginpoint: i_readData[25]                        (v) triggered by  leading 
edge of 'clk'
Path Groups: {clk}
Analysis View: hold
Retime Analysis { Data Path-Slew SI }
Other End Arrival Time         -0.001
+ Hold                          0.003
+ Phase Shift                   0.000
+ Uncertainty                   0.010
= Required Time                 0.012
  Arrival Time                  0.050
  Slack Time                    0.038
= Slack Time(original)          0.038
     Clock Rise Edge                      0.000
     + Input Delay                        0.050
     = Beginpoint Arrival Time            0.050
     Timing Path:
     +-------------------------------------------------------------------------------------------------+ 
     |              Instance               |       Arc        |   Cell   | Retime | Arrival | Required | 
     |                                     |                  |          |  Delay |  Time   |   Time   | 
     |-------------------------------------+------------------+----------+--------+---------+----------| 
     |                                     | i_readData[25] v |          |        |   0.050 |    0.012 | 
     | uu_dtpath/uu_mem/o_readData_reg[25] |                  | DFFRHQX1 |  0.000 |   0.050 |    0.012 | 
     +-------------------------------------------------------------------------------------------------+ 
     Clock Rise Edge                      0.000
     + Source Insertion Delay            -0.162
     = Beginpoint Arrival Time           -0.162
     Other End Path:
     +-------------------------------------------------------------------------------------------+ 
     |              Instance               |    Arc     |   Cell   | Retime | Arrival | Required | 
     |                                     |            |          |  Delay |  Time   |   Time   | 
     |-------------------------------------+------------+----------+--------+---------+----------| 
     |                                     | clk ^      |          |        |  -0.162 |   -0.124 | 
     | uu_dtpath/CTS_ccl_a_buf_00286       |            | CLKBUFX3 |  0.005 |  -0.157 |   -0.119 | 
     | uu_dtpath/CTS_ccl_a_buf_00286       | A ^ -> Y ^ | CLKBUFX3 |  0.023 |  -0.134 |   -0.096 | 
     | uu_dtpath/CTS_ccl_a_buf_00282       |            | CLKBUFX3 |  0.000 |  -0.134 |   -0.096 | 
     | uu_dtpath/CTS_ccl_a_buf_00282       | A ^ -> Y ^ | CLKBUFX3 |  0.024 |  -0.110 |   -0.072 | 
     | uu_dtpath/CTS_ccl_a_buf_00274       |            | CLKBUFX4 |  0.000 |  -0.110 |   -0.072 | 
     | uu_dtpath/CTS_ccl_a_buf_00274       | A ^ -> Y ^ | CLKBUFX4 |  0.029 |  -0.081 |   -0.043 | 
     | uu_dtpath/CTS_ccl_a_buf_00260       |            | CLKBUFX4 |  0.000 |  -0.081 |   -0.043 | 
     | uu_dtpath/CTS_ccl_a_buf_00260       | A ^ -> Y ^ | CLKBUFX4 |  0.028 |  -0.053 |   -0.015 | 
     | uu_dtpath/CTS_ccl_a_buf_00192       |            | CLKBUFX3 |  0.000 |  -0.053 |   -0.015 | 
     | uu_dtpath/CTS_ccl_a_buf_00192       | A ^ -> Y ^ | CLKBUFX3 |  0.023 |  -0.030 |    0.009 | 
     | uu_dtpath/CTS_ccl_a_buf_00033       |            | CLKBUFX4 |  0.000 |  -0.030 |    0.009 | 
     | uu_dtpath/CTS_ccl_a_buf_00033       | A ^ -> Y ^ | CLKBUFX4 |  0.028 |  -0.001 |    0.037 | 
     | uu_dtpath/uu_mem/o_readData_reg[25] |            | DFFRHQX1 |  0.000 |  -0.001 |    0.037 | 
     +-------------------------------------------------------------------------------------------+ 
Path 29: MET Hold Check with Pin uu_dtpath/uu_mem/o_readData_reg[31]/CK 
Endpoint:   uu_dtpath/uu_mem/o_readData_reg[31]/D (v) checked with  leading 
edge of 'clk'
Beginpoint: i_readData[31]                        (v) triggered by  leading 
edge of 'clk'
Path Groups: {clk}
Analysis View: hold
Retime Analysis { Data Path-Slew SI }
Other End Arrival Time         -0.001
+ Hold                          0.003
+ Phase Shift                   0.000
+ Uncertainty                   0.010
= Required Time                 0.012
  Arrival Time                  0.050
  Slack Time                    0.038
= Slack Time(original)          0.038
     Clock Rise Edge                      0.000
     + Input Delay                        0.050
     = Beginpoint Arrival Time            0.050
     Timing Path:
     +-------------------------------------------------------------------------------------------------+ 
     |              Instance               |       Arc        |   Cell   | Retime | Arrival | Required | 
     |                                     |                  |          |  Delay |  Time   |   Time   | 
     |-------------------------------------+------------------+----------+--------+---------+----------| 
     |                                     | i_readData[31] v |          |        |   0.050 |    0.012 | 
     | uu_dtpath/uu_mem/o_readData_reg[31] |                  | DFFRHQX1 |  0.000 |   0.050 |    0.012 | 
     +-------------------------------------------------------------------------------------------------+ 
     Clock Rise Edge                      0.000
     + Source Insertion Delay            -0.162
     = Beginpoint Arrival Time           -0.162
     Other End Path:
     +-------------------------------------------------------------------------------------------+ 
     |              Instance               |    Arc     |   Cell   | Retime | Arrival | Required | 
     |                                     |            |          |  Delay |  Time   |   Time   | 
     |-------------------------------------+------------+----------+--------+---------+----------| 
     |                                     | clk ^      |          |        |  -0.162 |   -0.124 | 
     | uu_dtpath/CTS_ccl_a_buf_00286       |            | CLKBUFX3 |  0.005 |  -0.157 |   -0.119 | 
     | uu_dtpath/CTS_ccl_a_buf_00286       | A ^ -> Y ^ | CLKBUFX3 |  0.023 |  -0.134 |   -0.096 | 
     | uu_dtpath/CTS_ccl_a_buf_00282       |            | CLKBUFX3 |  0.000 |  -0.134 |   -0.096 | 
     | uu_dtpath/CTS_ccl_a_buf_00282       | A ^ -> Y ^ | CLKBUFX3 |  0.024 |  -0.110 |   -0.072 | 
     | uu_dtpath/CTS_ccl_a_buf_00274       |            | CLKBUFX4 |  0.000 |  -0.110 |   -0.072 | 
     | uu_dtpath/CTS_ccl_a_buf_00274       | A ^ -> Y ^ | CLKBUFX4 |  0.029 |  -0.081 |   -0.043 | 
     | uu_dtpath/CTS_ccl_a_buf_00260       |            | CLKBUFX4 |  0.000 |  -0.081 |   -0.043 | 
     | uu_dtpath/CTS_ccl_a_buf_00260       | A ^ -> Y ^ | CLKBUFX4 |  0.028 |  -0.053 |   -0.015 | 
     | uu_dtpath/CTS_ccl_a_buf_00192       |            | CLKBUFX3 |  0.000 |  -0.053 |   -0.015 | 
     | uu_dtpath/CTS_ccl_a_buf_00192       | A ^ -> Y ^ | CLKBUFX3 |  0.023 |  -0.030 |    0.009 | 
     | uu_dtpath/CTS_ccl_a_buf_00033       |            | CLKBUFX4 |  0.000 |  -0.030 |    0.009 | 
     | uu_dtpath/CTS_ccl_a_buf_00033       | A ^ -> Y ^ | CLKBUFX4 |  0.028 |  -0.001 |    0.037 | 
     | uu_dtpath/uu_mem/o_readData_reg[31] |            | DFFRHQX1 |  0.000 |  -0.001 |    0.037 | 
     +-------------------------------------------------------------------------------------------+ 
Path 30: MET Hold Check with Pin uu_dtpath/uu_mem/o_readData_reg[12]/CK 
Endpoint:   uu_dtpath/uu_mem/o_readData_reg[12]/D (v) checked with  leading 
edge of 'clk'
Beginpoint: i_readData[12]                        (v) triggered by  leading 
edge of 'clk'
Path Groups: {clk}
Analysis View: hold
Retime Analysis { Data Path-Slew SI }
Other End Arrival Time         -0.002
+ Hold                          0.003
+ Phase Shift                   0.000
+ Uncertainty                   0.010
= Required Time                 0.011
  Arrival Time                  0.050
  Slack Time                    0.039
= Slack Time(original)          0.038
     Clock Rise Edge                      0.000
     + Input Delay                        0.050
     = Beginpoint Arrival Time            0.050
     Timing Path:
     +-------------------------------------------------------------------------------------------------+ 
     |              Instance               |       Arc        |   Cell   | Retime | Arrival | Required | 
     |                                     |                  |          |  Delay |  Time   |   Time   | 
     |-------------------------------------+------------------+----------+--------+---------+----------| 
     |                                     | i_readData[12] v |          |        |   0.050 |    0.011 | 
     | uu_dtpath/uu_mem/o_readData_reg[12] |                  | DFFRHQX1 |  0.000 |   0.050 |    0.011 | 
     +-------------------------------------------------------------------------------------------------+ 
     Clock Rise Edge                      0.000
     + Source Insertion Delay            -0.162
     = Beginpoint Arrival Time           -0.162
     Other End Path:
     +--------------------------------------------------------------------------------------------+ 
     |               Instance               |    Arc     |   Cell   | Retime | Arrival | Required | 
     |                                      |            |          |  Delay |  Time   |   Time   | 
     |--------------------------------------+------------+----------+--------+---------+----------| 
     |                                      | clk ^      |          |        |  -0.162 |   -0.123 | 
     | uu_dtpath/CTS_ccl_a_buf_00286        |            | CLKBUFX3 |  0.005 |  -0.157 |   -0.119 | 
     | uu_dtpath/CTS_ccl_a_buf_00286        | A ^ -> Y ^ | CLKBUFX3 |  0.023 |  -0.134 |   -0.095 | 
     | uu_dtpath/CTS_ccl_a_buf_00282        |            | CLKBUFX3 |  0.000 |  -0.134 |   -0.095 | 
     | uu_dtpath/CTS_ccl_a_buf_00282        | A ^ -> Y ^ | CLKBUFX3 |  0.024 |  -0.110 |   -0.071 | 
     | uu_dtpath/CTS_ccl_a_buf_00274        |            | CLKBUFX4 |  0.000 |  -0.110 |   -0.071 | 
     | uu_dtpath/CTS_ccl_a_buf_00274        | A ^ -> Y ^ | CLKBUFX4 |  0.029 |  -0.081 |   -0.042 | 
     | uu_dtpath/CTS_ccl_a_buf_00242        |            | CLKBUFX3 |  0.000 |  -0.081 |   -0.042 | 
     | uu_dtpath/CTS_ccl_a_buf_00242        | A ^ -> Y ^ | CLKBUFX3 |  0.025 |  -0.056 |   -0.017 | 
     | uu_dtpath/CTS_ccl_a_buf_00186        |            | CLKBUFX3 |  0.000 |  -0.056 |   -0.017 | 
     | uu_dtpath/CTS_ccl_a_buf_00186        | A ^ -> Y ^ | CLKBUFX3 |  0.024 |  -0.031 |    0.007 | 
     | uu_dtpath/uu_mem/CTS_ccl_a_buf_00032 |            | CLKBUFX4 |  0.000 |  -0.031 |    0.007 | 
     | uu_dtpath/uu_mem/CTS_ccl_a_buf_00032 | A ^ -> Y ^ | CLKBUFX4 |  0.030 |  -0.002 |    0.037 | 
     | uu_dtpath/uu_mem/o_readData_reg[12]  |            | DFFRHQX1 |  0.000 |  -0.002 |    0.037 | 
     +--------------------------------------------------------------------------------------------+ 
Path 31: MET Hold Check with Pin uu_dtpath/uu_mem/o_readData_reg[13]/CK 
Endpoint:   uu_dtpath/uu_mem/o_readData_reg[13]/D (v) checked with  leading 
edge of 'clk'
Beginpoint: i_readData[13]                        (v) triggered by  leading 
edge of 'clk'
Path Groups: {clk}
Analysis View: hold
Retime Analysis { Data Path-Slew SI }
Other End Arrival Time         -0.002
+ Hold                          0.003
+ Phase Shift                   0.000
+ Uncertainty                   0.010
= Required Time                 0.011
  Arrival Time                  0.050
  Slack Time                    0.039
= Slack Time(original)          0.038
     Clock Rise Edge                      0.000
     + Input Delay                        0.050
     = Beginpoint Arrival Time            0.050
     Timing Path:
     +-------------------------------------------------------------------------------------------------+ 
     |              Instance               |       Arc        |   Cell   | Retime | Arrival | Required | 
     |                                     |                  |          |  Delay |  Time   |   Time   | 
     |-------------------------------------+------------------+----------+--------+---------+----------| 
     |                                     | i_readData[13] v |          |        |   0.050 |    0.011 | 
     | uu_dtpath/uu_mem/o_readData_reg[13] |                  | DFFRHQX1 |  0.000 |   0.050 |    0.011 | 
     +-------------------------------------------------------------------------------------------------+ 
     Clock Rise Edge                      0.000
     + Source Insertion Delay            -0.162
     = Beginpoint Arrival Time           -0.162
     Other End Path:
     +--------------------------------------------------------------------------------------------+ 
     |               Instance               |    Arc     |   Cell   | Retime | Arrival | Required | 
     |                                      |            |          |  Delay |  Time   |   Time   | 
     |--------------------------------------+------------+----------+--------+---------+----------| 
     |                                      | clk ^      |          |        |  -0.162 |   -0.123 | 
     | uu_dtpath/CTS_ccl_a_buf_00286        |            | CLKBUFX3 |  0.005 |  -0.157 |   -0.119 | 
     | uu_dtpath/CTS_ccl_a_buf_00286        | A ^ -> Y ^ | CLKBUFX3 |  0.023 |  -0.134 |   -0.095 | 
     | uu_dtpath/CTS_ccl_a_buf_00282        |            | CLKBUFX3 |  0.000 |  -0.134 |   -0.095 | 
     | uu_dtpath/CTS_ccl_a_buf_00282        | A ^ -> Y ^ | CLKBUFX3 |  0.024 |  -0.110 |   -0.071 | 
     | uu_dtpath/CTS_ccl_a_buf_00274        |            | CLKBUFX4 |  0.000 |  -0.110 |   -0.071 | 
     | uu_dtpath/CTS_ccl_a_buf_00274        | A ^ -> Y ^ | CLKBUFX4 |  0.029 |  -0.081 |   -0.042 | 
     | uu_dtpath/CTS_ccl_a_buf_00242        |            | CLKBUFX3 |  0.000 |  -0.081 |   -0.042 | 
     | uu_dtpath/CTS_ccl_a_buf_00242        | A ^ -> Y ^ | CLKBUFX3 |  0.025 |  -0.056 |   -0.017 | 
     | uu_dtpath/CTS_ccl_a_buf_00186        |            | CLKBUFX3 |  0.000 |  -0.056 |   -0.017 | 
     | uu_dtpath/CTS_ccl_a_buf_00186        | A ^ -> Y ^ | CLKBUFX3 |  0.024 |  -0.031 |    0.007 | 
     | uu_dtpath/uu_mem/CTS_ccl_a_buf_00032 |            | CLKBUFX4 |  0.000 |  -0.031 |    0.007 | 
     | uu_dtpath/uu_mem/CTS_ccl_a_buf_00032 | A ^ -> Y ^ | CLKBUFX4 |  0.030 |  -0.002 |    0.037 | 
     | uu_dtpath/uu_mem/o_readData_reg[13]  |            | DFFRHQX1 |  0.000 |  -0.002 |    0.037 | 
     +--------------------------------------------------------------------------------------------+ 
Path 32: MET Hold Check with Pin uu_dtpath/uu_mem/o_readData_reg[5]/CK 
Endpoint:   uu_dtpath/uu_mem/o_readData_reg[5]/D (v) checked with  leading edge 
of 'clk'
Beginpoint: i_readData[5]                        (v) triggered by  leading edge 
of 'clk'
Path Groups: {clk}
Analysis View: hold
Retime Analysis { Data Path-Slew SI }
Other End Arrival Time         -0.002
+ Hold                          0.003
+ Phase Shift                   0.000
+ Uncertainty                   0.010
= Required Time                 0.011
  Arrival Time                  0.050
  Slack Time                    0.039
= Slack Time(original)          0.038
     Clock Rise Edge                      0.000
     + Input Delay                        0.050
     = Beginpoint Arrival Time            0.050
     Timing Path:
     +-----------------------------------------------------------------------------------------------+ 
     |              Instance              |       Arc       |   Cell   | Retime | Arrival | Required | 
     |                                    |                 |          |  Delay |  Time   |   Time   | 
     |------------------------------------+-----------------+----------+--------+---------+----------| 
     |                                    | i_readData[5] v |          |        |   0.050 |    0.011 | 
     | uu_dtpath/uu_mem/o_readData_reg[5] |                 | DFFRHQX1 |  0.000 |   0.050 |    0.011 | 
     +-----------------------------------------------------------------------------------------------+ 
     Clock Rise Edge                      0.000
     + Source Insertion Delay            -0.162
     = Beginpoint Arrival Time           -0.162
     Other End Path:
     +--------------------------------------------------------------------------------------------+ 
     |               Instance               |    Arc     |   Cell   | Retime | Arrival | Required | 
     |                                      |            |          |  Delay |  Time   |   Time   | 
     |--------------------------------------+------------+----------+--------+---------+----------| 
     |                                      | clk ^      |          |        |  -0.162 |   -0.123 | 
     | uu_dtpath/CTS_ccl_a_buf_00286        |            | CLKBUFX3 |  0.005 |  -0.157 |   -0.119 | 
     | uu_dtpath/CTS_ccl_a_buf_00286        | A ^ -> Y ^ | CLKBUFX3 |  0.023 |  -0.134 |   -0.095 | 
     | uu_dtpath/CTS_ccl_a_buf_00282        |            | CLKBUFX3 |  0.000 |  -0.134 |   -0.095 | 
     | uu_dtpath/CTS_ccl_a_buf_00282        | A ^ -> Y ^ | CLKBUFX3 |  0.024 |  -0.110 |   -0.071 | 
     | uu_dtpath/CTS_ccl_a_buf_00274        |            | CLKBUFX4 |  0.000 |  -0.110 |   -0.071 | 
     | uu_dtpath/CTS_ccl_a_buf_00274        | A ^ -> Y ^ | CLKBUFX4 |  0.029 |  -0.081 |   -0.042 | 
     | uu_dtpath/CTS_ccl_a_buf_00242        |            | CLKBUFX3 |  0.000 |  -0.081 |   -0.042 | 
     | uu_dtpath/CTS_ccl_a_buf_00242        | A ^ -> Y ^ | CLKBUFX3 |  0.025 |  -0.056 |   -0.017 | 
     | uu_dtpath/CTS_ccl_a_buf_00186        |            | CLKBUFX3 |  0.000 |  -0.056 |   -0.017 | 
     | uu_dtpath/CTS_ccl_a_buf_00186        | A ^ -> Y ^ | CLKBUFX3 |  0.024 |  -0.031 |    0.007 | 
     | uu_dtpath/uu_mem/CTS_ccl_a_buf_00032 |            | CLKBUFX4 |  0.000 |  -0.031 |    0.007 | 
     | uu_dtpath/uu_mem/CTS_ccl_a_buf_00032 | A ^ -> Y ^ | CLKBUFX4 |  0.030 |  -0.002 |    0.037 | 
     | uu_dtpath/uu_mem/o_readData_reg[5]   |            | DFFRHQX1 |  0.000 |  -0.002 |    0.037 | 
     +--------------------------------------------------------------------------------------------+ 
Path 33: MET Hold Check with Pin uu_dtpath/uu_mem/o_readData_reg[7]/CK 
Endpoint:   uu_dtpath/uu_mem/o_readData_reg[7]/D (v) checked with  leading edge 
of 'clk'
Beginpoint: i_readData[7]                        (v) triggered by  leading edge 
of 'clk'
Path Groups: {clk}
Analysis View: hold
Retime Analysis { Data Path-Slew SI }
Other End Arrival Time         -0.002
+ Hold                          0.003
+ Phase Shift                   0.000
+ Uncertainty                   0.010
= Required Time                 0.011
  Arrival Time                  0.050
  Slack Time                    0.039
= Slack Time(original)          0.038
     Clock Rise Edge                      0.000
     + Input Delay                        0.050
     = Beginpoint Arrival Time            0.050
     Timing Path:
     +-----------------------------------------------------------------------------------------------+ 
     |              Instance              |       Arc       |   Cell   | Retime | Arrival | Required | 
     |                                    |                 |          |  Delay |  Time   |   Time   | 
     |------------------------------------+-----------------+----------+--------+---------+----------| 
     |                                    | i_readData[7] v |          |        |   0.050 |    0.011 | 
     | uu_dtpath/uu_mem/o_readData_reg[7] |                 | DFFRHQX1 |  0.000 |   0.050 |    0.011 | 
     +-----------------------------------------------------------------------------------------------+ 
     Clock Rise Edge                      0.000
     + Source Insertion Delay            -0.162
     = Beginpoint Arrival Time           -0.162
     Other End Path:
     +--------------------------------------------------------------------------------------------+ 
     |               Instance               |    Arc     |   Cell   | Retime | Arrival | Required | 
     |                                      |            |          |  Delay |  Time   |   Time   | 
     |--------------------------------------+------------+----------+--------+---------+----------| 
     |                                      | clk ^      |          |        |  -0.162 |   -0.123 | 
     | uu_dtpath/CTS_ccl_a_buf_00286        |            | CLKBUFX3 |  0.005 |  -0.157 |   -0.119 | 
     | uu_dtpath/CTS_ccl_a_buf_00286        | A ^ -> Y ^ | CLKBUFX3 |  0.023 |  -0.134 |   -0.095 | 
     | uu_dtpath/CTS_ccl_a_buf_00282        |            | CLKBUFX3 |  0.000 |  -0.134 |   -0.095 | 
     | uu_dtpath/CTS_ccl_a_buf_00282        | A ^ -> Y ^ | CLKBUFX3 |  0.024 |  -0.110 |   -0.071 | 
     | uu_dtpath/CTS_ccl_a_buf_00274        |            | CLKBUFX4 |  0.000 |  -0.110 |   -0.071 | 
     | uu_dtpath/CTS_ccl_a_buf_00274        | A ^ -> Y ^ | CLKBUFX4 |  0.029 |  -0.081 |   -0.042 | 
     | uu_dtpath/CTS_ccl_a_buf_00242        |            | CLKBUFX3 |  0.000 |  -0.081 |   -0.042 | 
     | uu_dtpath/CTS_ccl_a_buf_00242        | A ^ -> Y ^ | CLKBUFX3 |  0.025 |  -0.056 |   -0.017 | 
     | uu_dtpath/CTS_ccl_a_buf_00186        |            | CLKBUFX3 |  0.000 |  -0.056 |   -0.017 | 
     | uu_dtpath/CTS_ccl_a_buf_00186        | A ^ -> Y ^ | CLKBUFX3 |  0.024 |  -0.031 |    0.007 | 
     | uu_dtpath/uu_mem/CTS_ccl_a_buf_00032 |            | CLKBUFX4 |  0.000 |  -0.031 |    0.007 | 
     | uu_dtpath/uu_mem/CTS_ccl_a_buf_00032 | A ^ -> Y ^ | CLKBUFX4 |  0.030 |  -0.002 |    0.037 | 
     | uu_dtpath/uu_mem/o_readData_reg[7]   |            | DFFRHQX1 |  0.000 |  -0.002 |    0.037 | 
     +--------------------------------------------------------------------------------------------+ 
Path 34: MET Hold Check with Pin uu_dtpath/uu_mem/o_readData_reg[9]/CK 
Endpoint:   uu_dtpath/uu_mem/o_readData_reg[9]/D (v) checked with  leading edge 
of 'clk'
Beginpoint: i_readData[9]                        (v) triggered by  leading edge 
of 'clk'
Path Groups: {clk}
Analysis View: hold
Retime Analysis { Data Path-Slew SI }
Other End Arrival Time         -0.002
+ Hold                          0.003
+ Phase Shift                   0.000
+ Uncertainty                   0.010
= Required Time                 0.011
  Arrival Time                  0.050
  Slack Time                    0.039
= Slack Time(original)          0.038
     Clock Rise Edge                      0.000
     + Input Delay                        0.050
     = Beginpoint Arrival Time            0.050
     Timing Path:
     +-----------------------------------------------------------------------------------------------+ 
     |              Instance              |       Arc       |   Cell   | Retime | Arrival | Required | 
     |                                    |                 |          |  Delay |  Time   |   Time   | 
     |------------------------------------+-----------------+----------+--------+---------+----------| 
     |                                    | i_readData[9] v |          |        |   0.050 |    0.011 | 
     | uu_dtpath/uu_mem/o_readData_reg[9] |                 | DFFRHQX1 |  0.000 |   0.050 |    0.011 | 
     +-----------------------------------------------------------------------------------------------+ 
     Clock Rise Edge                      0.000
     + Source Insertion Delay            -0.162
     = Beginpoint Arrival Time           -0.162
     Other End Path:
     +--------------------------------------------------------------------------------------------+ 
     |               Instance               |    Arc     |   Cell   | Retime | Arrival | Required | 
     |                                      |            |          |  Delay |  Time   |   Time   | 
     |--------------------------------------+------------+----------+--------+---------+----------| 
     |                                      | clk ^      |          |        |  -0.162 |   -0.123 | 
     | uu_dtpath/CTS_ccl_a_buf_00286        |            | CLKBUFX3 |  0.005 |  -0.157 |   -0.119 | 
     | uu_dtpath/CTS_ccl_a_buf_00286        | A ^ -> Y ^ | CLKBUFX3 |  0.023 |  -0.134 |   -0.095 | 
     | uu_dtpath/CTS_ccl_a_buf_00282        |            | CLKBUFX3 |  0.000 |  -0.134 |   -0.095 | 
     | uu_dtpath/CTS_ccl_a_buf_00282        | A ^ -> Y ^ | CLKBUFX3 |  0.024 |  -0.110 |   -0.071 | 
     | uu_dtpath/CTS_ccl_a_buf_00274        |            | CLKBUFX4 |  0.000 |  -0.110 |   -0.071 | 
     | uu_dtpath/CTS_ccl_a_buf_00274        | A ^ -> Y ^ | CLKBUFX4 |  0.029 |  -0.081 |   -0.042 | 
     | uu_dtpath/CTS_ccl_a_buf_00242        |            | CLKBUFX3 |  0.000 |  -0.081 |   -0.042 | 
     | uu_dtpath/CTS_ccl_a_buf_00242        | A ^ -> Y ^ | CLKBUFX3 |  0.025 |  -0.056 |   -0.017 | 
     | uu_dtpath/CTS_ccl_a_buf_00186        |            | CLKBUFX3 |  0.000 |  -0.056 |   -0.017 | 
     | uu_dtpath/CTS_ccl_a_buf_00186        | A ^ -> Y ^ | CLKBUFX3 |  0.024 |  -0.031 |    0.007 | 
     | uu_dtpath/uu_mem/CTS_ccl_a_buf_00032 |            | CLKBUFX4 |  0.000 |  -0.031 |    0.007 | 
     | uu_dtpath/uu_mem/CTS_ccl_a_buf_00032 | A ^ -> Y ^ | CLKBUFX4 |  0.030 |  -0.002 |    0.037 | 
     | uu_dtpath/uu_mem/o_readData_reg[9]   |            | DFFRHQX1 |  0.000 |  -0.002 |    0.037 | 
     +--------------------------------------------------------------------------------------------+ 
Path 35: MET Hold Check with Pin uu_dtpath/uu_mem/o_readData_reg[10]/CK 
Endpoint:   uu_dtpath/uu_mem/o_readData_reg[10]/D (v) checked with  leading 
edge of 'clk'
Beginpoint: i_readData[10]                        (v) triggered by  leading 
edge of 'clk'
Path Groups: {clk}
Analysis View: hold
Retime Analysis { Data Path-Slew SI }
Other End Arrival Time         -0.002
+ Hold                          0.003
+ Phase Shift                   0.000
+ Uncertainty                   0.010
= Required Time                 0.011
  Arrival Time                  0.050
  Slack Time                    0.039
= Slack Time(original)          0.038
     Clock Rise Edge                      0.000
     + Input Delay                        0.050
     = Beginpoint Arrival Time            0.050
     Timing Path:
     +-------------------------------------------------------------------------------------------------+ 
     |              Instance               |       Arc        |   Cell   | Retime | Arrival | Required | 
     |                                     |                  |          |  Delay |  Time   |   Time   | 
     |-------------------------------------+------------------+----------+--------+---------+----------| 
     |                                     | i_readData[10] v |          |        |   0.050 |    0.011 | 
     | uu_dtpath/uu_mem/o_readData_reg[10] |                  | DFFRHQX1 |  0.000 |   0.050 |    0.011 | 
     +-------------------------------------------------------------------------------------------------+ 
     Clock Rise Edge                      0.000
     + Source Insertion Delay            -0.162
     = Beginpoint Arrival Time           -0.162
     Other End Path:
     +--------------------------------------------------------------------------------------------+ 
     |               Instance               |    Arc     |   Cell   | Retime | Arrival | Required | 
     |                                      |            |          |  Delay |  Time   |   Time   | 
     |--------------------------------------+------------+----------+--------+---------+----------| 
     |                                      | clk ^      |          |        |  -0.162 |   -0.123 | 
     | uu_dtpath/CTS_ccl_a_buf_00286        |            | CLKBUFX3 |  0.005 |  -0.157 |   -0.119 | 
     | uu_dtpath/CTS_ccl_a_buf_00286        | A ^ -> Y ^ | CLKBUFX3 |  0.023 |  -0.134 |   -0.095 | 
     | uu_dtpath/CTS_ccl_a_buf_00282        |            | CLKBUFX3 |  0.000 |  -0.134 |   -0.095 | 
     | uu_dtpath/CTS_ccl_a_buf_00282        | A ^ -> Y ^ | CLKBUFX3 |  0.024 |  -0.110 |   -0.071 | 
     | uu_dtpath/CTS_ccl_a_buf_00274        |            | CLKBUFX4 |  0.000 |  -0.110 |   -0.071 | 
     | uu_dtpath/CTS_ccl_a_buf_00274        | A ^ -> Y ^ | CLKBUFX4 |  0.029 |  -0.081 |   -0.042 | 
     | uu_dtpath/CTS_ccl_a_buf_00242        |            | CLKBUFX3 |  0.000 |  -0.081 |   -0.042 | 
     | uu_dtpath/CTS_ccl_a_buf_00242        | A ^ -> Y ^ | CLKBUFX3 |  0.025 |  -0.056 |   -0.017 | 
     | uu_dtpath/CTS_ccl_a_buf_00186        |            | CLKBUFX3 |  0.000 |  -0.056 |   -0.017 | 
     | uu_dtpath/CTS_ccl_a_buf_00186        | A ^ -> Y ^ | CLKBUFX3 |  0.024 |  -0.031 |    0.007 | 
     | uu_dtpath/uu_mem/CTS_ccl_a_buf_00032 |            | CLKBUFX4 |  0.000 |  -0.031 |    0.007 | 
     | uu_dtpath/uu_mem/CTS_ccl_a_buf_00032 | A ^ -> Y ^ | CLKBUFX4 |  0.030 |  -0.002 |    0.037 | 
     | uu_dtpath/uu_mem/o_readData_reg[10]  |            | DFFRHQX1 |  0.000 |  -0.002 |    0.037 | 
     +--------------------------------------------------------------------------------------------+ 
Path 36: MET Hold Check with Pin uu_dtpath/uu_mem/o_readData_reg[1]/CK 
Endpoint:   uu_dtpath/uu_mem/o_readData_reg[1]/D (v) checked with  leading edge 
of 'clk'
Beginpoint: i_readData[1]                        (v) triggered by  leading edge 
of 'clk'
Path Groups: {clk}
Analysis View: hold
Retime Analysis { Data Path-Slew SI }
Other End Arrival Time         -0.002
+ Hold                          0.003
+ Phase Shift                   0.000
+ Uncertainty                   0.010
= Required Time                 0.011
  Arrival Time                  0.050
  Slack Time                    0.039
= Slack Time(original)          0.039
     Clock Rise Edge                      0.000
     + Input Delay                        0.050
     = Beginpoint Arrival Time            0.050
     Timing Path:
     +-----------------------------------------------------------------------------------------------+ 
     |              Instance              |       Arc       |   Cell   | Retime | Arrival | Required | 
     |                                    |                 |          |  Delay |  Time   |   Time   | 
     |------------------------------------+-----------------+----------+--------+---------+----------| 
     |                                    | i_readData[1] v |          |        |   0.050 |    0.011 | 
     | uu_dtpath/uu_mem/o_readData_reg[1] |                 | DFFRHQX1 |  0.000 |   0.050 |    0.011 | 
     +-----------------------------------------------------------------------------------------------+ 
     Clock Rise Edge                      0.000
     + Source Insertion Delay            -0.162
     = Beginpoint Arrival Time           -0.162
     Other End Path:
     +------------------------------------------------------------------------------------------+ 
     |              Instance              |    Arc     |   Cell   | Retime | Arrival | Required | 
     |                                    |            |          |  Delay |  Time   |   Time   | 
     |------------------------------------+------------+----------+--------+---------+----------| 
     |                                    | clk ^      |          |        |  -0.162 |   -0.124 | 
     | uu_dtpath/CTS_ccl_a_buf_00286      |            | CLKBUFX3 |  0.005 |  -0.157 |   -0.119 | 
     | uu_dtpath/CTS_ccl_a_buf_00286      | A ^ -> Y ^ | CLKBUFX3 |  0.023 |  -0.134 |   -0.095 | 
     | uu_dtpath/CTS_ccl_a_buf_00282      |            | CLKBUFX3 |  0.000 |  -0.134 |   -0.095 | 
     | uu_dtpath/CTS_ccl_a_buf_00282      | A ^ -> Y ^ | CLKBUFX3 |  0.024 |  -0.110 |   -0.072 | 
     | uu_dtpath/CTS_ccl_a_buf_00274      |            | CLKBUFX4 |  0.000 |  -0.110 |   -0.071 | 
     | uu_dtpath/CTS_ccl_a_buf_00274      | A ^ -> Y ^ | CLKBUFX4 |  0.029 |  -0.081 |   -0.042 | 
     | uu_dtpath/CTS_ccl_a_buf_00242      |            | CLKBUFX3 |  0.000 |  -0.081 |   -0.042 | 
     | uu_dtpath/CTS_ccl_a_buf_00242      | A ^ -> Y ^ | CLKBUFX3 |  0.025 |  -0.056 |   -0.017 | 
     | uu_dtpath/CTS_ccl_a_buf_00186      |            | CLKBUFX3 |  0.000 |  -0.056 |   -0.017 | 
     | uu_dtpath/CTS_ccl_a_buf_00186      | A ^ -> Y ^ | CLKBUFX3 |  0.024 |  -0.031 |    0.007 | 
     | uu_dtpath/CTS_ccl_a_buf_00015      |            | CLKBUFX4 |  0.000 |  -0.031 |    0.007 | 
     | uu_dtpath/CTS_ccl_a_buf_00015      | A ^ -> Y ^ | CLKBUFX4 |  0.030 |  -0.002 |    0.037 | 
     | uu_dtpath/uu_mem/o_readData_reg[1] |            | DFFRHQX1 |  0.000 |  -0.002 |    0.037 | 
     +------------------------------------------------------------------------------------------+ 
Path 37: MET Hold Check with Pin uu_dtpath/uu_mem/o_readData_reg[6]/CK 
Endpoint:   uu_dtpath/uu_mem/o_readData_reg[6]/D (v) checked with  leading edge 
of 'clk'
Beginpoint: i_readData[6]                        (v) triggered by  leading edge 
of 'clk'
Path Groups: {clk}
Analysis View: hold
Retime Analysis { Data Path-Slew SI }
Other End Arrival Time         -0.002
+ Hold                          0.003
+ Phase Shift                   0.000
+ Uncertainty                   0.010
= Required Time                 0.011
  Arrival Time                  0.050
  Slack Time                    0.039
= Slack Time(original)          0.039
     Clock Rise Edge                      0.000
     + Input Delay                        0.050
     = Beginpoint Arrival Time            0.050
     Timing Path:
     +-----------------------------------------------------------------------------------------------+ 
     |              Instance              |       Arc       |   Cell   | Retime | Arrival | Required | 
     |                                    |                 |          |  Delay |  Time   |   Time   | 
     |------------------------------------+-----------------+----------+--------+---------+----------| 
     |                                    | i_readData[6] v |          |        |   0.050 |    0.011 | 
     | uu_dtpath/uu_mem/o_readData_reg[6] |                 | DFFRHQX1 |  0.000 |   0.050 |    0.011 | 
     +-----------------------------------------------------------------------------------------------+ 
     Clock Rise Edge                      0.000
     + Source Insertion Delay            -0.162
     = Beginpoint Arrival Time           -0.162
     Other End Path:
     +--------------------------------------------------------------------------------------------+ 
     |               Instance               |    Arc     |   Cell   | Retime | Arrival | Required | 
     |                                      |            |          |  Delay |  Time   |   Time   | 
     |--------------------------------------+------------+----------+--------+---------+----------| 
     |                                      | clk ^      |          |        |  -0.162 |   -0.123 | 
     | uu_dtpath/CTS_ccl_a_buf_00286        |            | CLKBUFX3 |  0.005 |  -0.157 |   -0.119 | 
     | uu_dtpath/CTS_ccl_a_buf_00286        | A ^ -> Y ^ | CLKBUFX3 |  0.023 |  -0.134 |   -0.095 | 
     | uu_dtpath/CTS_ccl_a_buf_00282        |            | CLKBUFX3 |  0.000 |  -0.134 |   -0.095 | 
     | uu_dtpath/CTS_ccl_a_buf_00282        | A ^ -> Y ^ | CLKBUFX3 |  0.024 |  -0.110 |   -0.071 | 
     | uu_dtpath/CTS_ccl_a_buf_00274        |            | CLKBUFX4 |  0.000 |  -0.110 |   -0.071 | 
     | uu_dtpath/CTS_ccl_a_buf_00274        | A ^ -> Y ^ | CLKBUFX4 |  0.029 |  -0.081 |   -0.042 | 
     | uu_dtpath/CTS_ccl_a_buf_00242        |            | CLKBUFX3 |  0.000 |  -0.081 |   -0.042 | 
     | uu_dtpath/CTS_ccl_a_buf_00242        | A ^ -> Y ^ | CLKBUFX3 |  0.025 |  -0.056 |   -0.017 | 
     | uu_dtpath/CTS_ccl_a_buf_00186        |            | CLKBUFX3 |  0.000 |  -0.056 |   -0.017 | 
     | uu_dtpath/CTS_ccl_a_buf_00186        | A ^ -> Y ^ | CLKBUFX3 |  0.024 |  -0.031 |    0.007 | 
     | uu_dtpath/uu_mem/CTS_ccl_a_buf_00032 |            | CLKBUFX4 |  0.000 |  -0.031 |    0.007 | 
     | uu_dtpath/uu_mem/CTS_ccl_a_buf_00032 | A ^ -> Y ^ | CLKBUFX4 |  0.030 |  -0.002 |    0.037 | 
     | uu_dtpath/uu_mem/o_readData_reg[6]   |            | DFFRHQX1 |  0.000 |  -0.002 |    0.037 | 
     +--------------------------------------------------------------------------------------------+ 
Path 38: MET Hold Check with Pin uu_dtpath/uu_mem/o_readData_reg[8]/CK 
Endpoint:   uu_dtpath/uu_mem/o_readData_reg[8]/D (v) checked with  leading edge 
of 'clk'
Beginpoint: i_readData[8]                        (v) triggered by  leading edge 
of 'clk'
Path Groups: {clk}
Analysis View: hold
Retime Analysis { Data Path-Slew SI }
Other End Arrival Time         -0.002
+ Hold                          0.003
+ Phase Shift                   0.000
+ Uncertainty                   0.010
= Required Time                 0.011
  Arrival Time                  0.050
  Slack Time                    0.039
= Slack Time(original)          0.039
     Clock Rise Edge                      0.000
     + Input Delay                        0.050
     = Beginpoint Arrival Time            0.050
     Timing Path:
     +-----------------------------------------------------------------------------------------------+ 
     |              Instance              |       Arc       |   Cell   | Retime | Arrival | Required | 
     |                                    |                 |          |  Delay |  Time   |   Time   | 
     |------------------------------------+-----------------+----------+--------+---------+----------| 
     |                                    | i_readData[8] v |          |        |   0.050 |    0.011 | 
     | uu_dtpath/uu_mem/o_readData_reg[8] |                 | DFFRHQX1 |  0.000 |   0.050 |    0.011 | 
     +-----------------------------------------------------------------------------------------------+ 
     Clock Rise Edge                      0.000
     + Source Insertion Delay            -0.162
     = Beginpoint Arrival Time           -0.162
     Other End Path:
     +--------------------------------------------------------------------------------------------+ 
     |               Instance               |    Arc     |   Cell   | Retime | Arrival | Required | 
     |                                      |            |          |  Delay |  Time   |   Time   | 
     |--------------------------------------+------------+----------+--------+---------+----------| 
     |                                      | clk ^      |          |        |  -0.162 |   -0.123 | 
     | uu_dtpath/CTS_ccl_a_buf_00286        |            | CLKBUFX3 |  0.005 |  -0.157 |   -0.119 | 
     | uu_dtpath/CTS_ccl_a_buf_00286        | A ^ -> Y ^ | CLKBUFX3 |  0.023 |  -0.134 |   -0.095 | 
     | uu_dtpath/CTS_ccl_a_buf_00282        |            | CLKBUFX3 |  0.000 |  -0.134 |   -0.095 | 
     | uu_dtpath/CTS_ccl_a_buf_00282        | A ^ -> Y ^ | CLKBUFX3 |  0.024 |  -0.110 |   -0.071 | 
     | uu_dtpath/CTS_ccl_a_buf_00274        |            | CLKBUFX4 |  0.000 |  -0.110 |   -0.071 | 
     | uu_dtpath/CTS_ccl_a_buf_00274        | A ^ -> Y ^ | CLKBUFX4 |  0.029 |  -0.081 |   -0.042 | 
     | uu_dtpath/CTS_ccl_a_buf_00242        |            | CLKBUFX3 |  0.000 |  -0.081 |   -0.042 | 
     | uu_dtpath/CTS_ccl_a_buf_00242        | A ^ -> Y ^ | CLKBUFX3 |  0.025 |  -0.056 |   -0.017 | 
     | uu_dtpath/CTS_ccl_a_buf_00186        |            | CLKBUFX3 |  0.000 |  -0.056 |   -0.017 | 
     | uu_dtpath/CTS_ccl_a_buf_00186        | A ^ -> Y ^ | CLKBUFX3 |  0.024 |  -0.031 |    0.007 | 
     | uu_dtpath/uu_mem/CTS_ccl_a_buf_00032 |            | CLKBUFX4 |  0.000 |  -0.031 |    0.007 | 
     | uu_dtpath/uu_mem/CTS_ccl_a_buf_00032 | A ^ -> Y ^ | CLKBUFX4 |  0.030 |  -0.002 |    0.037 | 
     | uu_dtpath/uu_mem/o_readData_reg[8]   |            | DFFRHQX1 |  0.000 |  -0.002 |    0.037 | 
     +--------------------------------------------------------------------------------------------+ 
Path 39: MET Hold Check with Pin uu_dtpath/uu_mem/o_readData_reg[16]/CK 
Endpoint:   uu_dtpath/uu_mem/o_readData_reg[16]/D (v) checked with  leading 
edge of 'clk'
Beginpoint: i_readData[16]                        (v) triggered by  leading 
edge of 'clk'
Path Groups: {clk}
Analysis View: hold
Retime Analysis { Data Path-Slew SI }
Other End Arrival Time         -0.002
+ Hold                          0.003
+ Phase Shift                   0.000
+ Uncertainty                   0.010
= Required Time                 0.011
  Arrival Time                  0.050
  Slack Time                    0.039
= Slack Time(original)          0.039
     Clock Rise Edge                      0.000
     + Input Delay                        0.050
     = Beginpoint Arrival Time            0.050
     Timing Path:
     +-------------------------------------------------------------------------------------------------+ 
     |              Instance               |       Arc        |   Cell   | Retime | Arrival | Required | 
     |                                     |                  |          |  Delay |  Time   |   Time   | 
     |-------------------------------------+------------------+----------+--------+---------+----------| 
     |                                     | i_readData[16] v |          |        |   0.050 |    0.011 | 
     | uu_dtpath/uu_mem/o_readData_reg[16] |                  | DFFRHQX1 |  0.000 |   0.050 |    0.011 | 
     +-------------------------------------------------------------------------------------------------+ 
     Clock Rise Edge                      0.000
     + Source Insertion Delay            -0.162
     = Beginpoint Arrival Time           -0.162
     Other End Path:
     +--------------------------------------------------------------------------------------------+ 
     |               Instance               |    Arc     |   Cell   | Retime | Arrival | Required | 
     |                                      |            |          |  Delay |  Time   |   Time   | 
     |--------------------------------------+------------+----------+--------+---------+----------| 
     |                                      | clk ^      |          |        |  -0.162 |   -0.123 | 
     | uu_dtpath/CTS_ccl_a_buf_00286        |            | CLKBUFX3 |  0.005 |  -0.157 |   -0.119 | 
     | uu_dtpath/CTS_ccl_a_buf_00286        | A ^ -> Y ^ | CLKBUFX3 |  0.023 |  -0.134 |   -0.095 | 
     | uu_dtpath/CTS_ccl_a_buf_00282        |            | CLKBUFX3 |  0.000 |  -0.134 |   -0.095 | 
     | uu_dtpath/CTS_ccl_a_buf_00282        | A ^ -> Y ^ | CLKBUFX3 |  0.024 |  -0.110 |   -0.071 | 
     | uu_dtpath/CTS_ccl_a_buf_00274        |            | CLKBUFX4 |  0.000 |  -0.110 |   -0.071 | 
     | uu_dtpath/CTS_ccl_a_buf_00274        | A ^ -> Y ^ | CLKBUFX4 |  0.029 |  -0.081 |   -0.042 | 
     | uu_dtpath/CTS_ccl_a_buf_00242        |            | CLKBUFX3 |  0.000 |  -0.081 |   -0.042 | 
     | uu_dtpath/CTS_ccl_a_buf_00242        | A ^ -> Y ^ | CLKBUFX3 |  0.025 |  -0.056 |   -0.017 | 
     | uu_dtpath/CTS_ccl_a_buf_00186        |            | CLKBUFX3 |  0.000 |  -0.056 |   -0.017 | 
     | uu_dtpath/CTS_ccl_a_buf_00186        | A ^ -> Y ^ | CLKBUFX3 |  0.024 |  -0.031 |    0.007 | 
     | uu_dtpath/uu_mem/CTS_ccl_a_buf_00032 |            | CLKBUFX4 |  0.000 |  -0.031 |    0.007 | 
     | uu_dtpath/uu_mem/CTS_ccl_a_buf_00032 | A ^ -> Y ^ | CLKBUFX4 |  0.030 |  -0.002 |    0.037 | 
     | uu_dtpath/uu_mem/o_readData_reg[16]  |            | DFFRHQX1 |  0.000 |  -0.002 |    0.037 | 
     +--------------------------------------------------------------------------------------------+ 
Path 40: MET Hold Check with Pin uu_dtpath/uu_mem/o_readData_reg[17]/CK 
Endpoint:   uu_dtpath/uu_mem/o_readData_reg[17]/D (v) checked with  leading 
edge of 'clk'
Beginpoint: i_readData[17]                        (v) triggered by  leading 
edge of 'clk'
Path Groups: {clk}
Analysis View: hold
Retime Analysis { Data Path-Slew SI }
Other End Arrival Time         -0.002
+ Hold                          0.003
+ Phase Shift                   0.000
+ Uncertainty                   0.010
= Required Time                 0.011
  Arrival Time                  0.050
  Slack Time                    0.039
= Slack Time(original)          0.039
     Clock Rise Edge                      0.000
     + Input Delay                        0.050
     = Beginpoint Arrival Time            0.050
     Timing Path:
     +-------------------------------------------------------------------------------------------------+ 
     |              Instance               |       Arc        |   Cell   | Retime | Arrival | Required | 
     |                                     |                  |          |  Delay |  Time   |   Time   | 
     |-------------------------------------+------------------+----------+--------+---------+----------| 
     |                                     | i_readData[17] v |          |        |   0.050 |    0.011 | 
     | uu_dtpath/uu_mem/o_readData_reg[17] |                  | DFFRHQX1 |  0.000 |   0.050 |    0.011 | 
     +-------------------------------------------------------------------------------------------------+ 
     Clock Rise Edge                      0.000
     + Source Insertion Delay            -0.162
     = Beginpoint Arrival Time           -0.162
     Other End Path:
     +--------------------------------------------------------------------------------------------+ 
     |               Instance               |    Arc     |   Cell   | Retime | Arrival | Required | 
     |                                      |            |          |  Delay |  Time   |   Time   | 
     |--------------------------------------+------------+----------+--------+---------+----------| 
     |                                      | clk ^      |          |        |  -0.162 |   -0.123 | 
     | uu_dtpath/CTS_ccl_a_buf_00286        |            | CLKBUFX3 |  0.005 |  -0.157 |   -0.119 | 
     | uu_dtpath/CTS_ccl_a_buf_00286        | A ^ -> Y ^ | CLKBUFX3 |  0.023 |  -0.134 |   -0.095 | 
     | uu_dtpath/CTS_ccl_a_buf_00282        |            | CLKBUFX3 |  0.000 |  -0.134 |   -0.095 | 
     | uu_dtpath/CTS_ccl_a_buf_00282        | A ^ -> Y ^ | CLKBUFX3 |  0.024 |  -0.110 |   -0.071 | 
     | uu_dtpath/CTS_ccl_a_buf_00274        |            | CLKBUFX4 |  0.000 |  -0.110 |   -0.071 | 
     | uu_dtpath/CTS_ccl_a_buf_00274        | A ^ -> Y ^ | CLKBUFX4 |  0.029 |  -0.081 |   -0.042 | 
     | uu_dtpath/CTS_ccl_a_buf_00242        |            | CLKBUFX3 |  0.000 |  -0.081 |   -0.042 | 
     | uu_dtpath/CTS_ccl_a_buf_00242        | A ^ -> Y ^ | CLKBUFX3 |  0.025 |  -0.056 |   -0.017 | 
     | uu_dtpath/CTS_ccl_a_buf_00186        |            | CLKBUFX3 |  0.000 |  -0.056 |   -0.017 | 
     | uu_dtpath/CTS_ccl_a_buf_00186        | A ^ -> Y ^ | CLKBUFX3 |  0.024 |  -0.031 |    0.007 | 
     | uu_dtpath/uu_mem/CTS_ccl_a_buf_00032 |            | CLKBUFX4 |  0.000 |  -0.031 |    0.007 | 
     | uu_dtpath/uu_mem/CTS_ccl_a_buf_00032 | A ^ -> Y ^ | CLKBUFX4 |  0.030 |  -0.002 |    0.037 | 
     | uu_dtpath/uu_mem/o_readData_reg[17]  |            | DFFRHQX1 |  0.000 |  -0.002 |    0.037 | 
     +--------------------------------------------------------------------------------------------+ 
Path 41: MET Hold Check with Pin uu_dtpath/uu_exec/pc_plus4_ff_reg[10]/CK 
Endpoint:   uu_dtpath/uu_exec/pc_plus4_ff_reg[10]/D (v) checked with  leading 
edge of 'clk'
Beginpoint: uu_dtpath/uu_dec/o_pc_plus4_reg[10]/Q   (v) triggered by  leading 
edge of 'clk'
Path Groups: {clk}
Analysis View: hold
Retime Analysis { Data Path-Slew SI }
Other End Arrival Time          0.018
+ Hold                          0.002
+ Phase Shift                   0.000
+ Uncertainty                   0.010
= Required Time                 0.030
  Arrival Time                  0.069
  Slack Time                    0.039
= Slack Time(original)          0.039
     Clock Rise Edge                      0.000
     + Source Insertion Delay            -0.162
     = Beginpoint Arrival Time           -0.162
     Timing Path:
     +----------------------------------------------------------------------------------------------+ 
     |               Instance                |     Arc     |   Cell   | Retime | Arrival | Required | 
     |                                       |             |          |  Delay |  Time   |   Time   | 
     |---------------------------------------+-------------+----------+--------+---------+----------| 
     |                                       | clk ^       |          |        |  -0.162 |   -0.202 | 
     | uu_dtpath/CTS_ccl_a_buf_00286         |             | CLKBUFX3 |  0.005 |  -0.157 |   -0.197 | 
     | uu_dtpath/CTS_ccl_a_buf_00286         | A ^ -> Y ^  | CLKBUFX3 |  0.023 |  -0.134 |   -0.173 | 
     | uu_dtpath/CTS_ccl_a_buf_00282         |             | CLKBUFX3 |  0.000 |  -0.134 |   -0.173 | 
     | uu_dtpath/CTS_ccl_a_buf_00282         | A ^ -> Y ^  | CLKBUFX3 |  0.024 |  -0.110 |   -0.150 | 
     | uu_dtpath/CTS_ccl_a_buf_00274         |             | CLKBUFX4 |  0.000 |  -0.110 |   -0.150 | 
     | uu_dtpath/CTS_ccl_a_buf_00274         | A ^ -> Y ^  | CLKBUFX4 |  0.029 |  -0.081 |   -0.121 | 
     | uu_dtpath/CTS_ccl_a_buf_00242         |             | CLKBUFX3 |  0.000 |  -0.081 |   -0.121 | 
     | uu_dtpath/CTS_ccl_a_buf_00242         | A ^ -> Y ^  | CLKBUFX3 |  0.025 |  -0.056 |   -0.095 | 
     | uu_dtpath/CTS_ccl_a_buf_00193         |             | CLKBUFX3 |  0.000 |  -0.056 |   -0.095 | 
     | uu_dtpath/CTS_ccl_a_buf_00193         | A ^ -> Y ^  | CLKBUFX3 |  0.022 |  -0.034 |   -0.073 | 
     | uu_dtpath/CTS_cpc_drv_buf_00358       |             | CLKBUFX3 |  0.000 |  -0.034 |   -0.073 | 
     | uu_dtpath/CTS_cpc_drv_buf_00358       | A ^ -> Y ^  | CLKBUFX3 |  0.022 |  -0.012 |   -0.052 | 
     | uu_dtpath/CTS_ccl_a_buf_00050         |             | CLKBUFX4 |  0.000 |  -0.012 |   -0.052 | 
     | uu_dtpath/CTS_ccl_a_buf_00050         | A ^ -> Y ^  | CLKBUFX4 |  0.027 |   0.015 |   -0.024 | 
     | uu_dtpath/uu_dec/o_pc_plus4_reg[10]   |             | DFFRHQX1 |  0.000 |   0.015 |   -0.024 | 
     | uu_dtpath/uu_dec/o_pc_plus4_reg[10]   | CK ^ -> Q v | DFFRHQX1 |  0.054 |   0.069 |    0.030 | 
     | uu_dtpath/uu_exec/pc_plus4_ff_reg[10] |             | DFFRHQX1 |  0.000 |   0.069 |    0.030 | 
     +----------------------------------------------------------------------------------------------+ 
     Clock Rise Edge                      0.000
     + Source Insertion Delay            -0.162
     = Beginpoint Arrival Time           -0.162
     Other End Path:
     +---------------------------------------------------------------------------------------------+ 
     |               Instance                |    Arc     |   Cell   | Retime | Arrival | Required | 
     |                                       |            |          |  Delay |  Time   |   Time   | 
     |---------------------------------------+------------+----------+--------+---------+----------| 
     |                                       | clk ^      |          |        |  -0.162 |   -0.123 | 
     | uu_dtpath/CTS_ccl_a_buf_00286         |            | CLKBUFX3 |  0.005 |  -0.157 |   -0.118 | 
     | uu_dtpath/CTS_ccl_a_buf_00286         | A ^ -> Y ^ | CLKBUFX3 |  0.023 |  -0.134 |   -0.095 | 
     | uu_dtpath/CTS_ccl_a_buf_00282         |            | CLKBUFX3 |  0.000 |  -0.134 |   -0.095 | 
     | uu_dtpath/CTS_ccl_a_buf_00282         | A ^ -> Y ^ | CLKBUFX3 |  0.024 |  -0.110 |   -0.071 | 
     | uu_dtpath/CTS_ccl_a_buf_00274         |            | CLKBUFX4 |  0.000 |  -0.110 |   -0.071 | 
     | uu_dtpath/CTS_ccl_a_buf_00274         | A ^ -> Y ^ | CLKBUFX4 |  0.029 |  -0.081 |   -0.042 | 
     | uu_dtpath/CTS_ccl_a_buf_00242         |            | CLKBUFX3 |  0.000 |  -0.081 |   -0.042 | 
     | uu_dtpath/CTS_ccl_a_buf_00242         | A ^ -> Y ^ | CLKBUFX3 |  0.025 |  -0.056 |   -0.016 | 
     | uu_dtpath/CTS_ccl_a_buf_00193         |            | CLKBUFX3 |  0.000 |  -0.056 |   -0.016 | 
     | uu_dtpath/CTS_ccl_a_buf_00193         | A ^ -> Y ^ | CLKBUFX3 |  0.022 |  -0.034 |    0.006 | 
     | uu_dtpath/CTS_cpc_drv_buf_00357       |            | CLKBUFX3 |  0.000 |  -0.034 |    0.006 | 
     | uu_dtpath/CTS_cpc_drv_buf_00357       | A ^ -> Y ^ | CLKBUFX3 |  0.023 |  -0.010 |    0.029 | 
     | uu_dtpath/CTS_ccl_a_buf_00012         |            | CLKBUFX4 |  0.000 |  -0.010 |    0.029 | 
     | uu_dtpath/CTS_ccl_a_buf_00012         | A ^ -> Y ^ | CLKBUFX4 |  0.028 |   0.018 |    0.057 | 
     | uu_dtpath/uu_exec/pc_plus4_ff_reg[10] |            | DFFRHQX1 |  0.000 |   0.018 |    0.057 | 
     +---------------------------------------------------------------------------------------------+ 
Path 42: MET Hold Check with Pin uu_dtpath/uu_exec/pc_plus4_ff_reg[0]/CK 
Endpoint:   uu_dtpath/uu_exec/pc_plus4_ff_reg[0]/D (v) checked with  leading 
edge of 'clk'
Beginpoint: uu_dtpath/uu_dec/o_pc_plus4_reg[0]/Q   (v) triggered by  leading 
edge of 'clk'
Path Groups: {clk}
Analysis View: hold
Retime Analysis { Data Path-Slew SI }
Other End Arrival Time          0.016
+ Hold                         -0.001
+ Phase Shift                   0.000
+ Uncertainty                   0.010
= Required Time                 0.026
  Arrival Time                  0.065
  Slack Time                    0.039
= Slack Time(original)          0.039
     Clock Rise Edge                      0.000
     + Source Insertion Delay            -0.162
     = Beginpoint Arrival Time           -0.162
     Timing Path:
     +---------------------------------------------------------------------------------------------+ 
     |               Instance               |     Arc     |   Cell   | Retime | Arrival | Required | 
     |                                      |             |          |  Delay |  Time   |   Time   | 
     |--------------------------------------+-------------+----------+--------+---------+----------| 
     |                                      | clk ^       |          |        |  -0.162 |   -0.202 | 
     | uu_dtpath/CTS_ccl_a_buf_00286        |             | CLKBUFX3 |  0.005 |  -0.157 |   -0.197 | 
     | uu_dtpath/CTS_ccl_a_buf_00286        | A ^ -> Y ^  | CLKBUFX3 |  0.023 |  -0.134 |   -0.173 | 
     | uu_dtpath/CTS_ccl_a_buf_00282        |             | CLKBUFX3 |  0.000 |  -0.134 |   -0.173 | 
     | uu_dtpath/CTS_ccl_a_buf_00282        | A ^ -> Y ^  | CLKBUFX3 |  0.024 |  -0.110 |   -0.150 | 
     | uu_dtpath/CTS_ccl_a_buf_00274        |             | CLKBUFX4 |  0.000 |  -0.110 |   -0.150 | 
     | uu_dtpath/CTS_ccl_a_buf_00274        | A ^ -> Y ^  | CLKBUFX4 |  0.029 |  -0.081 |   -0.121 | 
     | uu_dtpath/CTS_ccl_a_buf_00260        |             | CLKBUFX4 |  0.000 |  -0.081 |   -0.121 | 
     | uu_dtpath/CTS_ccl_a_buf_00260        | A ^ -> Y ^  | CLKBUFX4 |  0.028 |  -0.053 |   -0.093 | 
     | uu_dtpath/CTS_ccl_a_buf_00185        |             | CLKBUFX3 |  0.000 |  -0.053 |   -0.093 | 
     | uu_dtpath/CTS_ccl_a_buf_00185        | A ^ -> Y ^  | CLKBUFX3 |  0.025 |  -0.029 |   -0.068 | 
     | uu_dtpath/CTS_ccl_a_buf_00013        |             | CLKBUFX4 |  0.000 |  -0.029 |   -0.068 | 
     | uu_dtpath/CTS_ccl_a_buf_00013        | A ^ -> Y ^  | CLKBUFX4 |  0.030 |   0.002 |   -0.038 | 
     | uu_dtpath/uu_dec/o_pc_plus4_reg[0]   |             | DFFRHQX1 |  0.000 |   0.002 |   -0.038 | 
     | uu_dtpath/uu_dec/o_pc_plus4_reg[0]   | CK ^ -> Q v | DFFRHQX1 |  0.064 |   0.065 |    0.026 | 
     | uu_dtpath/uu_exec/pc_plus4_ff_reg[0] |             | DFFRHQX1 |  0.000 |   0.065 |    0.026 | 
     +---------------------------------------------------------------------------------------------+ 
     Clock Rise Edge                      0.000
     + Source Insertion Delay            -0.162
     = Beginpoint Arrival Time           -0.162
     Other End Path:
     +--------------------------------------------------------------------------------------------+ 
     |               Instance               |    Arc     |   Cell   | Retime | Arrival | Required | 
     |                                      |            |          |  Delay |  Time   |   Time   | 
     |--------------------------------------+------------+----------+--------+---------+----------| 
     |                                      | clk ^      |          |        |  -0.162 |   -0.123 | 
     | uu_dtpath/CTS_ccl_a_buf_00286        |            | CLKBUFX3 |  0.005 |  -0.157 |   -0.118 | 
     | uu_dtpath/CTS_ccl_a_buf_00286        | A ^ -> Y ^ | CLKBUFX3 |  0.023 |  -0.134 |   -0.094 | 
     | uu_dtpath/CTS_ccl_a_buf_00282        |            | CLKBUFX3 |  0.000 |  -0.134 |   -0.094 | 
     | uu_dtpath/CTS_ccl_a_buf_00282        | A ^ -> Y ^ | CLKBUFX3 |  0.024 |  -0.110 |   -0.071 | 
     | uu_dtpath/CTS_ccl_a_buf_00274        |            | CLKBUFX4 |  0.000 |  -0.110 |   -0.071 | 
     | uu_dtpath/CTS_ccl_a_buf_00274        | A ^ -> Y ^ | CLKBUFX4 |  0.029 |  -0.081 |   -0.042 | 
     | uu_dtpath/CTS_ccl_a_buf_00242        |            | CLKBUFX3 |  0.000 |  -0.081 |   -0.042 | 
     | uu_dtpath/CTS_ccl_a_buf_00242        | A ^ -> Y ^ | CLKBUFX3 |  0.025 |  -0.056 |   -0.016 | 
     | uu_dtpath/CTS_ccl_a_buf_00193        |            | CLKBUFX3 |  0.000 |  -0.056 |   -0.016 | 
     | uu_dtpath/CTS_ccl_a_buf_00193        | A ^ -> Y ^ | CLKBUFX3 |  0.022 |  -0.034 |    0.006 | 
     | uu_dtpath/CTS_cpc_drv_buf_00357      |            | CLKBUFX3 |  0.000 |  -0.034 |    0.006 | 
     | uu_dtpath/CTS_cpc_drv_buf_00357      | A ^ -> Y ^ | CLKBUFX3 |  0.023 |  -0.010 |    0.029 | 
     | uu_dtpath/CTS_ccl_a_buf_00031        |            | CLKBUFX4 |  0.000 |  -0.010 |    0.029 | 
     | uu_dtpath/CTS_ccl_a_buf_00031        | A ^ -> Y ^ | CLKBUFX4 |  0.026 |   0.016 |    0.056 | 
     | uu_dtpath/uu_exec/pc_plus4_ff_reg[0] |            | DFFRHQX1 |  0.000 |   0.016 |    0.056 | 
     +--------------------------------------------------------------------------------------------+ 
Path 43: MET Hold Check with Pin uu_dtpath/uu_mem/o_pcTarget_reg[9]/CK 
Endpoint:   uu_dtpath/uu_mem/o_pcTarget_reg[9]/D     (v) checked with  leading 
edge of 'clk'
Beginpoint: uu_dtpath/uu_exec/o_pcTarget_ff_reg[9]/Q (v) triggered by  leading 
edge of 'clk'
Path Groups: {clk}
Analysis View: hold
Retime Analysis { Data Path-Slew SI }
Other End Arrival Time          0.018
+ Hold                          0.002
+ Phase Shift                   0.000
+ Uncertainty                   0.010
= Required Time                 0.030
  Arrival Time                  0.070
  Slack Time                    0.040
= Slack Time(original)          0.040
     Clock Rise Edge                      0.000
     + Source Insertion Delay            -0.162
     = Beginpoint Arrival Time           -0.162
     Timing Path:
     +-----------------------------------------------------------------------------------------------+ 
     |                Instance                |     Arc     |   Cell   | Retime | Arrival | Required | 
     |                                        |             |          |  Delay |  Time   |   Time   | 
     |----------------------------------------+-------------+----------+--------+---------+----------| 
     |                                        | clk ^       |          |        |  -0.162 |   -0.202 | 
     | uu_dtpath/CTS_ccl_a_buf_00286          |             | CLKBUFX3 |  0.005 |  -0.157 |   -0.197 | 
     | uu_dtpath/CTS_ccl_a_buf_00286          | A ^ -> Y ^  | CLKBUFX3 |  0.023 |  -0.134 |   -0.174 | 
     | uu_dtpath/CTS_ccl_a_buf_00282          |             | CLKBUFX3 |  0.000 |  -0.134 |   -0.174 | 
     | uu_dtpath/CTS_ccl_a_buf_00282          | A ^ -> Y ^  | CLKBUFX3 |  0.024 |  -0.110 |   -0.150 | 
     | uu_dtpath/CTS_ccl_a_buf_00274          |             | CLKBUFX4 |  0.000 |  -0.110 |   -0.150 | 
     | uu_dtpath/CTS_ccl_a_buf_00274          | A ^ -> Y ^  | CLKBUFX4 |  0.029 |  -0.081 |   -0.121 | 
     | uu_dtpath/CTS_ccl_a_buf_00242          |             | CLKBUFX3 |  0.000 |  -0.081 |   -0.121 | 
     | uu_dtpath/CTS_ccl_a_buf_00242          | A ^ -> Y ^  | CLKBUFX3 |  0.025 |  -0.056 |   -0.096 | 
     | uu_dtpath/CTS_ccl_a_buf_00193          |             | CLKBUFX3 |  0.000 |  -0.056 |   -0.096 | 
     | uu_dtpath/CTS_ccl_a_buf_00193          | A ^ -> Y ^  | CLKBUFX3 |  0.022 |  -0.034 |   -0.074 | 
     | uu_dtpath/CTS_cpc_drv_buf_00357        |             | CLKBUFX3 |  0.000 |  -0.034 |   -0.074 | 
     | uu_dtpath/CTS_cpc_drv_buf_00357        | A ^ -> Y ^  | CLKBUFX3 |  0.023 |  -0.011 |   -0.051 | 
     | uu_dtpath/CTS_ccl_a_buf_00012          |             | CLKBUFX4 |  0.000 |  -0.011 |   -0.051 | 
     | uu_dtpath/CTS_ccl_a_buf_00012          | A ^ -> Y ^  | CLKBUFX4 |  0.028 |   0.017 |   -0.023 | 
     | uu_dtpath/uu_exec/o_pcTarget_ff_reg[9] |             | DFFRHQX1 |  0.000 |   0.017 |   -0.023 | 
     | uu_dtpath/uu_exec/o_pcTarget_ff_reg[9] | CK ^ -> Q v | DFFRHQX1 |  0.053 |   0.070 |    0.030 | 
     | uu_dtpath/uu_mem/o_pcTarget_reg[9]     |             | DFFRHQX1 |  0.000 |   0.070 |    0.030 | 
     +-----------------------------------------------------------------------------------------------+ 
     Clock Rise Edge                      0.000
     + Source Insertion Delay            -0.162
     = Beginpoint Arrival Time           -0.162
     Other End Path:
     +------------------------------------------------------------------------------------------+ 
     |              Instance              |    Arc     |   Cell   | Retime | Arrival | Required | 
     |                                    |            |          |  Delay |  Time   |   Time   | 
     |------------------------------------+------------+----------+--------+---------+----------| 
     |                                    | clk ^      |          |        |  -0.162 |   -0.122 | 
     | uu_dtpath/CTS_ccl_a_buf_00286      |            | CLKBUFX3 |  0.005 |  -0.157 |   -0.117 | 
     | uu_dtpath/CTS_ccl_a_buf_00286      | A ^ -> Y ^ | CLKBUFX3 |  0.023 |  -0.134 |   -0.094 | 
     | uu_dtpath/CTS_ccl_a_buf_00282      |            | CLKBUFX3 |  0.000 |  -0.134 |   -0.094 | 
     | uu_dtpath/CTS_ccl_a_buf_00282      | A ^ -> Y ^ | CLKBUFX3 |  0.024 |  -0.110 |   -0.070 | 
     | uu_dtpath/CTS_ccl_a_buf_00274      |            | CLKBUFX4 |  0.000 |  -0.110 |   -0.070 | 
     | uu_dtpath/CTS_ccl_a_buf_00274      | A ^ -> Y ^ | CLKBUFX4 |  0.029 |  -0.081 |   -0.041 | 
     | uu_dtpath/CTS_ccl_a_buf_00242      |            | CLKBUFX3 |  0.000 |  -0.081 |   -0.041 | 
     | uu_dtpath/CTS_ccl_a_buf_00242      | A ^ -> Y ^ | CLKBUFX3 |  0.025 |  -0.056 |   -0.016 | 
     | uu_dtpath/CTS_ccl_a_buf_00193      |            | CLKBUFX3 |  0.000 |  -0.056 |   -0.016 | 
     | uu_dtpath/CTS_ccl_a_buf_00193      | A ^ -> Y ^ | CLKBUFX3 |  0.022 |  -0.034 |    0.006 | 
     | uu_dtpath/CTS_cpc_drv_buf_00357    |            | CLKBUFX3 |  0.000 |  -0.034 |    0.006 | 
     | uu_dtpath/CTS_cpc_drv_buf_00357    | A ^ -> Y ^ | CLKBUFX3 |  0.023 |  -0.010 |    0.030 | 
     | uu_dtpath/CTS_ccl_a_buf_00012      |            | CLKBUFX4 |  0.000 |  -0.010 |    0.030 | 
     | uu_dtpath/CTS_ccl_a_buf_00012      | A ^ -> Y ^ | CLKBUFX4 |  0.028 |   0.018 |    0.058 | 
     | uu_dtpath/uu_mem/o_pcTarget_reg[9] |            | DFFRHQX1 |  0.000 |   0.018 |    0.058 | 
     +------------------------------------------------------------------------------------------+ 
Path 44: MET Hold Check with Pin uu_dtpath/uu_mem/o_readData_reg[0]/CK 
Endpoint:   uu_dtpath/uu_mem/o_readData_reg[0]/D (v) checked with  leading edge 
of 'clk'
Beginpoint: i_readData[0]                        (v) triggered by  leading edge 
of 'clk'
Path Groups: {clk}
Analysis View: hold
Retime Analysis { Data Path-Slew SI }
Other End Arrival Time         -0.003
+ Hold                          0.003
+ Phase Shift                   0.000
+ Uncertainty                   0.010
= Required Time                 0.010
  Arrival Time                  0.050
  Slack Time                    0.040
= Slack Time(original)          0.040
     Clock Rise Edge                      0.000
     + Input Delay                        0.050
     = Beginpoint Arrival Time            0.050
     Timing Path:
     +-----------------------------------------------------------------------------------------------+ 
     |              Instance              |       Arc       |   Cell   | Retime | Arrival | Required | 
     |                                    |                 |          |  Delay |  Time   |   Time   | 
     |------------------------------------+-----------------+----------+--------+---------+----------| 
     |                                    | i_readData[0] v |          |        |   0.050 |    0.010 | 
     | uu_dtpath/uu_mem/o_readData_reg[0] |                 | DFFRHQX1 |  0.000 |   0.050 |    0.010 | 
     +-----------------------------------------------------------------------------------------------+ 
     Clock Rise Edge                      0.000
     + Source Insertion Delay            -0.162
     = Beginpoint Arrival Time           -0.162
     Other End Path:
     +------------------------------------------------------------------------------------------+ 
     |              Instance              |    Arc     |   Cell   | Retime | Arrival | Required | 
     |                                    |            |          |  Delay |  Time   |   Time   | 
     |------------------------------------+------------+----------+--------+---------+----------| 
     |                                    | clk ^      |          |        |  -0.162 |   -0.122 | 
     | uu_dtpath/CTS_ccl_a_buf_00286      |            | CLKBUFX3 |  0.005 |  -0.157 |   -0.117 | 
     | uu_dtpath/CTS_ccl_a_buf_00286      | A ^ -> Y ^ | CLKBUFX3 |  0.023 |  -0.134 |   -0.094 | 
     | uu_dtpath/CTS_ccl_a_buf_00282      |            | CLKBUFX3 |  0.000 |  -0.134 |   -0.094 | 
     | uu_dtpath/CTS_ccl_a_buf_00282      | A ^ -> Y ^ | CLKBUFX3 |  0.024 |  -0.110 |   -0.070 | 
     | uu_dtpath/CTS_ccl_a_buf_00274      |            | CLKBUFX4 |  0.000 |  -0.110 |   -0.070 | 
     | uu_dtpath/CTS_ccl_a_buf_00274      | A ^ -> Y ^ | CLKBUFX4 |  0.029 |  -0.081 |   -0.041 | 
     | uu_dtpath/CTS_ccl_a_buf_00242      |            | CLKBUFX3 |  0.000 |  -0.081 |   -0.041 | 
     | uu_dtpath/CTS_ccl_a_buf_00242      | A ^ -> Y ^ | CLKBUFX3 |  0.025 |  -0.056 |   -0.015 | 
     | uu_dtpath/CTS_ccl_a_buf_00186      |            | CLKBUFX3 |  0.000 |  -0.056 |   -0.015 | 
     | uu_dtpath/CTS_ccl_a_buf_00186      | A ^ -> Y ^ | CLKBUFX3 |  0.024 |  -0.031 |    0.009 | 
     | uu_dtpath/CTS_ccl_a_buf_00017      |            | CLKBUFX4 |  0.000 |  -0.031 |    0.009 | 
     | uu_dtpath/CTS_ccl_a_buf_00017      | A ^ -> Y ^ | CLKBUFX4 |  0.028 |  -0.003 |    0.037 | 
     | uu_dtpath/uu_mem/o_readData_reg[0] |            | DFFRHQX1 |  0.000 |  -0.003 |    0.037 | 
     +------------------------------------------------------------------------------------------+ 
Path 45: MET Hold Check with Pin uu_dtpath/uu_exec/pc_plus4_ff_reg[23]/CK 
Endpoint:   uu_dtpath/uu_exec/pc_plus4_ff_reg[23]/D (v) checked with  leading 
edge of 'clk'
Beginpoint: uu_dtpath/uu_dec/o_pc_plus4_reg[23]/Q   (v) triggered by  leading 
edge of 'clk'
Path Groups: {clk}
Analysis View: hold
Retime Analysis { Data Path-Slew SI }
Other End Arrival Time         -0.001
+ Hold                          0.003
+ Phase Shift                   0.000
+ Uncertainty                   0.010
= Required Time                 0.011
  Arrival Time                  0.051
  Slack Time                    0.040
= Slack Time(original)          0.040
     Clock Rise Edge                      0.000
     + Source Insertion Delay            -0.162
     = Beginpoint Arrival Time           -0.162
     Timing Path:
     +----------------------------------------------------------------------------------------------+ 
     |               Instance                |     Arc     |   Cell   | Retime | Arrival | Required | 
     |                                       |             |          |  Delay |  Time   |   Time   | 
     |---------------------------------------+-------------+----------+--------+---------+----------| 
     |                                       | clk ^       |          |        |  -0.162 |   -0.202 | 
     | uu_dtpath/CTS_ccl_a_buf_00287         |             | BUFX2    |  0.005 |  -0.157 |   -0.198 | 
     | uu_dtpath/CTS_ccl_a_buf_00287         | A ^ -> Y ^  | BUFX2    |  0.023 |  -0.134 |   -0.174 | 
     | uu_dtpath/CTS_ccl_a_buf_00283         |             | CLKBUFX4 |  0.000 |  -0.134 |   -0.174 | 
     | uu_dtpath/CTS_ccl_a_buf_00283         | A ^ -> Y ^  | CLKBUFX4 |  0.027 |  -0.107 |   -0.147 | 
     | uu_dtpath/CTS_ccl_a_buf_00276         |             | CLKBUFX3 |  0.000 |  -0.107 |   -0.147 | 
     | uu_dtpath/CTS_ccl_a_buf_00276         | A ^ -> Y ^  | CLKBUFX3 |  0.025 |  -0.082 |   -0.122 | 
     | uu_dtpath/CTS_ccl_a_buf_00238         |             | CLKBUFX4 |  0.000 |  -0.082 |   -0.122 | 
     | uu_dtpath/CTS_ccl_a_buf_00238         | A ^ -> Y ^  | CLKBUFX4 |  0.027 |  -0.055 |   -0.095 | 
     | uu_dtpath/CTS_ccl_a_buf_00191         |             | CLKBUFX3 |  0.000 |  -0.055 |   -0.095 | 
     | uu_dtpath/CTS_ccl_a_buf_00191         | A ^ -> Y ^  | CLKBUFX3 |  0.025 |  -0.030 |   -0.071 | 
     | uu_dtpath/CTS_ccl_a_buf_00028         |             | CLKBUFX4 |  0.000 |  -0.030 |   -0.071 | 
     | uu_dtpath/CTS_ccl_a_buf_00028         | A ^ -> Y ^  | CLKBUFX4 |  0.028 |  -0.002 |   -0.043 | 
     | uu_dtpath/uu_dec/o_pc_plus4_reg[23]   |             | DFFRHQX1 |  0.000 |  -0.002 |   -0.043 | 
     | uu_dtpath/uu_dec/o_pc_plus4_reg[23]   | CK ^ -> Q v | DFFRHQX1 |  0.054 |   0.051 |    0.011 | 
     | uu_dtpath/uu_exec/pc_plus4_ff_reg[23] |             | DFFRHQX1 |  0.000 |   0.051 |    0.011 | 
     +----------------------------------------------------------------------------------------------+ 
     Clock Rise Edge                      0.000
     + Source Insertion Delay            -0.162
     = Beginpoint Arrival Time           -0.162
     Other End Path:
     +---------------------------------------------------------------------------------------------+ 
     |               Instance                |    Arc     |   Cell   | Retime | Arrival | Required | 
     |                                       |            |          |  Delay |  Time   |   Time   | 
     |---------------------------------------+------------+----------+--------+---------+----------| 
     |                                       | clk ^      |          |        |  -0.162 |   -0.122 | 
     | uu_dtpath/CTS_ccl_a_buf_00287         |            | BUFX2    |  0.005 |  -0.157 |   -0.117 | 
     | uu_dtpath/CTS_ccl_a_buf_00287         | A ^ -> Y ^ | BUFX2    |  0.023 |  -0.134 |   -0.094 | 
     | uu_dtpath/CTS_ccl_a_buf_00283         |            | CLKBUFX4 |  0.000 |  -0.134 |   -0.094 | 
     | uu_dtpath/CTS_ccl_a_buf_00283         | A ^ -> Y ^ | CLKBUFX4 |  0.027 |  -0.107 |   -0.067 | 
     | uu_dtpath/CTS_ccl_a_buf_00276         |            | CLKBUFX3 |  0.000 |  -0.107 |   -0.067 | 
     | uu_dtpath/CTS_ccl_a_buf_00276         | A ^ -> Y ^ | CLKBUFX3 |  0.025 |  -0.082 |   -0.042 | 
     | uu_dtpath/CTS_ccl_a_buf_00238         |            | CLKBUFX4 |  0.000 |  -0.082 |   -0.042 | 
     | uu_dtpath/CTS_ccl_a_buf_00238         | A ^ -> Y ^ | CLKBUFX4 |  0.027 |  -0.055 |   -0.015 | 
     | uu_dtpath/CTS_ccl_a_buf_00191         |            | CLKBUFX3 |  0.000 |  -0.055 |   -0.015 | 
     | uu_dtpath/CTS_ccl_a_buf_00191         | A ^ -> Y ^ | CLKBUFX3 |  0.025 |  -0.030 |    0.010 | 
     | uu_dtpath/CTS_ccl_a_buf_00028         |            | CLKBUFX4 |  0.000 |  -0.030 |    0.010 | 
     | uu_dtpath/CTS_ccl_a_buf_00028         | A ^ -> Y ^ | CLKBUFX4 |  0.028 |  -0.001 |    0.039 | 
     | uu_dtpath/uu_exec/pc_plus4_ff_reg[23] |            | DFFRHQX1 |  0.000 |  -0.001 |    0.039 | 
     +---------------------------------------------------------------------------------------------+ 
Path 46: MET Hold Check with Pin uu_dtpath/uu_mem/o_pcTarget_reg[14]/CK 
Endpoint:   uu_dtpath/uu_mem/o_pcTarget_reg[14]/D     (v) checked with  leading 
edge of 'clk'
Beginpoint: uu_dtpath/uu_exec/o_pcTarget_ff_reg[14]/Q (v) triggered by  leading 
edge of 'clk'
Path Groups: {clk}
Analysis View: hold
Retime Analysis { Data Path-Slew SI }
Other End Arrival Time          0.002
+ Hold                          0.003
+ Phase Shift                   0.000
+ Uncertainty                   0.010
= Required Time                 0.014
  Arrival Time                  0.054
  Slack Time                    0.040
= Slack Time(original)          0.040
     Clock Rise Edge                      0.000
     + Source Insertion Delay            -0.162
     = Beginpoint Arrival Time           -0.162
     Timing Path:
     +------------------------------------------------------------------------------------------------+ 
     |                Instance                 |     Arc     |   Cell   | Retime | Arrival | Required | 
     |                                         |             |          |  Delay |  Time   |   Time   | 
     |-----------------------------------------+-------------+----------+--------+---------+----------| 
     |                                         | clk ^       |          |        |  -0.162 |   -0.202 | 
     | uu_dtpath/CTS_ccl_a_buf_00286           |             | CLKBUFX3 |  0.005 |  -0.157 |   -0.198 | 
     | uu_dtpath/CTS_ccl_a_buf_00286           | A ^ -> Y ^  | CLKBUFX3 |  0.023 |  -0.134 |   -0.174 | 
     | uu_dtpath/CTS_ccl_a_buf_00282           |             | CLKBUFX3 |  0.000 |  -0.134 |   -0.174 | 
     | uu_dtpath/CTS_ccl_a_buf_00282           | A ^ -> Y ^  | CLKBUFX3 |  0.024 |  -0.110 |   -0.150 | 
     | uu_dtpath/CTS_ccl_a_buf_00274           |             | CLKBUFX4 |  0.000 |  -0.110 |   -0.150 | 
     | uu_dtpath/CTS_ccl_a_buf_00274           | A ^ -> Y ^  | CLKBUFX4 |  0.029 |  -0.081 |   -0.122 | 
     | uu_dtpath/CTS_ccl_a_buf_00242           |             | CLKBUFX3 |  0.000 |  -0.081 |   -0.122 | 
     | uu_dtpath/CTS_ccl_a_buf_00242           | A ^ -> Y ^  | CLKBUFX3 |  0.025 |  -0.056 |   -0.096 | 
     | uu_dtpath/CTS_ccl_a_buf_00197           |             | CLKBUFX4 |  0.000 |  -0.056 |   -0.096 | 
     | uu_dtpath/CTS_ccl_a_buf_00197           | A ^ -> Y ^  | CLKBUFX4 |  0.028 |  -0.027 |   -0.068 | 
     | uu_dtpath/CTS_ccl_a_buf_00009           |             | CLKBUFX4 |  0.000 |  -0.027 |   -0.068 | 
     | uu_dtpath/CTS_ccl_a_buf_00009           | A ^ -> Y ^  | CLKBUFX4 |  0.028 |   0.001 |   -0.040 | 
     | uu_dtpath/uu_exec/o_pcTarget_ff_reg[14] |             | DFFRHQX1 |  0.000 |   0.001 |   -0.040 | 
     | uu_dtpath/uu_exec/o_pcTarget_ff_reg[14] | CK ^ -> Q v | DFFRHQX1 |  0.054 |   0.054 |    0.014 | 
     | uu_dtpath/uu_mem/o_pcTarget_reg[14]     |             | DFFRHQX1 |  0.000 |   0.054 |    0.014 | 
     +------------------------------------------------------------------------------------------------+ 
     Clock Rise Edge                      0.000
     + Source Insertion Delay            -0.162
     = Beginpoint Arrival Time           -0.162
     Other End Path:
     +-------------------------------------------------------------------------------------------+ 
     |              Instance               |    Arc     |   Cell   | Retime | Arrival | Required | 
     |                                     |            |          |  Delay |  Time   |   Time   | 
     |-------------------------------------+------------+----------+--------+---------+----------| 
     |                                     | clk ^      |          |        |  -0.162 |   -0.122 | 
     | uu_dtpath/CTS_ccl_a_buf_00286       |            | CLKBUFX3 |  0.005 |  -0.157 |   -0.117 | 
     | uu_dtpath/CTS_ccl_a_buf_00286       | A ^ -> Y ^ | CLKBUFX3 |  0.023 |  -0.134 |   -0.094 | 
     | uu_dtpath/CTS_ccl_a_buf_00282       |            | CLKBUFX3 |  0.000 |  -0.134 |   -0.094 | 
     | uu_dtpath/CTS_ccl_a_buf_00282       | A ^ -> Y ^ | CLKBUFX3 |  0.024 |  -0.110 |   -0.070 | 
     | uu_dtpath/CTS_ccl_a_buf_00274       |            | CLKBUFX4 |  0.000 |  -0.110 |   -0.070 | 
     | uu_dtpath/CTS_ccl_a_buf_00274       | A ^ -> Y ^ | CLKBUFX4 |  0.029 |  -0.081 |   -0.041 | 
     | uu_dtpath/CTS_ccl_a_buf_00242       |            | CLKBUFX3 |  0.000 |  -0.081 |   -0.041 | 
     | uu_dtpath/CTS_ccl_a_buf_00242       | A ^ -> Y ^ | CLKBUFX3 |  0.025 |  -0.056 |   -0.015 | 
     | uu_dtpath/CTS_ccl_a_buf_00197       |            | CLKBUFX4 |  0.000 |  -0.056 |   -0.015 | 
     | uu_dtpath/CTS_ccl_a_buf_00197       | A ^ -> Y ^ | CLKBUFX4 |  0.028 |  -0.027 |    0.013 | 
     | uu_dtpath/CTS_ccl_a_buf_00010       |            | CLKBUFX4 |  0.000 |  -0.027 |    0.013 | 
     | uu_dtpath/CTS_ccl_a_buf_00010       | A ^ -> Y ^ | CLKBUFX4 |  0.029 |   0.002 |    0.042 | 
     | uu_dtpath/uu_mem/o_pcTarget_reg[14] |            | DFFRHQX1 |  0.000 |   0.002 |    0.042 | 
     +-------------------------------------------------------------------------------------------+ 
Path 47: MET Hold Check with Pin uu_dtpath/uu_mem/o_readData_reg[2]/CK 
Endpoint:   uu_dtpath/uu_mem/o_readData_reg[2]/D (v) checked with  leading edge 
of 'clk'
Beginpoint: i_readData[2]                        (v) triggered by  leading edge 
of 'clk'
Path Groups: {clk}
Analysis View: hold
Retime Analysis { Data Path-Slew SI }
Other End Arrival Time         -0.003
+ Hold                          0.003
+ Phase Shift                   0.000
+ Uncertainty                   0.010
= Required Time                 0.010
  Arrival Time                  0.050
  Slack Time                    0.040
= Slack Time(original)          0.040
     Clock Rise Edge                      0.000
     + Input Delay                        0.050
     = Beginpoint Arrival Time            0.050
     Timing Path:
     +-----------------------------------------------------------------------------------------------+ 
     |              Instance              |       Arc       |   Cell   | Retime | Arrival | Required | 
     |                                    |                 |          |  Delay |  Time   |   Time   | 
     |------------------------------------+-----------------+----------+--------+---------+----------| 
     |                                    | i_readData[2] v |          |        |   0.050 |    0.010 | 
     | uu_dtpath/uu_mem/o_readData_reg[2] |                 | DFFRHQX1 |  0.000 |   0.050 |    0.010 | 
     +-----------------------------------------------------------------------------------------------+ 
     Clock Rise Edge                      0.000
     + Source Insertion Delay            -0.162
     = Beginpoint Arrival Time           -0.162
     Other End Path:
     +------------------------------------------------------------------------------------------+ 
     |              Instance              |    Arc     |   Cell   | Retime | Arrival | Required | 
     |                                    |            |          |  Delay |  Time   |   Time   | 
     |------------------------------------+------------+----------+--------+---------+----------| 
     |                                    | clk ^      |          |        |  -0.162 |   -0.122 | 
     | uu_dtpath/CTS_ccl_a_buf_00286      |            | CLKBUFX3 |  0.005 |  -0.157 |   -0.117 | 
     | uu_dtpath/CTS_ccl_a_buf_00286      | A ^ -> Y ^ | CLKBUFX3 |  0.023 |  -0.134 |   -0.094 | 
     | uu_dtpath/CTS_ccl_a_buf_00282      |            | CLKBUFX3 |  0.000 |  -0.134 |   -0.094 | 
     | uu_dtpath/CTS_ccl_a_buf_00282      | A ^ -> Y ^ | CLKBUFX3 |  0.024 |  -0.110 |   -0.070 | 
     | uu_dtpath/CTS_ccl_a_buf_00274      |            | CLKBUFX4 |  0.000 |  -0.110 |   -0.070 | 
     | uu_dtpath/CTS_ccl_a_buf_00274      | A ^ -> Y ^ | CLKBUFX4 |  0.029 |  -0.081 |   -0.041 | 
     | uu_dtpath/CTS_ccl_a_buf_00242      |            | CLKBUFX3 |  0.000 |  -0.081 |   -0.041 | 
     | uu_dtpath/CTS_ccl_a_buf_00242      | A ^ -> Y ^ | CLKBUFX3 |  0.025 |  -0.056 |   -0.015 | 
     | uu_dtpath/CTS_ccl_a_buf_00186      |            | CLKBUFX3 |  0.000 |  -0.056 |   -0.015 | 
     | uu_dtpath/CTS_ccl_a_buf_00186      | A ^ -> Y ^ | CLKBUFX3 |  0.024 |  -0.031 |    0.009 | 
     | uu_dtpath/CTS_ccl_a_buf_00017      |            | CLKBUFX4 |  0.000 |  -0.031 |    0.009 | 
     | uu_dtpath/CTS_ccl_a_buf_00017      | A ^ -> Y ^ | CLKBUFX4 |  0.028 |  -0.003 |    0.037 | 
     | uu_dtpath/uu_mem/o_readData_reg[2] |            | DFFRHQX1 |  0.000 |  -0.003 |    0.037 | 
     +------------------------------------------------------------------------------------------+ 
Path 48: MET Hold Check with Pin uu_dtpath/uu_mem/o_readData_reg[3]/CK 
Endpoint:   uu_dtpath/uu_mem/o_readData_reg[3]/D (v) checked with  leading edge 
of 'clk'
Beginpoint: i_readData[3]                        (v) triggered by  leading edge 
of 'clk'
Path Groups: {clk}
Analysis View: hold
Retime Analysis { Data Path-Slew SI }
Other End Arrival Time         -0.003
+ Hold                          0.003
+ Phase Shift                   0.000
+ Uncertainty                   0.010
= Required Time                 0.010
  Arrival Time                  0.050
  Slack Time                    0.040
= Slack Time(original)          0.040
     Clock Rise Edge                      0.000
     + Input Delay                        0.050
     = Beginpoint Arrival Time            0.050
     Timing Path:
     +-----------------------------------------------------------------------------------------------+ 
     |              Instance              |       Arc       |   Cell   | Retime | Arrival | Required | 
     |                                    |                 |          |  Delay |  Time   |   Time   | 
     |------------------------------------+-----------------+----------+--------+---------+----------| 
     |                                    | i_readData[3] v |          |        |   0.050 |    0.010 | 
     | uu_dtpath/uu_mem/o_readData_reg[3] |                 | DFFRHQX1 |  0.000 |   0.050 |    0.010 | 
     +-----------------------------------------------------------------------------------------------+ 
     Clock Rise Edge                      0.000
     + Source Insertion Delay            -0.162
     = Beginpoint Arrival Time           -0.162
     Other End Path:
     +------------------------------------------------------------------------------------------+ 
     |              Instance              |    Arc     |   Cell   | Retime | Arrival | Required | 
     |                                    |            |          |  Delay |  Time   |   Time   | 
     |------------------------------------+------------+----------+--------+---------+----------| 
     |                                    | clk ^      |          |        |  -0.162 |   -0.122 | 
     | uu_dtpath/CTS_ccl_a_buf_00286      |            | CLKBUFX3 |  0.005 |  -0.157 |   -0.117 | 
     | uu_dtpath/CTS_ccl_a_buf_00286      | A ^ -> Y ^ | CLKBUFX3 |  0.023 |  -0.134 |   -0.094 | 
     | uu_dtpath/CTS_ccl_a_buf_00282      |            | CLKBUFX3 |  0.000 |  -0.134 |   -0.094 | 
     | uu_dtpath/CTS_ccl_a_buf_00282      | A ^ -> Y ^ | CLKBUFX3 |  0.024 |  -0.110 |   -0.070 | 
     | uu_dtpath/CTS_ccl_a_buf_00274      |            | CLKBUFX4 |  0.000 |  -0.110 |   -0.070 | 
     | uu_dtpath/CTS_ccl_a_buf_00274      | A ^ -> Y ^ | CLKBUFX4 |  0.029 |  -0.081 |   -0.041 | 
     | uu_dtpath/CTS_ccl_a_buf_00242      |            | CLKBUFX3 |  0.000 |  -0.081 |   -0.041 | 
     | uu_dtpath/CTS_ccl_a_buf_00242      | A ^ -> Y ^ | CLKBUFX3 |  0.025 |  -0.056 |   -0.015 | 
     | uu_dtpath/CTS_ccl_a_buf_00186      |            | CLKBUFX3 |  0.000 |  -0.056 |   -0.015 | 
     | uu_dtpath/CTS_ccl_a_buf_00186      | A ^ -> Y ^ | CLKBUFX3 |  0.024 |  -0.031 |    0.009 | 
     | uu_dtpath/CTS_ccl_a_buf_00017      |            | CLKBUFX4 |  0.000 |  -0.031 |    0.009 | 
     | uu_dtpath/CTS_ccl_a_buf_00017      | A ^ -> Y ^ | CLKBUFX4 |  0.028 |  -0.003 |    0.037 | 
     | uu_dtpath/uu_mem/o_readData_reg[3] |            | DFFRHQX1 |  0.000 |  -0.003 |    0.037 | 
     +------------------------------------------------------------------------------------------+ 
Path 49: MET Hold Check with Pin uu_dtpath/uu_mem/o_resultSrc_reg[1]/CK 
Endpoint:   uu_dtpath/uu_mem/o_resultSrc_reg[1]/D  (v) checked with  leading 
edge of 'clk'
Beginpoint: uu_dtpath/uu_exec/o_resultSrc_reg[1]/Q (v) triggered by  leading 
edge of 'clk'
Path Groups: {clk}
Analysis View: hold
Retime Analysis { Data Path-Slew SI }
Other End Arrival Time          0.001
+ Hold                          0.003
+ Phase Shift                   0.000
+ Uncertainty                   0.010
= Required Time                 0.013
  Arrival Time                  0.054
  Slack Time                    0.041
= Slack Time(original)          0.040
     Clock Rise Edge                      0.000
     + Source Insertion Delay            -0.162
     = Beginpoint Arrival Time           -0.162
     Timing Path:
     +---------------------------------------------------------------------------------------------+ 
     |               Instance               |     Arc     |   Cell   | Retime | Arrival | Required | 
     |                                      |             |          |  Delay |  Time   |   Time   | 
     |--------------------------------------+-------------+----------+--------+---------+----------| 
     |                                      | clk ^       |          |        |  -0.162 |   -0.203 | 
     | uu_dtpath/CTS_ccl_a_buf_00287        |             | BUFX2    |  0.005 |  -0.157 |   -0.198 | 
     | uu_dtpath/CTS_ccl_a_buf_00287        | A ^ -> Y ^  | BUFX2    |  0.023 |  -0.134 |   -0.175 | 
     | uu_dtpath/CTS_ccl_a_buf_00283        |             | CLKBUFX4 |  0.000 |  -0.134 |   -0.175 | 
     | uu_dtpath/CTS_ccl_a_buf_00283        | A ^ -> Y ^  | CLKBUFX4 |  0.027 |  -0.107 |   -0.148 | 
     | uu_dtpath/CTS_ccl_a_buf_00276        |             | CLKBUFX3 |  0.000 |  -0.107 |   -0.148 | 
     | uu_dtpath/CTS_ccl_a_buf_00276        | A ^ -> Y ^  | CLKBUFX3 |  0.025 |  -0.082 |   -0.123 | 
     | uu_dtpath/CTS_ccl_a_buf_00238        |             | CLKBUFX4 |  0.000 |  -0.082 |   -0.123 | 
     | uu_dtpath/CTS_ccl_a_buf_00238        | A ^ -> Y ^  | CLKBUFX4 |  0.027 |  -0.055 |   -0.096 | 
     | uu_dtpath/CTS_ccl_a_buf_00184        |             | CLKBUFX4 |  0.000 |  -0.055 |   -0.096 | 
     | uu_dtpath/CTS_ccl_a_buf_00184        | A ^ -> Y ^  | CLKBUFX4 |  0.027 |  -0.028 |   -0.069 | 
     | uu_dtpath/CTS_ccl_a_buf_00029        |             | CLKBUFX4 |  0.000 |  -0.028 |   -0.069 | 
     | uu_dtpath/CTS_ccl_a_buf_00029        | A ^ -> Y ^  | CLKBUFX4 |  0.027 |  -0.002 |   -0.042 | 
     | uu_dtpath/uu_exec/o_resultSrc_reg[1] |             | DFFRHQX1 |  0.000 |  -0.002 |   -0.042 | 
     | uu_dtpath/uu_exec/o_resultSrc_reg[1] | CK ^ -> Q v | DFFRHQX1 |  0.056 |   0.054 |    0.013 | 
     | uu_dtpath/uu_mem/o_resultSrc_reg[1]  |             | DFFRHQX4 |  0.000 |   0.054 |    0.013 | 
     +---------------------------------------------------------------------------------------------+ 
     Clock Rise Edge                      0.000
     + Source Insertion Delay            -0.162
     = Beginpoint Arrival Time           -0.162
     Other End Path:
     +-------------------------------------------------------------------------------------------+ 
     |              Instance               |    Arc     |   Cell   | Retime | Arrival | Required | 
     |                                     |            |          |  Delay |  Time   |   Time   | 
     |-------------------------------------+------------+----------+--------+---------+----------| 
     |                                     | clk ^      |          |        |  -0.162 |   -0.121 | 
     | uu_dtpath/CTS_ccl_a_buf_00287       |            | BUFX2    |  0.005 |  -0.157 |   -0.117 | 
     | uu_dtpath/CTS_ccl_a_buf_00287       | A ^ -> Y ^ | BUFX2    |  0.023 |  -0.134 |   -0.093 | 
     | uu_dtpath/CTS_ccl_a_buf_00283       |            | CLKBUFX4 |  0.000 |  -0.134 |   -0.093 | 
     | uu_dtpath/CTS_ccl_a_buf_00283       | A ^ -> Y ^ | CLKBUFX4 |  0.027 |  -0.107 |   -0.066 | 
     | uu_dtpath/CTS_ccl_a_buf_00276       |            | CLKBUFX3 |  0.000 |  -0.107 |   -0.066 | 
     | uu_dtpath/CTS_ccl_a_buf_00276       | A ^ -> Y ^ | CLKBUFX3 |  0.025 |  -0.082 |   -0.041 | 
     | uu_dtpath/CTS_ccl_a_buf_00238       |            | CLKBUFX4 |  0.000 |  -0.082 |   -0.041 | 
     | uu_dtpath/CTS_ccl_a_buf_00238       | A ^ -> Y ^ | CLKBUFX4 |  0.027 |  -0.055 |   -0.014 | 
     | uu_dtpath/CTS_ccl_a_buf_00184       |            | CLKBUFX4 |  0.000 |  -0.055 |   -0.014 | 
     | uu_dtpath/CTS_ccl_a_buf_00184       | A ^ -> Y ^ | CLKBUFX4 |  0.027 |  -0.028 |    0.013 | 
     | uu_dtpath/CTS_ccl_a_buf_00008       |            | CLKBUFX4 |  0.000 |  -0.028 |    0.013 | 
     | uu_dtpath/CTS_ccl_a_buf_00008       | A ^ -> Y ^ | CLKBUFX4 |  0.028 |   0.001 |    0.041 | 
     | uu_dtpath/uu_mem/o_resultSrc_reg[1] |            | DFFRHQX4 |  0.000 |   0.001 |    0.041 | 
     +-------------------------------------------------------------------------------------------+ 
Path 50: MET Hold Check with Pin uu_dtpath/uu_exec/pc_plus4_ff_reg[16]/CK 
Endpoint:   uu_dtpath/uu_exec/pc_plus4_ff_reg[16]/D (v) checked with  leading 
edge of 'clk'
Beginpoint: uu_dtpath/uu_dec/o_pc_plus4_reg[16]/Q   (v) triggered by  leading 
edge of 'clk'
Path Groups: {clk}
Analysis View: hold
Retime Analysis { Data Path-Slew SI }
Other End Arrival Time         -0.002
+ Hold                          0.002
+ Phase Shift                   0.000
+ Uncertainty                   0.010
= Required Time                 0.011
  Arrival Time                  0.051
  Slack Time                    0.041
= Slack Time(original)          0.040
     Clock Rise Edge                      0.000
     + Source Insertion Delay            -0.162
     = Beginpoint Arrival Time           -0.162
     Timing Path:
     +----------------------------------------------------------------------------------------------+ 
     |               Instance                |     Arc     |   Cell   | Retime | Arrival | Required | 
     |                                       |             |          |  Delay |  Time   |   Time   | 
     |---------------------------------------+-------------+----------+--------+---------+----------| 
     |                                       | clk ^       |          |        |  -0.162 |   -0.203 | 
     | uu_dtpath/CTS_ccl_a_buf_00287         |             | BUFX2    |  0.005 |  -0.157 |   -0.198 | 
     | uu_dtpath/CTS_ccl_a_buf_00287         | A ^ -> Y ^  | BUFX2    |  0.023 |  -0.134 |   -0.175 | 
     | uu_dtpath/CTS_ccl_a_buf_00283         |             | CLKBUFX4 |  0.000 |  -0.134 |   -0.175 | 
     | uu_dtpath/CTS_ccl_a_buf_00283         | A ^ -> Y ^  | CLKBUFX4 |  0.027 |  -0.107 |   -0.147 | 
     | uu_dtpath/CTS_ccl_a_buf_00276         |             | CLKBUFX3 |  0.000 |  -0.107 |   -0.147 | 
     | uu_dtpath/CTS_ccl_a_buf_00276         | A ^ -> Y ^  | CLKBUFX3 |  0.025 |  -0.082 |   -0.122 | 
     | uu_dtpath/CTS_ccl_a_buf_00238         |             | CLKBUFX4 |  0.000 |  -0.082 |   -0.122 | 
     | uu_dtpath/CTS_ccl_a_buf_00238         | A ^ -> Y ^  | CLKBUFX4 |  0.027 |  -0.055 |   -0.096 | 
     | uu_dtpath/CTS_ccl_a_buf_00191         |             | CLKBUFX3 |  0.000 |  -0.055 |   -0.096 | 
     | uu_dtpath/CTS_ccl_a_buf_00191         | A ^ -> Y ^  | CLKBUFX3 |  0.025 |  -0.030 |   -0.071 | 
     | uu_dtpath/CTS_ccl_a_buf_00048         |             | CLKBUFX4 |  0.000 |  -0.030 |   -0.071 | 
     | uu_dtpath/CTS_ccl_a_buf_00048         | A ^ -> Y ^  | CLKBUFX4 |  0.028 |  -0.002 |   -0.043 | 
     | uu_dtpath/uu_dec/o_pc_plus4_reg[16]   |             | DFFRHQX1 |  0.000 |  -0.002 |   -0.043 | 
     | uu_dtpath/uu_dec/o_pc_plus4_reg[16]   | CK ^ -> Q v | DFFRHQX1 |  0.054 |   0.051 |    0.011 | 
     | uu_dtpath/uu_exec/pc_plus4_ff_reg[16] |             | DFFRHQX1 |  0.000 |   0.051 |    0.011 | 
     +----------------------------------------------------------------------------------------------+ 
     Clock Rise Edge                      0.000
     + Source Insertion Delay            -0.162
     = Beginpoint Arrival Time           -0.162
     Other End Path:
     +---------------------------------------------------------------------------------------------+ 
     |               Instance                |    Arc     |   Cell   | Retime | Arrival | Required | 
     |                                       |            |          |  Delay |  Time   |   Time   | 
     |---------------------------------------+------------+----------+--------+---------+----------| 
     |                                       | clk ^      |          |        |  -0.162 |   -0.122 | 
     | uu_dtpath/CTS_ccl_a_buf_00287         |            | BUFX2    |  0.005 |  -0.157 |   -0.117 | 
     | uu_dtpath/CTS_ccl_a_buf_00287         | A ^ -> Y ^ | BUFX2    |  0.023 |  -0.134 |   -0.094 | 
     | uu_dtpath/CTS_ccl_a_buf_00283         |            | CLKBUFX4 |  0.000 |  -0.134 |   -0.094 | 
     | uu_dtpath/CTS_ccl_a_buf_00283         | A ^ -> Y ^ | CLKBUFX4 |  0.027 |  -0.107 |   -0.066 | 
     | uu_dtpath/CTS_ccl_a_buf_00276         |            | CLKBUFX3 |  0.000 |  -0.107 |   -0.066 | 
     | uu_dtpath/CTS_ccl_a_buf_00276         | A ^ -> Y ^ | CLKBUFX3 |  0.025 |  -0.082 |   -0.041 | 
     | uu_dtpath/CTS_ccl_a_buf_00238         |            | CLKBUFX4 |  0.000 |  -0.082 |   -0.041 | 
     | uu_dtpath/CTS_ccl_a_buf_00238         | A ^ -> Y ^ | CLKBUFX4 |  0.027 |  -0.055 |   -0.014 | 
     | uu_dtpath/CTS_ccl_a_buf_00191         |            | CLKBUFX3 |  0.000 |  -0.055 |   -0.014 | 
     | uu_dtpath/CTS_ccl_a_buf_00191         | A ^ -> Y ^ | CLKBUFX3 |  0.025 |  -0.030 |    0.011 | 
     | uu_dtpath/CTS_ccl_a_buf_00048         |            | CLKBUFX4 |  0.000 |  -0.030 |    0.011 | 
     | uu_dtpath/CTS_ccl_a_buf_00048         | A ^ -> Y ^ | CLKBUFX4 |  0.028 |  -0.002 |    0.039 | 
     | uu_dtpath/uu_exec/pc_plus4_ff_reg[16] |            | DFFRHQX1 |  0.000 |  -0.002 |    0.039 | 
     +---------------------------------------------------------------------------------------------+ 

